# Generated from ESP32-S3-WROOM-1.step
mtllib ESP32-S3-WROOM-1.mtl
v 13.15126 16.81288 1.08500
v 13.32803 16.98965 1.08500
v 12.93912 17.02501 1.08500
v 13.11590 17.20179 1.08500
v 13.32803 16.98965 0.81500
v 12.93912 17.02501 0.81500
v 13.11590 17.20179 0.81500
v 13.15126 16.81288 0.81500
v 12.93205 17.01794 0.82500
v 13.14419 16.80581 0.82500
v 13.14419 16.80581 1.07500
v 12.93205 17.01794 1.07500
v 13.33510 16.99673 1.07500
v 13.12297 17.20886 0.82500
v 13.12297 17.20886 1.07500
v 13.33510 16.99673 0.82500
v 13.34217 17.00380 0.80134
v 13.34571 17.00733 0.81000
v 13.34476 17.00638 0.80500
v 13.33864 17.00026 0.80000
v 13.33157 16.99319 0.81634
v 13.33416 16.99578 0.82000
v 13.14065 16.80227 0.80000
v 13.34571 17.00733 1.09000
v 13.14772 16.80934 0.81634
v 13.33416 16.99578 1.08000
v 13.13711 16.79873 0.80134
v 13.13358 16.79520 0.81000
v 13.13453 16.79615 0.80500
v 13.14513 16.80675 0.82000
v 13.34476 17.00638 1.09500
v 13.33864 17.00026 1.10000
v 13.34217 17.00380 1.09866
v 13.33157 16.99319 1.08366
v 13.13358 16.79520 1.09000
v 13.14513 16.80675 1.08000
v 13.14772 16.80934 1.08366
v 13.14065 16.80227 1.10000
v 13.13453 16.79615 1.09500
v 13.13711 16.79873 1.09866
v 13.23257 16.69621 1.09000
v 13.23257 16.69621 0.81000
v 13.43763 16.90127 0.80000
v 13.23964 16.70328 0.80000
v 13.44471 16.90834 1.09000
v 13.44471 16.90834 0.81000
v 13.23964 16.70328 1.10000
v 13.43763 16.90127 1.10000
v 13.24672 16.69621 1.09000
v 13.44471 16.89420 0.81000
v 13.44471 16.89420 1.09000
v 13.24672 16.69621 0.81000
v 13.13263 17.21852 0.80500
v 13.12651 17.21239 0.80000
v 13.13004 17.21593 0.80134
v 13.13358 17.21946 0.81000
v 13.11944 17.20532 0.81634
v 13.12202 17.20791 0.82000
v 13.13358 17.21946 1.09000
v 12.92852 17.01440 0.80000
v 13.12202 17.20791 1.08000
v 12.93559 17.02147 0.81634
v 12.93300 17.01889 0.82000
v 13.13263 17.21852 1.09500
v 13.12651 17.21239 1.10000
v 13.13004 17.21593 1.09866
v 13.11944 17.20532 1.08366
v 12.92498 17.01087 0.80134
v 12.92145 17.00733 0.81000
v 12.92239 17.00828 0.80500
v 12.92852 17.01440 1.10000
v 12.93559 17.02147 1.08366
v 12.93300 17.01889 1.08000
v 12.92145 17.00733 1.09000
v 12.92498 17.01087 1.09866
v 12.92239 17.00828 1.09500
v 12.82245 17.10633 0.81000
v 12.82245 17.10633 1.09000
v 12.82952 17.11340 1.10000
v 13.02751 17.31139 1.10000
v 13.03458 17.31846 0.81000
v 13.03458 17.31846 1.09000
v 12.82952 17.11340 0.80000
v 13.02751 17.31139 0.80000
v 12.82245 17.12047 1.09000
v 13.02044 17.31846 1.09000
v 13.02044 17.31846 0.81000
v 12.82245 17.12047 0.81000
v 12.82340 17.10728 1.09500
v 12.82599 17.10986 1.09866
v 13.03105 17.31492 1.09866
v 13.03364 17.31751 1.09500
v 13.02139 17.31751 1.09500
v 12.82340 17.11952 1.09500
v 13.02398 17.31492 1.09866
v 12.82599 17.11693 1.09866
v 12.82519 17.11090 1.09866
v 12.82452 17.11340 1.09866
v 12.82519 17.11590 1.09866
v 12.82116 17.11116 1.09500
v 12.81986 17.11081 1.09000
v 12.82116 17.11564 1.09500
v 12.81986 17.11599 1.09000
v 13.02501 17.31572 1.09866
v 13.02751 17.31639 1.09866
v 13.03001 17.31572 1.09866
v 13.02527 17.31975 1.09500
v 13.02492 17.32105 1.09000
v 13.02975 17.31975 1.09500
v 13.03010 17.32105 1.09000
v 12.81986 17.11599 0.81000
v 12.81986 17.11081 0.81000
v 12.82599 17.10986 0.80134
v 12.82340 17.10728 0.80500
v 13.03364 17.31751 0.80500
v 13.03105 17.31492 0.80134
v 13.02492 17.32105 0.81000
v 13.03010 17.32105 0.81000
v 12.82202 17.10907 0.80500
v 12.82086 17.11340 0.80500
v 12.82202 17.11773 0.80500
v 12.82340 17.11952 0.80500
v 12.82599 17.11693 0.80134
v 12.82469 17.11210 0.80134
v 12.82469 17.11469 0.80134
v 13.02318 17.31889 0.80500
v 13.02139 17.31751 0.80500
v 13.02398 17.31492 0.80134
v 13.02751 17.32005 0.80500
v 13.03184 17.31889 0.80500
v 13.02622 17.31622 0.80134
v 13.02881 17.31622 0.80134
v 13.44117 16.90480 0.80134
v 13.44376 16.90739 0.80500
v 13.44376 16.89514 0.80500
v 13.24577 16.69715 0.80500
v 13.44117 16.89773 0.80134
v 13.24318 16.69974 0.80134
v 13.23352 16.69715 0.80500
v 13.23611 16.69974 0.80134
v 13.44513 16.90560 0.80500
v 13.44729 16.90385 0.81000
v 13.44629 16.90127 0.80500
v 13.44729 16.89868 0.81000
v 13.44513 16.89694 0.80500
v 13.44246 16.90256 0.80134
v 13.44246 16.89997 0.80134
v 13.24397 16.69578 0.80500
v 13.24223 16.69362 0.81000
v 13.23964 16.69462 0.80500
v 13.23706 16.69362 0.81000
v 13.23531 16.69578 0.80500
v 13.24094 16.69845 0.80134
v 13.23835 16.69845 0.80134
v 13.44376 16.90739 1.09500
v 13.44117 16.90480 1.09866
v 13.44729 16.89868 1.09000
v 13.44729 16.90385 1.09000
v 13.24223 16.69362 1.09000
v 13.23706 16.69362 1.09000
v 13.23611 16.69974 1.09866
v 13.23352 16.69715 1.09500
v 13.44196 16.90377 1.09866
v 13.44263 16.90127 1.09866
v 13.44196 16.89877 1.09866
v 13.44117 16.89773 1.09866
v 13.44376 16.89514 1.09500
v 13.44600 16.90351 1.09500
v 13.44600 16.89902 1.09500
v 13.24214 16.69895 1.09866
v 13.24318 16.69974 1.09866
v 13.24577 16.69715 1.09500
v 13.23964 16.69828 1.09866
v 13.23714 16.69895 1.09866
v 13.24189 16.69491 1.09500
v 13.23740 16.69491 1.09500
v 12.36177 17.96277 1.08500
v 12.18500 17.78599 1.08500
v 12.57391 17.75064 1.08500
v 12.39713 17.57386 1.08500
v 12.18500 17.78599 0.81500
v 12.57391 17.75064 0.81500
v 12.39713 17.57386 0.81500
v 12.36177 17.96277 0.81500
v 12.58098 17.75771 0.82500
v 12.36884 17.96984 0.82500
v 12.36884 17.96984 1.07500
v 12.58098 17.75771 1.07500
v 12.17793 17.77892 1.07500
v 12.39006 17.56679 0.82500
v 12.39006 17.56679 1.07500
v 12.17793 17.77892 0.82500
v 12.17086 17.77185 0.80134
v 12.16732 17.76832 0.81000
v 12.16827 17.76926 0.80500
v 12.17439 17.77539 0.80000
v 12.18146 17.78246 0.81634
v 12.17887 17.77987 0.82000
v 12.37238 17.97338 0.80000
v 12.16732 17.76832 1.09000
v 12.36531 17.96631 0.81634
v 12.17887 17.77987 1.08000
v 12.36790 17.96889 0.82000
v 12.37592 17.97691 0.80134
v 12.37945 17.98045 0.81000
v 12.37850 17.97950 0.80500
v 12.16827 17.76926 1.09500
v 12.17439 17.77539 1.10000
v 12.17086 17.77185 1.09866
v 12.18146 17.78246 1.08366
v 12.37945 17.98045 1.09000
v 12.36790 17.96889 1.08000
v 12.36531 17.96631 1.08366
v 12.37238 17.97338 1.10000
v 12.37850 17.97950 1.09500
v 12.37592 17.97691 1.09866
v 12.28046 18.07944 1.09000
v 12.28046 18.07944 0.81000
v 12.07540 17.87438 0.80000
v 12.27339 18.07237 0.80000
v 12.06833 17.86731 1.09000
v 12.06833 17.86731 0.81000
v 12.27339 18.07237 1.10000
v 12.07540 17.87438 1.10000
v 12.26631 18.07944 1.09000
v 12.06833 17.88145 0.81000
v 12.06833 17.88145 1.09000
v 12.26631 18.07944 0.81000
v 12.38040 17.55713 0.80500
v 12.38652 17.56326 0.80000
v 12.38299 17.55972 0.80134
v 12.37945 17.55618 0.81000
v 12.39359 17.57033 0.81634
v 12.39101 17.56774 0.82000
v 12.37945 17.55618 1.09000
v 12.58451 17.76125 0.80000
v 12.39101 17.56774 1.08000
v 12.57744 17.75417 0.81634
v 12.58003 17.75676 0.82000
v 12.38040 17.55713 1.09500
v 12.38652 17.56326 1.10000
v 12.38299 17.55972 1.09866
v 12.39359 17.57033 1.08366
v 12.58805 17.76478 0.80134
v 12.59158 17.76832 0.81000
v 12.59064 17.76737 0.80500
v 12.58451 17.76125 1.10000
v 12.57744 17.75417 1.08366
v 12.58003 17.75676 1.08000
v 12.59158 17.76832 1.09000
v 12.58805 17.76478 1.09866
v 12.59064 17.76737 1.09500
v 12.69058 17.66932 0.81000
v 12.69058 17.66932 1.09000
v 12.68351 17.66225 1.10000
v 12.48552 17.46426 1.10000
v 12.47845 17.45719 0.81000
v 12.47845 17.45719 1.09000
v 12.68351 17.66225 0.80000
v 12.48552 17.46426 0.80000
v 12.69058 17.65518 1.09000
v 12.49259 17.45719 1.09000
v 12.49259 17.45719 0.81000
v 12.69058 17.65518 0.81000
v 12.68963 17.66837 1.09500
v 12.68704 17.66578 1.09866
v 12.48198 17.46072 1.09866
v 12.47939 17.45814 1.09500
v 12.49164 17.45814 1.09500
v 12.68963 17.65613 1.09500
v 12.48905 17.46072 1.09866
v 12.68704 17.65871 1.09866
v 12.68784 17.66475 1.09866
v 12.68851 17.66225 1.09866
v 12.68784 17.65975 1.09866
v 12.69187 17.66449 1.09500
v 12.69317 17.66484 1.09000
v 12.69187 17.66001 1.09500
v 12.69317 17.65966 1.09000
v 12.48802 17.45993 1.09866
v 12.48552 17.45926 1.09866
v 12.48302 17.45993 1.09866
v 12.48776 17.45589 1.09500
v 12.48811 17.45460 1.09000
v 12.48328 17.45589 1.09500
v 12.48293 17.45460 1.09000
v 12.69317 17.65966 0.81000
v 12.69317 17.66484 0.81000
v 12.68704 17.66578 0.80134
v 12.68963 17.66837 0.80500
v 12.47939 17.45814 0.80500
v 12.48198 17.46072 0.80134
v 12.48811 17.45460 0.81000
v 12.48293 17.45460 0.81000
v 12.69101 17.66658 0.80500
v 12.69217 17.66225 0.80500
v 12.69101 17.65792 0.80500
v 12.68963 17.65613 0.80500
v 12.68704 17.65871 0.80134
v 12.68834 17.66354 0.80134
v 12.68834 17.66096 0.80134
v 12.48985 17.45676 0.80500
v 12.49164 17.45814 0.80500
v 12.48905 17.46072 0.80134
v 12.48552 17.45560 0.80500
v 12.48119 17.45676 0.80500
v 12.48681 17.45943 0.80134
v 12.48422 17.45943 0.80134
v 12.07186 17.87085 0.80134
v 12.06927 17.86826 0.80500
v 12.06927 17.88051 0.80500
v 12.26726 18.07850 0.80500
v 12.07186 17.87792 0.80134
v 12.26985 18.07591 0.80134
v 12.27951 18.07850 0.80500
v 12.27692 18.07591 0.80134
v 12.06790 17.87005 0.80500
v 12.06574 17.87179 0.81000
v 12.06674 17.87438 0.80500
v 12.06574 17.87697 0.81000
v 12.06790 17.87871 0.80500
v 12.07057 17.87309 0.80134
v 12.07057 17.87568 0.80134
v 12.26906 18.07987 0.80500
v 12.27080 18.08203 0.81000
v 12.27339 18.08103 0.80500
v 12.27597 18.08203 0.81000
v 12.27772 18.07987 0.80500
v 12.27209 18.07720 0.80134
v 12.27468 18.07720 0.80134
v 12.06927 17.86826 1.09500
v 12.07186 17.87085 1.09866
v 12.06574 17.87697 1.09000
v 12.06574 17.87179 1.09000
v 12.27080 18.08203 1.09000
v 12.27597 18.08203 1.09000
v 12.27692 18.07591 1.09866
v 12.27951 18.07850 1.09500
v 12.07107 17.87188 1.09866
v 12.07040 17.87438 1.09866
v 12.07107 17.87688 1.09866
v 12.07186 17.87792 1.09866
v 12.06927 17.88051 1.09500
v 12.06703 17.87214 1.09500
v 12.06703 17.87662 1.09500
v 12.27089 18.07670 1.09866
v 12.26985 18.07591 1.09866
v 12.26726 18.07850 1.09500
v 12.27339 18.07737 1.09866
v 12.27589 18.07670 1.09866
v 12.27114 18.08074 1.09500
v 12.27563 18.08074 1.09500
v 3.50160 17.34573 1.28500
v 3.05160 17.34573 1.28500
v 3.50160 16.84573 1.28500
v 3.05160 16.84573 1.28500
v 3.05160 17.34573 0.81500
v 3.50160 16.84573 0.81500
v 3.05160 16.84573 0.81500
v 3.50160 17.34573 0.81500
v 3.51160 16.84573 0.82500
v 3.51160 17.34573 0.82500
v 3.51160 17.34573 1.27500
v 3.51160 16.84573 1.27500
v 3.04160 17.34573 1.27500
v 3.04160 16.84573 0.82500
v 3.04160 16.84573 1.27500
v 3.04160 17.34573 0.82500
v 3.02794 17.34573 0.80500
v 3.03660 17.34573 0.80000
v 3.02660 17.34573 0.81000
v 3.03160 17.34573 0.80134
v 3.04294 17.34573 0.82000
v 3.04660 17.34573 0.81634
v 3.02660 17.34573 1.29000
v 3.51660 17.34573 0.80000
v 3.04294 17.34573 1.28000
v 3.50660 17.34573 0.81634
v 3.04660 17.34573 1.28366
v 3.52160 17.34573 0.80134
v 3.52526 17.34573 0.80500
v 3.02794 17.34573 1.29500
v 3.03660 17.34573 1.30000
v 3.03160 17.34573 1.29866
v 3.51026 17.34573 0.82000
v 3.52660 17.34573 0.81000
v 3.50660 17.34573 1.28366
v 3.51660 17.34573 1.30000
v 3.51026 17.34573 1.28000
v 3.52660 17.34573 1.29000
v 3.52526 17.34573 1.29500
v 3.52160 17.34573 1.29866
v 3.52660 17.58573 1.29000
v 3.52660 17.58573 0.81000
v 3.03660 17.58573 0.80000
v 3.51660 17.58573 0.80000
v 3.02660 17.58573 1.29000
v 3.02660 17.58573 0.81000
v 3.51660 17.58573 1.30000
v 3.03660 17.58573 1.30000
v 3.51660 17.59573 1.29000
v 3.03660 17.59573 0.81000
v 3.03660 17.59573 1.29000
v 3.51660 17.59573 0.81000
v 3.02794 16.84573 0.80500
v 3.03660 16.84573 0.80000
v 3.03160 16.84573 0.80134
v 3.02660 16.84573 0.81000
v 3.04294 16.84573 0.82000
v 3.04660 16.84573 0.81634
v 3.02660 16.84573 1.29000
v 3.51660 16.84573 0.80000
v 3.04294 16.84573 1.28000
v 3.50660 16.84573 0.81634
v 3.51026 16.84573 0.82000
v 3.02794 16.84573 1.29500
v 3.03660 16.84573 1.30000
v 3.03160 16.84573 1.29866
v 3.04660 16.84573 1.28366
v 3.52160 16.84573 0.80134
v 3.52660 16.84573 0.81000
v 3.52526 16.84573 0.80500
v 3.51660 16.84573 1.30000
v 3.50660 16.84573 1.28366
v 3.51026 16.84573 1.28000
v 3.52660 16.84573 1.29000
v 3.52160 16.84573 1.29866
v 3.52526 16.84573 1.29500
v 3.52660 16.60573 0.81000
v 3.52660 16.60573 1.29000
v 3.51660 16.60573 1.30000
v 3.03660 16.60573 1.30000
v 3.02660 16.60573 0.81000
v 3.02660 16.60573 1.29000
v 3.51660 16.60573 0.80000
v 3.03660 16.60573 0.80000
v 3.51660 16.59573 1.29000
v 3.03660 16.59573 1.29000
v 3.03660 16.59573 0.81000
v 3.51660 16.59573 0.81000
v 3.52526 16.60573 1.29500
v 3.52160 16.60573 1.29866
v 3.03160 16.60573 1.29866
v 3.02794 16.60573 1.29500
v 3.03660 16.59707 1.29500
v 3.51660 16.59707 1.29500
v 3.03660 16.60073 1.29866
v 3.51660 16.60073 1.29866
v 3.52143 16.60443 1.29866
v 3.52014 16.60219 1.29866
v 3.51789 16.60090 1.29866
v 3.52410 16.60140 1.29500
v 3.52526 16.60073 1.29000
v 3.52093 16.59823 1.29500
v 3.52160 16.59707 1.29000
v 3.03531 16.60090 1.29866
v 3.03306 16.60219 1.29866
v 3.03177 16.60443 1.29866
v 3.03227 16.59823 1.29500
v 3.03160 16.59707 1.29000
v 3.02910 16.60140 1.29500
v 3.02794 16.60073 1.29000
v 3.52160 16.59707 0.81000
v 3.52526 16.60073 0.81000
v 3.52160 16.60573 0.80134
v 3.52526 16.60573 0.80500
v 3.02794 16.60573 0.80500
v 3.03160 16.60573 0.80134
v 3.03160 16.59707 0.81000
v 3.02794 16.60073 0.81000
v 3.52497 16.60349 0.80500
v 3.52272 16.59960 0.80500
v 3.51884 16.59736 0.80500
v 3.51660 16.59707 0.80500
v 3.51660 16.60073 0.80134
v 3.52093 16.60323 0.80134
v 3.51910 16.60140 0.80134
v 3.03436 16.59736 0.80500
v 3.03660 16.59707 0.80500
v 3.03660 16.60073 0.80134
v 3.03048 16.59960 0.80500
v 3.02823 16.60349 0.80500
v 3.03410 16.60140 0.80134
v 3.03227 16.60323 0.80134
v 3.03160 17.58573 0.80134
v 3.02794 17.58573 0.80500
v 3.03660 17.59439 0.80500
v 3.51660 17.59439 0.80500
v 3.03660 17.59073 0.80134
v 3.51660 17.59073 0.80134
v 3.52526 17.58573 0.80500
v 3.52160 17.58573 0.80134
v 3.02823 17.58797 0.80500
v 3.02794 17.59073 0.81000
v 3.03048 17.59185 0.80500
v 3.03160 17.59439 0.81000
v 3.03436 17.59409 0.80500
v 3.03227 17.58823 0.80134
v 3.03410 17.59006 0.80134
v 3.51884 17.59409 0.80500
v 3.52160 17.59439 0.81000
v 3.52272 17.59185 0.80500
v 3.52526 17.59073 0.81000
v 3.52497 17.58797 0.80500
v 3.51910 17.59006 0.80134
v 3.52093 17.58823 0.80134
v 3.02794 17.58573 1.29500
v 3.03160 17.58573 1.29866
v 3.03160 17.59439 1.29000
v 3.02794 17.59073 1.29000
v 3.52160 17.59439 1.29000
v 3.52526 17.59073 1.29000
v 3.52160 17.58573 1.29866
v 3.52526 17.58573 1.29500
v 3.03177 17.58702 1.29866
v 3.03306 17.58926 1.29866
v 3.03531 17.59056 1.29866
v 3.03660 17.59073 1.29866
v 3.03660 17.59439 1.29500
v 3.02910 17.59006 1.29500
v 3.03227 17.59323 1.29500
v 3.51789 17.59056 1.29866
v 3.51660 17.59073 1.29866
v 3.51660 17.59439 1.29500
v 3.52014 17.58926 1.29866
v 3.52143 17.58702 1.29866
v 3.52093 17.59323 1.29500
v 3.52410 17.59006 1.29500
v 8.14631 7.31358 1.01000
v 8.14631 7.31358 0.82000
v 7.93417 7.10144 0.82000
v 7.93417 7.10144 1.01000
v 7.97660 7.20044 1.01000
v 7.90589 7.12973 1.01000
v 8.01903 7.29943 1.01000
v 7.94832 7.22872 1.01000
v 8.04731 7.27115 1.01000
v 8.11802 7.34186 1.01000
v 8.01903 7.29943 1.03000
v 7.94832 7.22872 1.03000
v 7.97660 7.20044 1.03000
v 7.90589 7.12973 1.03000
v 7.94832 7.08730 1.03000
v 8.04731 7.27115 1.03000
v 8.16045 7.29943 1.03000
v 8.11802 7.34186 1.03000
v 7.94832 7.08730 0.80000
v 8.16045 7.29943 0.80000
v 8.05438 7.40550 0.80000
v 7.84225 7.19337 0.80000
v 8.05438 7.40550 0.82000
v 7.84225 7.19337 0.82000
v 7.53819 7.49742 0.82000
v 7.93417 7.10144 0.82000
v 7.53819 7.49742 1.01000
v 7.93417 7.10144 1.01000
v 8.14631 7.31358 1.01000
v 8.14631 7.31358 0.82000
v 7.75033 7.70956 1.01000
v 7.75033 7.70956 0.82000
v 7.70790 7.61056 1.01000
v 7.75033 7.70956 1.01000
v 7.77861 7.68127 1.01000
v 7.63719 7.53985 1.01000
v 7.73618 7.58228 1.01000
v 7.66547 7.51157 1.01000
v 7.53819 7.49742 1.01000
v 7.56648 7.46914 1.01000
v 7.53819 7.49742 0.82000
v 7.75033 7.70956 0.82000
v 7.84225 7.61763 0.82000
v 7.63012 7.40550 0.82000
v 7.63012 7.40550 0.80000
v 7.84225 7.61763 0.80000
v 7.52405 7.51157 0.80000
v 7.73618 7.72370 0.80000
v 7.73618 7.72370 1.03000
v 7.52405 7.51157 1.03000
v 7.63719 7.53985 1.03000
v 7.56648 7.46914 1.03000
v 7.70790 7.61056 1.03000
v 7.73618 7.58228 1.03000
v 7.66547 7.51157 1.03000
v 7.77861 7.68127 1.03000
v 3.65458 7.38719 1.01000
v 3.65458 7.38719 0.82000
v 3.44244 7.59933 0.82000
v 3.44244 7.59933 1.01000
v 3.54144 7.55690 1.01000
v 3.47073 7.62761 1.01000
v 3.64043 7.51447 1.01000
v 3.56972 7.58518 1.01000
v 3.61215 7.48619 1.01000
v 3.68286 7.41548 1.01000
v 3.64043 7.51447 1.03000
v 3.56972 7.58518 1.03000
v 3.54144 7.55690 1.03000
v 3.47073 7.62761 1.03000
v 3.42830 7.58518 1.03000
v 3.61215 7.48619 1.03000
v 3.64043 7.37305 1.03000
v 3.68286 7.41548 1.03000
v 3.42830 7.58518 0.80000
v 3.64043 7.37305 0.80000
v 3.74650 7.47912 0.80000
v 3.53437 7.69125 0.80000
v 3.74650 7.47912 0.82000
v 3.53437 7.69125 0.82000
v 3.83842 7.99531 0.82000
v 3.44244 7.59933 0.82000
v 3.83842 7.99531 1.01000
v 3.44244 7.59933 1.01000
v 3.65458 7.38719 1.01000
v 3.65458 7.38719 0.82000
v 4.05056 7.78317 1.01000
v 4.05056 7.78317 0.82000
v 3.95156 7.82560 1.01000
v 4.05056 7.78317 1.01000
v 4.02227 7.75489 1.01000
v 3.88085 7.89631 1.01000
v 3.92328 7.79732 1.01000
v 3.85257 7.86803 1.01000
v 3.83842 7.99531 1.01000
v 3.81014 7.96702 1.01000
v 3.83842 7.99531 0.82000
v 4.05056 7.78317 0.82000
v 3.95863 7.69125 0.82000
v 3.74650 7.90338 0.82000
v 3.74650 7.90338 0.80000
v 3.95863 7.69125 0.80000
v 3.85257 8.00945 0.80000
v 4.06470 7.79732 0.80000
v 4.06470 7.79732 1.03000
v 3.85257 8.00945 1.03000
v 3.88085 7.89631 1.03000
v 3.81014 7.96702 1.03000
v 3.92328 7.79732 1.03000
v 3.85257 7.86803 1.03000
v 3.95156 7.82560 1.03000
v 4.02227 7.75489 1.03000
v 4.99505 6.70005 1.01000
v 4.99505 6.70005 0.82000
v 4.69505 6.70005 0.82000
v 4.69505 6.70005 1.01000
v 4.79505 6.74005 1.01000
v 4.69505 6.74005 1.01000
v 4.89505 6.78005 1.01000
v 4.79505 6.78005 1.01000
v 4.89505 6.74005 1.01000
v 4.99505 6.74005 1.01000
v 4.89505 6.78005 1.03000
v 4.79505 6.78005 1.03000
v 4.79505 6.74005 1.03000
v 4.69505 6.74005 1.03000
v 4.69505 6.68005 1.03000
v 4.89505 6.74005 1.03000
v 4.99505 6.68005 1.03000
v 4.99505 6.74005 1.03000
v 4.69505 6.68005 0.80000
v 4.99505 6.68005 0.80000
v 4.99505 6.83005 0.80000
v 4.69505 6.83005 0.80000
v 4.99505 6.83005 0.82000
v 4.69505 6.83005 0.82000
v 4.69505 7.26005 0.82000
v 4.69505 6.70005 0.82000
v 4.69505 7.26005 1.01000
v 4.69505 6.70005 1.01000
v 4.99505 6.70005 1.01000
v 4.99505 6.70005 0.82000
v 4.99505 7.26005 1.01000
v 4.99505 7.26005 0.82000
v 4.89505 7.22005 1.01000
v 4.99505 7.26005 1.01000
v 4.99505 7.22005 1.01000
v 4.79505 7.22005 1.01000
v 4.89505 7.18005 1.01000
v 4.79505 7.18005 1.01000
v 4.69505 7.26005 1.01000
v 4.69505 7.22005 1.01000
v 4.69505 7.26005 0.82000
v 4.99505 7.26005 0.82000
v 4.99505 7.13005 0.82000
v 4.69505 7.13005 0.82000
v 4.69505 7.13005 0.80000
v 4.99505 7.13005 0.80000
v 4.69505 7.28005 0.80000
v 4.99505 7.28005 0.80000
v 4.99505 7.28005 1.03000
v 4.69505 7.28005 1.03000
v 4.79505 7.22005 1.03000
v 4.69505 7.22005 1.03000
v 4.89505 7.18005 1.03000
v 4.79505 7.18005 1.03000
v 4.89505 7.22005 1.03000
v 4.99505 7.22005 1.03000
v 5.47709 4.95060 1.01000
v 5.47709 4.95060 0.82000
v 5.47709 4.65060 0.82000
v 5.47709 4.65060 1.01000
v 5.43709 4.75060 1.01000
v 5.43709 4.65060 1.01000
v 5.39709 4.85060 1.01000
v 5.39709 4.75060 1.01000
v 5.43709 4.85060 1.01000
v 5.43709 4.95060 1.01000
v 5.39709 4.85060 1.03000
v 5.39709 4.75060 1.03000
v 5.43709 4.75060 1.03000
v 5.43709 4.65060 1.03000
v 5.49709 4.65060 1.03000
v 5.43709 4.85060 1.03000
v 5.49709 4.95060 1.03000
v 5.43709 4.95060 1.03000
v 5.49709 4.65060 0.80000
v 5.49709 4.95060 0.80000
v 5.34709 4.95060 0.80000
v 5.34709 4.65060 0.80000
v 5.34709 4.95060 0.82000
v 5.34709 4.65060 0.82000
v 4.91709 4.65060 0.82000
v 5.47709 4.65060 0.82000
v 4.91709 4.65060 1.01000
v 5.47709 4.65060 1.01000
v 5.47709 4.95060 1.01000
v 5.47709 4.95060 0.82000
v 4.91709 4.95060 1.01000
v 4.91709 4.95060 0.82000
v 4.95709 4.85060 1.01000
v 4.91709 4.95060 1.01000
v 4.95709 4.95060 1.01000
v 4.95709 4.75060 1.01000
v 4.99709 4.85060 1.01000
v 4.99709 4.75060 1.01000
v 4.91709 4.65060 1.01000
v 4.95709 4.65060 1.01000
v 4.91709 4.65060 0.82000
v 4.91709 4.95060 0.82000
v 5.04709 4.95060 0.82000
v 5.04709 4.65060 0.82000
v 5.04709 4.65060 0.80000
v 5.04709 4.95060 0.80000
v 4.89709 4.65060 0.80000
v 4.89709 4.95060 0.80000
v 4.89709 4.95060 1.03000
v 4.89709 4.65060 1.03000
v 4.95709 4.75060 1.03000
v 4.95709 4.65060 1.03000
v 4.99709 4.85060 1.03000
v 4.99709 4.75060 1.03000
v 4.95709 4.85060 1.03000
v 4.95709 4.95060 1.03000
v 12.77380 9.62600 1.01000
v 12.77380 9.62600 0.82000
v 12.47380 9.62600 0.82000
v 12.47380 9.62600 1.01000
v 12.57380 9.66600 1.01000
v 12.47380 9.66600 1.01000
v 12.67380 9.70600 1.01000
v 12.57380 9.70600 1.01000
v 12.67380 9.66600 1.01000
v 12.77380 9.66600 1.01000
v 12.67380 9.70600 1.03000
v 12.57380 9.70600 1.03000
v 12.57380 9.66600 1.03000
v 12.47380 9.66600 1.03000
v 12.47380 9.60600 1.03000
v 12.67380 9.66600 1.03000
v 12.77380 9.60600 1.03000
v 12.77380 9.66600 1.03000
v 12.47380 9.60600 0.80000
v 12.77380 9.60600 0.80000
v 12.77380 9.75600 0.80000
v 12.47380 9.75600 0.80000
v 12.77380 9.75600 0.82000
v 12.47380 9.75600 0.82000
v 12.47380 10.18600 0.82000
v 12.47380 9.62600 0.82000
v 12.47380 10.18600 1.01000
v 12.47380 9.62600 1.01000
v 12.77380 9.62600 1.01000
v 12.77380 9.62600 0.82000
v 12.77380 10.18600 1.01000
v 12.77380 10.18600 0.82000
v 12.67380 10.14600 1.01000
v 12.77380 10.18600 1.01000
v 12.77380 10.14600 1.01000
v 12.57380 10.14600 1.01000
v 12.67380 10.10600 1.01000
v 12.57380 10.10600 1.01000
v 12.47380 10.18600 1.01000
v 12.47380 10.14600 1.01000
v 12.47380 10.18600 0.82000
v 12.77380 10.18600 0.82000
v 12.77380 10.05600 0.82000
v 12.47380 10.05600 0.82000
v 12.47380 10.05600 0.80000
v 12.77380 10.05600 0.80000
v 12.47380 10.20600 0.80000
v 12.77380 10.20600 0.80000
v 12.77380 10.20600 1.03000
v 12.47380 10.20600 1.03000
v 12.57380 10.14600 1.03000
v 12.47380 10.14600 1.03000
v 12.67380 10.14600 1.03000
v 12.67380 10.10600 1.03000
v 12.57380 10.10600 1.03000
v 12.77380 10.14600 1.03000
v 12.40550 11.96280 1.01000
v 12.40550 11.96280 0.82000
v 12.10550 11.96280 0.82000
v 12.10550 11.96280 1.01000
v 12.20550 12.00280 1.01000
v 12.10550 12.00280 1.01000
v 12.30550 12.04280 1.01000
v 12.20550 12.04280 1.01000
v 12.30550 12.00280 1.01000
v 12.40550 12.00280 1.01000
v 12.30550 12.04280 1.03000
v 12.20550 12.04280 1.03000
v 12.20550 12.00280 1.03000
v 12.10550 12.00280 1.03000
v 12.10550 11.94280 1.03000
v 12.30550 12.00280 1.03000
v 12.40550 11.94280 1.03000
v 12.40550 12.00280 1.03000
v 12.10550 11.94280 0.80000
v 12.40550 11.94280 0.80000
v 12.40550 12.09280 0.80000
v 12.10550 12.09280 0.80000
v 12.40550 12.09280 0.82000
v 12.10550 12.09280 0.82000
v 12.10550 12.52280 0.82000
v 12.10550 11.96280 0.82000
v 12.10550 12.52280 1.01000
v 12.10550 11.96280 1.01000
v 12.40550 11.96280 1.01000
v 12.40550 11.96280 0.82000
v 12.40550 12.52280 1.01000
v 12.40550 12.52280 0.82000
v 12.30550 12.48280 1.01000
v 12.40550 12.52280 1.01000
v 12.40550 12.48280 1.01000
v 12.20550 12.48280 1.01000
v 12.30550 12.44280 1.01000
v 12.20550 12.44280 1.01000
v 12.10550 12.52280 1.01000
v 12.10550 12.48280 1.01000
v 12.10550 12.52280 0.82000
v 12.40550 12.52280 0.82000
v 12.40550 12.39280 0.82000
v 12.10550 12.39280 0.82000
v 12.10550 12.39280 0.80000
v 12.40550 12.39280 0.80000
v 12.10550 12.54280 0.80000
v 12.40550 12.54280 0.80000
v 12.40550 12.54280 1.03000
v 12.10550 12.54280 1.03000
v 12.20550 12.48280 1.03000
v 12.10550 12.48280 1.03000
v 12.30550 12.48280 1.03000
v 12.30550 12.44280 1.03000
v 12.20550 12.44280 1.03000
v 12.40550 12.48280 1.03000
v 12.17870 13.41360 1.01000
v 12.17870 13.41360 0.82000
v 12.17870 13.71360 0.82000
v 12.17870 13.71360 1.01000
v 12.21870 13.61360 1.01000
v 12.21870 13.71360 1.01000
v 12.25870 13.51360 1.01000
v 12.25870 13.61360 1.01000
v 12.21870 13.51360 1.01000
v 12.21870 13.41360 1.01000
v 12.25870 13.51360 1.03000
v 12.25870 13.61360 1.03000
v 12.21870 13.61360 1.03000
v 12.21870 13.71360 1.03000
v 12.15870 13.71360 1.03000
v 12.21870 13.51360 1.03000
v 12.15870 13.41360 1.03000
v 12.21870 13.41360 1.03000
v 12.15870 13.71360 0.80000
v 12.15870 13.41360 0.80000
v 12.30870 13.41360 0.80000
v 12.30870 13.71360 0.80000
v 12.30870 13.41360 0.82000
v 12.30870 13.71360 0.82000
v 12.73870 13.71360 0.82000
v 12.17870 13.71360 0.82000
v 12.73870 13.71360 1.01000
v 12.17870 13.71360 1.01000
v 12.17870 13.41360 1.01000
v 12.17870 13.41360 0.82000
v 12.73870 13.41360 1.01000
v 12.73870 13.41360 0.82000
v 12.69870 13.51360 1.01000
v 12.73870 13.41360 1.01000
v 12.69870 13.41360 1.01000
v 12.69870 13.61360 1.01000
v 12.65870 13.51360 1.01000
v 12.65870 13.61360 1.01000
v 12.73870 13.71360 1.01000
v 12.69870 13.71360 1.01000
v 12.73870 13.71360 0.82000
v 12.73870 13.41360 0.82000
v 12.60870 13.41360 0.82000
v 12.60870 13.71360 0.82000
v 12.60870 13.71360 0.80000
v 12.60870 13.41360 0.80000
v 12.75870 13.71360 0.80000
v 12.75870 13.41360 0.80000
v 12.75870 13.41360 1.03000
v 12.75870 13.71360 1.03000
v 12.69870 13.61360 1.03000
v 12.69870 13.71360 1.03000
v 12.69870 13.51360 1.03000
v 12.65870 13.51360 1.03000
v 12.65870 13.61360 1.03000
v 12.69870 13.41360 1.03000
v 5.56655 6.70005 1.01000
v 5.56655 6.70005 0.82000
v 5.26655 6.70005 0.82000
v 5.26655 6.70005 1.01000
v 5.36655 6.74005 1.01000
v 5.26655 6.74005 1.01000
v 5.46655 6.78005 1.01000
v 5.36655 6.78005 1.01000
v 5.46655 6.74005 1.01000
v 5.56655 6.74005 1.01000
v 5.46655 6.78005 1.03000
v 5.36655 6.78005 1.03000
v 5.36655 6.74005 1.03000
v 5.26655 6.74005 1.03000
v 5.26655 6.68005 1.03000
v 5.46655 6.74005 1.03000
v 5.56655 6.68005 1.03000
v 5.56655 6.74005 1.03000
v 5.26655 6.68005 0.80000
v 5.56655 6.68005 0.80000
v 5.56655 6.83005 0.80000
v 5.26655 6.83005 0.80000
v 5.56655 6.83005 0.82000
v 5.26655 6.83005 0.82000
v 5.26655 7.26005 0.82000
v 5.26655 6.70005 0.82000
v 5.26655 7.26005 1.01000
v 5.26655 6.70005 1.01000
v 5.56655 6.70005 1.01000
v 5.56655 6.70005 0.82000
v 5.56655 7.26005 1.01000
v 5.56655 7.26005 0.82000
v 5.46655 7.22005 1.01000
v 5.56655 7.26005 1.01000
v 5.56655 7.22005 1.01000
v 5.36655 7.22005 1.01000
v 5.46655 7.18005 1.01000
v 5.36655 7.18005 1.01000
v 5.26655 7.26005 1.01000
v 5.26655 7.22005 1.01000
v 5.26655 7.26005 0.82000
v 5.56655 7.26005 0.82000
v 5.56655 7.13005 0.82000
v 5.26655 7.13005 0.82000
v 5.26655 7.13005 0.80000
v 5.56655 7.13005 0.80000
v 5.26655 7.28005 0.80000
v 5.56655 7.28005 0.80000
v 5.56655 7.28005 1.03000
v 5.26655 7.28005 1.03000
v 5.36655 7.22005 1.03000
v 5.26655 7.22005 1.03000
v 5.46655 7.18005 1.03000
v 5.36655 7.18005 1.03000
v 5.46655 7.22005 1.03000
v 5.56655 7.22005 1.03000
v 8.46262 17.35139 1.08500
v 8.28584 17.17462 1.08500
v 8.67475 17.13926 1.08500
v 8.49798 16.96248 1.08500
v 8.28584 17.17462 0.81500
v 8.67475 17.13926 0.81500
v 8.49798 16.96248 0.81500
v 8.46262 17.35139 0.81500
v 8.68182 17.14633 0.82500
v 8.46969 17.35846 0.82500
v 8.46969 17.35846 1.07500
v 8.68182 17.14633 1.07500
v 8.27877 17.16755 1.07500
v 8.49090 16.95541 0.82500
v 8.49090 16.95541 1.07500
v 8.27877 17.16755 0.82500
v 8.27170 17.16047 0.80134
v 8.26817 17.15694 0.81000
v 8.26911 17.15788 0.80500
v 8.27524 17.16401 0.80000
v 8.28231 17.17108 0.81634
v 8.27972 17.16849 0.82000
v 8.47323 17.36200 0.80000
v 8.26817 17.15694 1.09000
v 8.46616 17.35493 0.81634
v 8.27972 17.16849 1.08000
v 8.47676 17.36553 0.80134
v 8.48030 17.36907 0.81000
v 8.47935 17.36812 0.80500
v 8.46874 17.35752 0.82000
v 8.26911 17.15788 1.09500
v 8.27524 17.16401 1.10000
v 8.27170 17.16047 1.09866
v 8.28231 17.17108 1.08366
v 8.48030 17.36907 1.09000
v 8.46874 17.35752 1.08000
v 8.46616 17.35493 1.08366
v 8.47323 17.36200 1.10000
v 8.47935 17.36812 1.09500
v 8.47676 17.36553 1.09866
v 8.38130 17.46807 1.09000
v 8.38130 17.46807 0.81000
v 8.17624 17.26300 0.80000
v 8.37423 17.46099 0.80000
v 8.16917 17.25593 1.09000
v 8.16917 17.25593 0.81000
v 8.37423 17.46099 1.10000
v 8.17624 17.26300 1.10000
v 8.36716 17.46807 1.09000
v 8.16917 17.27007 0.81000
v 8.16917 17.27007 1.09000
v 8.36716 17.46807 0.81000
v 8.48125 16.94575 0.80500
v 8.48737 16.95188 0.80000
v 8.48383 16.94834 0.80134
v 8.48030 16.94481 0.81000
v 8.49444 16.95895 0.81634
v 8.49185 16.95636 0.82000
v 8.48030 16.94481 1.09000
v 8.68536 17.14987 0.80000
v 8.49185 16.95636 1.08000
v 8.67829 17.14280 0.81634
v 8.68088 17.14538 0.82000
v 8.48125 16.94575 1.09500
v 8.48737 16.95188 1.10000
v 8.48383 16.94834 1.09866
v 8.49444 16.95895 1.08366
v 8.68889 17.15340 0.80134
v 8.69243 17.15694 0.81000
v 8.69148 17.15599 0.80500
v 8.68536 17.14987 1.10000
v 8.67829 17.14280 1.08366
v 8.68088 17.14538 1.08000
v 8.69243 17.15694 1.09000
v 8.68889 17.15340 1.09866
v 8.69148 17.15599 1.09500
v 8.79142 17.05794 0.81000
v 8.79142 17.05794 1.09000
v 8.78435 17.05087 1.10000
v 8.58636 16.85288 1.10000
v 8.57929 16.84581 0.81000
v 8.57929 16.84581 1.09000
v 8.78435 17.05087 0.80000
v 8.58636 16.85288 0.80000
v 8.79142 17.04380 1.09000
v 8.59344 16.84581 1.09000
v 8.59344 16.84581 0.81000
v 8.79142 17.04380 0.81000
v 8.79048 17.05700 1.09500
v 8.78789 17.05441 1.09866
v 8.58283 16.84935 1.09866
v 8.58024 16.84676 1.09500
v 8.59249 16.84676 1.09500
v 8.79048 17.04475 1.09500
v 8.58990 16.84935 1.09866
v 8.78789 17.04734 1.09866
v 8.78868 17.05337 1.09866
v 8.78935 17.05087 1.09866
v 8.78868 17.04837 1.09866
v 8.79272 17.05311 1.09500
v 8.79401 17.05346 1.09000
v 8.79272 17.04863 1.09500
v 8.79401 17.04828 1.09000
v 8.58886 16.84855 1.09866
v 8.58636 16.84788 1.09866
v 8.58386 16.84855 1.09866
v 8.58861 16.84452 1.09500
v 8.58895 16.84322 1.09000
v 8.58412 16.84452 1.09500
v 8.58378 16.84322 1.09000
v 8.79401 17.04828 0.81000
v 8.79401 17.05346 0.81000
v 8.78789 17.05441 0.80134
v 8.79048 17.05700 0.80500
v 8.58024 16.84676 0.80500
v 8.58283 16.84935 0.80134
v 8.58895 16.84322 0.81000
v 8.58378 16.84322 0.81000
v 8.79185 17.05520 0.80500
v 8.79301 17.05087 0.80500
v 8.79185 17.04654 0.80500
v 8.79048 17.04475 0.80500
v 8.78789 17.04734 0.80134
v 8.78918 17.05217 0.80134
v 8.78918 17.04958 0.80134
v 8.59069 16.84538 0.80500
v 8.59249 16.84676 0.80500
v 8.58990 16.84935 0.80134
v 8.58636 16.84422 0.80500
v 8.58203 16.84538 0.80500
v 8.58766 16.84805 0.80134
v 8.58507 16.84805 0.80134
v 8.17271 17.25947 0.80134
v 8.17012 17.25688 0.80500
v 8.17012 17.26913 0.80500
v 8.36811 17.46712 0.80500
v 8.17271 17.26654 0.80134
v 8.37070 17.46453 0.80134
v 8.38036 17.46712 0.80500
v 8.37777 17.46453 0.80134
v 8.16874 17.25867 0.80500
v 8.16658 17.26042 0.81000
v 8.16758 17.26300 0.80500
v 8.16658 17.26559 0.81000
v 8.16874 17.26733 0.80500
v 8.17141 17.26171 0.80134
v 8.17141 17.26430 0.80134
v 8.36990 17.46849 0.80500
v 8.37164 17.47065 0.81000
v 8.37423 17.46965 0.80500
v 8.37682 17.47065 0.81000
v 8.37856 17.46849 0.80500
v 8.37294 17.46582 0.80134
v 8.37553 17.46582 0.80134
v 8.17012 17.25688 1.09500
v 8.17271 17.25947 1.09866
v 8.16658 17.26559 1.09000
v 8.16658 17.26042 1.09000
v 8.37164 17.47065 1.09000
v 8.37682 17.47065 1.09000
v 8.37777 17.46453 1.09866
v 8.38036 17.46712 1.09500
v 8.17191 17.26050 1.09866
v 8.17124 17.26300 1.09866
v 8.17191 17.26550 1.09866
v 8.17271 17.26654 1.09866
v 8.17012 17.26913 1.09500
v 8.16788 17.26076 1.09500
v 8.16788 17.26525 1.09500
v 8.37173 17.46532 1.09866
v 8.37070 17.46453 1.09866
v 8.36811 17.46712 1.09500
v 8.37423 17.46599 1.09866
v 8.37673 17.46532 1.09866
v 8.37199 17.46936 1.09500
v 8.37647 17.46936 1.09500
v 10.95700 16.88665 1.08500
v 11.13378 16.70987 1.08500
v 11.16914 17.09878 1.08500
v 11.34591 16.92200 1.08500
v 11.13378 16.70987 0.81500
v 11.16914 17.09878 0.81500
v 11.34591 16.92200 0.81500
v 10.95700 16.88665 0.81500
v 11.16207 17.10585 0.82500
v 10.94993 16.89372 0.82500
v 10.94993 16.89372 1.07500
v 11.16207 17.10585 1.07500
v 11.14085 16.70280 1.07500
v 11.35298 16.91493 0.82500
v 11.35298 16.91493 1.07500
v 11.14085 16.70280 0.82500
v 11.14792 16.69573 0.80134
v 11.15146 16.69219 0.81000
v 11.15051 16.69314 0.80500
v 11.14439 16.69926 0.80000
v 11.13732 16.70634 0.81634
v 11.13990 16.70375 0.82000
v 10.94640 16.89725 0.80000
v 11.15146 16.69219 1.09000
v 10.95347 16.89018 0.81634
v 11.13990 16.70375 1.08000
v 10.95088 16.89277 0.82000
v 10.94286 16.90079 0.80134
v 10.93933 16.90433 0.81000
v 10.94027 16.90338 0.80500
v 11.15051 16.69314 1.09500
v 11.14439 16.69926 1.10000
v 11.14792 16.69573 1.09866
v 11.13732 16.70634 1.08366
v 10.93933 16.90433 1.09000
v 10.95088 16.89277 1.08000
v 10.95347 16.89018 1.08366
v 10.94640 16.89725 1.10000
v 10.94027 16.90338 1.09500
v 10.94286 16.90079 1.09866
v 10.84033 16.80533 1.09000
v 10.84033 16.80533 0.81000
v 11.04539 16.60027 0.80000
v 10.84740 16.79826 0.80000
v 11.05246 16.59320 1.09000
v 11.05246 16.59320 0.81000
v 10.84740 16.79826 1.10000
v 11.04539 16.60027 1.10000
v 10.84033 16.79119 1.09000
v 11.03832 16.59320 0.81000
v 11.03832 16.59320 1.09000
v 10.84033 16.79119 0.81000
v 11.36005 16.90786 0.80134
v 11.36359 16.90433 0.81000
v 11.35652 16.91140 0.80000
v 11.36264 16.90527 0.80500
v 11.35204 16.91588 0.82000
v 11.34945 16.91847 0.81634
v 11.15853 17.10939 0.80000
v 11.36359 16.90433 1.09000
v 11.16560 17.10231 0.81634
v 11.35204 16.91588 1.08000
v 11.16301 17.10490 0.82000
v 11.15499 17.11292 0.80134
v 11.15146 17.11646 0.81000
v 11.15241 17.11551 0.80500
v 11.36264 16.90527 1.09500
v 11.35652 16.91140 1.10000
v 11.36005 16.90786 1.09866
v 11.34945 16.91847 1.08366
v 11.16301 17.10490 1.08000
v 11.15146 17.11646 1.09000
v 11.16560 17.10231 1.08366
v 11.15853 17.10939 1.10000
v 11.15499 17.11292 1.09866
v 11.15241 17.11551 1.09500
v 11.25045 17.21545 0.81000
v 11.25045 17.21545 1.09000
v 11.25752 17.20838 1.10000
v 11.45551 17.01039 1.10000
v 11.46259 17.00332 0.81000
v 11.46259 17.00332 1.09000
v 11.25752 17.20838 0.80000
v 11.45551 17.01039 0.80000
v 11.26460 17.21545 1.09000
v 11.46259 17.01746 1.09000
v 11.46259 17.01746 0.81000
v 11.26460 17.21545 0.81000
v 11.25140 17.21450 1.09500
v 11.25399 17.21192 1.09866
v 11.45905 17.00686 1.09866
v 11.46164 17.00427 1.09500
v 11.46164 17.01651 1.09500
v 11.26365 17.21450 1.09500
v 11.45905 17.01393 1.09866
v 11.26106 17.21192 1.09866
v 11.25502 17.21271 1.09866
v 11.25752 17.21338 1.09866
v 11.26003 17.21271 1.09866
v 11.25528 17.21675 1.09500
v 11.25494 17.21804 1.09000
v 11.25977 17.21675 1.09500
v 11.26011 17.21804 1.09000
v 11.45984 17.01289 1.09866
v 11.46052 17.01039 1.09866
v 11.45984 17.00789 1.09866
v 11.46388 17.01263 1.09500
v 11.46517 17.01298 1.09000
v 11.46388 17.00815 1.09500
v 11.46517 17.00780 1.09000
v 11.26011 17.21804 0.81000
v 11.25494 17.21804 0.81000
v 11.25399 17.21192 0.80134
v 11.25140 17.21450 0.80500
v 11.46164 17.00427 0.80500
v 11.45905 17.00686 0.80134
v 11.46517 17.01298 0.81000
v 11.46517 17.00780 0.81000
v 11.25319 17.21588 0.80500
v 11.25752 17.21704 0.80500
v 11.26186 17.21588 0.80500
v 11.26365 17.21450 0.80500
v 11.26106 17.21192 0.80134
v 11.25623 17.21321 0.80134
v 11.25882 17.21321 0.80134
v 11.46301 17.01472 0.80500
v 11.46164 17.01651 0.80500
v 11.45905 17.01393 0.80134
v 11.46418 17.01039 0.80500
v 11.46301 17.00606 0.80500
v 11.46034 17.01168 0.80134
v 11.46034 17.00910 0.80134
v 11.04893 16.59673 0.80134
v 11.05152 16.59414 0.80500
v 11.03927 16.59414 0.80500
v 10.84128 16.79214 0.80500
v 11.04186 16.59673 0.80134
v 10.84387 16.79472 0.80134
v 10.84128 16.80438 0.80500
v 10.84387 16.80179 0.80134
v 11.04972 16.59277 0.80500
v 11.04798 16.59061 0.81000
v 11.04539 16.59161 0.80500
v 11.04280 16.59061 0.81000
v 11.04106 16.59277 0.80500
v 11.04669 16.59544 0.80134
v 11.04410 16.59544 0.80134
v 10.83990 16.79393 0.80500
v 10.83774 16.79567 0.81000
v 10.83874 16.79826 0.80500
v 10.83774 16.80085 0.81000
v 10.83990 16.80259 0.80500
v 10.84257 16.79696 0.80134
v 10.84257 16.79955 0.80134
v 11.05152 16.59414 1.09500
v 11.04893 16.59673 1.09866
v 11.04280 16.59061 1.09000
v 11.04798 16.59061 1.09000
v 10.83774 16.79567 1.09000
v 10.83774 16.80085 1.09000
v 10.84387 16.80179 1.09866
v 10.84128 16.80438 1.09500
v 11.04789 16.59594 1.09866
v 11.04539 16.59527 1.09866
v 11.04289 16.59594 1.09866
v 11.04186 16.59673 1.09866
v 11.03927 16.59414 1.09500
v 11.04763 16.59190 1.09500
v 11.04315 16.59190 1.09500
v 10.84307 16.79576 1.09866
v 10.84387 16.79472 1.09866
v 10.84128 16.79214 1.09500
v 10.84240 16.79826 1.09866
v 10.84307 16.80076 1.09866
v 10.83904 16.79602 1.09500
v 10.83904 16.80050 1.09500
v 9.15859 16.82633 1.08500
v 9.33536 16.64956 1.08500
v 9.37072 17.03846 1.08500
v 9.54750 16.86169 1.08500
v 9.33536 16.64956 0.81500
v 9.37072 17.03846 0.81500
v 9.54750 16.86169 0.81500
v 9.15859 16.82633 0.81500
v 9.36365 17.04554 0.82500
v 9.15152 16.83340 0.82500
v 9.15152 16.83340 1.07500
v 9.36365 17.04554 1.07500
v 9.34244 16.64248 1.07500
v 9.55457 16.85462 0.82500
v 9.55457 16.85462 1.07500
v 9.34244 16.64248 0.82500
v 9.34951 16.63541 0.80134
v 9.35304 16.63188 0.81000
v 9.35209 16.63283 0.80500
v 9.34597 16.63895 0.80000
v 9.33890 16.64602 0.81634
v 9.34149 16.64343 0.82000
v 9.14798 16.83694 0.80000
v 9.35304 16.63188 1.09000
v 9.15505 16.82987 0.81634
v 9.34149 16.64343 1.08000
v 9.15246 16.83246 0.82000
v 9.14445 16.84048 0.80134
v 9.14091 16.84401 0.81000
v 9.14186 16.84306 0.80500
v 9.35209 16.63283 1.09500
v 9.34597 16.63895 1.10000
v 9.34951 16.63541 1.09866
v 9.33890 16.64602 1.08366
v 9.14091 16.84401 1.09000
v 9.15246 16.83246 1.08000
v 9.15505 16.82987 1.08366
v 9.14798 16.83694 1.10000
v 9.14186 16.84306 1.09500
v 9.14445 16.84048 1.09866
v 9.04191 16.74501 1.09000
v 9.04191 16.74501 0.81000
v 9.24698 16.53995 0.80000
v 9.04899 16.73794 0.80000
v 9.25405 16.53288 1.09000
v 9.25405 16.53288 0.81000
v 9.04899 16.73794 1.10000
v 9.24698 16.53995 1.10000
v 9.04191 16.73087 1.09000
v 9.23991 16.53288 0.81000
v 9.23991 16.53288 1.09000
v 9.04191 16.73087 0.81000
v 9.56164 16.84755 0.80134
v 9.56517 16.84401 0.81000
v 9.55810 16.85108 0.80000
v 9.56423 16.84496 0.80500
v 9.55362 16.85556 0.82000
v 9.55103 16.85815 0.81634
v 9.36011 17.04907 0.80000
v 9.56517 16.84401 1.09000
v 9.36718 17.04200 0.81634
v 9.55362 16.85556 1.08000
v 9.36460 17.04459 0.82000
v 9.35658 17.05261 0.80134
v 9.35304 17.05614 0.81000
v 9.35399 17.05519 0.80500
v 9.56423 16.84496 1.09500
v 9.55810 16.85108 1.10000
v 9.56164 16.84755 1.09866
v 9.55103 16.85815 1.08366
v 9.36460 17.04459 1.08000
v 9.35304 17.05614 1.09000
v 9.36718 17.04200 1.08366
v 9.36011 17.04907 1.10000
v 9.35658 17.05261 1.09866
v 9.35399 17.05519 1.09500
v 9.45204 17.15514 0.81000
v 9.45204 17.15514 1.09000
v 9.45911 17.14807 1.10000
v 9.65710 16.95008 1.10000
v 9.66417 16.94300 0.81000
v 9.66417 16.94300 1.09000
v 9.45911 17.14807 0.80000
v 9.65710 16.95008 0.80000
v 9.46618 17.15514 1.09000
v 9.66417 16.95715 1.09000
v 9.66417 16.95715 0.81000
v 9.46618 17.15514 0.81000
v 9.45298 17.15419 1.09500
v 9.45557 17.15160 1.09866
v 9.66063 16.94654 1.09866
v 9.66322 16.94395 1.09500
v 9.66322 16.95620 1.09500
v 9.46523 17.15419 1.09500
v 9.66063 16.95361 1.09866
v 9.46264 17.15160 1.09866
v 9.45661 17.15240 1.09866
v 9.45911 17.15307 1.09866
v 9.46161 17.15240 1.09866
v 9.45687 17.15643 1.09500
v 9.45652 17.15772 1.09000
v 9.46135 17.15643 1.09500
v 9.46170 17.15772 1.09000
v 9.66143 16.95258 1.09866
v 9.66210 16.95008 1.09866
v 9.66143 16.94758 1.09866
v 9.66546 16.95232 1.09500
v 9.66676 16.95266 1.09000
v 9.66546 16.94783 1.09500
v 9.66676 16.94749 1.09000
v 9.46170 17.15772 0.81000
v 9.45652 17.15772 0.81000
v 9.45557 17.15160 0.80134
v 9.45298 17.15419 0.80500
v 9.66322 16.94395 0.80500
v 9.66063 16.94654 0.80134
v 9.66676 16.95266 0.81000
v 9.66676 16.94749 0.81000
v 9.45478 17.15557 0.80500
v 9.45911 17.15673 0.80500
v 9.46344 17.15557 0.80500
v 9.46523 17.15419 0.80500
v 9.46264 17.15160 0.80134
v 9.45781 17.15289 0.80134
v 9.46040 17.15289 0.80134
v 9.66460 16.95441 0.80500
v 9.66322 16.95620 0.80500
v 9.66063 16.95361 0.80134
v 9.66576 16.95008 0.80500
v 9.66460 16.94575 0.80500
v 9.66193 16.95137 0.80134
v 9.66193 16.94878 0.80134
v 9.25051 16.53642 0.80134
v 9.25310 16.53383 0.80500
v 9.24085 16.53383 0.80500
v 9.04286 16.73182 0.80500
v 9.24344 16.53642 0.80134
v 9.04545 16.73441 0.80134
v 9.04286 16.74407 0.80500
v 9.04545 16.74148 0.80134
v 9.25131 16.53245 0.80500
v 9.24956 16.53029 0.81000
v 9.24698 16.53129 0.80500
v 9.24439 16.53029 0.81000
v 9.24265 16.53245 0.80500
v 9.24827 16.53512 0.80134
v 9.24568 16.53512 0.80134
v 9.04149 16.73361 0.80500
v 9.03933 16.73536 0.81000
v 9.04033 16.73794 0.80500
v 9.03933 16.74053 0.81000
v 9.04149 16.74227 0.80500
v 9.04416 16.73665 0.80134
v 9.04416 16.73924 0.80134
v 9.25310 16.53383 1.09500
v 9.25051 16.53642 1.09866
v 9.24439 16.53029 1.09000
v 9.24956 16.53029 1.09000
v 9.03933 16.73536 1.09000
v 9.03933 16.74053 1.09000
v 9.04545 16.74148 1.09866
v 9.04286 16.74407 1.09500
v 9.24948 16.53562 1.09866
v 9.24698 16.53495 1.09866
v 9.24448 16.53562 1.09866
v 9.24344 16.53642 1.09866
v 9.24085 16.53383 1.09500
v 9.24922 16.53159 1.09500
v 9.24473 16.53159 1.09500
v 9.04466 16.73544 1.09866
v 9.04545 16.73441 1.09866
v 9.04286 16.73182 1.09500
v 9.04399 16.73794 1.09866
v 9.04466 16.74044 1.09866
v 9.04062 16.73570 1.09500
v 9.04062 16.74018 1.09500
v 14.44230 14.95860 1.08500
v 14.44230 14.70860 1.08500
v 14.74230 14.95860 1.08500
v 14.74230 14.70860 1.08500
v 14.44230 14.70860 0.81500
v 14.74230 14.95860 0.81500
v 14.74230 14.70860 0.81500
v 14.44230 14.95860 0.81500
v 14.74230 14.96860 0.82500
v 14.44230 14.96860 0.82500
v 14.44230 14.96860 1.07500
v 14.74230 14.96860 1.07500
v 14.44230 14.69860 1.07500
v 14.74230 14.69860 0.82500
v 14.74230 14.69860 1.07500
v 14.44230 14.69860 0.82500
v 14.44230 14.68494 0.80500
v 14.44230 14.69360 0.80000
v 14.44230 14.68360 0.81000
v 14.44230 14.68860 0.80134
v 14.44230 14.70360 0.81634
v 14.44230 14.69994 0.82000
v 14.44230 14.68360 1.09000
v 14.44230 14.97360 0.80000
v 14.44230 14.69994 1.08000
v 14.44230 14.96360 0.81634
v 14.44230 14.96726 0.82000
v 14.44230 14.68494 1.09500
v 14.44230 14.69360 1.10000
v 14.44230 14.68860 1.09866
v 14.44230 14.70360 1.08366
v 14.44230 14.97860 0.80134
v 14.44230 14.98360 0.81000
v 14.44230 14.98226 0.80500
v 14.44230 14.98360 1.09000
v 14.44230 14.96726 1.08000
v 14.44230 14.96360 1.08366
v 14.44230 14.97360 1.10000
v 14.44230 14.98226 1.09500
v 14.44230 14.97860 1.09866
v 14.30230 14.98360 1.09000
v 14.30230 14.98360 0.81000
v 14.30230 14.69360 0.80000
v 14.30230 14.97360 0.80000
v 14.30230 14.68360 1.09000
v 14.30230 14.68360 0.81000
v 14.30230 14.97360 1.10000
v 14.30230 14.69360 1.10000
v 14.29230 14.97360 1.09000
v 14.29230 14.69360 0.81000
v 14.29230 14.69360 1.09000
v 14.29230 14.97360 0.81000
v 14.74230 14.68494 0.80500
v 14.74230 14.69360 0.80000
v 14.74230 14.68860 0.80134
v 14.74230 14.68360 0.81000
v 14.74230 14.70360 0.81634
v 14.74230 14.69994 0.82000
v 14.74230 14.68360 1.09000
v 14.74230 14.97360 0.80000
v 14.74230 14.69994 1.08000
v 14.74230 14.96360 0.81634
v 14.74230 14.68494 1.09500
v 14.74230 14.69360 1.10000
v 14.74230 14.68860 1.09866
v 14.74230 14.70360 1.08366
v 14.74230 14.97860 0.80134
v 14.74230 14.98360 0.81000
v 14.74230 14.98226 0.80500
v 14.74230 14.96726 0.82000
v 14.74230 14.97360 1.10000
v 14.74230 14.96360 1.08366
v 14.74230 14.96726 1.08000
v 14.74230 14.98360 1.09000
v 14.74230 14.97860 1.09866
v 14.74230 14.98226 1.09500
v 14.88230 14.98360 0.81000
v 14.88230 14.98360 1.09000
v 14.88230 14.97360 1.10000
v 14.88230 14.69360 1.10000
v 14.88230 14.68360 0.81000
v 14.88230 14.68360 1.09000
v 14.88230 14.97360 0.80000
v 14.88230 14.69360 0.80000
v 14.89230 14.97360 1.09000
v 14.89230 14.69360 1.09000
v 14.89230 14.69360 0.81000
v 14.89230 14.97360 0.81000
v 14.88230 14.98226 1.09500
v 14.88230 14.97860 1.09866
v 14.88230 14.68860 1.09866
v 14.88230 14.68494 1.09500
v 14.89096 14.69360 1.09500
v 14.89096 14.97360 1.09500
v 14.88730 14.69360 1.09866
v 14.88730 14.97360 1.09866
v 14.88359 14.97843 1.09866
v 14.88584 14.97714 1.09866
v 14.88713 14.97489 1.09866
v 14.88663 14.98110 1.09500
v 14.88730 14.98226 1.09000
v 14.88980 14.97793 1.09500
v 14.89096 14.97860 1.09000
v 14.88713 14.69231 1.09866
v 14.88584 14.69006 1.09866
v 14.88359 14.68877 1.09866
v 14.88980 14.68927 1.09500
v 14.89096 14.68860 1.09000
v 14.88663 14.68610 1.09500
v 14.88730 14.68494 1.09000
v 14.89096 14.97860 0.81000
v 14.88730 14.98226 0.81000
v 14.88230 14.97860 0.80134
v 14.88230 14.98226 0.80500
v 14.88230 14.68494 0.80500
v 14.88230 14.68860 0.80134
v 14.89096 14.68860 0.81000
v 14.88730 14.68494 0.81000
v 14.88454 14.98197 0.80500
v 14.88842 14.97972 0.80500
v 14.89067 14.97584 0.80500
v 14.89096 14.97360 0.80500
v 14.88730 14.97360 0.80134
v 14.88480 14.97793 0.80134
v 14.88663 14.97610 0.80134
v 14.89067 14.69136 0.80500
v 14.89096 14.69360 0.80500
v 14.88730 14.69360 0.80134
v 14.88842 14.68748 0.80500
v 14.88454 14.68524 0.80500
v 14.88663 14.69110 0.80134
v 14.88480 14.68927 0.80134
v 14.30230 14.68860 0.80134
v 14.30230 14.68494 0.80500
v 14.29364 14.69360 0.80500
v 14.29364 14.97360 0.80500
v 14.29730 14.69360 0.80134
v 14.29730 14.97360 0.80134
v 14.30230 14.98226 0.80500
v 14.30230 14.97860 0.80134
v 14.30006 14.68524 0.80500
v 14.29730 14.68494 0.81000
v 14.29618 14.68748 0.80500
v 14.29364 14.68860 0.81000
v 14.29393 14.69136 0.80500
v 14.29980 14.68927 0.80134
v 14.29797 14.69110 0.80134
v 14.29393 14.97584 0.80500
v 14.29364 14.97860 0.81000
v 14.29618 14.97972 0.80500
v 14.29730 14.98226 0.81000
v 14.30006 14.98197 0.80500
v 14.29797 14.97610 0.80134
v 14.29980 14.97793 0.80134
v 14.30230 14.68494 1.09500
v 14.30230 14.68860 1.09866
v 14.29364 14.68860 1.09000
v 14.29730 14.68494 1.09000
v 14.29364 14.97860 1.09000
v 14.29730 14.98226 1.09000
v 14.30230 14.97860 1.09866
v 14.30230 14.98226 1.09500
v 14.30101 14.68877 1.09866
v 14.29876 14.69006 1.09866
v 14.29747 14.69231 1.09866
v 14.29730 14.69360 1.09866
v 14.29364 14.69360 1.09500
v 14.29797 14.68610 1.09500
v 14.29480 14.68927 1.09500
v 14.29747 14.97489 1.09866
v 14.29730 14.97360 1.09866
v 14.29364 14.97360 1.09500
v 14.29876 14.97714 1.09866
v 14.30101 14.97843 1.09866
v 14.29480 14.97793 1.09500
v 14.29797 14.98110 1.09500
v 12.30870 15.18720 1.08500
v 12.30870 14.93720 1.08500
v 12.60870 15.18720 1.08500
v 12.60870 14.93720 1.08500
v 12.30870 14.93720 0.81500
v 12.60870 15.18720 0.81500
v 12.60870 14.93720 0.81500
v 12.30870 15.18720 0.81500
v 12.60870 15.19720 0.82500
v 12.30870 15.19720 0.82500
v 12.30870 15.19720 1.07500
v 12.60870 15.19720 1.07500
v 12.30870 14.92720 1.07500
v 12.60870 14.92720 0.82500
v 12.60870 14.92720 1.07500
v 12.30870 14.92720 0.82500
v 12.30870 14.91354 0.80500
v 12.30870 14.92220 0.80000
v 12.30870 14.91220 0.81000
v 12.30870 14.91720 0.80134
v 12.30870 14.93220 0.81634
v 12.30870 14.92854 0.82000
v 12.30870 14.91220 1.09000
v 12.30870 15.20220 0.80000
v 12.30870 14.92854 1.08000
v 12.30870 15.19220 0.81634
v 12.30870 15.19586 0.82000
v 12.30870 14.91354 1.09500
v 12.30870 14.92220 1.10000
v 12.30870 14.91720 1.09866
v 12.30870 14.93220 1.08366
v 12.30870 15.20720 0.80134
v 12.30870 15.21220 0.81000
v 12.30870 15.21086 0.80500
v 12.30870 15.21220 1.09000
v 12.30870 15.19586 1.08000
v 12.30870 15.19220 1.08366
v 12.30870 15.20220 1.10000
v 12.30870 15.21086 1.09500
v 12.30870 15.20720 1.09866
v 12.16870 15.21220 1.09000
v 12.16870 15.21220 0.81000
v 12.16870 14.92220 0.80000
v 12.16870 15.20220 0.80000
v 12.16870 14.91220 1.09000
v 12.16870 14.91220 0.81000
v 12.16870 15.20220 1.10000
v 12.16870 14.92220 1.10000
v 12.15870 15.20220 1.09000
v 12.15870 14.92220 0.81000
v 12.15870 14.92220 1.09000
v 12.15870 15.20220 0.81000
v 12.60870 14.91354 0.80500
v 12.60870 14.92220 0.80000
v 12.60870 14.91720 0.80134
v 12.60870 14.91220 0.81000
v 12.60870 14.93220 0.81634
v 12.60870 14.92854 0.82000
v 12.60870 14.91220 1.09000
v 12.60870 15.20220 0.80000
v 12.60870 14.92854 1.08000
v 12.60870 15.19220 0.81634
v 12.60870 14.91354 1.09500
v 12.60870 14.92220 1.10000
v 12.60870 14.91720 1.09866
v 12.60870 14.93220 1.08366
v 12.60870 15.20720 0.80134
v 12.60870 15.21220 0.81000
v 12.60870 15.21086 0.80500
v 12.60870 15.19586 0.82000
v 12.60870 15.20220 1.10000
v 12.60870 15.19220 1.08366
v 12.60870 15.19586 1.08000
v 12.60870 15.21220 1.09000
v 12.60870 15.20720 1.09866
v 12.60870 15.21086 1.09500
v 12.74870 15.21220 0.81000
v 12.74870 15.21220 1.09000
v 12.74870 15.20220 1.10000
v 12.74870 14.92220 1.10000
v 12.74870 14.91220 0.81000
v 12.74870 14.91220 1.09000
v 12.74870 15.20220 0.80000
v 12.74870 14.92220 0.80000
v 12.75870 15.20220 1.09000
v 12.75870 14.92220 1.09000
v 12.75870 14.92220 0.81000
v 12.75870 15.20220 0.81000
v 12.74870 15.21086 1.09500
v 12.74870 15.20720 1.09866
v 12.74870 14.91720 1.09866
v 12.74870 14.91354 1.09500
v 12.75736 14.92220 1.09500
v 12.75736 15.20220 1.09500
v 12.75370 14.92220 1.09866
v 12.75370 15.20220 1.09866
v 12.74999 15.20703 1.09866
v 12.75224 15.20574 1.09866
v 12.75353 15.20349 1.09866
v 12.75303 15.20970 1.09500
v 12.75370 15.21086 1.09000
v 12.75620 15.20653 1.09500
v 12.75736 15.20720 1.09000
v 12.75353 14.92091 1.09866
v 12.75224 14.91866 1.09866
v 12.74999 14.91737 1.09866
v 12.75620 14.91787 1.09500
v 12.75736 14.91720 1.09000
v 12.75303 14.91470 1.09500
v 12.75370 14.91354 1.09000
v 12.75736 15.20720 0.81000
v 12.75370 15.21086 0.81000
v 12.74870 15.20720 0.80134
v 12.74870 15.21086 0.80500
v 12.74870 14.91354 0.80500
v 12.74870 14.91720 0.80134
v 12.75736 14.91720 0.81000
v 12.75370 14.91354 0.81000
v 12.75094 15.21057 0.80500
v 12.75482 15.20832 0.80500
v 12.75706 15.20444 0.80500
v 12.75736 15.20220 0.80500
v 12.75370 15.20220 0.80134
v 12.75120 15.20653 0.80134
v 12.75303 15.20470 0.80134
v 12.75706 14.91996 0.80500
v 12.75736 14.92220 0.80500
v 12.75370 14.92220 0.80134
v 12.75482 14.91608 0.80500
v 12.75094 14.91383 0.80500
v 12.75303 14.91970 0.80134
v 12.75120 14.91787 0.80134
v 12.16870 14.91720 0.80134
v 12.16870 14.91354 0.80500
v 12.16004 14.92220 0.80500
v 12.16004 15.20220 0.80500
v 12.16370 14.92220 0.80134
v 12.16370 15.20220 0.80134
v 12.16870 15.21086 0.80500
v 12.16870 15.20720 0.80134
v 12.16646 14.91383 0.80500
v 12.16370 14.91354 0.81000
v 12.16258 14.91608 0.80500
v 12.16004 14.91720 0.81000
v 12.16033 14.91996 0.80500
v 12.16620 14.91787 0.80134
v 12.16437 14.91970 0.80134
v 12.16033 15.20444 0.80500
v 12.16004 15.20720 0.81000
v 12.16258 15.20832 0.80500
v 12.16370 15.21086 0.81000
v 12.16646 15.21057 0.80500
v 12.16437 15.20470 0.80134
v 12.16620 15.20653 0.80134
v 12.16870 14.91354 1.09500
v 12.16870 14.91720 1.09866
v 12.16004 14.91720 1.09000
v 12.16370 14.91354 1.09000
v 12.16004 15.20720 1.09000
v 12.16370 15.21086 1.09000
v 12.16870 15.20720 1.09866
v 12.16870 15.21086 1.09500
v 12.16741 14.91737 1.09866
v 12.16516 14.91866 1.09866
v 12.16387 14.92091 1.09866
v 12.16370 14.92220 1.09866
v 12.16004 14.92220 1.09500
v 12.16437 14.91470 1.09500
v 12.16120 14.91787 1.09500
v 12.16387 15.20349 1.09866
v 12.16370 15.20220 1.09866
v 12.16004 15.20220 1.09500
v 12.16516 15.20574 1.09866
v 12.16741 15.20703 1.09866
v 12.16120 15.20653 1.09500
v 12.16437 15.20970 1.09500
v 4.34775 7.14275 1.08500
v 4.09775 7.14275 1.08500
v 4.34775 6.84275 1.08500
v 4.09775 6.84275 1.08500
v 4.09775 7.14275 0.81500
v 4.34775 6.84275 0.81500
v 4.09775 6.84275 0.81500
v 4.34775 7.14275 0.81500
v 4.35775 6.84275 0.82500
v 4.35775 7.14275 0.82500
v 4.35775 7.14275 1.07500
v 4.35775 6.84275 1.07500
v 4.08775 7.14275 1.07500
v 4.08775 6.84275 0.82500
v 4.08775 6.84275 1.07500
v 4.08775 7.14275 0.82500
v 4.07775 7.14275 0.80134
v 4.07275 7.14275 0.81000
v 4.07409 7.14275 0.80500
v 4.08275 7.14275 0.80000
v 4.09275 7.14275 0.81634
v 4.08909 7.14275 0.82000
v 4.36275 7.14275 0.80000
v 4.07275 7.14275 1.09000
v 4.35275 7.14275 0.81634
v 4.08909 7.14275 1.08000
v 4.36775 7.14275 0.80134
v 4.37141 7.14275 0.80500
v 4.37275 7.14275 0.81000
v 4.35641 7.14275 0.82000
v 4.07409 7.14275 1.09500
v 4.08275 7.14275 1.10000
v 4.07775 7.14275 1.09866
v 4.09275 7.14275 1.08366
v 4.37275 7.14275 1.09000
v 4.35641 7.14275 1.08000
v 4.35275 7.14275 1.08366
v 4.36275 7.14275 1.10000
v 4.37141 7.14275 1.09500
v 4.36775 7.14275 1.09866
v 4.37275 7.28275 1.09000
v 4.37275 7.28275 0.81000
v 4.08275 7.28275 0.80000
v 4.36275 7.28275 0.80000
v 4.07275 7.28275 1.09000
v 4.07275 7.28275 0.81000
v 4.36275 7.28275 1.10000
v 4.08275 7.28275 1.10000
v 4.36275 7.29275 1.09000
v 4.08275 7.29275 0.81000
v 4.08275 7.29275 1.09000
v 4.36275 7.29275 0.81000
v 4.07775 6.84275 0.80134
v 4.07275 6.84275 0.81000
v 4.08275 6.84275 0.80000
v 4.07409 6.84275 0.80500
v 4.08909 6.84275 0.82000
v 4.09275 6.84275 0.81634
v 4.36275 6.84275 0.80000
v 4.07275 6.84275 1.09000
v 4.35275 6.84275 0.81634
v 4.08909 6.84275 1.08000
v 4.36775 6.84275 0.80134
v 4.37275 6.84275 0.81000
v 4.37141 6.84275 0.80500
v 4.35641 6.84275 0.82000
v 4.07409 6.84275 1.09500
v 4.08275 6.84275 1.10000
v 4.07775 6.84275 1.09866
v 4.09275 6.84275 1.08366
v 4.35275 6.84275 1.08366
v 4.36275 6.84275 1.10000
v 4.35641 6.84275 1.08000
v 4.37275 6.84275 1.09000
v 4.36775 6.84275 1.09866
v 4.37141 6.84275 1.09500
v 4.37275 6.70275 0.81000
v 4.37275 6.70275 1.09000
v 4.36275 6.70275 1.10000
v 4.08275 6.70275 1.10000
v 4.07275 6.70275 0.81000
v 4.07275 6.70275 1.09000
v 4.36275 6.70275 0.80000
v 4.08275 6.70275 0.80000
v 4.36275 6.69275 1.09000
v 4.08275 6.69275 1.09000
v 4.08275 6.69275 0.81000
v 4.36275 6.69275 0.81000
v 4.37141 6.70275 1.09500
v 4.36775 6.70275 1.09866
v 4.07775 6.70275 1.09866
v 4.07409 6.70275 1.09500
v 4.08275 6.69409 1.09500
v 4.36275 6.69409 1.09500
v 4.08275 6.69775 1.09866
v 4.36275 6.69775 1.09866
v 4.36758 6.70146 1.09866
v 4.36629 6.69921 1.09866
v 4.36404 6.69792 1.09866
v 4.37025 6.69842 1.09500
v 4.37141 6.69775 1.09000
v 4.36708 6.69525 1.09500
v 4.36775 6.69409 1.09000
v 4.08146 6.69792 1.09866
v 4.07921 6.69921 1.09866
v 4.07792 6.70146 1.09866
v 4.07842 6.69525 1.09500
v 4.07775 6.69409 1.09000
v 4.07525 6.69842 1.09500
v 4.07409 6.69775 1.09000
v 4.36775 6.69409 0.81000
v 4.37141 6.69775 0.81000
v 4.36775 6.70275 0.80134
v 4.37141 6.70275 0.80500
v 4.07409 6.70275 0.80500
v 4.07775 6.70275 0.80134
v 4.07775 6.69409 0.81000
v 4.07409 6.69775 0.81000
v 4.37112 6.70051 0.80500
v 4.36887 6.69663 0.80500
v 4.36499 6.69439 0.80500
v 4.36275 6.69409 0.80500
v 4.36275 6.69775 0.80134
v 4.36708 6.70025 0.80134
v 4.36525 6.69842 0.80134
v 4.08051 6.69439 0.80500
v 4.08275 6.69409 0.80500
v 4.08275 6.69775 0.80134
v 4.07663 6.69663 0.80500
v 4.07438 6.70051 0.80500
v 4.08025 6.69842 0.80134
v 4.07842 6.70025 0.80134
v 4.07775 7.28275 0.80134
v 4.07409 7.28275 0.80500
v 4.08275 7.29141 0.80500
v 4.36275 7.29141 0.80500
v 4.08275 7.28775 0.80134
v 4.36275 7.28775 0.80134
v 4.37141 7.28275 0.80500
v 4.36775 7.28275 0.80134
v 4.07438 7.28499 0.80500
v 4.07409 7.28775 0.81000
v 4.07663 7.28887 0.80500
v 4.07775 7.29141 0.81000
v 4.08051 7.29112 0.80500
v 4.07842 7.28525 0.80134
v 4.08025 7.28708 0.80134
v 4.36499 7.29112 0.80500
v 4.36775 7.29141 0.81000
v 4.36887 7.28887 0.80500
v 4.37141 7.28775 0.81000
v 4.37112 7.28499 0.80500
v 4.36525 7.28708 0.80134
v 4.36708 7.28525 0.80134
v 4.07409 7.28275 1.09500
v 4.07775 7.28275 1.09866
v 4.07775 7.29141 1.09000
v 4.07409 7.28775 1.09000
v 4.36775 7.29141 1.09000
v 4.37141 7.28775 1.09000
v 4.36775 7.28275 1.09866
v 4.37141 7.28275 1.09500
v 4.07792 7.28404 1.09866
v 4.07921 7.28629 1.09866
v 4.08146 7.28758 1.09866
v 4.08275 7.28775 1.09866
v 4.08275 7.29141 1.09500
v 4.07525 7.28708 1.09500
v 4.07842 7.29025 1.09500
v 4.36404 7.28758 1.09866
v 4.36275 7.28775 1.09866
v 4.36275 7.29141 1.09500
v 4.36629 7.28629 1.09866
v 4.36758 7.28404 1.09866
v 4.36708 7.29025 1.09500
v 4.37025 7.28708 1.09500
v 10.74897 15.93624 1.08500
v 10.92574 16.11302 1.08500
v 10.53684 16.14837 1.08500
v 10.71361 16.32515 1.08500
v 10.92574 16.11302 0.81500
v 10.53684 16.14837 0.81500
v 10.71361 16.32515 0.81500
v 10.74897 15.93624 0.81500
v 10.52976 16.14130 0.82500
v 10.74190 15.92917 0.82500
v 10.74190 15.92917 1.07500
v 10.52976 16.14130 1.07500
v 10.93282 16.12009 1.07500
v 10.72068 16.33222 0.82500
v 10.72068 16.33222 1.07500
v 10.93282 16.12009 0.82500
v 10.93989 16.12716 0.80134
v 10.94342 16.13069 0.81000
v 10.94247 16.12975 0.80500
v 10.93635 16.12362 0.80000
v 10.92928 16.11655 0.81634
v 10.93187 16.11914 0.82000
v 10.73836 15.92563 0.80000
v 10.94342 16.13069 1.09000
v 10.74543 15.93270 0.81634
v 10.93187 16.11914 1.08000
v 10.73483 15.92210 0.80134
v 10.73129 15.91856 0.81000
v 10.73224 15.91951 0.80500
v 10.74284 15.93012 0.82000
v 10.94247 16.12975 1.09500
v 10.93635 16.12362 1.10000
v 10.93989 16.12716 1.09866
v 10.92928 16.11655 1.08366
v 10.73129 15.91856 1.09000
v 10.74284 15.93012 1.08000
v 10.74543 15.93270 1.08366
v 10.73836 15.92563 1.10000
v 10.73224 15.91951 1.09500
v 10.73483 15.92210 1.09866
v 10.83029 15.81957 1.09000
v 10.83029 15.81957 0.81000
v 11.03535 16.02463 0.80000
v 10.83736 15.82664 0.80000
v 11.04242 16.03170 1.09000
v 11.04242 16.03170 0.81000
v 10.83736 15.82664 1.10000
v 11.03535 16.02463 1.10000
v 10.84443 15.81957 1.09000
v 11.04242 16.01756 0.81000
v 11.04242 16.01756 1.09000
v 10.84443 15.81957 0.81000
v 10.73034 16.34188 0.80500
v 10.72422 16.33575 0.80000
v 10.72775 16.33929 0.80134
v 10.73129 16.34282 0.81000
v 10.71715 16.32868 0.81634
v 10.71974 16.33127 0.82000
v 10.73129 16.34282 1.09000
v 10.52623 16.13776 0.80000
v 10.71974 16.33127 1.08000
v 10.53330 16.14483 0.81634
v 10.53071 16.14225 0.82000
v 10.73034 16.34188 1.09500
v 10.72422 16.33575 1.10000
v 10.72775 16.33929 1.09866
v 10.71715 16.32868 1.08366
v 10.52269 16.13423 0.80134
v 10.51916 16.13069 0.81000
v 10.52011 16.13164 0.80500
v 10.52623 16.13776 1.10000
v 10.53330 16.14483 1.08366
v 10.53071 16.14225 1.08000
v 10.51916 16.13069 1.09000
v 10.52269 16.13423 1.09866
v 10.52011 16.13164 1.09500
v 10.42016 16.22969 0.81000
v 10.42016 16.22969 1.09000
v 10.42723 16.23676 1.10000
v 10.62522 16.43475 1.10000
v 10.63229 16.44182 0.81000
v 10.63229 16.44182 1.09000
v 10.42723 16.23676 0.80000
v 10.62522 16.43475 0.80000
v 10.42016 16.24383 1.09000
v 10.61815 16.44182 1.09000
v 10.61815 16.44182 0.81000
v 10.42016 16.24383 0.81000
v 10.42111 16.23063 1.09500
v 10.42370 16.23322 1.09866
v 10.62876 16.43828 1.09866
v 10.63135 16.44087 1.09500
v 10.61910 16.44087 1.09500
v 10.42111 16.24288 1.09500
v 10.62169 16.43828 1.09866
v 10.42370 16.24030 1.09866
v 10.42290 16.23426 1.09866
v 10.42223 16.23676 1.09866
v 10.42290 16.23926 1.09866
v 10.41887 16.23452 1.09500
v 10.41757 16.23417 1.09000
v 10.41887 16.23900 1.09500
v 10.41757 16.23935 1.09000
v 10.62272 16.43908 1.09866
v 10.62522 16.43975 1.09866
v 10.62772 16.43908 1.09866
v 10.62298 16.44312 1.09500
v 10.62264 16.44441 1.09000
v 10.62747 16.44312 1.09500
v 10.62781 16.44441 1.09000
v 10.41757 16.23935 0.81000
v 10.41757 16.23417 0.81000
v 10.42370 16.23322 0.80134
v 10.42111 16.23063 0.80500
v 10.63135 16.44087 0.80500
v 10.62876 16.43828 0.80134
v 10.62264 16.44441 0.81000
v 10.62781 16.44441 0.81000
v 10.41973 16.23243 0.80500
v 10.41857 16.23676 0.80500
v 10.41973 16.24109 0.80500
v 10.42111 16.24288 0.80500
v 10.42370 16.24030 0.80134
v 10.42240 16.23547 0.80134
v 10.42240 16.23805 0.80134
v 10.62089 16.44225 0.80500
v 10.61910 16.44087 0.80500
v 10.62169 16.43828 0.80134
v 10.62522 16.44341 0.80500
v 10.62955 16.44225 0.80500
v 10.62393 16.43958 0.80134
v 10.62652 16.43958 0.80134
v 11.03888 16.02816 0.80134
v 11.04147 16.03075 0.80500
v 11.04147 16.01850 0.80500
v 10.84348 15.82051 0.80500
v 11.03888 16.02109 0.80134
v 10.84089 15.82310 0.80134
v 10.83123 15.82051 0.80500
v 10.83382 15.82310 0.80134
v 11.04285 16.02896 0.80500
v 11.04500 16.02722 0.81000
v 11.04401 16.02463 0.80500
v 11.04500 16.02204 0.81000
v 11.04285 16.02030 0.80500
v 11.04018 16.02592 0.80134
v 11.04018 16.02333 0.80134
v 10.84169 15.81914 0.80500
v 10.83994 15.81698 0.81000
v 10.83736 15.81798 0.80500
v 10.83477 15.81698 0.81000
v 10.83303 15.81914 0.80500
v 10.83865 15.82181 0.80134
v 10.83606 15.82181 0.80134
v 11.04147 16.03075 1.09500
v 11.03888 16.02816 1.09866
v 11.04500 16.02204 1.09000
v 11.04500 16.02722 1.09000
v 10.83994 15.81698 1.09000
v 10.83477 15.81698 1.09000
v 10.83382 15.82310 1.09866
v 10.83123 15.82051 1.09500
v 11.03968 16.02713 1.09866
v 11.04035 16.02463 1.09866
v 11.03968 16.02213 1.09866
v 11.03888 16.02109 1.09866
v 11.04147 16.01850 1.09500
v 11.04371 16.02687 1.09500
v 11.04371 16.02239 1.09500
v 10.83986 15.82231 1.09866
v 10.84089 15.82310 1.09866
v 10.84348 15.82051 1.09500
v 10.83736 15.82164 1.09866
v 10.83486 15.82231 1.09866
v 10.83960 15.81827 1.09500
v 10.83511 15.81827 1.09500
v 15.13600 10.56840 1.08500
v 15.13600 10.81840 1.08500
v 14.83600 10.56840 1.08500
v 14.83600 10.81840 1.08500
v 15.13600 10.81840 0.81500
v 14.83600 10.56840 0.81500
v 14.83600 10.81840 0.81500
v 15.13600 10.56840 0.81500
v 14.83600 10.55840 0.82500
v 15.13600 10.55840 0.82500
v 15.13600 10.55840 1.07500
v 14.83600 10.55840 1.07500
v 15.13600 10.82840 1.07500
v 14.83600 10.82840 0.82500
v 14.83600 10.82840 1.07500
v 15.13600 10.82840 0.82500
v 15.13600 10.84206 0.80500
v 15.13600 10.83340 0.80000
v 15.13600 10.84340 0.81000
v 15.13600 10.83840 0.80134
v 15.13600 10.82340 0.81634
v 15.13600 10.82706 0.82000
v 15.13600 10.84340 1.09000
v 15.13600 10.55340 0.80000
v 15.13600 10.82706 1.08000
v 15.13600 10.56340 0.81634
v 15.13600 10.55974 0.82000
v 15.13600 10.84206 1.09500
v 15.13600 10.83340 1.10000
v 15.13600 10.83840 1.09866
v 15.13600 10.82340 1.08366
v 15.13600 10.54840 0.80134
v 15.13600 10.54340 0.81000
v 15.13600 10.54474 0.80500
v 15.13600 10.54340 1.09000
v 15.13600 10.55974 1.08000
v 15.13600 10.56340 1.08366
v 15.13600 10.55340 1.10000
v 15.13600 10.54474 1.09500
v 15.13600 10.54840 1.09866
v 15.27600 10.54340 1.09000
v 15.27600 10.54340 0.81000
v 15.27600 10.83340 0.80000
v 15.27600 10.55340 0.80000
v 15.27600 10.84340 1.09000
v 15.27600 10.84340 0.81000
v 15.27600 10.55340 1.10000
v 15.27600 10.83340 1.10000
v 15.28600 10.55340 1.09000
v 15.28600 10.83340 0.81000
v 15.28600 10.83340 1.09000
v 15.28600 10.55340 0.81000
v 14.83600 10.84206 0.80500
v 14.83600 10.83340 0.80000
v 14.83600 10.83840 0.80134
v 14.83600 10.84340 0.81000
v 14.83600 10.82340 0.81634
v 14.83600 10.82706 0.82000
v 14.83600 10.84340 1.09000
v 14.83600 10.55340 0.80000
v 14.83600 10.82706 1.08000
v 14.83600 10.56340 0.81634
v 14.83600 10.84206 1.09500
v 14.83600 10.83340 1.10000
v 14.83600 10.83840 1.09866
v 14.83600 10.82340 1.08366
v 14.83600 10.54840 0.80134
v 14.83600 10.54340 0.81000
v 14.83600 10.54474 0.80500
v 14.83600 10.55974 0.82000
v 14.83600 10.55340 1.10000
v 14.83600 10.56340 1.08366
v 14.83600 10.55974 1.08000
v 14.83600 10.54340 1.09000
v 14.83600 10.54840 1.09866
v 14.83600 10.54474 1.09500
v 14.69600 10.54340 0.81000
v 14.69600 10.54340 1.09000
v 14.69600 10.55340 1.10000
v 14.69600 10.83340 1.10000
v 14.69600 10.84340 0.81000
v 14.69600 10.84340 1.09000
v 14.69600 10.55340 0.80000
v 14.69600 10.83340 0.80000
v 14.68600 10.55340 1.09000
v 14.68600 10.83340 1.09000
v 14.68600 10.83340 0.81000
v 14.68600 10.55340 0.81000
v 14.69600 10.54474 1.09500
v 14.69600 10.54840 1.09866
v 14.69600 10.83840 1.09866
v 14.69600 10.84206 1.09500
v 14.68734 10.83340 1.09500
v 14.68734 10.55340 1.09500
v 14.69100 10.83340 1.09866
v 14.69100 10.55340 1.09866
v 14.69471 10.54857 1.09866
v 14.69246 10.54986 1.09866
v 14.69117 10.55211 1.09866
v 14.69167 10.54590 1.09500
v 14.69100 10.54474 1.09000
v 14.68850 10.54907 1.09500
v 14.68734 10.54840 1.09000
v 14.69117 10.83469 1.09866
v 14.69246 10.83694 1.09866
v 14.69471 10.83823 1.09866
v 14.68850 10.83773 1.09500
v 14.68734 10.83840 1.09000
v 14.69167 10.84090 1.09500
v 14.69100 10.84206 1.09000
v 14.68734 10.54840 0.81000
v 14.69100 10.54474 0.81000
v 14.69600 10.54840 0.80134
v 14.69600 10.54474 0.80500
v 14.69600 10.84206 0.80500
v 14.69600 10.83840 0.80134
v 14.68734 10.83840 0.81000
v 14.69100 10.84206 0.81000
v 14.69376 10.54503 0.80500
v 14.68988 10.54728 0.80500
v 14.68763 10.55116 0.80500
v 14.68734 10.55340 0.80500
v 14.69100 10.55340 0.80134
v 14.69350 10.54907 0.80134
v 14.69167 10.55090 0.80134
v 14.68763 10.83564 0.80500
v 14.68734 10.83340 0.80500
v 14.69100 10.83340 0.80134
v 14.68988 10.83952 0.80500
v 14.69376 10.84177 0.80500
v 14.69167 10.83590 0.80134
v 14.69350 10.83773 0.80134
v 15.27600 10.83840 0.80134
v 15.27600 10.84206 0.80500
v 15.28466 10.83340 0.80500
v 15.28466 10.55340 0.80500
v 15.28100 10.83340 0.80134
v 15.28100 10.55340 0.80134
v 15.27600 10.54474 0.80500
v 15.27600 10.54840 0.80134
v 15.27824 10.84177 0.80500
v 15.28100 10.84206 0.81000
v 15.28212 10.83952 0.80500
v 15.28466 10.83840 0.81000
v 15.28436 10.83564 0.80500
v 15.27850 10.83773 0.80134
v 15.28033 10.83590 0.80134
v 15.28436 10.55116 0.80500
v 15.28466 10.54840 0.81000
v 15.28212 10.54728 0.80500
v 15.28100 10.54474 0.81000
v 15.27824 10.54503 0.80500
v 15.28033 10.55090 0.80134
v 15.27850 10.54907 0.80134
v 15.27600 10.84206 1.09500
v 15.27600 10.83840 1.09866
v 15.28466 10.83840 1.09000
v 15.28100 10.84206 1.09000
v 15.28466 10.54840 1.09000
v 15.28100 10.54474 1.09000
v 15.27600 10.54840 1.09866
v 15.27600 10.54474 1.09500
v 15.27729 10.83823 1.09866
v 15.27954 10.83694 1.09866
v 15.28083 10.83469 1.09866
v 15.28100 10.83340 1.09866
v 15.28466 10.83340 1.09500
v 15.28033 10.84090 1.09500
v 15.28350 10.83773 1.09500
v 15.28083 10.55211 1.09866
v 15.28100 10.55340 1.09866
v 15.28466 10.55340 1.09500
v 15.27954 10.54986 1.09866
v 15.27729 10.54857 1.09866
v 15.28350 10.54907 1.09500
v 15.28033 10.54590 1.09500
v 4.99396 2.57369 1.08500
v 5.24396 2.57369 1.08500
v 4.99396 2.87369 1.08500
v 5.24396 2.87369 1.08500
v 5.24396 2.57369 0.81500
v 4.99396 2.87369 0.81500
v 5.24396 2.87369 0.81500
v 4.99396 2.57369 0.81500
v 4.98396 2.87369 0.82500
v 4.98396 2.57369 0.82500
v 4.98396 2.57369 1.07500
v 4.98396 2.87369 1.07500
v 5.25396 2.57369 1.07500
v 5.25396 2.87369 0.82500
v 5.25396 2.87369 1.07500
v 5.25396 2.57369 0.82500
v 5.26396 2.57369 0.80134
v 5.26896 2.57369 0.81000
v 5.26762 2.57369 0.80500
v 5.25896 2.57369 0.80000
v 5.24896 2.57369 0.81634
v 5.25262 2.57369 0.82000
v 4.97896 2.57369 0.80000
v 5.26896 2.57369 1.09000
v 4.98896 2.57369 0.81634
v 5.25262 2.57369 1.08000
v 4.97396 2.57369 0.80134
v 4.97030 2.57369 0.80500
v 4.96896 2.57369 0.81000
v 4.98530 2.57369 0.82000
v 5.26762 2.57369 1.09500
v 5.25896 2.57369 1.10000
v 5.26396 2.57369 1.09866
v 5.24896 2.57369 1.08366
v 4.96896 2.57369 1.09000
v 4.98530 2.57369 1.08000
v 4.98896 2.57369 1.08366
v 4.97896 2.57369 1.10000
v 4.97030 2.57369 1.09500
v 4.97396 2.57369 1.09866
v 4.96896 2.43369 1.09000
v 4.96896 2.43369 0.81000
v 5.25896 2.43369 0.80000
v 4.97896 2.43369 0.80000
v 5.26896 2.43369 1.09000
v 5.26896 2.43369 0.81000
v 4.97896 2.43369 1.10000
v 5.25896 2.43369 1.10000
v 4.97896 2.42369 1.09000
v 5.25896 2.42369 0.81000
v 5.25896 2.42369 1.09000
v 4.97896 2.42369 0.81000
v 5.26396 2.87369 0.80134
v 5.26896 2.87369 0.81000
v 5.25896 2.87369 0.80000
v 5.26762 2.87369 0.80500
v 5.25262 2.87369 0.82000
v 5.24896 2.87369 0.81634
v 4.97896 2.87369 0.80000
v 5.26896 2.87369 1.09000
v 4.98896 2.87369 0.81634
v 5.25262 2.87369 1.08000
v 4.97396 2.87369 0.80134
v 4.96896 2.87369 0.81000
v 4.97030 2.87369 0.80500
v 4.98530 2.87369 0.82000
v 5.26762 2.87369 1.09500
v 5.25896 2.87369 1.10000
v 5.26396 2.87369 1.09866
v 5.24896 2.87369 1.08366
v 4.98896 2.87369 1.08366
v 4.97896 2.87369 1.10000
v 4.98530 2.87369 1.08000
v 4.96896 2.87369 1.09000
v 4.97396 2.87369 1.09866
v 4.97030 2.87369 1.09500
v 4.96896 3.01369 0.81000
v 4.96896 3.01369 1.09000
v 4.97896 3.01369 1.10000
v 5.25896 3.01369 1.10000
v 5.26896 3.01369 0.81000
v 5.26896 3.01369 1.09000
v 4.97896 3.01369 0.80000
v 5.25896 3.01369 0.80000
v 4.97896 3.02369 1.09000
v 5.25896 3.02369 1.09000
v 5.25896 3.02369 0.81000
v 4.97896 3.02369 0.81000
v 4.97030 3.01369 1.09500
v 4.97396 3.01369 1.09866
v 5.26396 3.01369 1.09866
v 5.26762 3.01369 1.09500
v 5.25896 3.02235 1.09500
v 4.97896 3.02235 1.09500
v 5.25896 3.01869 1.09866
v 4.97896 3.01869 1.09866
v 4.97413 3.01498 1.09866
v 4.97542 3.01723 1.09866
v 4.97767 3.01852 1.09866
v 4.97146 3.01802 1.09500
v 4.97030 3.01869 1.09000
v 4.97463 3.02119 1.09500
v 4.97396 3.02235 1.09000
v 5.26025 3.01852 1.09866
v 5.26250 3.01723 1.09866
v 5.26379 3.01498 1.09866
v 5.26329 3.02119 1.09500
v 5.26396 3.02235 1.09000
v 5.26646 3.01802 1.09500
v 5.26762 3.01869 1.09000
v 4.97396 3.02235 0.81000
v 4.97030 3.01869 0.81000
v 4.97396 3.01369 0.80134
v 4.97030 3.01369 0.80500
v 5.26762 3.01369 0.80500
v 5.26396 3.01369 0.80134
v 5.26396 3.02235 0.81000
v 5.26762 3.01869 0.81000
v 4.97059 3.01593 0.80500
v 4.97284 3.01981 0.80500
v 4.97672 3.02206 0.80500
v 4.97896 3.02235 0.80500
v 4.97896 3.01869 0.80134
v 4.97463 3.01619 0.80134
v 4.97646 3.01802 0.80134
v 5.26120 3.02206 0.80500
v 5.25896 3.02235 0.80500
v 5.25896 3.01869 0.80134
v 5.26508 3.01981 0.80500
v 5.26732 3.01593 0.80500
v 5.26146 3.01802 0.80134
v 5.26329 3.01619 0.80134
v 5.26396 2.43369 0.80134
v 5.26762 2.43369 0.80500
v 5.25896 2.42503 0.80500
v 4.97896 2.42503 0.80500
v 5.25896 2.42869 0.80134
v 4.97896 2.42869 0.80134
v 4.97030 2.43369 0.80500
v 4.97396 2.43369 0.80134
v 5.26732 2.43145 0.80500
v 5.26762 2.42869 0.81000
v 5.26508 2.42757 0.80500
v 5.26396 2.42503 0.81000
v 5.26120 2.42532 0.80500
v 5.26329 2.43119 0.80134
v 5.26146 2.42936 0.80134
v 4.97672 2.42532 0.80500
v 4.97396 2.42503 0.81000
v 4.97284 2.42757 0.80500
v 4.97030 2.42869 0.81000
v 4.97059 2.43145 0.80500
v 4.97646 2.42936 0.80134
v 4.97463 2.43119 0.80134
v 5.26762 2.43369 1.09500
v 5.26396 2.43369 1.09866
v 5.26396 2.42503 1.09000
v 5.26762 2.42869 1.09000
v 4.97396 2.42503 1.09000
v 4.97030 2.42869 1.09000
v 4.97396 2.43369 1.09866
v 4.97030 2.43369 1.09500
v 5.26379 2.43240 1.09866
v 5.26250 2.43015 1.09866
v 5.26025 2.42886 1.09866
v 5.25896 2.42869 1.09866
v 5.25896 2.42503 1.09500
v 5.26646 2.42936 1.09500
v 5.26329 2.42619 1.09500
v 4.97767 2.42886 1.09866
v 4.97896 2.42869 1.09866
v 4.97896 2.42503 1.09500
v 4.97542 2.43015 1.09866
v 4.97413 2.43240 1.09866
v 4.97463 2.42619 1.09500
v 4.97146 2.42936 1.09500
v 7.69420 17.61250 1.08500
v 7.44420 17.61250 1.08500
v 7.69420 17.31250 1.08500
v 7.44420 17.31250 1.08500
v 7.44420 17.61250 0.81500
v 7.69420 17.31250 0.81500
v 7.44420 17.31250 0.81500
v 7.69420 17.61250 0.81500
v 7.70420 17.31250 0.82500
v 7.70420 17.61250 0.82500
v 7.70420 17.61250 1.07500
v 7.70420 17.31250 1.07500
v 7.43420 17.61250 1.07500
v 7.43420 17.31250 0.82500
v 7.43420 17.31250 1.07500
v 7.43420 17.61250 0.82500
v 7.42420 17.61250 0.80134
v 7.41920 17.61250 0.81000
v 7.42054 17.61250 0.80500
v 7.42920 17.61250 0.80000
v 7.43920 17.61250 0.81634
v 7.43554 17.61250 0.82000
v 7.70920 17.61250 0.80000
v 7.41920 17.61250 1.09000
v 7.69920 17.61250 0.81634
v 7.43554 17.61250 1.08000
v 7.71420 17.61250 0.80134
v 7.71786 17.61250 0.80500
v 7.71920 17.61250 0.81000
v 7.70286 17.61250 0.82000
v 7.42054 17.61250 1.09500
v 7.42920 17.61250 1.10000
v 7.42420 17.61250 1.09866
v 7.43920 17.61250 1.08366
v 7.71920 17.61250 1.09000
v 7.70286 17.61250 1.08000
v 7.69920 17.61250 1.08366
v 7.70920 17.61250 1.10000
v 7.71786 17.61250 1.09500
v 7.71420 17.61250 1.09866
v 7.71920 17.75250 1.09000
v 7.71920 17.75250 0.81000
v 7.42920 17.75250 0.80000
v 7.70920 17.75250 0.80000
v 7.41920 17.75250 1.09000
v 7.41920 17.75250 0.81000
v 7.70920 17.75250 1.10000
v 7.42920 17.75250 1.10000
v 7.70920 17.76250 1.09000
v 7.42920 17.76250 0.81000
v 7.42920 17.76250 1.09000
v 7.70920 17.76250 0.81000
v 7.42420 17.31250 0.80134
v 7.41920 17.31250 0.81000
v 7.42920 17.31250 0.80000
v 7.42054 17.31250 0.80500
v 7.43554 17.31250 0.82000
v 7.43920 17.31250 0.81634
v 7.70920 17.31250 0.80000
v 7.41920 17.31250 1.09000
v 7.69920 17.31250 0.81634
v 7.43554 17.31250 1.08000
v 7.71420 17.31250 0.80134
v 7.71920 17.31250 0.81000
v 7.71786 17.31250 0.80500
v 7.70286 17.31250 0.82000
v 7.42054 17.31250 1.09500
v 7.42920 17.31250 1.10000
v 7.42420 17.31250 1.09866
v 7.43920 17.31250 1.08366
v 7.69920 17.31250 1.08366
v 7.70920 17.31250 1.10000
v 7.70286 17.31250 1.08000
v 7.71920 17.31250 1.09000
v 7.71420 17.31250 1.09866
v 7.71786 17.31250 1.09500
v 7.71920 17.17250 0.81000
v 7.71920 17.17250 1.09000
v 7.70920 17.17250 1.10000
v 7.42920 17.17250 1.10000
v 7.41920 17.17250 0.81000
v 7.41920 17.17250 1.09000
v 7.70920 17.17250 0.80000
v 7.42920 17.17250 0.80000
v 7.70920 17.16250 1.09000
v 7.42920 17.16250 1.09000
v 7.42920 17.16250 0.81000
v 7.70920 17.16250 0.81000
v 7.71786 17.17250 1.09500
v 7.71420 17.17250 1.09866
v 7.42420 17.17250 1.09866
v 7.42054 17.17250 1.09500
v 7.42920 17.16384 1.09500
v 7.70920 17.16384 1.09500
v 7.42920 17.16750 1.09866
v 7.70920 17.16750 1.09866
v 7.71403 17.17121 1.09866
v 7.71274 17.16896 1.09866
v 7.71049 17.16767 1.09866
v 7.71670 17.16817 1.09500
v 7.71786 17.16750 1.09000
v 7.71353 17.16500 1.09500
v 7.71420 17.16384 1.09000
v 7.42791 17.16767 1.09866
v 7.42566 17.16896 1.09866
v 7.42437 17.17121 1.09866
v 7.42487 17.16500 1.09500
v 7.42420 17.16384 1.09000
v 7.42170 17.16817 1.09500
v 7.42054 17.16750 1.09000
v 7.71420 17.16384 0.81000
v 7.71786 17.16750 0.81000
v 7.71420 17.17250 0.80134
v 7.71786 17.17250 0.80500
v 7.42054 17.17250 0.80500
v 7.42420 17.17250 0.80134
v 7.42420 17.16384 0.81000
v 7.42054 17.16750 0.81000
v 7.71757 17.17026 0.80500
v 7.71532 17.16638 0.80500
v 7.71144 17.16413 0.80500
v 7.70920 17.16384 0.80500
v 7.70920 17.16750 0.80134
v 7.71353 17.17000 0.80134
v 7.71170 17.16817 0.80134
v 7.42696 17.16413 0.80500
v 7.42920 17.16384 0.80500
v 7.42920 17.16750 0.80134
v 7.42308 17.16638 0.80500
v 7.42084 17.17026 0.80500
v 7.42670 17.16817 0.80134
v 7.42487 17.17000 0.80134
v 7.42420 17.75250 0.80134
v 7.42054 17.75250 0.80500
v 7.42920 17.76116 0.80500
v 7.70920 17.76116 0.80500
v 7.42920 17.75750 0.80134
v 7.70920 17.75750 0.80134
v 7.71786 17.75250 0.80500
v 7.71420 17.75250 0.80134
v 7.42084 17.75474 0.80500
v 7.42054 17.75750 0.81000
v 7.42308 17.75862 0.80500
v 7.42420 17.76116 0.81000
v 7.42696 17.76086 0.80500
v 7.42487 17.75500 0.80134
v 7.42670 17.75683 0.80134
v 7.71144 17.76086 0.80500
v 7.71420 17.76116 0.81000
v 7.71532 17.75862 0.80500
v 7.71786 17.75750 0.81000
v 7.71757 17.75474 0.80500
v 7.71170 17.75683 0.80134
v 7.71353 17.75500 0.80134
v 7.42054 17.75250 1.09500
v 7.42420 17.75250 1.09866
v 7.42420 17.76116 1.09000
v 7.42054 17.75750 1.09000
v 7.71420 17.76116 1.09000
v 7.71786 17.75750 1.09000
v 7.71420 17.75250 1.09866
v 7.71786 17.75250 1.09500
v 7.42437 17.75379 1.09866
v 7.42566 17.75603 1.09866
v 7.42791 17.75733 1.09866
v 7.42920 17.75750 1.09866
v 7.42920 17.76116 1.09500
v 7.42170 17.75683 1.09500
v 7.42487 17.76000 1.09500
v 7.71049 17.75733 1.09866
v 7.70920 17.75750 1.09866
v 7.70920 17.76116 1.09500
v 7.71274 17.75603 1.09866
v 7.71403 17.75379 1.09866
v 7.71353 17.76000 1.09500
v 7.71670 17.75683 1.09500
v 3.14925 12.41625 1.08500
v 3.14925 12.66625 1.08500
v 2.84925 12.41625 1.08500
v 2.84925 12.66625 1.08500
v 3.14925 12.66625 0.81500
v 2.84925 12.41625 0.81500
v 2.84925 12.66625 0.81500
v 3.14925 12.41625 0.81500
v 2.84925 12.40625 0.82500
v 3.14925 12.40625 0.82500
v 3.14925 12.40625 1.07500
v 2.84925 12.40625 1.07500
v 3.14925 12.67625 1.07500
v 2.84925 12.67625 0.82500
v 2.84925 12.67625 1.07500
v 3.14925 12.67625 0.82500
v 3.14925 12.68991 0.80500
v 3.14925 12.68125 0.80000
v 3.14925 12.69125 0.81000
v 3.14925 12.68625 0.80134
v 3.14925 12.67125 0.81634
v 3.14925 12.67491 0.82000
v 3.14925 12.69125 1.09000
v 3.14925 12.40125 0.80000
v 3.14925 12.67491 1.08000
v 3.14925 12.41125 0.81634
v 3.14925 12.40759 0.82000
v 3.14925 12.68991 1.09500
v 3.14925 12.68125 1.10000
v 3.14925 12.68625 1.09866
v 3.14925 12.67125 1.08366
v 3.14925 12.39625 0.80134
v 3.14925 12.39125 0.81000
v 3.14925 12.39259 0.80500
v 3.14925 12.39125 1.09000
v 3.14925 12.40759 1.08000
v 3.14925 12.41125 1.08366
v 3.14925 12.40125 1.10000
v 3.14925 12.39259 1.09500
v 3.14925 12.39625 1.09866
v 3.28925 12.39125 1.09000
v 3.28925 12.39125 0.81000
v 3.28925 12.68125 0.80000
v 3.28925 12.40125 0.80000
v 3.28925 12.69125 1.09000
v 3.28925 12.69125 0.81000
v 3.28925 12.40125 1.10000
v 3.28925 12.68125 1.10000
v 3.29925 12.40125 1.09000
v 3.29925 12.68125 0.81000
v 3.29925 12.68125 1.09000
v 3.29925 12.40125 0.81000
v 2.84925 12.68991 0.80500
v 2.84925 12.68125 0.80000
v 2.84925 12.68625 0.80134
v 2.84925 12.69125 0.81000
v 2.84925 12.67125 0.81634
v 2.84925 12.67491 0.82000
v 2.84925 12.69125 1.09000
v 2.84925 12.40125 0.80000
v 2.84925 12.67491 1.08000
v 2.84925 12.41125 0.81634
v 2.84925 12.68991 1.09500
v 2.84925 12.68125 1.10000
v 2.84925 12.68625 1.09866
v 2.84925 12.67125 1.08366
v 2.84925 12.39625 0.80134
v 2.84925 12.39125 0.81000
v 2.84925 12.39259 0.80500
v 2.84925 12.40759 0.82000
v 2.84925 12.40125 1.10000
v 2.84925 12.41125 1.08366
v 2.84925 12.40759 1.08000
v 2.84925 12.39125 1.09000
v 2.84925 12.39625 1.09866
v 2.84925 12.39259 1.09500
v 2.70925 12.39125 0.81000
v 2.70925 12.39125 1.09000
v 2.70925 12.40125 1.10000
v 2.70925 12.68125 1.10000
v 2.70925 12.69125 0.81000
v 2.70925 12.69125 1.09000
v 2.70925 12.40125 0.80000
v 2.70925 12.68125 0.80000
v 2.69925 12.40125 1.09000
v 2.69925 12.68125 1.09000
v 2.69925 12.68125 0.81000
v 2.69925 12.40125 0.81000
v 2.70925 12.39259 1.09500
v 2.70925 12.39625 1.09866
v 2.70925 12.68625 1.09866
v 2.70925 12.68991 1.09500
v 2.70059 12.68125 1.09500
v 2.70059 12.40125 1.09500
v 2.70425 12.68125 1.09866
v 2.70425 12.40125 1.09866
v 2.70796 12.39642 1.09866
v 2.70571 12.39771 1.09866
v 2.70442 12.39996 1.09866
v 2.70492 12.39375 1.09500
v 2.70425 12.39259 1.09000
v 2.70175 12.39692 1.09500
v 2.70059 12.39625 1.09000
v 2.70442 12.68254 1.09866
v 2.70571 12.68479 1.09866
v 2.70796 12.68608 1.09866
v 2.70175 12.68558 1.09500
v 2.70059 12.68625 1.09000
v 2.70492 12.68875 1.09500
v 2.70425 12.68991 1.09000
v 2.70059 12.39625 0.81000
v 2.70425 12.39259 0.81000
v 2.70925 12.39625 0.80134
v 2.70925 12.39259 0.80500
v 2.70925 12.68991 0.80500
v 2.70925 12.68625 0.80134
v 2.70059 12.68625 0.81000
v 2.70425 12.68991 0.81000
v 2.70701 12.39289 0.80500
v 2.70313 12.39513 0.80500
v 2.70088 12.39901 0.80500
v 2.70059 12.40125 0.80500
v 2.70425 12.40125 0.80134
v 2.70675 12.39692 0.80134
v 2.70492 12.39875 0.80134
v 2.70088 12.68349 0.80500
v 2.70059 12.68125 0.80500
v 2.70425 12.68125 0.80134
v 2.70313 12.68737 0.80500
v 2.70701 12.68962 0.80500
v 2.70492 12.68375 0.80134
v 2.70675 12.68558 0.80134
v 3.28925 12.68625 0.80134
v 3.28925 12.68991 0.80500
v 3.29791 12.68125 0.80500
v 3.29791 12.40125 0.80500
v 3.29425 12.68125 0.80134
v 3.29425 12.40125 0.80134
v 3.28925 12.39259 0.80500
v 3.28925 12.39625 0.80134
v 3.29149 12.68962 0.80500
v 3.29425 12.68991 0.81000
v 3.29537 12.68737 0.80500
v 3.29791 12.68625 0.81000
v 3.29762 12.68349 0.80500
v 3.29175 12.68558 0.80134
v 3.29358 12.68375 0.80134
v 3.29762 12.39901 0.80500
v 3.29791 12.39625 0.81000
v 3.29537 12.39513 0.80500
v 3.29425 12.39259 0.81000
v 3.29149 12.39289 0.80500
v 3.29358 12.39875 0.80134
v 3.29175 12.39692 0.80134
v 3.28925 12.68991 1.09500
v 3.28925 12.68625 1.09866
v 3.29791 12.68625 1.09000
v 3.29425 12.68991 1.09000
v 3.29791 12.39625 1.09000
v 3.29425 12.39259 1.09000
v 3.28925 12.39625 1.09866
v 3.28925 12.39259 1.09500
v 3.29054 12.68608 1.09866
v 3.29279 12.68479 1.09866
v 3.29408 12.68254 1.09866
v 3.29425 12.68125 1.09866
v 3.29791 12.68125 1.09500
v 3.29358 12.68875 1.09500
v 3.29675 12.68558 1.09500
v 3.29408 12.39996 1.09866
v 3.29425 12.40125 1.09866
v 3.29791 12.40125 1.09500
v 3.29279 12.39771 1.09866
v 3.29054 12.39642 1.09866
v 3.29675 12.39692 1.09500
v 3.29358 12.39375 1.09500
v 4.16360 17.61250 1.08500
v 3.91360 17.61250 1.08500
v 4.16360 17.31250 1.08500
v 3.91360 17.31250 1.08500
v 3.91360 17.61250 0.81500
v 4.16360 17.31250 0.81500
v 3.91360 17.31250 0.81500
v 4.16360 17.61250 0.81500
v 4.17360 17.31250 0.82500
v 4.17360 17.61250 0.82500
v 4.17360 17.61250 1.07500
v 4.17360 17.31250 1.07500
v 3.90360 17.61250 1.07500
v 3.90360 17.31250 0.82500
v 3.90360 17.31250 1.07500
v 3.90360 17.61250 0.82500
v 3.89360 17.61250 0.80134
v 3.88860 17.61250 0.81000
v 3.88994 17.61250 0.80500
v 3.89860 17.61250 0.80000
v 3.90860 17.61250 0.81634
v 3.90494 17.61250 0.82000
v 4.17860 17.61250 0.80000
v 3.88860 17.61250 1.09000
v 4.16860 17.61250 0.81634
v 3.90494 17.61250 1.08000
v 4.18360 17.61250 0.80134
v 4.18726 17.61250 0.80500
v 4.18860 17.61250 0.81000
v 4.17226 17.61250 0.82000
v 3.88994 17.61250 1.09500
v 3.89860 17.61250 1.10000
v 3.89360 17.61250 1.09866
v 3.90860 17.61250 1.08366
v 4.18860 17.61250 1.09000
v 4.17226 17.61250 1.08000
v 4.16860 17.61250 1.08366
v 4.17860 17.61250 1.10000
v 4.18726 17.61250 1.09500
v 4.18360 17.61250 1.09866
v 4.18860 17.75250 1.09000
v 4.18860 17.75250 0.81000
v 3.89860 17.75250 0.80000
v 4.17860 17.75250 0.80000
v 3.88860 17.75250 1.09000
v 3.88860 17.75250 0.81000
v 4.17860 17.75250 1.10000
v 3.89860 17.75250 1.10000
v 4.17860 17.76250 1.09000
v 3.89860 17.76250 0.81000
v 3.89860 17.76250 1.09000
v 4.17860 17.76250 0.81000
v 3.89360 17.31250 0.80134
v 3.88860 17.31250 0.81000
v 3.89860 17.31250 0.80000
v 3.88994 17.31250 0.80500
v 3.90494 17.31250 0.82000
v 3.90860 17.31250 0.81634
v 4.17860 17.31250 0.80000
v 3.88860 17.31250 1.09000
v 4.16860 17.31250 0.81634
v 3.90494 17.31250 1.08000
v 4.18360 17.31250 0.80134
v 4.18860 17.31250 0.81000
v 4.18726 17.31250 0.80500
v 4.17226 17.31250 0.82000
v 3.88994 17.31250 1.09500
v 3.89860 17.31250 1.10000
v 3.89360 17.31250 1.09866
v 3.90860 17.31250 1.08366
v 4.16860 17.31250 1.08366
v 4.17860 17.31250 1.10000
v 4.17226 17.31250 1.08000
v 4.18860 17.31250 1.09000
v 4.18360 17.31250 1.09866
v 4.18726 17.31250 1.09500
v 4.18860 17.17250 0.81000
v 4.18860 17.17250 1.09000
v 4.17860 17.17250 1.10000
v 3.89860 17.17250 1.10000
v 3.88860 17.17250 0.81000
v 3.88860 17.17250 1.09000
v 4.17860 17.17250 0.80000
v 3.89860 17.17250 0.80000
v 4.17860 17.16250 1.09000
v 3.89860 17.16250 1.09000
v 3.89860 17.16250 0.81000
v 4.17860 17.16250 0.81000
v 4.18726 17.17250 1.09500
v 4.18360 17.17250 1.09866
v 3.89360 17.17250 1.09866
v 3.88994 17.17250 1.09500
v 3.89860 17.16384 1.09500
v 4.17860 17.16384 1.09500
v 3.89860 17.16750 1.09866
v 4.17860 17.16750 1.09866
v 4.18343 17.17121 1.09866
v 4.18214 17.16896 1.09866
v 4.17989 17.16767 1.09866
v 4.18610 17.16817 1.09500
v 4.18726 17.16750 1.09000
v 4.18293 17.16500 1.09500
v 4.18360 17.16384 1.09000
v 3.89731 17.16767 1.09866
v 3.89506 17.16896 1.09866
v 3.89377 17.17121 1.09866
v 3.89427 17.16500 1.09500
v 3.89360 17.16384 1.09000
v 3.89110 17.16817 1.09500
v 3.88994 17.16750 1.09000
v 4.18360 17.16384 0.81000
v 4.18726 17.16750 0.81000
v 4.18360 17.17250 0.80134
v 4.18726 17.17250 0.80500
v 3.88994 17.17250 0.80500
v 3.89360 17.17250 0.80134
v 3.89360 17.16384 0.81000
v 3.88994 17.16750 0.81000
v 4.18696 17.17026 0.80500
v 4.18472 17.16638 0.80500
v 4.18084 17.16413 0.80500
v 4.17860 17.16384 0.80500
v 4.17860 17.16750 0.80134
v 4.18293 17.17000 0.80134
v 4.18110 17.16817 0.80134
v 3.89636 17.16413 0.80500
v 3.89860 17.16384 0.80500
v 3.89860 17.16750 0.80134
v 3.89248 17.16638 0.80500
v 3.89023 17.17026 0.80500
v 3.89610 17.16817 0.80134
v 3.89427 17.17000 0.80134
v 3.89360 17.75250 0.80134
v 3.88994 17.75250 0.80500
v 3.89860 17.76116 0.80500
v 4.17860 17.76116 0.80500
v 3.89860 17.75750 0.80134
v 4.17860 17.75750 0.80134
v 4.18726 17.75250 0.80500
v 4.18360 17.75250 0.80134
v 3.89023 17.75474 0.80500
v 3.88994 17.75750 0.81000
v 3.89248 17.75862 0.80500
v 3.89360 17.76116 0.81000
v 3.89636 17.76086 0.80500
v 3.89427 17.75500 0.80134
v 3.89610 17.75683 0.80134
v 4.18084 17.76086 0.80500
v 4.18360 17.76116 0.81000
v 4.18472 17.75862 0.80500
v 4.18726 17.75750 0.81000
v 4.18696 17.75474 0.80500
v 4.18110 17.75683 0.80134
v 4.18293 17.75500 0.80134
v 3.88994 17.75250 1.09500
v 3.89360 17.75250 1.09866
v 3.89360 17.76116 1.09000
v 3.88994 17.75750 1.09000
v 4.18360 17.76116 1.09000
v 4.18726 17.75750 1.09000
v 4.18360 17.75250 1.09866
v 4.18726 17.75250 1.09500
v 3.89377 17.75379 1.09866
v 3.89506 17.75603 1.09866
v 3.89731 17.75733 1.09866
v 3.89860 17.75750 1.09866
v 3.89860 17.76116 1.09500
v 3.89110 17.75683 1.09500
v 3.89427 17.76000 1.09500
v 4.17989 17.75733 1.09866
v 4.17860 17.75750 1.09866
v 4.17860 17.76116 1.09500
v 4.18214 17.75603 1.09866
v 4.18343 17.75379 1.09866
v 4.18293 17.76000 1.09500
v 4.18610 17.75683 1.09500
v 12.30870 14.56490 1.08500
v 12.30870 14.31490 1.08500
v 12.60870 14.56490 1.08500
v 12.60870 14.31490 1.08500
v 12.30870 14.31490 0.81500
v 12.60870 14.56490 0.81500
v 12.60870 14.31490 0.81500
v 12.30870 14.56490 0.81500
v 12.60870 14.57490 0.82500
v 12.30870 14.57490 0.82500
v 12.30870 14.57490 1.07500
v 12.60870 14.57490 1.07500
v 12.30870 14.30490 1.07500
v 12.60870 14.30490 0.82500
v 12.60870 14.30490 1.07500
v 12.30870 14.30490 0.82500
v 12.30870 14.29124 0.80500
v 12.30870 14.29990 0.80000
v 12.30870 14.28990 0.81000
v 12.30870 14.29490 0.80134
v 12.30870 14.30990 0.81634
v 12.30870 14.30624 0.82000
v 12.30870 14.28990 1.09000
v 12.30870 14.57990 0.80000
v 12.30870 14.30624 1.08000
v 12.30870 14.56990 0.81634
v 12.30870 14.57356 0.82000
v 12.30870 14.29124 1.09500
v 12.30870 14.29990 1.10000
v 12.30870 14.29490 1.09866
v 12.30870 14.30990 1.08366
v 12.30870 14.58490 0.80134
v 12.30870 14.58990 0.81000
v 12.30870 14.58856 0.80500
v 12.30870 14.58990 1.09000
v 12.30870 14.57356 1.08000
v 12.30870 14.56990 1.08366
v 12.30870 14.57990 1.10000
v 12.30870 14.58856 1.09500
v 12.30870 14.58490 1.09866
v 12.16870 14.58990 1.09000
v 12.16870 14.58990 0.81000
v 12.16870 14.29990 0.80000
v 12.16870 14.57990 0.80000
v 12.16870 14.28990 1.09000
v 12.16870 14.28990 0.81000
v 12.16870 14.57990 1.10000
v 12.16870 14.29990 1.10000
v 12.15870 14.57990 1.09000
v 12.15870 14.29990 0.81000
v 12.15870 14.29990 1.09000
v 12.15870 14.57990 0.81000
v 12.60870 14.29124 0.80500
v 12.60870 14.29990 0.80000
v 12.60870 14.29490 0.80134
v 12.60870 14.28990 0.81000
v 12.60870 14.30990 0.81634
v 12.60870 14.30624 0.82000
v 12.60870 14.28990 1.09000
v 12.60870 14.57990 0.80000
v 12.60870 14.30624 1.08000
v 12.60870 14.56990 0.81634
v 12.60870 14.29124 1.09500
v 12.60870 14.29990 1.10000
v 12.60870 14.29490 1.09866
v 12.60870 14.30990 1.08366
v 12.60870 14.58490 0.80134
v 12.60870 14.58990 0.81000
v 12.60870 14.58856 0.80500
v 12.60870 14.57356 0.82000
v 12.60870 14.57990 1.10000
v 12.60870 14.56990 1.08366
v 12.60870 14.57356 1.08000
v 12.60870 14.58990 1.09000
v 12.60870 14.58490 1.09866
v 12.60870 14.58856 1.09500
v 12.74870 14.58990 0.81000
v 12.74870 14.58990 1.09000
v 12.74870 14.57990 1.10000
v 12.74870 14.29990 1.10000
v 12.74870 14.28990 0.81000
v 12.74870 14.28990 1.09000
v 12.74870 14.57990 0.80000
v 12.74870 14.29990 0.80000
v 12.75870 14.57990 1.09000
v 12.75870 14.29990 1.09000
v 12.75870 14.29990 0.81000
v 12.75870 14.57990 0.81000
v 12.74870 14.58856 1.09500
v 12.74870 14.58490 1.09866
v 12.74870 14.29490 1.09866
v 12.74870 14.29124 1.09500
v 12.75736 14.29990 1.09500
v 12.75736 14.57990 1.09500
v 12.75370 14.29990 1.09866
v 12.75370 14.57990 1.09866
v 12.74999 14.58473 1.09866
v 12.75224 14.58344 1.09866
v 12.75353 14.58119 1.09866
v 12.75303 14.58740 1.09500
v 12.75370 14.58856 1.09000
v 12.75620 14.58423 1.09500
v 12.75736 14.58490 1.09000
v 12.75353 14.29861 1.09866
v 12.75224 14.29636 1.09866
v 12.74999 14.29507 1.09866
v 12.75620 14.29557 1.09500
v 12.75736 14.29490 1.09000
v 12.75303 14.29240 1.09500
v 12.75370 14.29124 1.09000
v 12.75736 14.58490 0.81000
v 12.75370 14.58856 0.81000
v 12.74870 14.58490 0.80134
v 12.74870 14.58856 0.80500
v 12.74870 14.29124 0.80500
v 12.74870 14.29490 0.80134
v 12.75736 14.29490 0.81000
v 12.75370 14.29124 0.81000
v 12.75094 14.58827 0.80500
v 12.75482 14.58602 0.80500
v 12.75706 14.58214 0.80500
v 12.75736 14.57990 0.80500
v 12.75370 14.57990 0.80134
v 12.75120 14.58423 0.80134
v 12.75303 14.58240 0.80134
v 12.75706 14.29766 0.80500
v 12.75736 14.29990 0.80500
v 12.75370 14.29990 0.80134
v 12.75482 14.29378 0.80500
v 12.75094 14.29153 0.80500
v 12.75303 14.29740 0.80134
v 12.75120 14.29557 0.80134
v 12.16870 14.29490 0.80134
v 12.16870 14.29124 0.80500
v 12.16004 14.29990 0.80500
v 12.16004 14.57990 0.80500
v 12.16370 14.29990 0.80134
v 12.16370 14.57990 0.80134
v 12.16870 14.58856 0.80500
v 12.16870 14.58490 0.80134
v 12.16646 14.29153 0.80500
v 12.16370 14.29124 0.81000
v 12.16258 14.29378 0.80500
v 12.16004 14.29490 0.81000
v 12.16033 14.29766 0.80500
v 12.16620 14.29557 0.80134
v 12.16437 14.29740 0.80134
v 12.16033 14.58214 0.80500
v 12.16004 14.58490 0.81000
v 12.16258 14.58602 0.80500
v 12.16370 14.58856 0.81000
v 12.16646 14.58827 0.80500
v 12.16437 14.58240 0.80134
v 12.16620 14.58423 0.80134
v 12.16870 14.29124 1.09500
v 12.16870 14.29490 1.09866
v 12.16004 14.29490 1.09000
v 12.16370 14.29124 1.09000
v 12.16004 14.58490 1.09000
v 12.16370 14.58856 1.09000
v 12.16870 14.58490 1.09866
v 12.16870 14.58856 1.09500
v 12.16741 14.29507 1.09866
v 12.16516 14.29636 1.09866
v 12.16387 14.29861 1.09866
v 12.16370 14.29990 1.09866
v 12.16004 14.29990 1.09500
v 12.16437 14.29240 1.09500
v 12.16120 14.29557 1.09500
v 12.16387 14.58119 1.09866
v 12.16370 14.57990 1.09866
v 12.16004 14.57990 1.09500
v 12.16516 14.58344 1.09866
v 12.16741 14.58473 1.09866
v 12.16120 14.58423 1.09500
v 12.16437 14.58740 1.09500
v 12.05513 10.05600 1.08500
v 11.80513 10.05600 1.08500
v 12.05513 9.75600 1.08500
v 11.80513 9.75600 1.08500
v 11.80513 10.05600 0.81500
v 12.05513 9.75600 0.81500
v 11.80513 9.75600 0.81500
v 12.05513 10.05600 0.81500
v 12.06513 9.75600 0.82500
v 12.06513 10.05600 0.82500
v 12.06513 10.05600 1.07500
v 12.06513 9.75600 1.07500
v 11.79513 10.05600 1.07500
v 11.79513 9.75600 0.82500
v 11.79513 9.75600 1.07500
v 11.79513 10.05600 0.82500
v 11.78147 10.05600 0.80500
v 11.79013 10.05600 0.80000
v 11.78013 10.05600 0.81000
v 11.78513 10.05600 0.80134
v 11.80013 10.05600 0.81634
v 11.79647 10.05600 0.82000
v 11.78013 10.05600 1.09000
v 12.07013 10.05600 0.80000
v 11.79647 10.05600 1.08000
v 12.06013 10.05600 0.81634
v 12.06379 10.05600 0.82000
v 11.78147 10.05600 1.09500
v 11.79013 10.05600 1.10000
v 11.78513 10.05600 1.09866
v 11.80013 10.05600 1.08366
v 12.07513 10.05600 0.80134
v 12.08013 10.05600 0.81000
v 12.07879 10.05600 0.80500
v 12.08013 10.05600 1.09000
v 12.06379 10.05600 1.08000
v 12.06013 10.05600 1.08366
v 12.07013 10.05600 1.10000
v 12.07879 10.05600 1.09500
v 12.07513 10.05600 1.09866
v 12.08013 10.19600 1.09000
v 12.08013 10.19600 0.81000
v 11.79013 10.19600 0.80000
v 12.07013 10.19600 0.80000
v 11.78013 10.19600 1.09000
v 11.78013 10.19600 0.81000
v 12.07013 10.19600 1.10000
v 11.79013 10.19600 1.10000
v 12.07013 10.20600 1.09000
v 11.79013 10.20600 0.81000
v 11.79013 10.20600 1.09000
v 12.07013 10.20600 0.81000
v 11.78147 9.75600 0.80500
v 11.79013 9.75600 0.80000
v 11.78513 9.75600 0.80134
v 11.78013 9.75600 0.81000
v 11.80013 9.75600 0.81634
v 11.79647 9.75600 0.82000
v 11.78013 9.75600 1.09000
v 12.07013 9.75600 0.80000
v 11.79647 9.75600 1.08000
v 12.06013 9.75600 0.81634
v 11.78147 9.75600 1.09500
v 11.79013 9.75600 1.10000
v 11.78513 9.75600 1.09866
v 11.80013 9.75600 1.08366
v 12.07513 9.75600 0.80134
v 12.08013 9.75600 0.81000
v 12.07879 9.75600 0.80500
v 12.06379 9.75600 0.82000
v 12.07013 9.75600 1.10000
v 12.06013 9.75600 1.08366
v 12.06379 9.75600 1.08000
v 12.08013 9.75600 1.09000
v 12.07513 9.75600 1.09866
v 12.07879 9.75600 1.09500
v 12.08013 9.61600 0.81000
v 12.08013 9.61600 1.09000
v 12.07013 9.61600 1.10000
v 11.79013 9.61600 1.10000
v 11.78013 9.61600 0.81000
v 11.78013 9.61600 1.09000
v 12.07013 9.61600 0.80000
v 11.79013 9.61600 0.80000
v 12.07013 9.60600 1.09000
v 11.79013 9.60600 1.09000
v 11.79013 9.60600 0.81000
v 12.07013 9.60600 0.81000
v 12.07879 9.61600 1.09500
v 12.07513 9.61600 1.09866
v 11.78513 9.61600 1.09866
v 11.78147 9.61600 1.09500
v 11.79013 9.60734 1.09500
v 12.07013 9.60734 1.09500
v 11.79013 9.61100 1.09866
v 12.07013 9.61100 1.09866
v 12.07496 9.61471 1.09866
v 12.07366 9.61246 1.09866
v 12.07142 9.61117 1.09866
v 12.07763 9.61167 1.09500
v 12.07879 9.61100 1.09000
v 12.07446 9.60850 1.09500
v 12.07513 9.60734 1.09000
v 11.78883 9.61117 1.09866
v 11.78659 9.61246 1.09866
v 11.78530 9.61471 1.09866
v 11.78580 9.60850 1.09500
v 11.78513 9.60734 1.09000
v 11.78263 9.61167 1.09500
v 11.78147 9.61100 1.09000
v 12.07513 9.60734 0.81000
v 12.07879 9.61100 0.81000
v 12.07513 9.61600 0.80134
v 12.07879 9.61600 0.80500
v 11.78147 9.61600 0.80500
v 11.78513 9.61600 0.80134
v 11.78513 9.60734 0.81000
v 11.78147 9.61100 0.81000
v 12.07849 9.61376 0.80500
v 12.07625 9.60988 0.80500
v 12.07237 9.60763 0.80500
v 12.07013 9.60734 0.80500
v 12.07013 9.61100 0.80134
v 12.07446 9.61350 0.80134
v 12.07263 9.61167 0.80134
v 11.78788 9.60763 0.80500
v 11.79013 9.60734 0.80500
v 11.79013 9.61100 0.80134
v 11.78400 9.60988 0.80500
v 11.78176 9.61376 0.80500
v 11.78763 9.61167 0.80134
v 11.78580 9.61350 0.80134
v 11.78513 10.19600 0.80134
v 11.78147 10.19600 0.80500
v 11.79013 10.20466 0.80500
v 12.07013 10.20466 0.80500
v 11.79013 10.20100 0.80134
v 12.07013 10.20100 0.80134
v 12.07879 10.19600 0.80500
v 12.07513 10.19600 0.80134
v 11.78176 10.19824 0.80500
v 11.78147 10.20100 0.81000
v 11.78400 10.20212 0.80500
v 11.78513 10.20466 0.81000
v 11.78788 10.20436 0.80500
v 11.78580 10.19850 0.80134
v 11.78763 10.20033 0.80134
v 12.07237 10.20436 0.80500
v 12.07513 10.20466 0.81000
v 12.07625 10.20212 0.80500
v 12.07879 10.20100 0.81000
v 12.07849 10.19824 0.80500
v 12.07263 10.20033 0.80134
v 12.07446 10.19850 0.80134
v 11.78147 10.19600 1.09500
v 11.78513 10.19600 1.09866
v 11.78513 10.20466 1.09000
v 11.78147 10.20100 1.09000
v 12.07513 10.20466 1.09000
v 12.07879 10.20100 1.09000
v 12.07513 10.19600 1.09866
v 12.07879 10.19600 1.09500
v 11.78530 10.19729 1.09866
v 11.78659 10.19954 1.09866
v 11.78883 10.20083 1.09866
v 11.79013 10.20100 1.09866
v 11.79013 10.20466 1.09500
v 11.78263 10.20033 1.09500
v 11.78580 10.20350 1.09500
v 12.07142 10.20083 1.09866
v 12.07013 10.20100 1.09866
v 12.07013 10.20466 1.09500
v 12.07366 10.19954 1.09866
v 12.07496 10.19729 1.09866
v 12.07446 10.20350 1.09500
v 12.07763 10.20033 1.09500
v 11.55465 17.87296 1.08500
v 11.37788 17.69619 1.08500
v 11.76678 17.66083 1.08500
v 11.59001 17.48405 1.08500
v 11.37788 17.69619 0.81500
v 11.76678 17.66083 0.81500
v 11.59001 17.48405 0.81500
v 11.55465 17.87296 0.81500
v 11.77386 17.66790 0.82500
v 11.56172 17.88004 0.82500
v 11.56172 17.88004 1.07500
v 11.77386 17.66790 1.07500
v 11.37080 17.68912 1.07500
v 11.58294 17.47698 0.82500
v 11.58294 17.47698 1.07500
v 11.37080 17.68912 0.82500
v 11.36373 17.68204 0.80134
v 11.36020 17.67851 0.81000
v 11.36115 17.67946 0.80500
v 11.36727 17.68558 0.80000
v 11.37434 17.69265 0.81634
v 11.37175 17.69006 0.82000
v 11.56526 17.88357 0.80000
v 11.36020 17.67851 1.09000
v 11.55819 17.87650 0.81634
v 11.37175 17.69006 1.08000
v 11.56078 17.87909 0.82000
v 11.56879 17.88711 0.80134
v 11.57233 17.89064 0.81000
v 11.57138 17.88969 0.80500
v 11.36115 17.67946 1.09500
v 11.36727 17.68558 1.10000
v 11.36373 17.68204 1.09866
v 11.37434 17.69265 1.08366
v 11.57233 17.89064 1.09000
v 11.56078 17.87909 1.08000
v 11.55819 17.87650 1.08366
v 11.56526 17.88357 1.10000
v 11.57138 17.88969 1.09500
v 11.56879 17.88711 1.09866
v 11.47333 17.98964 1.09000
v 11.47333 17.98964 0.81000
v 11.26827 17.78457 0.80000
v 11.46626 17.98256 0.80000
v 11.26120 17.77750 1.09000
v 11.26120 17.77750 0.81000
v 11.46626 17.98256 1.10000
v 11.26827 17.78457 1.10000
v 11.45919 17.98964 1.09000
v 11.26120 17.79165 0.81000
v 11.26120 17.79165 1.09000
v 11.45919 17.98964 0.81000
v 11.57328 17.46733 0.80500
v 11.57940 17.47345 0.80000
v 11.57586 17.46991 0.80134
v 11.57233 17.46638 0.81000
v 11.58647 17.48052 0.81634
v 11.58388 17.47793 0.82000
v 11.57233 17.46638 1.09000
v 11.77739 17.67144 0.80000
v 11.58388 17.47793 1.08000
v 11.77032 17.66437 0.81634
v 11.77291 17.66696 0.82000
v 11.57328 17.46733 1.09500
v 11.57940 17.47345 1.10000
v 11.57586 17.46991 1.09866
v 11.58647 17.48052 1.08366
v 11.78093 17.67497 0.80134
v 11.78446 17.67851 0.81000
v 11.78351 17.67756 0.80500
v 11.77739 17.67144 1.10000
v 11.77032 17.66437 1.08366
v 11.77291 17.66696 1.08000
v 11.78446 17.67851 1.09000
v 11.78093 17.67497 1.09866
v 11.78351 17.67756 1.09500
v 11.88346 17.57951 0.81000
v 11.88346 17.57951 1.09000
v 11.87639 17.57244 1.10000
v 11.67840 17.37445 1.10000
v 11.67132 17.36738 0.81000
v 11.67132 17.36738 1.09000
v 11.87639 17.57244 0.80000
v 11.67840 17.37445 0.80000
v 11.88346 17.56537 1.09000
v 11.68547 17.36738 1.09000
v 11.68547 17.36738 0.81000
v 11.88346 17.56537 0.81000
v 11.88251 17.57857 1.09500
v 11.87992 17.57598 1.09866
v 11.67486 17.37092 1.09866
v 11.67227 17.36833 1.09500
v 11.68452 17.36833 1.09500
v 11.88251 17.56632 1.09500
v 11.68193 17.37092 1.09866
v 11.87992 17.56891 1.09866
v 11.88072 17.57494 1.09866
v 11.88138 17.57244 1.09866
v 11.88072 17.56994 1.09866
v 11.88475 17.57468 1.09500
v 11.88604 17.57503 1.09000
v 11.88475 17.57020 1.09500
v 11.88604 17.56985 1.09000
v 11.68090 17.37012 1.09866
v 11.67840 17.36945 1.09866
v 11.67590 17.37012 1.09866
v 11.68064 17.36609 1.09500
v 11.68098 17.36479 1.09000
v 11.67615 17.36609 1.09500
v 11.67581 17.36479 1.09000
v 11.88604 17.56985 0.81000
v 11.88604 17.57503 0.81000
v 11.87992 17.57598 0.80134
v 11.88251 17.57857 0.80500
v 11.67227 17.36833 0.80500
v 11.67486 17.37092 0.80134
v 11.68098 17.36479 0.81000
v 11.67581 17.36479 0.81000
v 11.88389 17.57677 0.80500
v 11.88505 17.57244 0.80500
v 11.88389 17.56811 0.80500
v 11.88251 17.56632 0.80500
v 11.87992 17.56891 0.80134
v 11.88122 17.57374 0.80134
v 11.88122 17.57115 0.80134
v 11.68273 17.36695 0.80500
v 11.68452 17.36833 0.80500
v 11.68193 17.37092 0.80134
v 11.67840 17.36579 0.80500
v 11.67407 17.36695 0.80500
v 11.67969 17.36962 0.80134
v 11.67710 17.36962 0.80134
v 11.26474 17.78104 0.80134
v 11.26215 17.77845 0.80500
v 11.26215 17.79070 0.80500
v 11.46014 17.98869 0.80500
v 11.26474 17.78811 0.80134
v 11.46273 17.98610 0.80134
v 11.47239 17.98869 0.80500
v 11.46980 17.98610 0.80134
v 11.26077 17.78024 0.80500
v 11.25861 17.78199 0.81000
v 11.25961 17.78457 0.80500
v 11.25861 17.78716 0.81000
v 11.26077 17.78891 0.80500
v 11.26344 17.78328 0.80134
v 11.26344 17.78587 0.80134
v 11.46193 17.99006 0.80500
v 11.46368 17.99222 0.81000
v 11.46626 17.99123 0.80500
v 11.46885 17.99222 0.81000
v 11.47059 17.99006 0.80500
v 11.46497 17.98739 0.80134
v 11.46756 17.98739 0.80134
v 11.26215 17.77845 1.09500
v 11.26474 17.78104 1.09866
v 11.25861 17.78716 1.09000
v 11.25861 17.78199 1.09000
v 11.46368 17.99222 1.09000
v 11.46885 17.99222 1.09000
v 11.46980 17.98610 1.09866
v 11.47239 17.98869 1.09500
v 11.26394 17.78208 1.09866
v 11.26327 17.78457 1.09866
v 11.26394 17.78708 1.09866
v 11.26474 17.78811 1.09866
v 11.26215 17.79070 1.09500
v 11.25991 17.78233 1.09500
v 11.25991 17.78682 1.09500
v 11.46376 17.98689 1.09866
v 11.46273 17.98610 1.09866
v 11.46014 17.98869 1.09500
v 11.46626 17.98757 1.09866
v 11.46876 17.98689 1.09866
v 11.46402 17.99093 1.09500
v 11.46850 17.99093 1.09500
v 1.25942 20.76342 0.80000
v 1.29466 20.71923 0.80000
v 1.31874 20.70410 0.80000
v 1.27455 20.73934 0.80000
v 1.24685 20.81853 0.80000
v 1.25003 20.79027 0.80000
v 1.37385 20.69153 0.80000
v 1.34559 20.69471 0.80000
v 1.97314 20.73934 0.80000
v 1.92895 20.70410 0.80000
v 1.95303 20.71923 0.80000
v 1.90211 20.69471 0.80000
v 1.87385 20.69153 0.80000
v 1.99766 20.79027 0.80000
v 1.98827 20.76342 0.80000
v 2.00085 20.81853 0.80000
v 3.54559 21.61985 0.80000
v 3.49466 21.64438 0.80000
v 3.51874 21.62925 0.80000
v 3.47455 21.66449 0.80000
v 3.45942 21.68857 0.80000
v 3.57385 21.61667 0.80000
v 3.45003 21.71541 0.80000
v 3.44685 21.74367 0.80000
v 1.27455 25.02285 0.80000
v 1.25942 24.99877 0.80000
v 1.25003 24.97193 0.80000
v 2.00085 24.31667 0.80000
v 1.24685 24.94367 0.80000
v 1.34559 25.06748 0.80000
v 1.29466 25.04296 0.80000
v 1.31874 25.05809 0.80000
v 1.37385 25.07067 0.80000
v 4.20085 22.37067 0.80000
v 3.44685 24.31667 0.80000
v 6.65303 21.64438 0.80000
v 6.60211 21.61985 0.80000
v 6.62895 21.62925 0.80000
v 6.57385 21.61667 0.80000
v 5.94685 22.37067 0.80000
v 6.68827 21.68857 0.80000
v 6.67314 21.66449 0.80000
v 6.69766 21.71541 0.80000
v 6.70085 21.74367 0.80000
v 4.07385 25.07067 0.80000
v 4.20085 24.94367 0.80000
v 4.12895 25.05809 0.80000
v 4.10211 25.06748 0.80000
v 4.18827 24.99877 0.80000
v 4.19766 24.97193 0.80000
v 4.17314 25.02285 0.80000
v 4.15303 25.04296 0.80000
v 8.31874 21.62925 0.80000
v 8.25942 21.68857 0.80000
v 8.27455 21.66449 0.80000
v 8.29466 21.64438 0.80000
v 8.34558 21.61985 0.80000
v 8.25003 21.71541 0.80000
v 8.37385 21.61667 0.80000
v 8.24685 21.74367 0.80000
v 6.70085 24.31667 0.80000
v 5.94685 24.94367 0.80000
v 6.04559 25.06748 0.80000
v 5.95003 24.97193 0.80000
v 5.95942 24.99877 0.80000
v 5.97455 25.02285 0.80000
v 5.99466 25.04296 0.80000
v 6.01874 25.05809 0.80000
v 6.07385 25.07067 0.80000
v 9.00084 22.37067 0.80000
v 12.92986 19.41985 0.80000
v 12.87894 19.44438 0.80000
v 12.90302 19.42924 0.80000
v 12.85883 19.46449 0.80000
v 12.95813 19.41667 0.80000
v 12.84370 19.48857 0.80000
v 12.83431 19.51541 0.80000
v 12.83113 19.54367 0.80000
v 8.24685 24.31667 0.80000
v 13.53731 19.44438 0.80000
v 13.48639 19.41985 0.80000
v 13.51323 19.42924 0.80000
v 13.45813 19.41667 0.80000
v 13.57255 19.48857 0.80000
v 13.55742 19.46449 0.80000
v 11.46393 21.64438 0.80000
v 11.41301 21.61985 0.80000
v 11.43985 21.62925 0.80000
v 11.38475 21.61667 0.80000
v 10.75775 22.37067 0.80000
v 13.58512 19.54367 0.80000
v 13.58194 19.51541 0.80000
v 11.48404 21.66449 0.80000
v 11.51175 21.74367 0.80000
v 11.49917 21.68857 0.80000
v 11.50856 21.71541 0.80000
v 8.87385 25.07067 0.80000
v 9.00084 24.94367 0.80000
v 8.98827 24.99877 0.80000
v 8.99766 24.97193 0.80000
v 8.97314 25.02285 0.80000
v 8.90211 25.06748 0.80000
v 8.92895 25.05809 0.80000
v 8.95303 25.04296 0.80000
v 15.01700 19.48857 0.80000
v 15.03213 19.46449 0.80000
v 15.05224 19.44438 0.80000
v 15.10317 19.41985 0.80000
v 15.07632 19.42924 0.80000
v 15.00761 19.51541 0.80000
v 15.13142 19.41667 0.80000
v 15.00443 19.54367 0.80000
v 15.85734 19.46449 0.80000
v 15.81315 19.42924 0.80000
v 15.83723 19.44438 0.80000
v 15.87247 19.48857 0.80000
v 15.78631 19.41985 0.80000
v 15.75805 19.41667 0.80000
v 15.88186 19.51541 0.80000
v 15.88505 19.54367 0.80000
v 11.51175 24.31667 0.80000
v 10.75775 24.94367 0.80000
v 10.82964 25.05809 0.80000
v 10.76093 24.97193 0.80000
v 10.77032 24.99877 0.80000
v 10.78545 25.02285 0.80000
v 10.80556 25.04296 0.80000
v 10.88475 25.07067 0.80000
v 10.85649 25.06748 0.80000
v 12.83113 24.31667 0.80000
v 13.58512 24.31667 0.80000
v 15.00443 24.31667 0.80000
v 15.75805 25.07067 0.80000
v 15.88505 24.94367 0.80000
v 15.81315 25.05809 0.80000
v 15.78631 25.06748 0.80000
v 15.88186 24.97193 0.80000
v 15.85734 25.02285 0.80000
v 15.87247 24.99877 0.80000
v 15.83723 25.04296 0.80000
v 15.75805 25.07067 0.76500
v 15.78631 25.06748 0.76500
v 15.81315 25.05809 0.76500
v 15.83723 25.04296 0.76500
v 15.88505 24.94367 0.76500
v 15.85734 25.02285 0.76500
v 15.87247 24.99877 0.76500
v 15.88186 24.97193 0.76500
v 15.00443 24.31667 0.76500
v 13.58512 24.31667 0.76500
v 10.88475 25.07067 0.76500
v 12.83113 24.31667 0.76500
v 11.51175 24.31667 0.76500
v 10.78545 25.02285 0.76500
v 10.80556 25.04296 0.76500
v 10.82964 25.05809 0.76500
v 10.85649 25.06748 0.76500
v 10.77032 24.99877 0.76500
v 10.76093 24.97193 0.76500
v 10.75775 24.94367 0.76500
v 15.88505 19.54367 0.76500
v 15.83723 19.44438 0.76500
v 15.88186 19.51541 0.76500
v 15.87247 19.48857 0.76500
v 15.85734 19.46449 0.76500
v 15.78631 19.41985 0.76500
v 15.81315 19.42924 0.76500
v 15.75805 19.41667 0.76500
v 15.00443 19.54367 0.76500
v 15.13142 19.41667 0.76500
v 15.01700 19.48857 0.76500
v 15.00761 19.51541 0.76500
v 15.05224 19.44438 0.76500
v 15.10317 19.41985 0.76500
v 15.07632 19.42924 0.76500
v 15.03213 19.46449 0.76500
v 8.98827 24.99877 0.76500
v 8.95303 25.04296 0.76500
v 8.97314 25.02285 0.76500
v 8.99766 24.97193 0.76500
v 8.90211 25.06748 0.76500
v 8.92895 25.05809 0.76500
v 9.00084 24.94367 0.76500
v 8.87385 25.07067 0.76500
v 11.48404 21.66449 0.76500
v 11.50856 21.71541 0.76500
v 11.49917 21.68857 0.76500
v 10.75775 22.37067 0.76500
v 11.51175 21.74367 0.76500
v 11.46393 21.64438 0.76500
v 13.57255 19.48857 0.76500
v 13.58512 19.54367 0.76500
v 13.58194 19.51541 0.76500
v 11.41301 21.61985 0.76500
v 11.43985 21.62925 0.76500
v 11.38475 21.61667 0.76500
v 13.53731 19.44438 0.76500
v 13.55742 19.46449 0.76500
v 13.45813 19.41667 0.76500
v 13.51323 19.42924 0.76500
v 13.48639 19.41985 0.76500
v 8.24685 24.31667 0.76500
v 12.95813 19.41667 0.76500
v 12.83113 19.54367 0.76500
v 12.87894 19.44438 0.76500
v 12.92986 19.41985 0.76500
v 12.90302 19.42924 0.76500
v 12.85883 19.46449 0.76500
v 12.84370 19.48857 0.76500
v 12.83431 19.51541 0.76500
v 9.00084 22.37067 0.76500
v 6.07385 25.07067 0.76500
v 6.01874 25.05809 0.76500
v 6.04559 25.06748 0.76500
v 6.70085 24.31667 0.76500
v 5.95942 24.99877 0.76500
v 5.97455 25.02285 0.76500
v 5.99466 25.04296 0.76500
v 5.95003 24.97193 0.76500
v 5.94685 24.94367 0.76500
v 8.24685 21.74367 0.76500
v 8.37385 21.61667 0.76500
v 8.29466 21.64438 0.76500
v 8.34558 21.61985 0.76500
v 8.31874 21.62925 0.76500
v 8.27455 21.66449 0.76500
v 8.25942 21.68857 0.76500
v 8.25003 21.71541 0.76500
v 4.19766 24.97193 0.76500
v 4.17314 25.02285 0.76500
v 4.18827 24.99877 0.76500
v 4.07385 25.07067 0.76500
v 4.10211 25.06748 0.76500
v 4.12895 25.05809 0.76500
v 4.15303 25.04296 0.76500
v 4.20085 24.94367 0.76500
v 5.94685 22.37067 0.76500
v 6.70085 21.74367 0.76500
v 6.65303 21.64438 0.76500
v 6.69766 21.71541 0.76500
v 6.68827 21.68857 0.76500
v 6.67314 21.66449 0.76500
v 6.57385 21.61667 0.76500
v 6.62895 21.62925 0.76500
v 6.60211 21.61985 0.76500
v 3.44685 24.31667 0.76500
v 4.20085 22.37067 0.76500
v 1.37385 25.07067 0.76500
v 1.31874 25.05809 0.76500
v 1.34559 25.06748 0.76500
v 2.00085 24.31667 0.76500
v 1.25942 24.99877 0.76500
v 1.27455 25.02285 0.76500
v 1.29466 25.04296 0.76500
v 1.25003 24.97193 0.76500
v 1.24685 24.94367 0.76500
v 3.44685 21.74367 0.76500
v 3.57385 21.61667 0.76500
v 3.51874 21.62925 0.76500
v 3.54559 21.61985 0.76500
v 3.47455 21.66449 0.76500
v 3.49466 21.64438 0.76500
v 3.45942 21.68857 0.76500
v 3.45003 21.71541 0.76500
v 1.97314 20.73934 0.76500
v 1.99766 20.79027 0.76500
v 1.98827 20.76342 0.76500
v 1.87385 20.69153 0.76500
v 2.00085 20.81853 0.76500
v 1.95303 20.71923 0.76500
v 1.92895 20.70410 0.76500
v 1.90211 20.69471 0.76500
v 1.24685 20.81853 0.76500
v 1.37385 20.69153 0.76500
v 1.31874 20.70410 0.76500
v 1.34559 20.69471 0.76500
v 1.27455 20.73934 0.76500
v 1.29466 20.71923 0.76500
v 1.25942 20.76342 0.76500
v 1.25003 20.79027 0.76500
v 2.07298 17.50276 0.80000
v 2.05715 17.48693 0.80000
v 1.98533 17.57458 0.80000
v 2.04523 17.46797 0.80000
v 2.09194 17.51468 0.80000
v 2.03784 17.44683 0.80000
v 2.11308 17.52207 0.80000
v 2.03533 17.42458 0.80000
v 2.13533 17.52458 0.80000
v 2.03533 17.37458 0.80000
v 2.03784 17.35233 0.80000
v 2.47872 17.51468 0.80000
v 2.58533 17.57458 0.80000
v 2.49768 17.50276 0.80000
v 2.45758 17.52207 0.80000
v 2.43533 17.52458 0.80000
v 2.51351 17.48693 0.80000
v 2.52543 17.46797 0.80000
v 2.53282 17.44683 0.80000
v 2.53533 17.42458 0.80000
v 2.53533 17.37458 0.80000
v 2.07298 17.29640 0.80000
v 2.07298 16.85276 0.80000
v 2.05715 17.31223 0.80000
v 2.05715 16.83693 0.80000
v 2.04523 16.81797 0.80000
v 2.04523 17.33119 0.80000
v 2.09194 17.28448 0.80000
v 2.09194 16.86468 0.80000
v 2.03784 16.79683 0.80000
v 2.11308 16.87207 0.80000
v 2.11308 17.27709 0.80000
v 2.13533 17.27458 0.80000
v 2.13533 16.87458 0.80000
v 2.03784 16.70233 0.80000
v 1.98533 16.57458 0.80000
v 2.03533 16.72458 0.80000
v 2.04523 16.68119 0.80000
v 2.05715 16.66223 0.80000
v 2.03533 16.77458 0.80000
v 2.07298 16.64640 0.80000
v 2.09194 16.63449 0.80000
v 2.11308 16.62709 0.80000
v 2.13533 16.62458 0.80000
v 2.43533 17.27458 0.80000
v 2.43533 16.87458 0.80000
v 2.45758 17.27709 0.80000
v 2.45758 16.87207 0.80000
v 2.47872 17.28448 0.80000
v 2.47872 16.86468 0.80000
v 2.49768 17.29640 0.80000
v 2.49768 16.85276 0.80000
v 2.51351 17.31223 0.80000
v 2.51351 16.83693 0.80000
v 2.52543 17.33119 0.80000
v 2.52543 16.81797 0.80000
v 2.53533 16.77458 0.80000
v 2.58533 16.57458 0.80000
v 2.53533 16.72458 0.80000
v 2.45758 16.62709 0.80000
v 2.43533 16.62458 0.80000
v 2.47872 16.63449 0.80000
v 2.49768 16.64640 0.80000
v 2.51351 16.66223 0.80000
v 2.52543 16.68119 0.80000
v 2.53282 16.70233 0.80000
v 2.53282 17.35233 0.80000
v 2.53282 16.79683 0.80000
v 1.98533 16.57458 1.20000
v 1.98533 17.57458 1.20000
v 2.58533 16.57458 1.20000
v 2.58533 17.57458 1.20000
v 2.43533 17.52458 0.78000
v 2.13533 17.52458 0.78000
v 2.53533 17.42458 0.78000
v 2.53533 17.37458 0.78000
v 2.43533 17.27458 0.78000
v 2.13533 17.27458 0.78000
v 2.03533 17.42458 0.78000
v 2.03533 17.37458 0.78000
v 2.03784 17.44683 0.78000
v 2.04523 17.46797 0.78000
v 2.05715 17.48693 0.78000
v 2.07298 17.50276 0.78000
v 2.09194 17.51468 0.78000
v 2.11308 17.52207 0.78000
v 2.11308 17.27709 0.78000
v 2.09194 17.28448 0.78000
v 2.07298 17.29640 0.78000
v 2.05715 17.31223 0.78000
v 2.04523 17.33119 0.78000
v 2.03784 17.35233 0.78000
v 2.45758 17.52207 0.78000
v 2.47872 17.51468 0.78000
v 2.49768 17.50276 0.78000
v 2.51351 17.48693 0.78000
v 2.52543 17.46797 0.78000
v 2.53282 17.44683 0.78000
v 2.52543 17.33119 0.78000
v 2.53282 17.35233 0.78000
v 2.51351 17.31223 0.78000
v 2.49768 17.29640 0.78000
v 2.47872 17.28448 0.78000
v 2.45758 17.27709 0.78000
v 2.43533 16.62458 0.78000
v 2.13533 16.62458 0.78000
v 2.03533 16.77458 0.78000
v 2.03533 16.72458 0.78000
v 2.43533 16.87458 0.78000
v 2.13533 16.87458 0.78000
v 2.53533 16.77458 0.78000
v 2.53533 16.72458 0.78000
v 2.03784 16.79683 0.78000
v 2.04523 16.81797 0.78000
v 2.05715 16.83693 0.78000
v 2.07298 16.85276 0.78000
v 2.09194 16.86468 0.78000
v 2.11308 16.87207 0.78000
v 2.09194 16.63449 0.78000
v 2.11308 16.62709 0.78000
v 2.07298 16.64640 0.78000
v 2.05715 16.66223 0.78000
v 2.04523 16.68119 0.78000
v 2.03784 16.70233 0.78000
v 2.49768 16.85276 0.78000
v 2.51351 16.83693 0.78000
v 2.47872 16.86468 0.78000
v 2.45758 16.87207 0.78000
v 2.52543 16.81797 0.78000
v 2.53282 16.79683 0.78000
v 2.53282 16.70233 0.78000
v 2.52543 16.68119 0.78000
v 2.47872 16.63449 0.78000
v 2.51351 16.66223 0.78000
v 2.49768 16.64640 0.78000
v 2.45758 16.62709 0.78000
v 11.50011 3.04180 2.36000
v 11.54797 3.03599 2.36000
v 11.50011 3.04180 2.41000
v 11.54797 3.03599 2.41000
v 11.59305 3.01889 2.36000
v 11.59305 3.01889 2.41000
v 11.63273 2.99150 2.36000
v 11.63273 2.99150 2.41000
v 11.66470 2.95541 2.36000
v 11.66470 2.95541 2.41000
v 11.68711 2.91272 2.36000
v 11.68711 2.91272 2.41000
v 11.69865 2.86591 2.36000
v 11.69865 2.86591 2.41000
v 11.69865 2.81769 2.36000
v 11.69865 2.81769 2.41000
v 11.68711 2.77088 2.36000
v 11.68711 2.77088 2.41000
v 11.66470 2.72819 2.36000
v 11.66470 2.72819 2.41000
v 11.63273 2.69210 2.36000
v 11.63273 2.69210 2.41000
v 11.59305 2.66471 2.36000
v 11.59305 2.66471 2.41000
v 11.54797 2.64761 2.36000
v 11.54797 2.64761 2.41000
v 11.50011 2.64180 2.36000
v 11.50011 2.64180 2.41000
v 7.85043 5.94680 0.94904
v 7.70331 5.94680 1.00567
v 7.80629 5.94680 0.89660
v 7.88151 5.94680 1.01013
v 7.72538 5.94680 1.03189
v 7.67587 5.94680 0.98514
v 7.75141 5.94680 0.85555
v 7.74092 5.94680 1.06243
v 7.68864 5.94680 0.82802
v 7.64449 5.94680 0.97138
v 7.62126 5.94680 0.81546
v 7.89791 5.94680 1.07667
v 7.74912 5.94680 1.09570
v 7.61080 5.94680 0.96510
v 7.40011 5.94680 0.95037
v 7.40011 5.94680 0.80000
v 8.30011 5.94680 1.76000
v 8.09816 5.94680 1.76000
v 8.30011 5.94680 1.61000
v 8.09816 5.94680 1.61000
v 7.94937 5.94680 1.47903
v 7.80059 5.94680 1.49806
v 8.02668 5.94680 1.75136
v 8.06242 5.94680 1.60568
v 8.02874 5.94680 1.59297
v 7.95819 5.94680 1.51394
v 7.81823 5.94680 1.56787
v 7.95931 5.94680 1.72593
v 7.99905 5.94680 1.57259
v 7.97508 5.94680 1.54573
v 7.85199 5.94680 1.63147
v 7.89994 5.94680 1.68519
v 7.40011 6.34680 0.80000
v 7.40011 6.34680 0.95037
v 7.70331 6.34680 1.00567
v 7.85043 6.34680 0.94904
v 7.80629 6.34680 0.89660
v 7.72538 6.34680 1.03189
v 7.88151 6.34680 1.01013
v 7.67587 6.34680 0.98514
v 7.75141 6.34680 0.85555
v 7.74092 6.34680 1.06243
v 7.89791 6.34680 1.07667
v 7.64449 6.34680 0.97138
v 7.68864 6.34680 0.82802
v 7.74912 6.34680 1.09570
v 7.61080 6.34680 0.96510
v 7.62126 6.34680 0.81546
v 8.09816 6.34680 1.61000
v 8.30011 6.34680 1.76000
v 8.30011 6.34680 1.61000
v 8.09816 6.34680 1.76000
v 8.06242 6.34680 1.60568
v 7.80059 6.34680 1.49806
v 7.95819 6.34680 1.51394
v 7.94937 6.34680 1.47903
v 8.02668 6.34680 1.75136
v 8.02874 6.34680 1.59297
v 7.81823 6.34680 1.56787
v 7.95931 6.34680 1.72593
v 7.99905 6.34680 1.57259
v 7.85199 6.34680 1.63147
v 7.97508 6.34680 1.54573
v 7.89994 6.34680 1.68519
v 7.85043 4.67680 0.94904
v 7.70331 4.67680 1.00567
v 7.80629 4.67680 0.89660
v 7.88151 4.67680 1.01013
v 7.72538 4.67680 1.03189
v 7.67587 4.67680 0.98514
v 7.75141 4.67680 0.85555
v 7.74092 4.67680 1.06243
v 7.68864 4.67680 0.82802
v 7.64449 4.67680 0.97138
v 7.62126 4.67680 0.81546
v 7.89791 4.67680 1.07667
v 7.74912 4.67680 1.09570
v 7.61080 4.67680 0.96510
v 8.30011 4.67680 1.76000
v 8.09816 4.67680 1.61000
v 8.30011 4.67680 1.61000
v 7.40011 4.67680 0.95037
v 7.40011 4.67680 0.80000
v 8.09816 4.67680 1.76000
v 7.94937 4.67680 1.47903
v 7.80059 4.67680 1.49806
v 8.02668 4.67680 1.75136
v 8.06242 4.67680 1.60568
v 8.02874 4.67680 1.59297
v 7.95819 4.67680 1.51394
v 7.81823 4.67680 1.56787
v 7.95931 4.67680 1.72593
v 7.99905 4.67680 1.57259
v 7.97508 4.67680 1.54573
v 7.85199 4.67680 1.63147
v 7.89994 4.67680 1.68519
v 7.40011 5.07680 0.80000
v 7.40011 5.07680 0.95037
v 7.70331 5.07680 1.00567
v 7.85043 5.07680 0.94904
v 7.80629 5.07680 0.89660
v 7.72538 5.07680 1.03189
v 7.88151 5.07680 1.01013
v 7.67587 5.07680 0.98514
v 7.75141 5.07680 0.85555
v 7.74092 5.07680 1.06243
v 7.89791 5.07680 1.07667
v 7.64449 5.07680 0.97138
v 7.68864 5.07680 0.82802
v 7.62126 5.07680 0.81546
v 7.74912 5.07680 1.09570
v 7.61080 5.07680 0.96510
v 8.09816 5.07680 1.76000
v 8.30011 5.07680 1.76000
v 8.30011 5.07680 1.61000
v 8.09816 5.07680 1.61000
v 8.06242 5.07680 1.60568
v 7.80059 5.07680 1.49806
v 7.94937 5.07680 1.47903
v 8.02668 5.07680 1.75136
v 8.02874 5.07680 1.59297
v 7.81823 5.07680 1.56787
v 7.95819 5.07680 1.51394
v 7.95931 5.07680 1.72593
v 7.99905 5.07680 1.57259
v 7.85199 5.07680 1.63147
v 7.97508 5.07680 1.54573
v 7.89994 5.07680 1.68519
v 7.40011 3.40680 0.80000
v 7.62126 3.40680 0.81546
v 7.40011 3.40680 0.95037
v 7.61080 3.40680 0.96510
v 7.68864 3.40680 0.82802
v 7.64449 3.40680 0.97138
v 7.75141 3.40680 0.85555
v 7.67587 3.40680 0.98514
v 7.80629 3.40680 0.89660
v 7.70331 3.40680 1.00567
v 7.85043 3.40680 0.94904
v 7.72538 3.40680 1.03189
v 7.88151 3.40680 1.01013
v 7.74092 3.40680 1.06243
v 7.89791 3.40680 1.07667
v 7.74912 3.40680 1.09570
v 7.80059 3.40680 1.49806
v 7.94937 3.40680 1.47903
v 7.95819 3.40680 1.51394
v 7.81823 3.40680 1.56787
v 7.85199 3.40680 1.63147
v 7.97508 3.40680 1.54573
v 7.99905 3.40680 1.57259
v 7.89994 3.40680 1.68519
v 8.02874 3.40680 1.59297
v 7.95931 3.40680 1.72593
v 8.06242 3.40680 1.60568
v 8.02668 3.40680 1.75136
v 8.09816 3.40680 1.61000
v 8.09816 3.40680 1.76000
v 8.30011 3.40680 1.61000
v 8.30011 3.40680 1.76000
v 7.40011 3.80680 0.80000
v 7.40011 3.80680 0.95037
v 7.70331 3.80680 1.00567
v 7.85043 3.80680 0.94904
v 7.80629 3.80680 0.89660
v 7.72538 3.80680 1.03189
v 7.88151 3.80680 1.01013
v 7.67587 3.80680 0.98514
v 7.75141 3.80680 0.85555
v 7.74092 3.80680 1.06243
v 7.89791 3.80680 1.07667
v 7.64449 3.80680 0.97138
v 7.68864 3.80680 0.82802
v 7.62126 3.80680 0.81546
v 7.74912 3.80680 1.09570
v 7.61080 3.80680 0.96510
v 8.09816 3.80680 1.76000
v 8.30011 3.80680 1.76000
v 8.30011 3.80680 1.61000
v 8.09816 3.80680 1.61000
v 8.06242 3.80680 1.60568
v 7.80059 3.80680 1.49806
v 7.94937 3.80680 1.47903
v 8.02668 3.80680 1.75136
v 8.02874 3.80680 1.59297
v 7.81823 3.80680 1.56787
v 7.95819 3.80680 1.51394
v 7.95931 3.80680 1.72593
v 7.99905 3.80680 1.57259
v 7.85199 3.80680 1.63147
v 7.97508 3.80680 1.54573
v 7.89994 3.80680 1.68519
v 7.40011 2.13680 0.80000
v 7.62126 2.13680 0.81546
v 7.40011 2.13680 0.95037
v 7.61080 2.13680 0.96510
v 7.68864 2.13680 0.82802
v 7.64449 2.13680 0.97138
v 7.75141 2.13680 0.85555
v 7.67587 2.13680 0.98514
v 7.80629 2.13680 0.89660
v 7.70331 2.13680 1.00567
v 7.85043 2.13680 0.94904
v 7.72538 2.13680 1.03189
v 7.88151 2.13680 1.01013
v 7.74092 2.13680 1.06243
v 7.89791 2.13680 1.07667
v 7.74912 2.13680 1.09570
v 7.80059 2.13680 1.49806
v 7.94937 2.13680 1.47903
v 7.95819 2.13680 1.51394
v 7.81823 2.13680 1.56787
v 7.85199 2.13680 1.63147
v 7.97508 2.13680 1.54573
v 7.99905 2.13680 1.57259
v 7.89994 2.13680 1.68519
v 8.02874 2.13680 1.59297
v 7.95931 2.13680 1.72593
v 8.06242 2.13680 1.60568
v 8.02668 2.13680 1.75136
v 8.09816 2.13680 1.61000
v 8.09816 2.13680 1.76000
v 8.30011 2.13680 1.61000
v 8.30011 2.13680 1.76000
v 7.40011 2.53680 0.80000
v 7.40011 2.53680 0.95037
v 7.62126 2.53680 0.81546
v 7.61080 2.53680 0.96510
v 7.64449 2.53680 0.97138
v 7.68864 2.53680 0.82802
v 7.67587 2.53680 0.98514
v 7.75141 2.53680 0.85555
v 7.80629 2.53680 0.89660
v 7.70331 2.53680 1.00567
v 7.85043 2.53680 0.94904
v 7.72538 2.53680 1.03189
v 7.88151 2.53680 1.01013
v 7.74092 2.53680 1.06243
v 7.89791 2.53680 1.07667
v 7.74912 2.53680 1.09570
v 7.80059 2.53680 1.49806
v 7.94937 2.53680 1.47903
v 7.95819 2.53680 1.51394
v 7.81823 2.53680 1.56787
v 7.85199 2.53680 1.63147
v 7.97508 2.53680 1.54573
v 7.89994 2.53680 1.68519
v 7.99905 2.53680 1.57259
v 7.95931 2.53680 1.72593
v 8.02874 2.53680 1.59297
v 8.02668 2.53680 1.75136
v 8.06242 2.53680 1.60568
v 8.09816 2.53680 1.76000
v 8.09816 2.53680 1.61000
v 8.30011 2.53680 1.76000
v 8.30011 2.53680 1.61000
v 8.30011 1.74180 1.76000
v 8.30011 1.74180 1.61000
v 12.70011 6.74180 1.61000
v 12.70011 6.74180 1.76000
v 12.70011 6.34680 1.76000
v 12.70011 6.34680 1.61000
v 12.70011 5.94680 1.61000
v 12.70011 5.94680 1.76000
v 12.70011 5.07680 1.76000
v 12.70011 5.07680 1.61000
v 12.70011 4.67680 1.61000
v 12.70011 4.67680 1.76000
v 12.70011 3.80680 1.76000
v 12.70011 3.80680 1.61000
v 12.70011 2.13680 1.61000
v 12.70011 2.13680 1.76000
v 12.70011 1.74180 1.76000
v 12.70011 1.74180 1.61000
v 8.30011 6.74180 1.76000
v 8.30011 6.74180 1.61000
v 12.70011 3.40680 1.76000
v 12.70011 2.53680 1.76000
v 12.70011 2.53680 1.61000
v 12.70011 3.40680 1.61000
v 12.44533 1.90341 0.91000
v 8.55488 6.58019 0.91000
v 12.44533 6.58019 0.91000
v 8.55488 1.90341 0.91000
v 12.43749 1.90386 2.41000
v 11.45224 2.64761 2.41000
v 11.40716 2.66471 2.41000
v 8.56272 1.90386 2.41000
v 11.31310 2.91272 2.41000
v 11.33551 2.95541 2.41000
v 11.30156 2.86591 2.41000
v 11.30156 2.81769 2.41000
v 11.31310 2.77088 2.41000
v 11.33551 2.72819 2.41000
v 11.36748 2.69210 2.41000
v 12.43749 6.57974 2.41000
v 11.45224 3.03599 2.41000
v 11.40716 3.01889 2.41000
v 8.56272 6.57974 2.41000
v 11.36748 2.99150 2.41000
v 13.10027 2.53680 1.68519
v 13.00116 2.53680 1.57259
v 13.04090 2.53680 1.72593
v 13.14822 2.53680 1.63147
v 13.02514 2.53680 1.54573
v 12.97148 2.53680 1.59297
v 12.97354 2.53680 1.75136
v 13.18199 2.53680 1.56787
v 13.04202 2.53680 1.51394
v 12.93779 2.53680 1.60568
v 13.19963 2.53680 1.49806
v 13.05084 2.53680 1.47903
v 12.90205 2.53680 1.61000
v 12.90205 2.53680 1.76000
v 13.60011 2.53680 0.80000
v 13.37895 2.53680 0.81546
v 13.60011 2.53680 0.95037
v 13.38941 2.53680 0.96510
v 13.25929 2.53680 1.06243
v 13.10230 2.53680 1.07667
v 13.25109 2.53680 1.09570
v 13.31157 2.53680 0.82802
v 13.35573 2.53680 0.97138
v 13.27483 2.53680 1.03189
v 13.11871 2.53680 1.01013
v 13.24880 2.53680 0.85555
v 13.32434 2.53680 0.98514
v 13.29690 2.53680 1.00567
v 13.14979 2.53680 0.94904
v 13.19392 2.53680 0.89660
v 13.60011 2.13680 0.95037
v 13.60011 2.13680 0.80000
v 13.00116 2.13680 1.57259
v 13.10027 2.13680 1.68519
v 13.04090 2.13680 1.72593
v 13.02514 2.13680 1.54573
v 13.14822 2.13680 1.63147
v 12.97148 2.13680 1.59297
v 12.97354 2.13680 1.75136
v 13.04202 2.13680 1.51394
v 13.18199 2.13680 1.56787
v 12.93779 2.13680 1.60568
v 13.05084 2.13680 1.47903
v 13.19963 2.13680 1.49806
v 12.90205 2.13680 1.61000
v 12.90205 2.13680 1.76000
v 13.37895 2.13680 0.81546
v 13.38941 2.13680 0.96510
v 13.10230 2.13680 1.07667
v 13.25929 2.13680 1.06243
v 13.25109 2.13680 1.09570
v 13.31157 2.13680 0.82802
v 13.35573 2.13680 0.97138
v 13.11871 2.13680 1.01013
v 13.27483 2.13680 1.03189
v 13.24880 2.13680 0.85555
v 13.32434 2.13680 0.98514
v 13.14979 2.13680 0.94904
v 13.29690 2.13680 1.00567
v 13.19392 2.13680 0.89660
v 13.60011 3.80680 0.80000
v 13.37895 3.80680 0.81546
v 13.60011 3.80680 0.95037
v 13.31157 3.80680 0.82802
v 13.38941 3.80680 0.96510
v 13.24880 3.80680 0.85555
v 13.35573 3.80680 0.97138
v 13.32434 3.80680 0.98514
v 13.19392 3.80680 0.89660
v 13.29690 3.80680 1.00567
v 13.14979 3.80680 0.94904
v 13.27483 3.80680 1.03189
v 13.11871 3.80680 1.01013
v 13.25929 3.80680 1.06243
v 13.10230 3.80680 1.07667
v 13.25109 3.80680 1.09570
v 13.19963 3.80680 1.49806
v 13.05084 3.80680 1.47903
v 13.18199 3.80680 1.56787
v 13.04202 3.80680 1.51394
v 13.14822 3.80680 1.63147
v 13.02514 3.80680 1.54573
v 13.00116 3.80680 1.57259
v 13.10027 3.80680 1.68519
v 12.97148 3.80680 1.59297
v 13.04090 3.80680 1.72593
v 12.93779 3.80680 1.60568
v 12.97354 3.80680 1.75136
v 12.90205 3.80680 1.61000
v 12.90205 3.80680 1.76000
v 13.60011 3.40680 0.95037
v 13.60011 3.40680 0.80000
v 13.00116 3.40680 1.57259
v 13.10027 3.40680 1.68519
v 13.04090 3.40680 1.72593
v 13.02514 3.40680 1.54573
v 13.14822 3.40680 1.63147
v 12.97148 3.40680 1.59297
v 12.97354 3.40680 1.75136
v 13.04202 3.40680 1.51394
v 13.18199 3.40680 1.56787
v 12.93779 3.40680 1.60568
v 13.05084 3.40680 1.47903
v 13.19963 3.40680 1.49806
v 12.90205 3.40680 1.61000
v 12.90205 3.40680 1.76000
v 13.37895 3.40680 0.81546
v 13.38941 3.40680 0.96510
v 13.10230 3.40680 1.07667
v 13.25929 3.40680 1.06243
v 13.25109 3.40680 1.09570
v 13.31157 3.40680 0.82802
v 13.35573 3.40680 0.97138
v 13.11871 3.40680 1.01013
v 13.27483 3.40680 1.03189
v 13.24880 3.40680 0.85555
v 13.32434 3.40680 0.98514
v 13.14979 3.40680 0.94904
v 13.29690 3.40680 1.00567
v 13.19392 3.40680 0.89660
v 13.60011 5.07680 0.80000
v 13.37895 5.07680 0.81546
v 13.60011 5.07680 0.95037
v 13.31157 5.07680 0.82802
v 13.38941 5.07680 0.96510
v 13.24880 5.07680 0.85555
v 13.35573 5.07680 0.97138
v 13.32434 5.07680 0.98514
v 13.19392 5.07680 0.89660
v 13.29690 5.07680 1.00567
v 13.14979 5.07680 0.94904
v 13.27483 5.07680 1.03189
v 13.11871 5.07680 1.01013
v 13.25929 5.07680 1.06243
v 13.10230 5.07680 1.07667
v 13.25109 5.07680 1.09570
v 13.19963 5.07680 1.49806
v 13.05084 5.07680 1.47903
v 13.18199 5.07680 1.56787
v 13.04202 5.07680 1.51394
v 13.14822 5.07680 1.63147
v 13.02514 5.07680 1.54573
v 13.00116 5.07680 1.57259
v 13.10027 5.07680 1.68519
v 12.97148 5.07680 1.59297
v 13.04090 5.07680 1.72593
v 12.93779 5.07680 1.60568
v 12.97354 5.07680 1.75136
v 12.90205 5.07680 1.61000
v 12.90205 5.07680 1.76000
v 13.60011 4.67680 0.95037
v 13.60011 4.67680 0.80000
v 13.37895 4.67680 0.81546
v 13.38941 4.67680 0.96510
v 13.31157 4.67680 0.82802
v 13.35573 4.67680 0.97138
v 13.24880 4.67680 0.85555
v 13.32434 4.67680 0.98514
v 13.19392 4.67680 0.89660
v 13.29690 4.67680 1.00567
v 13.14979 4.67680 0.94904
v 13.27483 4.67680 1.03189
v 13.11871 4.67680 1.01013
v 13.25929 4.67680 1.06243
v 13.10230 4.67680 1.07667
v 13.25109 4.67680 1.09570
v 13.19963 4.67680 1.49806
v 13.05084 4.67680 1.47903
v 13.18199 4.67680 1.56787
v 13.04202 4.67680 1.51394
v 13.14822 4.67680 1.63147
v 13.02514 4.67680 1.54573
v 13.10027 4.67680 1.68519
v 13.00116 4.67680 1.57259
v 13.04090 4.67680 1.72593
v 12.97148 4.67680 1.59297
v 12.97354 4.67680 1.75136
v 12.93779 4.67680 1.60568
v 12.90205 4.67680 1.76000
v 12.90205 4.67680 1.61000
v 13.60011 6.34680 0.80000
v 13.37895 6.34680 0.81546
v 13.60011 6.34680 0.95037
v 13.31157 6.34680 0.82802
v 13.38941 6.34680 0.96510
v 13.24880 6.34680 0.85555
v 13.35573 6.34680 0.97138
v 13.32434 6.34680 0.98514
v 13.19392 6.34680 0.89660
v 13.29690 6.34680 1.00567
v 13.14979 6.34680 0.94904
v 13.27483 6.34680 1.03189
v 13.11871 6.34680 1.01013
v 13.25929 6.34680 1.06243
v 13.10230 6.34680 1.07667
v 13.25109 6.34680 1.09570
v 13.19963 6.34680 1.49806
v 13.05084 6.34680 1.47903
v 13.18199 6.34680 1.56787
v 13.04202 6.34680 1.51394
v 13.14822 6.34680 1.63147
v 13.02514 6.34680 1.54573
v 13.00116 6.34680 1.57259
v 13.10027 6.34680 1.68519
v 12.97148 6.34680 1.59297
v 13.04090 6.34680 1.72593
v 12.93779 6.34680 1.60568
v 12.97354 6.34680 1.75136
v 12.90205 6.34680 1.61000
v 12.90205 6.34680 1.76000
v 13.60011 5.94680 0.95037
v 13.60011 5.94680 0.80000
v 13.37895 5.94680 0.81546
v 13.38941 5.94680 0.96510
v 13.31157 5.94680 0.82802
v 13.35573 5.94680 0.97138
v 13.24880 5.94680 0.85555
v 13.32434 5.94680 0.98514
v 13.19392 5.94680 0.89660
v 13.29690 5.94680 1.00567
v 13.14979 5.94680 0.94904
v 13.27483 5.94680 1.03189
v 13.11871 5.94680 1.01013
v 13.25929 5.94680 1.06243
v 13.10230 5.94680 1.07667
v 13.25109 5.94680 1.09570
v 13.19963 5.94680 1.49806
v 13.05084 5.94680 1.47903
v 13.18199 5.94680 1.56787
v 13.04202 5.94680 1.51394
v 13.14822 5.94680 1.63147
v 13.02514 5.94680 1.54573
v 13.10027 5.94680 1.68519
v 13.00116 5.94680 1.57259
v 13.04090 5.94680 1.72593
v 12.97148 5.94680 1.59297
v 12.97354 5.94680 1.75136
v 12.93779 5.94680 1.60568
v 12.90205 5.94680 1.76000
v 12.90205 5.94680 1.61000
v 11.45224 2.64761 2.36000
v 11.40716 2.66471 2.36000
v 11.36748 2.69210 2.36000
v 11.33551 2.72819 2.36000
v 11.31310 2.77088 2.36000
v 11.30156 2.81769 2.36000
v 11.30156 2.86591 2.36000
v 11.31310 2.91272 2.36000
v 11.33551 2.95541 2.36000
v 11.36748 2.99150 2.36000
v 11.40716 3.01889 2.36000
v 11.45224 3.03599 2.36000
v 13.58606 14.26528 0.81000
v 13.58606 14.26528 0.80000
v 13.58606 13.46528 0.81000
v 13.58606 13.46528 0.80000
v 14.04464 13.46528 0.81000
v 14.04464 13.46528 0.80000
v 14.28606 13.70670 0.81000
v 14.28606 13.70670 0.80000
v 14.28606 14.26528 0.81000
v 14.28606 14.26528 0.80000
v 14.28606 11.26528 0.81000
v 13.58606 11.26528 0.81000
v 14.28606 11.26528 0.80000
v 13.58606 11.26528 0.80000
v 14.28606 12.06528 0.81000
v 14.28606 12.06528 0.80000
v 13.58606 12.06528 0.81000
v 13.58606 12.06528 0.80000
v 15.88606 11.26528 0.81000
v 15.18606 11.26528 0.81000
v 15.88606 11.26528 0.80000
v 15.18606 11.26528 0.80000
v 15.88606 12.06528 0.81000
v 15.88606 12.06528 0.80000
v 15.18606 12.06528 0.81000
v 15.18606 12.06528 0.80000
v 15.18606 14.26528 0.81000
v 15.18606 14.26528 0.80000
v 15.18606 13.46528 0.81000
v 15.18606 13.46528 0.80000
v 15.88606 13.46528 0.81000
v 15.88606 13.46528 0.80000
v 15.88606 14.26528 0.81000
v 15.88606 14.26528 0.80000
v 13.88043 14.15901 1.51000
v 13.68606 13.91528 1.51000
v 13.93606 14.16528 1.51000
v 13.82759 14.14052 1.51000
v 13.78019 14.11074 1.51000
v 13.74061 14.07115 1.51000
v 13.71082 14.02375 1.51000
v 13.69233 13.97091 1.51000
v 14.23606 13.47124 1.51000
v 14.23606 13.39758 1.51000
v 14.58671 13.53851 1.51000
v 14.58671 13.32676 1.51000
v 14.73606 13.59330 1.51000
v 14.73606 13.66686 1.51000
v 15.53606 14.16528 1.51000
v 14.23606 12.80241 1.51000
v 14.73606 13.27066 1.51000
v 14.23606 12.72875 1.51000
v 15.59169 14.15901 1.51000
v 15.69194 14.11074 1.51000
v 15.64454 14.14052 1.51000
v 15.76131 14.02375 1.51000
v 15.73152 14.07115 1.51000
v 15.78606 13.91528 1.51000
v 15.77980 13.97091 1.51000
v 14.73606 12.99803 1.51000
v 14.73606 13.20268 1.51000
v 14.73606 12.92447 1.51000
v 14.58671 12.86968 1.51000
v 14.58671 12.65793 1.51000
v 13.68606 11.61528 1.51000
v 14.23606 12.13358 1.51000
v 14.73606 12.60182 1.51000
v 14.23606 12.05992 1.51000
v 13.71082 11.50681 1.51000
v 13.74061 11.45941 1.51000
v 13.69233 11.55965 1.51000
v 13.82759 11.39004 1.51000
v 13.78019 11.41982 1.51000
v 13.93606 11.36528 1.51000
v 13.88043 11.37155 1.51000
v 14.58671 12.20085 1.51000
v 14.58671 11.98910 1.51000
v 14.73606 12.25564 1.51000
v 14.73606 11.93299 1.51000
v 15.53606 11.36528 1.51000
v 14.73606 11.86501 1.51000
v 15.78606 11.61528 1.51000
v 14.73606 12.32920 1.51000
v 14.73606 12.53384 1.51000
v 15.77980 11.55965 1.51000
v 15.59169 11.37155 1.51000
v 15.64454 11.39004 1.51000
v 15.69194 11.41982 1.51000
v 15.73152 11.45941 1.51000
v 15.76131 11.50681 1.51000
v 15.60282 14.20776 1.26000
v 15.53606 14.21528 1.26000
v 15.53606 14.21528 1.46000
v 15.60282 14.20776 1.46000
v 15.66623 14.18557 1.26000
v 15.66623 14.18557 1.46000
v 15.72311 14.14983 1.26000
v 15.72311 14.14983 1.46000
v 15.77061 14.10232 1.26000
v 15.77061 14.10232 1.46000
v 15.80635 14.04544 1.26000
v 15.80635 14.04544 1.46000
v 15.82854 13.98203 1.26000
v 15.82854 13.98203 1.46000
v 15.83606 13.91528 1.26000
v 15.83606 13.91528 1.46000
v 13.93606 14.21528 1.46000
v 13.93606 14.21528 1.26000
v 13.64359 13.98203 1.26000
v 13.63606 13.91528 1.26000
v 13.63606 13.91528 1.46000
v 13.64359 13.98203 1.46000
v 13.66577 14.04544 1.26000
v 13.66577 14.04544 1.46000
v 13.70151 14.10232 1.26000
v 13.70151 14.10232 1.46000
v 13.74902 14.14983 1.26000
v 13.74902 14.14983 1.46000
v 13.80590 14.18557 1.26000
v 13.80590 14.18557 1.46000
v 13.86931 14.20776 1.26000
v 13.86931 14.20776 1.46000
v 13.63606 11.61528 1.46000
v 13.63606 11.61528 1.26000
v 13.86931 11.32280 1.26000
v 13.93606 11.31528 1.26000
v 13.93606 11.31528 1.46000
v 13.86931 11.32280 1.46000
v 13.80590 11.34499 1.26000
v 13.80590 11.34499 1.46000
v 13.74902 11.38073 1.26000
v 13.74902 11.38073 1.46000
v 13.70151 11.42823 1.26000
v 13.70151 11.42823 1.46000
v 13.66577 11.48511 1.26000
v 13.66577 11.48511 1.46000
v 13.64359 11.54852 1.26000
v 13.64359 11.54852 1.46000
v 15.53606 11.31528 1.46000
v 15.53606 11.31528 1.26000
v 15.83606 11.61528 1.26000
v 15.83606 11.61528 1.46000
v 15.82854 11.54852 1.46000
v 15.82854 11.54852 1.26000
v 15.80635 11.48511 1.46000
v 15.80635 11.48511 1.26000
v 15.77061 11.42823 1.46000
v 15.77061 11.42823 1.26000
v 15.72311 11.38073 1.46000
v 15.72311 11.38073 1.26000
v 15.66623 11.34499 1.46000
v 15.66623 11.34499 1.26000
v 15.60282 11.32280 1.26000
v 15.60282 11.32280 1.46000
v 15.59417 14.16986 1.50875
v 15.53606 14.17640 1.50875
v 15.59652 14.18016 1.50505
v 15.53606 14.18697 1.50505
v 15.59863 14.18940 1.49909
v 15.53606 14.19645 1.49909
v 15.60039 14.19712 1.49117
v 15.53606 14.20437 1.49117
v 15.60172 14.20293 1.48169
v 15.53606 14.21033 1.48169
v 15.60254 14.20653 1.47113
v 15.53606 14.21402 1.47113
v 15.64936 14.15054 1.50875
v 15.65395 14.16007 1.50505
v 15.65806 14.16861 1.49909
v 15.66150 14.17574 1.49117
v 15.66408 14.18111 1.48169
v 15.66569 14.18444 1.47113
v 15.69887 14.11943 1.50875
v 15.70546 14.12770 1.50505
v 15.71137 14.13511 1.49909
v 15.71631 14.14130 1.49117
v 15.72002 14.14596 1.48169
v 15.72233 14.14885 1.47113
v 15.74022 14.07809 1.50875
v 15.74848 14.08468 1.50505
v 15.75589 14.09059 1.49909
v 15.76208 14.09552 1.49117
v 15.76674 14.09924 1.48169
v 15.76963 14.10154 1.47113
v 15.77133 14.02858 1.50875
v 15.78085 14.03316 1.50505
v 15.78939 14.03728 1.49909
v 15.79653 14.04071 1.49117
v 15.80189 14.04329 1.48169
v 15.80523 14.04490 1.47113
v 15.79064 13.97338 1.50875
v 15.79719 13.91528 1.50875
v 15.80095 13.97574 1.50505
v 15.80776 13.91528 1.50505
v 15.81019 13.97785 1.49909
v 15.81724 13.91528 1.49909
v 15.81791 13.97961 1.49117
v 15.82516 13.91528 1.49117
v 15.82372 13.98093 1.48169
v 15.83111 13.91528 1.48169
v 15.82732 13.98176 1.47113
v 15.83481 13.91528 1.47113
v 13.93606 14.17640 1.50875
v 13.93606 14.18697 1.50505
v 13.93606 14.19645 1.49909
v 13.93606 14.20437 1.49117
v 13.93606 14.21033 1.48169
v 13.93606 14.21402 1.47113
v 15.79719 11.61528 1.50875
v 15.80776 11.61528 1.50505
v 15.81724 11.61528 1.49909
v 15.82516 11.61528 1.49117
v 15.83111 11.61528 1.48169
v 15.83481 11.61528 1.47113
v 13.68149 13.97338 1.50875
v 13.67494 13.91528 1.50875
v 13.67118 13.97574 1.50505
v 13.66437 13.91528 1.50505
v 13.66194 13.97785 1.49909
v 13.65489 13.91528 1.49909
v 13.65422 13.97961 1.49117
v 13.64697 13.91528 1.49117
v 13.64841 13.98093 1.48169
v 13.64102 13.91528 1.48169
v 13.64481 13.98176 1.47113
v 13.63732 13.91528 1.47113
v 13.70080 14.02858 1.50875
v 13.69128 14.03316 1.50505
v 13.68273 14.03728 1.49909
v 13.67560 14.04071 1.49117
v 13.67023 14.04329 1.48169
v 13.66690 14.04490 1.47113
v 13.73191 14.07809 1.50875
v 13.72365 14.08468 1.50505
v 13.71623 14.09059 1.49909
v 13.71004 14.09552 1.49117
v 13.70539 14.09924 1.48169
v 13.70249 14.10154 1.47113
v 13.77325 14.11943 1.50875
v 13.76667 14.12770 1.50505
v 13.76075 14.13511 1.49909
v 13.75582 14.14130 1.49117
v 13.75210 14.14596 1.48169
v 13.74980 14.14885 1.47113
v 13.82277 14.15054 1.50875
v 13.81818 14.16007 1.50505
v 13.81407 14.16861 1.49909
v 13.81063 14.17574 1.49117
v 13.80805 14.18111 1.48169
v 13.80644 14.18444 1.47113
v 13.87796 14.16986 1.50875
v 13.87561 14.18016 1.50505
v 13.87350 14.18940 1.49909
v 13.87173 14.19712 1.49117
v 13.87041 14.20293 1.48169
v 13.86959 14.20653 1.47113
v 15.53606 11.35415 1.50875
v 15.79064 11.55717 1.50875
v 15.80095 11.55482 1.50505
v 15.81019 11.55271 1.49909
v 15.81791 11.55095 1.49117
v 15.82372 11.54962 1.48169
v 15.82732 11.54880 1.47113
v 15.77133 11.50198 1.50875
v 15.78085 11.49739 1.50505
v 15.78939 11.49328 1.49909
v 15.79653 11.48985 1.49117
v 15.80189 11.48726 1.48169
v 15.80523 11.48566 1.47113
v 15.74022 11.45247 1.50875
v 15.74848 11.44588 1.50505
v 15.75589 11.43997 1.49909
v 15.76208 11.43503 1.49117
v 15.76674 11.43132 1.48169
v 15.76963 11.42901 1.47113
v 15.69887 11.41112 1.50875
v 15.70546 11.40286 1.50505
v 15.71137 11.39545 1.49909
v 15.71631 11.38926 1.49117
v 15.72002 11.38460 1.48169
v 15.72233 11.38171 1.47113
v 15.64936 11.38001 1.50875
v 15.65395 11.37049 1.50505
v 15.65806 11.36195 1.49909
v 15.66150 11.35482 1.49117
v 15.66408 11.34945 1.48169
v 15.66569 11.34612 1.47113
v 15.59417 11.36070 1.50875
v 15.59652 11.35040 1.50505
v 15.53606 11.34358 1.50505
v 15.59863 11.34115 1.49909
v 15.53606 11.33410 1.49909
v 15.60039 11.33343 1.49117
v 15.53606 11.32619 1.49117
v 15.60172 11.32763 1.48169
v 15.53606 11.32023 1.48169
v 15.60254 11.32402 1.47113
v 15.53606 11.31653 1.47113
v 13.67494 11.61528 1.50875
v 13.66437 11.61528 1.50505
v 13.65489 11.61528 1.49909
v 13.64697 11.61528 1.49117
v 13.64102 11.61528 1.48169
v 13.63732 11.61528 1.47113
v 13.93606 11.35415 1.50875
v 13.93606 11.34358 1.50505
v 13.93606 11.33410 1.49909
v 13.93606 11.32619 1.49117
v 13.93606 11.32023 1.48169
v 13.93606 11.31653 1.47113
v 13.87796 11.36070 1.50875
v 13.87561 11.35040 1.50505
v 13.87350 11.34115 1.49909
v 13.87173 11.33343 1.49117
v 13.87041 11.32763 1.48169
v 13.86959 11.32402 1.47113
v 13.82277 11.38001 1.50875
v 13.81818 11.37049 1.50505
v 13.81407 11.36195 1.49909
v 13.81063 11.35482 1.49117
v 13.80805 11.34945 1.48169
v 13.80644 11.34612 1.47113
v 13.77325 11.41112 1.50875
v 13.76667 11.40286 1.50505
v 13.76075 11.39545 1.49909
v 13.75582 11.38926 1.49117
v 13.75210 11.38460 1.48169
v 13.74980 11.38171 1.47113
v 13.73191 11.45247 1.50875
v 13.72365 11.44588 1.50505
v 13.71623 11.43997 1.49909
v 13.71004 11.43503 1.49117
v 13.70539 11.43132 1.48169
v 13.70249 11.42901 1.47113
v 13.70080 11.50198 1.50875
v 13.69128 11.49739 1.50505
v 13.68273 11.49328 1.49909
v 13.67560 11.48985 1.49117
v 13.67023 11.48726 1.48169
v 13.66690 11.48566 1.47113
v 13.68149 11.55717 1.50875
v 13.67118 11.55482 1.50505
v 13.66194 11.55271 1.49909
v 13.65422 11.55095 1.49117
v 13.64841 11.54962 1.48169
v 13.64481 11.54880 1.47113
v 15.98606 14.24528 0.81000
v 15.95936 14.24829 0.81000
v 15.98606 14.24528 1.26000
v 15.95936 14.24829 1.26000
v 15.93400 14.25716 0.81000
v 15.93400 14.25716 1.26000
v 15.91125 14.27146 0.81000
v 15.91125 14.27146 1.26000
v 15.89224 14.29046 0.81000
v 15.89224 14.29046 1.26000
v 15.87795 14.31321 0.81000
v 15.87795 14.31321 1.26000
v 15.86907 14.33858 0.81000
v 15.86907 14.33858 1.26000
v 15.86606 14.36528 0.81000
v 15.86606 14.36528 1.26000
v 13.60606 14.36528 1.26000
v 13.60606 14.36528 0.81000
v 13.60306 14.33858 0.81000
v 13.60306 14.33858 1.26000
v 13.59418 14.31321 0.81000
v 13.59418 14.31321 1.26000
v 13.57988 14.29046 0.81000
v 13.57988 14.29046 1.26000
v 13.56088 14.27146 0.81000
v 13.56088 14.27146 1.26000
v 13.53813 14.25716 0.81000
v 13.53813 14.25716 1.26000
v 13.51277 14.24829 0.81000
v 13.51277 14.24829 1.26000
v 13.48606 14.24528 0.81000
v 13.48606 14.24528 1.26000
v 13.48606 11.28528 1.26000
v 13.48606 11.28528 0.81000
v 13.51277 11.28227 0.81000
v 13.51277 11.28227 1.26000
v 13.53813 11.27339 0.81000
v 13.53813 11.27339 1.26000
v 13.56088 11.25910 0.81000
v 13.56088 11.25910 1.26000
v 13.57988 11.24010 0.81000
v 13.57988 11.24010 1.26000
v 13.59418 11.21734 0.81000
v 13.59418 11.21734 1.26000
v 13.60306 11.19198 0.81000
v 13.60306 11.19198 1.26000
v 13.60606 11.16528 0.81000
v 13.60606 11.16528 1.26000
v 15.86606 11.16528 1.26000
v 15.86606 11.16528 0.81000
v 15.86907 11.19198 0.81000
v 15.86907 11.19198 1.26000
v 15.87795 11.21734 0.81000
v 15.87795 11.21734 1.26000
v 15.89224 11.24010 0.81000
v 15.89224 11.24010 1.26000
v 15.91125 11.25910 0.81000
v 15.91125 11.25910 1.26000
v 15.93400 11.27339 0.81000
v 15.93400 11.27339 1.26000
v 15.95936 11.28227 0.81000
v 15.95936 11.28227 1.26000
v 15.98606 11.28528 0.81000
v 15.98606 11.28528 1.26000
v 14.29633 13.43401 1.49000
v 14.23606 13.47124 1.49000
v 14.23606 13.39758 1.49000
v 14.29633 13.43269 1.49000
v 14.52827 13.51751 1.49000
v 14.73606 13.66686 1.49000
v 14.58671 13.53851 1.49000
v 14.73606 13.59330 1.49000
v 14.52827 13.34777 1.49000
v 14.58671 13.32676 1.49000
v 14.73606 13.20268 1.49000
v 14.73606 13.27066 1.49000
v 14.52827 13.51751 1.51000
v 14.52827 13.34777 1.51000
v 14.29633 13.43269 1.51000
v 14.29633 13.43401 1.51000
v 14.29633 12.76518 1.49000
v 14.23606 12.80241 1.49000
v 14.23606 12.72875 1.49000
v 14.29633 12.76386 1.49000
v 14.52827 12.84868 1.49000
v 14.73606 12.99803 1.49000
v 14.58671 12.86968 1.49000
v 14.73606 12.92447 1.49000
v 14.52827 12.67894 1.49000
v 14.58671 12.65793 1.49000
v 14.73606 12.53384 1.49000
v 14.73606 12.60182 1.49000
v 14.52827 12.84868 1.51000
v 14.52827 12.67894 1.51000
v 14.29633 12.76386 1.51000
v 14.29633 12.76518 1.51000
v 14.29633 12.09634 1.49000
v 14.23606 12.13358 1.49000
v 14.23606 12.05992 1.49000
v 14.29633 12.09503 1.49000
v 14.52827 12.17985 1.49000
v 14.73606 12.32920 1.49000
v 14.58671 12.20085 1.49000
v 14.73606 12.25564 1.49000
v 14.52827 12.01010 1.49000
v 14.58671 11.98910 1.49000
v 14.73606 11.86501 1.49000
v 14.73606 11.93299 1.49000
v 14.52827 12.17985 1.51000
v 14.52827 12.01010 1.51000
v 14.29633 12.09503 1.51000
v 14.29633 12.09634 1.51000
v 13.74061 14.07115 1.26000
v 13.77610 14.05699 1.26000
v 13.78019 14.11074 1.26000
v 13.81466 14.09116 1.26000
v 13.82759 14.14052 1.26000
v 13.71082 14.02375 1.26000
v 13.74683 14.01459 1.26000
v 13.86028 14.11510 1.26000
v 13.88043 14.15901 1.26000
v 13.69233 13.97091 1.26000
v 13.72856 13.96642 1.26000
v 13.91030 14.12743 1.26000
v 13.93606 14.16528 1.26000
v 13.68606 13.91528 1.26000
v 13.72235 13.91528 1.26000
v 13.96182 14.12743 1.26000
v 13.72856 13.86413 1.26000
v 14.01185 14.11510 1.26000
v 13.74683 13.81596 1.26000
v 14.05747 14.09116 1.26000
v 15.53606 14.16528 1.26000
v 14.12530 13.81596 1.26000
v 14.14357 13.86413 1.26000
v 14.14978 13.91528 1.26000
v 14.14357 13.96642 1.26000
v 14.12530 14.01459 1.26000
v 14.09603 14.05699 1.26000
v 15.59169 14.15901 1.26000
v 15.69194 14.11074 1.26000
v 15.64454 14.14052 1.26000
v 15.73152 14.07115 1.26000
v 15.77980 13.97091 1.26000
v 15.76131 14.02375 1.26000
v 15.78606 13.91528 1.26000
v 14.09603 13.77356 1.26000
v 13.68606 11.61528 1.26000
v 13.77610 13.77356 1.26000
v 13.81466 13.73940 1.26000
v 13.86028 13.71545 1.26000
v 13.91030 13.70312 1.26000
v 13.96182 13.70312 1.26000
v 14.01185 13.71545 1.26000
v 14.05747 13.73940 1.26000
v 13.74061 11.45941 1.26000
v 13.78019 11.41982 1.26000
v 13.71082 11.50681 1.26000
v 13.69233 11.55965 1.26000
v 13.82759 11.39004 1.26000
v 13.88043 11.37155 1.26000
v 13.93606 11.36528 1.26000
v 15.53606 11.36528 1.26000
v 15.78606 11.61528 1.26000
v 15.59169 11.37155 1.26000
v 15.76131 11.50681 1.26000
v 15.64454 11.39004 1.26000
v 15.77980 11.55965 1.26000
v 15.69194 11.41982 1.26000
v 15.73152 11.45941 1.26000
v 13.77610 14.05699 1.46000
v 13.74061 14.07115 1.46000
v 13.78019 14.11074 1.46000
v 13.81466 14.09116 1.46000
v 13.82759 14.14052 1.46000
v 13.74683 14.01459 1.46000
v 13.71082 14.02375 1.46000
v 13.86028 14.11510 1.46000
v 13.88043 14.15901 1.46000
v 13.72856 13.96642 1.46000
v 13.69233 13.97091 1.46000
v 13.91030 14.12743 1.46000
v 13.93606 14.16528 1.46000
v 13.72235 13.91528 1.46000
v 13.68606 13.91528 1.46000
v 13.96182 14.12743 1.46000
v 13.72856 13.86413 1.46000
v 14.01185 14.11510 1.46000
v 13.74683 13.81596 1.46000
v 14.05747 14.09116 1.46000
v 15.53606 14.16528 1.46000
v 14.14357 13.86413 1.46000
v 14.14978 13.91528 1.46000
v 14.12530 13.81596 1.46000
v 14.09603 14.05699 1.46000
v 14.12530 14.01459 1.46000
v 14.14357 13.96642 1.46000
v 15.73152 14.07115 1.46000
v 15.64454 14.14052 1.46000
v 15.69194 14.11074 1.46000
v 15.76131 14.02375 1.46000
v 15.77980 13.97091 1.46000
v 15.78606 13.91528 1.46000
v 15.59169 14.15901 1.46000
v 14.09603 13.77356 1.46000
v 13.68606 11.61528 1.46000
v 14.01185 13.71545 1.46000
v 14.05747 13.73940 1.46000
v 13.96182 13.70312 1.46000
v 13.91030 13.70312 1.46000
v 13.86028 13.71545 1.46000
v 13.81466 13.73940 1.46000
v 13.77610 13.77356 1.46000
v 13.74061 11.45941 1.46000
v 13.71082 11.50681 1.46000
v 13.69233 11.55965 1.46000
v 13.78019 11.41982 1.46000
v 13.88043 11.37155 1.46000
v 13.82759 11.39004 1.46000
v 13.93606 11.36528 1.46000
v 15.53606 11.36528 1.46000
v 15.78606 11.61528 1.46000
v 15.73152 11.45941 1.46000
v 15.59169 11.37155 1.46000
v 15.64454 11.39004 1.46000
v 15.69194 11.41982 1.46000
v 15.77980 11.55965 1.46000
v 15.76131 11.50681 1.46000
v 8.93374 10.73299 1.65000
v 9.00426 10.73093 1.64333
v 8.89856 10.73558 1.65000
v 8.96898 10.73144 1.65000
v 9.00426 10.73093 1.65000
v 9.00426 10.73093 1.63000
v 8.96898 10.73144 1.63000
v 8.93374 10.73299 1.63000
v 8.89856 10.73558 1.63000
v 10.63991 14.69309 1.63000
v 10.59205 14.69890 1.63000
v 10.63991 14.69309 1.65000
v 10.59205 14.69890 1.65000
v 10.54697 14.71600 1.63000
v 10.54697 14.71600 1.65000
v 10.50729 14.74339 1.63000
v 10.50729 14.74339 1.65000
v 10.47531 14.77948 1.63000
v 10.47531 14.77948 1.65000
v 10.45291 14.82217 1.63000
v 10.45291 14.82217 1.65000
v 10.44137 14.86898 1.63000
v 10.44137 14.86898 1.65000
v 10.44137 14.91720 1.63000
v 10.44137 14.91720 1.65000
v 10.45291 14.96401 1.63000
v 10.45291 14.96401 1.65000
v 10.47531 15.00670 1.63000
v 10.47531 15.00670 1.65000
v 10.50729 15.04279 1.63000
v 10.50729 15.04279 1.65000
v 10.54697 15.07018 1.63000
v 10.54697 15.07018 1.65000
v 10.59205 15.08728 1.63000
v 10.59205 15.08728 1.65000
v 10.63991 15.09309 1.63000
v 10.63991 15.09309 1.65000
v 8.29670 12.44817 1.63000
v 8.25651 12.45304 1.63000
v 8.29670 12.44817 1.65000
v 8.25651 12.45304 1.65000
v 8.21866 12.46740 1.63000
v 8.21866 12.46740 1.65000
v 8.18534 12.49040 1.63000
v 8.18534 12.49040 1.65000
v 8.15850 12.52070 1.63000
v 8.15850 12.52070 1.65000
v 8.13968 12.55654 1.63000
v 8.13968 12.55654 1.65000
v 8.13000 12.59585 1.63000
v 8.13000 12.59585 1.65000
v 8.13000 12.63633 1.63000
v 8.13000 12.63633 1.65000
v 8.13968 12.67564 1.63000
v 8.13968 12.67564 1.65000
v 8.15850 12.71148 1.63000
v 8.15850 12.71148 1.65000
v 8.18534 12.74178 1.63000
v 8.18534 12.74178 1.65000
v 8.21866 12.76478 1.63000
v 8.21866 12.76478 1.65000
v 8.25651 12.77914 1.63000
v 8.25651 12.77914 1.65000
v 8.29670 12.78402 1.63000
v 8.29670 12.78402 1.65000
v 9.01620 12.64178 1.63000
v 8.97108 12.45147 1.63000
v 9.01620 12.64178 1.65000
v 8.97108 12.45147 1.65000
v 8.88144 12.27764 1.63000
v 8.88144 12.27764 1.65000
v 8.75258 12.13051 1.63000
v 8.75258 12.13051 1.65000
v 8.59206 12.01876 1.63000
v 8.59206 12.01876 1.65000
v 8.40936 11.94896 1.63000
v 8.40936 11.94896 1.65000
v 8.21522 11.92523 1.63000
v 8.21522 11.92523 1.65000
v 8.12947 12.28619 1.63000
v 8.20464 12.28013 1.63000
v 8.20464 12.28013 1.65000
v 8.12947 12.28619 1.65000
v 8.05625 12.30422 1.63000
v 8.05624 12.30422 1.65000
v 7.98686 12.33375 1.63000
v 7.98686 12.33375 1.65000
v 6.13991 13.34792 1.65000
v 6.13991 13.76322 1.65000
v 4.13991 15.39309 1.65000
v 6.21061 13.24697 1.65000
v 6.21004 13.34792 1.65000
v 6.18082 13.21800 1.65000
v 6.15763 13.18349 1.65000
v 6.73991 13.76322 1.65000
v 6.24594 13.26887 1.65000
v 6.14090 13.14542 1.65000
v 6.28413 13.28201 1.65000
v 6.13033 13.10519 1.65000
v 6.41264 13.37312 1.65000
v 6.41264 13.68530 1.65000
v 6.21004 13.68530 1.65000
v 6.33922 13.28790 1.65000
v 6.12578 13.07256 1.65000
v 6.12433 13.03964 1.65000
v 6.48277 13.37312 1.65000
v 6.66978 13.68530 1.65000
v 6.48277 13.68530 1.65000
v 6.47955 13.22163 1.65000
v 6.49870 13.23949 1.65000
v 6.46423 13.20039 1.65000
v 6.33922 13.20997 1.65000
v 6.52099 13.25323 1.65000
v 6.54521 13.26105 1.65000
v 6.43860 13.14108 1.65000
v 6.20873 13.11880 1.65000
v 6.20181 13.09657 1.65000
v 6.21784 13.13883 1.65000
v 6.23722 13.16666 1.65000
v 6.26379 13.18925 1.65000
v 6.28904 13.20196 1.65000
v 6.31378 13.20813 1.65000
v 6.57993 13.26452 1.65000
v 6.66978 13.35035 1.65000
v 6.61316 13.26187 1.65000
v 6.56356 13.18434 1.65000
v 6.54579 13.17675 1.65000
v 6.53150 13.16376 1.65000
v 6.27526 12.88577 1.65000
v 6.24032 12.90313 1.65000
v 6.25753 12.89191 1.65000
v 6.22610 12.91751 1.65000
v 6.64523 13.25281 1.65000
v 6.58273 13.18660 1.65000
v 6.51631 13.14148 1.65000
v 6.61129 13.18343 1.65000
v 6.13991 12.70348 1.65000
v 6.13527 12.95136 1.65000
v 6.14998 12.90932 1.65000
v 6.17498 12.86757 1.65000
v 6.20337 12.83862 1.65000
v 6.23508 12.81851 1.65000
v 6.67544 13.23595 1.65000
v 6.73991 13.35035 1.65000
v 6.38483 12.94107 1.65000
v 6.19446 13.03501 1.65000
v 6.21198 12.94087 1.65000
v 6.19961 12.97987 1.65000
v 6.19573 13.00732 1.65000
v 6.37151 12.91804 1.65000
v 6.30367 12.88270 1.65000
v 6.35341 12.89857 1.65000
v 6.32136 12.88413 1.65000
v 6.33836 12.88922 1.65000
v 6.26723 12.80804 1.65000
v 6.28488 12.80561 1.65000
v 6.64678 13.16464 1.65000
v 6.62897 13.17687 1.65000
v 6.70389 13.21013 1.65000
v 6.66004 13.15010 1.65000
v 6.13991 12.62556 1.65000
v 6.67237 13.12757 1.65000
v 6.50552 13.11626 1.65000
v 6.72697 13.17563 1.65000
v 6.68239 13.09038 1.65000
v 6.74635 13.12383 1.65000
v 6.68536 13.05194 1.65000
v 6.56252 12.90291 1.65000
v 6.45298 12.91722 1.65000
v 6.43974 12.88753 1.65000
v 6.57852 12.90518 1.65000
v 6.68051 13.00501 1.65000
v 6.59428 12.90882 1.65000
v 6.66803 12.96891 1.65000
v 6.61451 12.91614 1.65000
v 6.65045 12.94236 1.65000
v 6.63318 12.92685 1.65000
v 6.56252 12.82718 1.65000
v 6.42216 12.86018 1.65000
v 6.39964 12.83678 1.65000
v 6.38147 12.44281 1.65000
v 6.38147 12.62556 1.65000
v 6.38502 12.39418 1.65000
v 6.17151 12.13902 1.65000
v 6.19925 12.16698 1.65000
v 6.73991 12.70348 1.65000
v 6.73601 12.93954 1.65000
v 6.71595 12.90347 1.65000
v 6.74819 12.97900 1.65000
v 6.61700 12.83482 1.65000
v 6.65435 12.84944 1.65000
v 6.68838 12.87277 1.65000
v 6.23295 12.18740 1.65000
v 6.15138 12.10514 1.65000
v 6.13896 12.06772 1.65000
v 6.27347 12.20039 1.65000
v 6.39696 12.35197 1.65000
v 6.13372 12.03686 1.65000
v 6.32583 12.20478 1.65000
v 6.41467 12.32118 1.65000
v 6.13212 12.00559 1.65000
v 6.20638 12.06792 1.65000
v 6.23307 12.10262 1.65000
v 6.21848 12.08769 1.65000
v 6.43672 12.29802 1.65000
v 6.19773 12.04149 1.65000
v 6.25013 12.11464 1.65000
v 6.46336 12.28031 1.65000
v 6.32583 12.13465 1.65000
v 6.54803 12.18919 1.65000
v 6.49303 12.26836 1.65000
v 6.52653 12.26138 1.65000
v 6.56069 12.25932 1.65000
v 6.42043 12.04565 1.65000
v 6.30722 12.13328 1.65000
v 6.28887 12.12992 1.65000
v 6.57765 12.18666 1.65000
v 6.60909 12.26370 1.65000
v 6.13991 11.74528 1.65000
v 6.13649 11.95475 1.65000
v 6.15042 11.90569 1.65000
v 6.17272 11.86560 1.65000
v 6.19811 11.83845 1.65000
v 6.28201 11.88035 1.65000
v 6.24218 11.89935 1.65000
v 6.26001 11.88819 1.65000
v 6.42043 12.00279 1.65000
v 6.19446 12.00729 1.65000
v 6.26891 12.12380 1.65000
v 6.19551 11.98838 1.65000
v 6.19880 11.96973 1.65000
v 6.60686 12.18109 1.65000
v 6.54803 12.11906 1.65000
v 6.47583 12.04565 1.65000
v 6.30781 11.87751 1.65000
v 6.22684 11.91376 1.65000
v 6.21453 11.93082 1.65000
v 6.41781 11.97119 1.65000
v 6.20517 11.94967 1.65000
v 6.32399 11.87839 1.65000
v 6.18906 11.73855 1.65000
v 6.22575 11.81957 1.65000
v 6.25668 11.80677 1.65000
v 6.40906 11.94073 1.65000
v 6.33994 11.88122 1.65000
v 6.36214 11.88969 1.65000
v 6.64232 12.16903 1.65000
v 6.65077 12.27683 1.65000
v 6.59000 12.11433 1.65000
v 6.47498 12.03810 1.65000
v 6.47498 12.01448 1.65000
v 6.39788 11.92052 1.65000
v 6.38185 11.90296 1.65000
v 6.23652 11.72424 1.65000
v 6.28314 11.80121 1.65000
v 6.61907 12.10418 1.65000
v 6.67466 12.15018 1.65000
v 6.67815 12.29316 1.65000
v 6.69986 12.31318 1.65000
v 6.64286 12.08847 1.65000
v 6.44610 11.88504 1.65000
v 6.45415 11.90758 1.65000
v 6.45245 11.90758 1.65000
v 6.70175 12.12438 1.65000
v 6.71676 12.33739 1.65000
v 6.65829 12.07128 1.65000
v 6.28630 11.69682 1.65000
v 6.34251 11.80235 1.65000
v 6.31012 11.79958 1.65000
v 6.47154 11.87809 1.65000
v 6.43638 11.86374 1.65000
v 6.24979 11.63939 1.65000
v 6.22716 11.65206 1.65000
v 6.20225 11.65932 1.65000
v 6.52991 11.91168 1.65000
v 6.49831 11.93833 1.65000
v 6.51259 11.92321 1.65000
v 6.72164 12.09269 1.65000
v 6.72861 12.36444 1.65000
v 6.67489 12.03337 1.65000
v 6.47635 11.99489 1.65000
v 6.66857 12.05319 1.65000
v 6.49502 11.85315 1.65000
v 6.42217 11.84392 1.65000
v 6.55160 11.90371 1.65000
v 6.48756 11.95614 1.65000
v 6.67700 12.02005 1.65000
v 6.27590 11.61662 1.65000
v 6.32523 11.66236 1.65000
v 6.37377 11.81121 1.65000
v 6.67757 12.00656 1.65000
v 6.48020 11.97562 1.65000
v 6.57713 11.90088 1.65000
v 6.73484 12.05450 1.65000
v 6.52052 11.83583 1.65000
v 6.67500 11.97919 1.65000
v 6.60251 11.90303 1.65000
v 6.66773 11.95556 1.65000
v 6.65654 11.93630 1.65000
v 6.61556 11.90643 1.65000
v 6.62668 11.91094 1.65000
v 6.64303 11.92151 1.65000
v 6.52952 11.72166 1.65000
v 6.54656 11.82622 1.65000
v 6.56113 11.82377 1.65000
v 6.40239 11.82657 1.65000
v 6.56148 11.72166 1.65000
v 6.57591 11.82296 1.65000
v 6.20225 11.35543 1.65000
v 6.32169 11.55672 1.65000
v 6.36089 11.49216 1.65000
v 6.59318 11.71767 1.65000
v 6.62187 11.82774 1.65000
v 6.52952 11.65153 1.65000
v 6.38585 11.57787 1.65000
v 6.42820 11.51319 1.65000
v 6.63173 11.70611 1.65000
v 6.65703 11.84055 1.65000
v 6.40263 11.43249 1.65000
v 6.45459 11.47941 1.65000
v 6.66707 11.68690 1.65000
v 6.68569 11.86001 1.65000
v 6.47944 11.45563 1.65000
v 6.58020 11.64692 1.65000
v 6.69677 11.65979 1.65000
v 6.70635 11.88337 1.65000
v 6.50307 11.44023 1.65000
v 6.34251 11.25096 1.65000
v 6.43315 11.39967 1.65000
v 6.13991 11.35543 1.65000
v 6.71899 11.62626 1.65000
v 6.72048 11.90764 1.65000
v 6.53160 11.42964 1.65000
v 6.61526 11.63480 1.65000
v 6.67448 11.56550 1.65000
v 6.66712 11.58567 1.65000
v 6.65522 11.60357 1.65000
v 6.67681 11.55193 1.65000
v 6.63877 11.61991 1.65000
v 6.67757 11.53818 1.65000
v 6.56897 11.42556 1.65000
v 6.73401 11.58550 1.65000
v 6.41264 11.25096 1.65000
v 6.47157 11.37163 1.65000
v 6.51216 11.35451 1.65000
v 6.67434 11.50926 1.65000
v 6.58265 11.42631 1.65000
v 6.61667 11.43602 1.65000
v 6.59615 11.42859 1.65000
v 6.66433 11.48196 1.65000
v 6.63526 11.44746 1.65000
v 6.65117 11.46242 1.65000
v 6.53930 11.34920 1.65000
v 8.13791 12.94772 1.65000
v 7.91726 12.71066 1.65000
v 6.75381 13.01355 1.65000
v 6.75549 13.04853 1.65000
v 6.56690 11.34764 1.65000
v 8.40764 13.12699 1.65000
v 6.21061 10.89373 1.65000
v 6.18082 10.86475 1.65000
v 6.15763 10.83025 1.65000
v 7.75776 12.42879 1.65000
v 6.73991 12.44220 1.65000
v 6.73899 12.41755 1.65000
v 6.24594 10.91563 1.65000
v 6.34251 11.00782 1.65000
v 6.14090 10.79217 1.65000
v 6.28413 10.92877 1.65000
v 6.13033 10.75194 1.65000
v 6.33922 10.93465 1.65000
v 6.41264 11.00782 1.65000
v 6.12578 10.71931 1.65000
v 8.17306 12.88405 1.65000
v 7.96264 12.65847 1.65000
v 8.71165 13.23864 1.65000
v 8.43012 13.05462 1.65000
v 7.66816 12.11757 1.65000
v 6.73590 12.39307 1.65000
v 6.73991 12.00486 1.65000
v 8.33688 12.77914 1.65000
v 8.37473 12.76478 1.65000
v 6.47955 10.86838 1.65000
v 6.49870 10.88624 1.65000
v 6.46423 10.84714 1.65000
v 6.33922 10.85673 1.65000
v 6.52099 10.89999 1.65000
v 6.54521 10.90780 1.65000
v 6.43860 10.78783 1.65000
v 6.20873 10.76555 1.65000
v 6.20181 10.74332 1.65000
v 6.21784 10.78558 1.65000
v 6.23722 10.81341 1.65000
v 6.26379 10.83600 1.65000
v 6.28904 10.84871 1.65000
v 6.31378 10.85488 1.65000
v 7.81034 12.39018 1.65000
v 8.40805 12.74178 1.65000
v 6.57993 10.91127 1.65000
v 7.87488 12.18578 1.65000
v 6.61316 10.90862 1.65000
v 6.61397 11.35285 1.65000
v 6.56356 10.83109 1.65000
v 6.54579 10.82350 1.65000
v 6.53150 10.81051 1.65000
v 6.27526 10.53252 1.65000
v 6.24032 10.54988 1.65000
v 6.25753 10.53866 1.65000
v 6.22610 10.56427 1.65000
v 6.64523 10.89956 1.65000
v 6.64645 11.36456 1.65000
v 4.13991 8.39309 1.65000
v 6.12433 10.68639 1.65000
v 11.13991 15.39309 1.65000
v 10.73285 15.07018 1.65000
v 10.77253 15.04279 1.65000
v 10.68777 15.08728 1.65000
v 6.58273 10.83335 1.65000
v 6.51631 10.78823 1.65000
v 9.03329 13.27654 1.65000
v 6.61129 10.83019 1.65000
v 6.67544 10.88270 1.65000
v 6.67653 11.38347 1.65000
v 6.38483 10.58782 1.65000
v 6.19446 10.68177 1.65000
v 6.21198 10.58762 1.65000
v 6.19961 10.62663 1.65000
v 6.19573 10.65407 1.65000
v 10.80451 15.00670 1.65000
v 6.37151 10.56480 1.65000
v 6.30367 10.52945 1.65000
v 6.35341 10.54532 1.65000
v 6.32136 10.53088 1.65000
v 6.33836 10.53597 1.65000
v 6.64678 10.81139 1.65000
v 6.62897 10.82363 1.65000
v 6.19925 10.35919 1.65000
v 6.20337 10.48538 1.65000
v 6.17498 10.51433 1.65000
v 6.17151 10.33123 1.65000
v 6.14998 10.55607 1.65000
v 6.70389 10.85689 1.65000
v 6.70131 11.40894 1.65000
v 7.85924 12.00810 1.65000
v 7.72450 12.09387 1.65000
v 6.23295 10.37961 1.65000
v 6.23508 10.46526 1.65000
v 6.26723 10.45480 1.65000
v 6.15138 10.29735 1.65000
v 7.65338 11.79404 1.65000
v 6.73991 11.53221 1.65000
v 6.73273 11.94305 1.65000
v 6.73826 11.97373 1.65000
v 10.82691 14.96401 1.65000
v 6.66004 10.79685 1.65000
v 8.78241 12.90726 1.65000
v 8.71975 13.16083 1.65000
v 6.13896 10.25993 1.65000
v 6.13527 10.59811 1.65000
v 6.27347 10.39260 1.65000
v 6.28488 10.45237 1.65000
v 6.30269 10.45153 1.65000
v 8.71726 12.82467 1.65000
v 8.86510 12.97228 1.65000
v 6.67237 10.77432 1.65000
v 6.50552 10.76301 1.65000
v 6.72697 10.82239 1.65000
v 6.71993 11.43921 1.65000
v 6.13372 10.22907 1.65000
v 10.83845 14.91720 1.65000
v 7.70981 11.78572 1.65000
v 6.32583 10.39699 1.65000
v 6.34575 10.45607 1.65000
v 6.37249 10.46569 1.65000
v 6.13212 10.19780 1.65000
v 8.67326 12.72911 1.65000
v 8.43490 12.71148 1.65000
v 8.45371 12.67564 1.65000
v 8.96072 13.01613 1.65000
v 9.02613 13.19689 1.65000
v 6.68239 10.73713 1.65000
v 6.20638 10.26013 1.65000
v 6.23307 10.29482 1.65000
v 6.21848 10.27989 1.65000
v 6.19773 10.23370 1.65000
v 6.25013 10.30685 1.65000
v 10.83845 14.86898 1.65000
v 6.68536 10.69869 1.65000
v 6.13649 10.14696 1.65000
v 10.82691 14.82217 1.65000
v 6.56252 10.54966 1.65000
v 6.45298 10.56397 1.65000
v 6.43974 10.53428 1.65000
v 8.30622 12.29126 1.65000
v 8.33688 12.45304 1.65000
v 6.57852 10.55193 1.65000
v 9.06395 13.03637 1.65000
v 6.68051 10.65176 1.65000
v 8.65779 12.62811 1.65000
v 8.46340 12.63633 1.65000
v 8.46340 12.59585 1.65000
v 6.59428 10.55558 1.65000
v 9.29772 13.25103 1.65000
v 6.66803 10.61566 1.65000
v 6.61451 10.56290 1.65000
v 6.15042 10.09790 1.65000
v 6.65045 10.58911 1.65000
v 6.63318 10.57360 1.65000
v 8.40297 12.32412 1.65000
v 8.37473 12.46740 1.65000
v 8.62082 12.53285 1.65000
v 8.45371 12.55654 1.65000
v 6.56252 10.47393 1.65000
v 6.42216 10.50693 1.65000
v 8.49031 12.37716 1.65000
v 8.40805 12.49040 1.65000
v 8.43490 12.52070 1.65000
v 6.17272 10.05781 1.65000
v 8.56410 12.44785 1.65000
v 9.16905 13.03185 1.65000
v 9.27781 13.17267 1.65000
v 6.54803 10.38140 1.65000
v 6.39964 10.48353 1.65000
v 6.32583 10.32686 1.65000
v 6.19811 10.03066 1.65000
v 6.42043 10.23785 1.65000
v 6.30722 10.32549 1.65000
v 6.28887 10.32213 1.65000
v 7.94996 11.76285 1.65000
v 7.97321 11.96242 1.65000
v 8.09280 11.93458 1.65000
v 6.57765 10.37887 1.65000
v 6.61700 10.48158 1.65000
v 6.28201 10.07256 1.65000
v 6.24218 10.09156 1.65000
v 6.26001 10.08040 1.65000
v 6.22575 10.01178 1.65000
v 6.42043 10.19500 1.65000
v 6.19446 10.19950 1.65000
v 6.26891 10.31601 1.65000
v 6.19551 10.18059 1.65000
v 6.19880 10.16194 1.65000
v 6.60686 10.37330 1.65000
v 6.54803 10.31127 1.65000
v 6.47583 10.23785 1.65000
v 6.30781 10.06971 1.65000
v 6.22684 10.10596 1.65000
v 6.21453 10.12302 1.65000
v 7.71422 11.47594 1.65000
v 6.73222 11.47256 1.65000
v 6.73811 11.50212 1.65000
v 6.41781 10.16340 1.65000
v 6.20517 10.14188 1.65000
v 6.32399 10.07060 1.65000
v 6.25668 9.99898 1.65000
v 9.27017 13.00285 1.65000
v 6.40906 10.13294 1.65000
v 6.33994 10.07343 1.65000
v 6.36214 10.08190 1.65000
v 6.64232 10.36123 1.65000
v 6.65435 10.49619 1.65000
v 6.59000 10.30654 1.65000
v 6.47498 10.23031 1.65000
v 6.47498 10.20669 1.65000
v 6.39788 10.11272 1.65000
v 6.38185 10.09517 1.65000
v 6.28314 9.99341 1.65000
v 8.03835 11.74188 1.65000
v 6.31012 9.99179 1.65000
v 7.89404 11.57505 1.65000
v 7.76707 11.48259 1.65000
v 6.61907 10.29639 1.65000
v 6.67466 10.34239 1.65000
v 6.68838 10.51952 1.65000
v 6.34251 9.99455 1.65000
v 6.64286 10.28068 1.65000
v 6.44610 10.07725 1.65000
v 6.45415 10.09979 1.65000
v 6.45245 10.09979 1.65000
v 9.02839 12.66621 1.65000
v 9.01754 12.64703 1.65000
v 9.04340 12.68234 1.65000
v 9.06175 12.69454 1.65000
v 9.55239 13.17544 1.65000
v 9.08244 12.70213 1.65000
v 6.70175 10.31658 1.65000
v 6.71595 10.55023 1.65000
v 6.65829 10.26349 1.65000
v 8.12831 11.72922 1.65000
v 6.47154 10.07030 1.65000
v 6.43638 10.05594 1.65000
v 9.36168 12.95097 1.65000
v 9.52024 13.10089 1.65000
v 6.52991 10.10388 1.65000
v 6.49831 10.13053 1.65000
v 6.51259 10.11542 1.65000
v 6.72164 10.28489 1.65000
v 6.73601 10.58630 1.65000
v 6.67489 10.22558 1.65000
v 6.47635 10.18709 1.65000
v 6.66857 10.24540 1.65000
v 6.49502 10.04536 1.65000
v 6.42217 10.03613 1.65000
v 6.55160 10.09591 1.65000
v 6.48756 10.14835 1.65000
v 6.67700 10.21225 1.65000
v 6.67757 10.19877 1.65000
v 6.48020 10.16783 1.65000
v 6.57713 10.09309 1.65000
v 6.73484 10.24671 1.65000
v 6.74819 10.62575 1.65000
v 6.52052 10.02804 1.65000
v 6.40239 10.01878 1.65000
v 8.21906 11.72498 1.65000
v 6.67500 10.17140 1.65000
v 6.60251 10.09524 1.65000
v 6.66773 10.14776 1.65000
v 6.65654 10.12850 1.65000
v 6.61556 10.09864 1.65000
v 6.62668 10.10315 1.65000
v 6.54656 10.01842 1.65000
v 6.37377 10.00342 1.65000
v 6.64303 10.11371 1.65000
v 7.96736 11.42858 1.65000
v 6.56113 10.01598 1.65000
v 9.19252 12.63844 1.65000
v 9.19198 12.64425 1.65000
v 9.19106 12.64703 1.65000
v 9.19248 12.64137 1.65000
v 9.12619 12.70212 1.65000
v 9.10432 12.70470 1.65000
v 9.14687 12.69453 1.65000
v 9.16521 12.68233 1.65000
v 9.18022 12.66620 1.65000
v 9.43849 12.87909 1.65000
v 6.57591 10.01517 1.65000
v 6.62187 10.01995 1.65000
v 7.84735 11.18070 1.65000
v 6.74635 10.77058 1.65000
v 6.75549 10.69528 1.65000
v 8.42746 11.74751 1.65000
v 7.89316 11.20104 1.65000
v 8.05714 11.41257 1.65000
v 9.15680 12.43189 1.65000
v 9.78792 13.05257 1.65000
v 9.74453 12.98418 1.65000
v 9.49632 12.79122 1.65000
v 8.62625 11.81404 1.65000
v 9.07777 12.23773 1.65000
v 8.80622 11.92151 1.65000
v 8.95908 12.06495 1.65000
v 8.19944 11.25049 1.65000
v 8.14783 11.40293 1.65000
v 8.23897 11.39970 1.65000
v 8.23919 11.24993 1.65000
v 9.70166 12.71209 1.65000
v 9.53197 12.69225 1.65000
v 9.70166 12.70410 1.65000
v 8.52662 11.43211 1.65000
v 9.99562 12.88695 1.65000
v 10.68777 14.69890 1.65000
v 10.73285 14.71600 1.65000
v 10.77253 14.74339 1.65000
v 9.94244 12.82684 1.65000
v 8.04547 10.92450 1.65000
v 6.73991 10.19707 1.65000
v 6.73273 10.13525 1.65000
v 6.72048 10.09985 1.65000
v 6.73826 10.16593 1.65000
v 6.75381 10.66031 1.65000
v 8.20856 11.03783 1.65000
v 8.08117 10.95645 1.65000
v 9.89182 12.71209 1.65000
v 8.56347 11.28633 1.65000
v 8.79986 11.52770 1.65000
v 9.66341 12.38004 1.65000
v 9.49946 12.40461 1.65000
v 8.87160 11.39373 1.65000
v 9.04499 11.68168 1.65000
v 9.55426 12.07252 1.65000
v 9.40378 12.13140 1.65000
v 9.14825 11.56678 1.65000
v 9.24971 11.88633 1.65000
v 9.37964 11.79686 1.65000
v 8.47094 10.86597 1.65000
v 6.70635 10.07558 1.65000
v 10.07283 12.45409 1.65000
v 8.86181 10.82187 1.65000
v 8.92970 11.00440 1.65000
v 10.10932 12.06420 1.65000
v 9.93044 11.99654 1.65000
v 6.68569 10.05222 1.65000
v 10.20119 12.03124 1.65000
v 10.80451 14.77948 1.65000
v 9.27971 11.00688 1.65000
v 9.34143 11.24957 1.65000
v 9.92257 11.64707 1.65000
v 9.68173 11.58695 1.65000
v 9.64045 11.28751 1.65000
v 11.13991 8.39309 1.65000
v 6.65703 10.03276 1.65000
v 9.28535 10.76426 1.65000
v 9.55083 10.86246 1.65000
v 9.78595 11.02007 1.65000
v 9.97765 11.22833 1.65000
v 10.11529 11.47567 1.65000
v 10.19121 11.74836 1.65000
v 6.30269 12.80478 1.65000
v 6.34575 12.80932 1.65000
v 6.37249 12.81893 1.65000
v 11.13991 14.59309 1.00300
v 11.13991 15.39309 0.82000
v 11.13991 14.59309 0.82000
v 11.13991 14.39309 1.00300
v 11.13991 14.19309 1.00300
v 11.13991 14.19309 0.82000
v 11.13991 14.39309 0.82000
v 11.13991 13.99309 1.00300
v 11.13991 13.79309 1.00300
v 11.13991 13.79309 0.82000
v 11.13991 13.99309 0.82000
v 11.13991 13.59309 1.00300
v 11.13991 13.39309 1.00300
v 11.13991 13.39309 0.82000
v 11.13991 13.59309 0.82000
v 11.13991 13.19309 1.00300
v 11.13991 12.99309 1.00300
v 11.13991 13.19309 0.82000
v 11.13991 12.99309 0.82000
v 11.13991 12.59309 1.00300
v 11.13991 12.59309 0.82000
v 11.13991 12.79309 1.00300
v 11.13991 12.79309 0.82000
v 11.13991 12.39309 1.00300
v 11.13991 12.19309 1.00300
v 11.13991 12.39309 0.82000
v 11.13991 12.19309 0.82000
v 11.13991 11.79309 1.00300
v 11.13991 11.79309 0.82000
v 11.13991 11.99309 1.00300
v 11.13991 11.99309 0.82000
v 11.13991 11.59309 1.00300
v 11.13991 11.39309 1.00300
v 11.13991 11.59309 0.82000
v 11.13991 11.39309 0.82000
v 11.13991 10.99309 1.00300
v 11.13991 10.99309 0.82000
v 11.13991 11.19309 1.00300
v 11.13991 11.19309 0.82000
v 11.13991 10.79309 1.00300
v 11.13991 10.59309 0.82000
v 11.13991 10.79309 0.82000
v 11.13991 10.59309 1.00300
v 11.13991 10.39309 1.00300
v 11.13991 10.19309 0.82000
v 11.13991 10.39309 0.82000
v 11.13991 10.19309 1.00300
v 11.13991 9.99309 1.00300
v 11.13991 9.79309 0.82000
v 11.13991 9.99309 0.82000
v 11.13991 9.79309 1.00300
v 11.13991 9.59309 1.00300
v 11.13991 9.39309 0.82000
v 11.13991 9.59309 0.82000
v 11.13991 9.39309 1.00300
v 11.13991 9.19309 1.00300
v 11.13991 8.39309 0.82000
v 11.13991 9.19309 0.82000
v 4.93991 8.39309 0.82000
v 4.93991 8.39309 1.00300
v 4.13991 8.39309 0.82000
v 5.13991 8.39309 1.00300
v 5.13991 8.39309 0.82000
v 5.33991 8.39309 0.82000
v 5.33991 8.39309 1.00300
v 5.53991 8.39309 1.00300
v 5.53991 8.39309 0.82000
v 5.73991 8.39309 0.82000
v 5.73991 8.39309 1.00300
v 5.93991 8.39309 1.00300
v 5.93991 8.39309 0.82000
v 6.13991 8.39309 0.82000
v 6.13991 8.39309 1.00300
v 6.33991 8.39309 1.00300
v 6.33991 8.39309 0.82000
v 6.53991 8.39309 0.82000
v 6.53991 8.39309 1.00300
v 6.73991 8.39309 0.82000
v 6.93991 8.39309 0.82000
v 6.73991 8.39309 1.00300
v 6.93991 8.39309 1.00300
v 7.33991 8.39309 0.82000
v 7.33991 8.39309 1.00300
v 7.13991 8.39309 0.82000
v 7.13991 8.39309 1.00300
v 7.53991 8.39309 0.82000
v 7.73991 8.39309 0.82000
v 7.53991 8.39309 1.00300
v 7.73991 8.39309 1.00300
v 7.93991 8.39309 0.82000
v 8.13991 8.39309 0.82000
v 7.93991 8.39309 1.00300
v 8.13991 8.39309 1.00300
v 8.33991 8.39309 0.82000
v 8.53991 8.39309 0.82000
v 8.33991 8.39309 1.00300
v 8.53991 8.39309 1.00300
v 8.93991 8.39309 0.82000
v 8.93991 8.39309 1.00300
v 8.73991 8.39309 0.82000
v 8.73991 8.39309 1.00300
v 9.13991 8.39309 0.82000
v 9.33991 8.39309 0.82000
v 9.13991 8.39309 1.00300
v 9.33991 8.39309 1.00300
v 9.73991 8.39309 0.82000
v 9.73991 8.39309 1.00300
v 9.53991 8.39309 0.82000
v 9.53991 8.39309 1.00300
v 10.13991 8.39309 0.82000
v 10.13991 8.39309 1.00300
v 9.93991 8.39309 0.82000
v 9.93991 8.39309 1.00300
v 10.33991 8.39309 0.82000
v 10.33991 8.39309 1.00300
v 4.13991 15.39309 0.82000
v 4.48991 14.59309 0.82000
v 4.13991 14.59309 0.82000
v 4.93991 15.04309 0.82000
v 4.93991 15.39309 0.82000
v 4.50104 14.59184 0.82000
v 4.94116 15.03196 0.82000
v 4.51160 14.58814 0.82000
v 4.94486 15.02140 0.82000
v 4.52108 14.58218 0.82000
v 4.95082 15.01192 0.82000
v 4.95874 15.00400 0.82000
v 4.52900 14.57426 0.82000
v 4.53496 14.56478 0.82000
v 4.96822 14.99804 0.82000
v 4.53866 14.55422 0.82000
v 4.97878 14.99434 0.82000
v 4.53991 14.54309 0.82000
v 4.98991 14.99309 0.82000
v 4.53991 14.44309 0.82000
v 5.08991 14.99309 0.82000
v 5.10104 14.99434 0.82000
v 4.53866 14.43196 0.82000
v 4.48991 14.39309 0.82000
v 4.48991 14.19309 0.82000
v 4.13991 14.39309 0.82000
v 4.13991 14.19309 0.82000
v 5.33991 15.39309 0.82000
v 5.33991 15.04309 0.82000
v 5.13991 15.39309 0.82000
v 5.13991 15.04309 0.82000
v 4.50104 14.39434 0.82000
v 4.50104 14.19184 0.82000
v 5.34116 15.03196 0.82000
v 5.13866 15.03196 0.82000
v 4.51160 14.39804 0.82000
v 4.51160 14.18814 0.82000
v 5.34486 15.02140 0.82000
v 5.13496 15.02140 0.82000
v 4.52108 14.40400 0.82000
v 4.52108 14.18218 0.82000
v 5.35082 15.01192 0.82000
v 5.12900 15.01192 0.82000
v 4.52900 14.41192 0.82000
v 4.52900 14.17426 0.82000
v 5.35874 15.00400 0.82000
v 5.12108 15.00400 0.82000
v 4.53496 14.42140 0.82000
v 4.53496 14.16478 0.82000
v 5.36822 14.99804 0.82000
v 5.11160 14.99804 0.82000
v 4.53866 14.15422 0.82000
v 5.37878 14.99434 0.82000
v 5.38991 14.99309 0.82000
v 4.53991 14.14309 0.82000
v 4.53991 14.04309 0.82000
v 5.73991 15.39309 0.82000
v 5.53991 15.04309 0.82000
v 5.53991 15.39309 0.82000
v 5.48991 14.99309 0.82000
v 5.50104 14.99434 0.82000
v 4.53866 14.03196 0.82000
v 4.48991 13.99309 0.82000
v 4.48991 13.79309 0.82000
v 4.13991 13.99309 0.82000
v 4.13991 13.79309 0.82000
v 5.73991 15.04309 0.82000
v 4.50104 13.79184 0.82000
v 4.50104 13.99434 0.82000
v 5.74116 15.03196 0.82000
v 5.53866 15.03196 0.82000
v 4.51160 13.78814 0.82000
v 4.51160 13.99804 0.82000
v 5.74486 15.02140 0.82000
v 5.53496 15.02140 0.82000
v 4.52108 13.78218 0.82000
v 4.52108 14.00400 0.82000
v 5.52900 15.01192 0.82000
v 5.75082 15.01192 0.82000
v 5.52108 15.00400 0.82000
v 4.52900 13.77426 0.82000
v 4.52900 14.01192 0.82000
v 5.75874 15.00400 0.82000
v 4.53496 13.76478 0.82000
v 4.53496 14.02140 0.82000
v 5.76822 14.99804 0.82000
v 5.51160 14.99804 0.82000
v 4.53866 13.75422 0.82000
v 5.77878 14.99434 0.82000
v 5.78991 14.99309 0.82000
v 4.53991 13.74309 0.82000
v 4.53991 13.64309 0.82000
v 5.88991 14.99309 0.82000
v 4.48991 13.59309 0.82000
v 4.48991 13.39309 0.82000
v 4.13991 13.59309 0.82000
v 4.13991 13.39309 0.82000
v 6.13991 15.39309 0.82000
v 6.13991 15.04309 0.82000
v 5.93991 15.39309 0.82000
v 5.93991 15.04309 0.82000
v 4.50104 13.39184 0.82000
v 4.50104 13.59434 0.82000
v 6.14116 15.03196 0.82000
v 5.93866 15.03196 0.82000
v 4.51160 13.38814 0.82000
v 4.51160 13.59804 0.82000
v 6.14486 15.02140 0.82000
v 5.93496 15.02140 0.82000
v 4.52108 13.38218 0.82000
v 4.52108 13.60400 0.82000
v 6.15082 15.01192 0.82000
v 5.92900 15.01192 0.82000
v 4.52900 13.37426 0.82000
v 4.52900 13.61192 0.82000
v 6.15874 15.00400 0.82000
v 5.92108 15.00400 0.82000
v 4.53496 13.36478 0.82000
v 4.53496 13.62140 0.82000
v 6.16822 14.99804 0.82000
v 5.91160 14.99804 0.82000
v 4.53866 13.63196 0.82000
v 4.53866 13.35422 0.82000
v 6.17878 14.99434 0.82000
v 5.90104 14.99434 0.82000
v 4.53991 13.34309 0.82000
v 6.18991 14.99309 0.82000
v 6.28991 14.99309 0.82000
v 4.53991 13.24309 0.82000
v 6.53991 15.39309 0.82000
v 6.33991 15.04309 0.82000
v 6.33991 15.39309 0.82000
v 4.50104 13.19434 0.82000
v 4.48991 12.99309 0.82000
v 4.48991 13.19309 0.82000
v 4.13991 13.19309 0.82000
v 4.13991 12.99309 0.82000
v 6.53991 15.04309 0.82000
v 6.33866 15.03196 0.82000
v 4.50104 12.99184 0.82000
v 6.54116 15.03196 0.82000
v 4.51160 13.19804 0.82000
v 4.51160 12.98814 0.82000
v 6.54486 15.02140 0.82000
v 6.33496 15.02140 0.82000
v 4.52108 12.98218 0.82000
v 4.52108 13.20400 0.82000
v 4.52900 13.21192 0.82000
v 6.55082 15.01192 0.82000
v 6.32900 15.01192 0.82000
v 4.52900 12.97426 0.82000
v 6.55874 15.00400 0.82000
v 6.32108 15.00400 0.82000
v 4.53496 12.96478 0.82000
v 4.53496 13.22140 0.82000
v 4.53866 13.23196 0.82000
v 6.56822 14.99804 0.82000
v 6.31160 14.99804 0.82000
v 4.53866 12.95422 0.82000
v 6.57878 14.99434 0.82000
v 6.30104 14.99434 0.82000
v 4.53991 12.94309 0.82000
v 6.58991 14.99309 0.82000
v 4.53991 12.84309 0.82000
v 6.68991 14.99309 0.82000
v 6.93991 15.39309 0.82000
v 6.73991 15.04309 0.82000
v 6.73991 15.39309 0.82000
v 4.48991 12.79309 0.82000
v 4.48991 12.59309 0.82000
v 4.13991 12.79309 0.82000
v 4.13991 12.59309 0.82000
v 6.93991 15.04309 0.82000
v 4.50104 12.79434 0.82000
v 4.50104 12.59184 0.82000
v 6.94116 15.03196 0.82000
v 6.73866 15.03196 0.82000
v 4.51160 12.79804 0.82000
v 4.51160 12.58814 0.82000
v 6.94486 15.02140 0.82000
v 6.73496 15.02140 0.82000
v 4.52108 12.80400 0.82000
v 4.52108 12.58218 0.82000
v 6.72900 15.01192 0.82000
v 6.95082 15.01192 0.82000
v 6.72108 15.00400 0.82000
v 4.52900 12.81192 0.82000
v 4.52900 12.57426 0.82000
v 4.53496 12.82140 0.82000
v 6.95874 15.00400 0.82000
v 4.53496 12.56478 0.82000
v 6.96822 14.99804 0.82000
v 6.71160 14.99804 0.82000
v 4.53866 12.83196 0.82000
v 4.53866 12.55422 0.82000
v 6.97878 14.99434 0.82000
v 6.70104 14.99434 0.82000
v 4.53991 12.54309 0.82000
v 6.98991 14.99309 0.82000
v 7.08991 14.99309 0.82000
v 4.53991 12.44309 0.82000
v 4.48991 12.39309 0.82000
v 4.48991 12.19309 0.82000
v 4.13991 12.39309 0.82000
v 4.13991 12.19309 0.82000
v 7.33991 15.39309 0.82000
v 7.33991 15.04309 0.82000
v 7.13991 15.39309 0.82000
v 7.13991 15.04309 0.82000
v 7.34116 15.03196 0.82000
v 7.13866 15.03196 0.82000
v 4.50104 12.19184 0.82000
v 4.50104 12.39434 0.82000
v 4.51160 12.18814 0.82000
v 4.51160 12.39804 0.82000
v 4.52108 12.40400 0.82000
v 7.34486 15.02140 0.82000
v 7.13496 15.02140 0.82000
v 4.52108 12.18218 0.82000
v 4.52900 12.41192 0.82000
v 7.35082 15.01192 0.82000
v 7.12900 15.01192 0.82000
v 7.35874 15.00400 0.82000
v 7.12108 15.00400 0.82000
v 4.52900 12.17426 0.82000
v 4.53496 12.42140 0.82000
v 4.53496 12.16478 0.82000
v 7.36822 14.99804 0.82000
v 7.11160 14.99804 0.82000
v 4.53866 12.15422 0.82000
v 4.53866 12.43196 0.82000
v 7.37878 14.99434 0.82000
v 7.10104 14.99434 0.82000
v 4.53991 12.14309 0.82000
v 7.38991 14.99309 0.82000
v 7.48991 14.99309 0.82000
v 4.53991 12.04309 0.82000
v 4.48991 11.99309 0.82000
v 4.48991 11.79309 0.82000
v 4.13991 11.99309 0.82000
v 4.13991 11.79309 0.82000
v 7.73991 15.39309 0.82000
v 7.73991 15.04309 0.82000
v 7.53991 15.39309 0.82000
v 7.53991 15.04309 0.82000
v 4.50104 11.99434 0.82000
v 4.50104 11.79184 0.82000
v 7.74116 15.03196 0.82000
v 7.53866 15.03196 0.82000
v 7.74486 15.02140 0.82000
v 7.53496 15.02140 0.82000
v 7.52900 15.01192 0.82000
v 4.51160 11.78814 0.82000
v 4.51160 11.99804 0.82000
v 7.75082 15.01192 0.82000
v 7.52108 15.00400 0.82000
v 4.52108 12.00400 0.82000
v 4.52108 11.78218 0.82000
v 4.52900 12.01192 0.82000
v 4.52900 11.77426 0.82000
v 7.75874 15.00400 0.82000
v 4.53496 11.76478 0.82000
v 4.53496 12.02140 0.82000
v 7.51160 14.99804 0.82000
v 7.76822 14.99804 0.82000
v 7.50104 14.99434 0.82000
v 4.53866 12.03196 0.82000
v 4.53866 11.75422 0.82000
v 7.77878 14.99434 0.82000
v 4.53991 11.74309 0.82000
v 7.78991 14.99309 0.82000
v 4.13991 11.59309 0.82000
v 4.48991 11.59309 0.82000
v 4.13991 11.39309 0.82000
v 8.13991 15.39309 0.82000
v 7.93991 15.04309 0.82000
v 7.93991 15.39309 0.82000
v 4.48991 11.39309 0.82000
v 8.13991 15.04309 0.82000
v 8.14116 15.03196 0.82000
v 7.93866 15.03196 0.82000
v 4.50104 11.39184 0.82000
v 4.50104 11.59434 0.82000
v 4.51160 11.59804 0.82000
v 8.14486 15.02140 0.82000
v 7.93496 15.02140 0.82000
v 4.51160 11.38814 0.82000
v 8.15082 15.01192 0.82000
v 7.92900 15.01192 0.82000
v 4.52108 11.38218 0.82000
v 4.52108 11.60400 0.82000
v 7.92108 15.00400 0.82000
v 8.15874 15.00400 0.82000
v 7.91160 14.99804 0.82000
v 4.52900 11.61192 0.82000
v 4.52900 11.37426 0.82000
v 4.53496 11.62140 0.82000
v 4.53496 11.36478 0.82000
v 8.16822 14.99804 0.82000
v 8.17878 14.99434 0.82000
v 7.90104 14.99434 0.82000
v 4.53866 11.63196 0.82000
v 4.53866 11.35422 0.82000
v 4.53991 11.34309 0.82000
v 4.53991 11.64309 0.82000
v 8.18991 14.99309 0.82000
v 7.88991 14.99309 0.82000
v 8.53991 15.39309 0.82000
v 8.33991 15.04309 0.82000
v 8.33991 15.39309 0.82000
v 8.53991 15.04309 0.82000
v 4.48991 11.19309 0.82000
v 4.48991 10.99309 0.82000
v 4.13991 11.19309 0.82000
v 4.13991 10.99309 0.82000
v 4.50104 11.19434 0.82000
v 4.50104 10.99184 0.82000
v 8.54116 15.03196 0.82000
v 8.33866 15.03196 0.82000
v 4.51160 11.19804 0.82000
v 4.51160 10.98814 0.82000
v 8.54486 15.02140 0.82000
v 8.33496 15.02140 0.82000
v 8.55082 15.01192 0.82000
v 8.32900 15.01192 0.82000
v 4.52108 11.20400 0.82000
v 4.52108 10.98218 0.82000
v 4.52900 11.21192 0.82000
v 4.52900 10.97426 0.82000
v 8.55874 15.00400 0.82000
v 8.32108 15.00400 0.82000
v 4.53496 11.22140 0.82000
v 4.53496 10.96478 0.82000
v 8.56822 14.99804 0.82000
v 8.31160 14.99804 0.82000
v 8.30104 14.99434 0.82000
v 4.53866 11.23196 0.82000
v 4.53866 10.95422 0.82000
v 8.57878 14.99434 0.82000
v 4.53991 11.24309 0.82000
v 4.53991 10.94309 0.82000
v 8.58991 14.99309 0.82000
v 8.28991 14.99309 0.82000
v 4.48991 10.79309 0.82000
v 4.48991 10.59309 0.82000
v 4.13991 10.79309 0.82000
v 4.13991 10.59309 0.82000
v 8.93991 15.39309 0.82000
v 8.93991 15.04309 0.82000
v 8.73991 15.39309 0.82000
v 8.73991 15.04309 0.82000
v 4.50104 10.59184 0.82000
v 4.50104 10.79434 0.82000
v 4.51160 10.79804 0.82000
v 8.94116 15.03196 0.82000
v 8.73866 15.03196 0.82000
v 8.94486 15.02140 0.82000
v 8.73496 15.02140 0.82000
v 4.51160 10.58814 0.82000
v 4.52108 10.80400 0.82000
v 4.52108 10.58218 0.82000
v 8.95082 15.01192 0.82000
v 8.72900 15.01192 0.82000
v 4.52900 10.57426 0.82000
v 4.52900 10.81192 0.82000
v 8.95874 15.00400 0.82000
v 8.72108 15.00400 0.82000
v 8.71160 14.99804 0.82000
v 4.53496 10.82140 0.82000
v 4.53496 10.56478 0.82000
v 8.96822 14.99804 0.82000
v 8.70104 14.99434 0.82000
v 4.53866 10.83196 0.82000
v 4.53866 10.55422 0.82000
v 4.53991 10.84309 0.82000
v 8.97878 14.99434 0.82000
v 8.98991 14.99309 0.82000
v 8.68991 14.99309 0.82000
v 4.53991 10.54309 0.82000
v 9.33991 15.39309 0.82000
v 9.13991 15.04309 0.82000
v 9.13991 15.39309 0.82000
v 4.48991 10.39309 0.82000
v 4.48991 10.19309 0.82000
v 4.13991 10.39309 0.82000
v 4.13991 10.19309 0.82000
v 9.33991 15.04309 0.82000
v 9.34116 15.03196 0.82000
v 9.13866 15.03196 0.82000
v 4.50104 10.39434 0.82000
v 4.50104 10.19184 0.82000
v 9.34486 15.02140 0.82000
v 9.13496 15.02140 0.82000
v 4.51160 10.39804 0.82000
v 4.51160 10.18814 0.82000
v 9.35082 15.01192 0.82000
v 9.12900 15.01192 0.82000
v 4.52108 10.40400 0.82000
v 4.52108 10.18218 0.82000
v 4.52900 10.41192 0.82000
v 4.52900 10.17426 0.82000
v 4.53496 10.42140 0.82000
v 9.35874 15.00400 0.82000
v 9.12108 15.00400 0.82000
v 9.36822 14.99804 0.82000
v 9.11160 14.99804 0.82000
v 9.10104 14.99434 0.82000
v 4.53496 10.16478 0.82000
v 9.37878 14.99434 0.82000
v 4.53866 10.43196 0.82000
v 4.53866 10.15422 0.82000
v 4.53991 10.14309 0.82000
v 4.53991 10.44309 0.82000
v 9.38991 14.99309 0.82000
v 9.08991 14.99309 0.82000
v 4.48991 9.99309 0.82000
v 4.48991 9.79309 0.82000
v 4.13991 9.99309 0.82000
v 4.13991 9.79309 0.82000
v 9.73991 15.39309 0.82000
v 9.73991 15.04309 0.82000
v 9.53991 15.39309 0.82000
v 9.53991 15.04309 0.82000
v 9.74116 15.03196 0.82000
v 9.53866 15.03196 0.82000
v 4.50104 9.79184 0.82000
v 4.50104 9.99434 0.82000
v 4.51160 9.78814 0.82000
v 4.51160 9.99804 0.82000
v 9.74486 15.02140 0.82000
v 9.53496 15.02140 0.82000
v 9.75082 15.01192 0.82000
v 9.52900 15.01192 0.82000
v 4.52108 10.00400 0.82000
v 4.52108 9.78218 0.82000
v 4.52900 9.77426 0.82000
v 4.52900 10.01192 0.82000
v 9.52108 15.00400 0.82000
v 9.75874 15.00400 0.82000
v 9.51160 14.99804 0.82000
v 4.53496 10.02140 0.82000
v 4.53496 9.76478 0.82000
v 4.53866 10.03196 0.82000
v 9.76822 14.99804 0.82000
v 9.50104 14.99434 0.82000
v 4.53866 9.75422 0.82000
v 9.77878 14.99434 0.82000
v 4.13991 9.59309 0.82000
v 4.48991 9.59309 0.82000
v 4.13991 9.39309 0.82000
v 10.13991 15.39309 0.82000
v 10.13991 15.04309 0.82000
v 9.93991 15.39309 0.82000
v 9.93991 15.04309 0.82000
v 4.48991 9.39309 0.82000
v 10.14116 15.03196 0.82000
v 9.93866 15.03196 0.82000
v 4.50104 9.39184 0.82000
v 4.50104 9.59434 0.82000
v 10.14486 15.02140 0.82000
v 9.93496 15.02140 0.82000
v 4.51160 9.38814 0.82000
v 4.51160 9.59804 0.82000
v 9.92900 15.01192 0.82000
v 10.15082 15.01192 0.82000
v 9.92108 15.00400 0.82000
v 4.52108 9.38218 0.82000
v 4.52108 9.60400 0.82000
v 10.15874 15.00400 0.82000
v 9.91160 14.99804 0.82000
v 4.52900 9.37426 0.82000
v 4.52900 9.61192 0.82000
v 4.53496 9.62140 0.82000
v 10.16822 14.99804 0.82000
v 9.90104 14.99434 0.82000
v 4.53496 9.36478 0.82000
v 10.17878 14.99434 0.82000
v 4.53866 9.35422 0.82000
v 4.53866 9.63196 0.82000
v 4.48991 9.19309 0.82000
v 4.13991 9.19309 0.82000
v 10.33991 15.39309 0.82000
v 10.33991 15.04309 0.82000
v 4.95874 8.78218 0.82000
v 4.95082 8.77426 0.82000
v 4.52900 9.21192 0.82000
v 4.52108 9.20400 0.82000
v 10.32108 15.00400 0.82000
v 10.75082 14.57426 0.82000
v 10.31160 14.99804 0.82000
v 10.32900 15.01192 0.82000
v 10.75874 14.58218 0.82000
v 4.94486 8.76478 0.82000
v 4.51160 9.19804 0.82000
v 4.96822 8.78814 0.82000
v 4.53496 9.22140 0.82000
v 10.33496 15.02140 0.82000
v 10.76822 14.58814 0.82000
v 10.33866 15.03196 0.82000
v 10.74486 14.56478 0.82000
v 4.97878 8.79184 0.82000
v 4.53866 9.23196 0.82000
v 4.94116 8.75422 0.82000
v 4.50104 9.19434 0.82000
v 10.74116 14.55422 0.82000
v 10.30104 14.99434 0.82000
v 10.77878 14.59184 0.82000
v 4.93991 8.74309 0.82000
v 4.98991 8.79309 0.82000
v 4.53991 9.24309 0.82000
v 10.73991 14.54309 0.82000
v 10.28991 14.99309 0.82000
v 10.78991 14.59309 0.82000
v 5.08991 8.79309 0.82000
v 4.53991 9.34309 0.82000
v 10.73991 14.44309 0.82000
v 10.18991 14.99309 0.82000
v 5.10104 8.79184 0.82000
v 10.74116 14.43196 0.82000
v 5.12108 8.78218 0.82000
v 5.35874 8.78218 0.82000
v 5.12900 8.77426 0.82000
v 5.11160 8.78814 0.82000
v 5.35082 8.77426 0.82000
v 10.75874 14.40400 0.82000
v 10.75874 14.18218 0.82000
v 10.75082 14.41192 0.82000
v 5.34486 8.76478 0.82000
v 5.13496 8.76478 0.82000
v 5.36822 8.78814 0.82000
v 10.74486 14.16478 0.82000
v 10.74486 14.42140 0.82000
v 10.76822 14.18814 0.82000
v 10.76822 14.39804 0.82000
v 10.77878 14.39434 0.82000
v 5.34116 8.75422 0.82000
v 5.13866 8.75422 0.82000
v 5.37878 8.79184 0.82000
v 10.74116 14.15422 0.82000
v 10.77878 14.19184 0.82000
v 4.53991 9.74309 0.82000
v 5.38991 8.79309 0.82000
v 4.53991 9.64309 0.82000
v 5.33991 8.74309 0.82000
v 5.13991 8.74309 0.82000
v 10.73991 14.14309 0.82000
v 9.88991 14.99309 0.82000
v 10.78991 14.19309 0.82000
v 10.78991 14.39309 0.82000
v 5.48991 8.79309 0.82000
v 10.73991 14.04309 0.82000
v 9.78991 14.99309 0.82000
v 5.50104 8.79184 0.82000
v 10.74116 14.03196 0.82000
v 5.52108 8.78218 0.82000
v 5.75874 8.78218 0.82000
v 5.52900 8.77426 0.82000
v 5.75082 8.77426 0.82000
v 10.75874 14.00400 0.82000
v 10.75874 13.78218 0.82000
v 10.75082 14.01192 0.82000
v 5.74486 8.76478 0.82000
v 5.53496 8.76478 0.82000
v 5.76822 8.78814 0.82000
v 5.51160 8.78814 0.82000
v 10.74486 14.02140 0.82000
v 10.74486 13.76478 0.82000
v 10.76822 13.78814 0.82000
v 10.76822 13.99804 0.82000
v 10.77878 13.99434 0.82000
v 5.74116 8.75422 0.82000
v 5.53866 8.75422 0.82000
v 5.77878 8.79184 0.82000
v 10.74116 13.75422 0.82000
v 10.77878 13.79184 0.82000
v 5.78991 8.79309 0.82000
v 4.53991 10.04309 0.82000
v 5.73991 8.74309 0.82000
v 5.53991 8.74309 0.82000
v 10.78991 13.79309 0.82000
v 10.78991 13.99309 0.82000
v 10.73991 13.74309 0.82000
v 9.48991 14.99309 0.82000
v 5.88991 8.79309 0.82000
v 10.73991 13.64309 0.82000
v 5.92900 8.77426 0.82000
v 6.15082 8.77426 0.82000
v 5.93496 8.76478 0.82000
v 5.92108 8.78218 0.82000
v 6.15874 8.78218 0.82000
v 10.75874 13.60400 0.82000
v 10.75874 13.38218 0.82000
v 10.75082 13.61192 0.82000
v 10.75082 13.37426 0.82000
v 10.74486 13.62140 0.82000
v 6.14486 8.76478 0.82000
v 6.16822 8.78814 0.82000
v 5.91160 8.78814 0.82000
v 5.90104 8.79184 0.82000
v 10.74486 13.36478 0.82000
v 10.76822 13.59804 0.82000
v 10.76822 13.38814 0.82000
v 6.14116 8.75422 0.82000
v 5.93866 8.75422 0.82000
v 6.17878 8.79184 0.82000
v 10.74116 13.63196 0.82000
v 10.74116 13.35422 0.82000
v 10.77878 13.39184 0.82000
v 10.77878 13.59434 0.82000
v 6.18991 8.79309 0.82000
v 6.13991 8.74309 0.82000
v 5.93991 8.74309 0.82000
v 10.73991 13.34309 0.82000
v 10.78991 13.39309 0.82000
v 10.78991 13.59309 0.82000
v 6.28991 8.79309 0.82000
v 10.73991 13.24309 0.82000
v 6.32108 8.78218 0.82000
v 6.55874 8.78218 0.82000
v 6.32900 8.77426 0.82000
v 6.55082 8.77426 0.82000
v 10.75874 13.20400 0.82000
v 10.75874 12.98218 0.82000
v 10.75082 13.21192 0.82000
v 10.76822 13.19804 0.82000
v 10.75082 12.97426 0.82000
v 6.33496 8.76478 0.82000
v 6.54486 8.76478 0.82000
v 6.33866 8.75422 0.82000
v 6.31160 8.78814 0.82000
v 6.56822 8.78814 0.82000
v 6.30104 8.79184 0.82000
v 10.76822 12.98814 0.82000
v 10.74486 12.96478 0.82000
v 10.74486 13.22140 0.82000
v 6.54116 8.75422 0.82000
v 6.33991 8.74309 0.82000
v 6.57878 8.79184 0.82000
v 10.74116 12.95422 0.82000
v 10.74116 13.23196 0.82000
v 10.77878 13.19434 0.82000
v 10.77878 12.99184 0.82000
v 6.53991 8.74309 0.82000
v 6.58991 8.79309 0.82000
v 10.78991 13.19309 0.82000
v 10.78991 12.99309 0.82000
v 10.73991 12.94309 0.82000
v 6.68991 8.79309 0.82000
v 10.73991 12.84309 0.82000
v 6.72900 8.77426 0.82000
v 6.95874 8.78218 0.82000
v 6.95082 8.77426 0.82000
v 6.72108 8.78218 0.82000
v 10.75082 12.81192 0.82000
v 10.75082 12.57426 0.82000
v 10.74486 12.82140 0.82000
v 10.75874 12.80400 0.82000
v 10.75874 12.58218 0.82000
v 10.76822 12.79804 0.82000
v 6.94486 8.76478 0.82000
v 6.73496 8.76478 0.82000
v 6.73866 8.75422 0.82000
v 6.96822 8.78814 0.82000
v 6.71160 8.78814 0.82000
v 6.70104 8.79184 0.82000
v 10.76822 12.58814 0.82000
v 10.74486 12.56478 0.82000
v 6.94116 8.75422 0.82000
v 6.97878 8.79184 0.82000
v 10.74116 12.55422 0.82000
v 10.74116 12.83196 0.82000
v 10.77878 12.79434 0.82000
v 10.77878 12.59184 0.82000
v 10.78991 12.79309 0.82000
v 6.98991 8.79309 0.82000
v 6.93991 8.74309 0.82000
v 6.73991 8.74309 0.82000
v 10.73991 12.54309 0.82000
v 10.78991 12.59309 0.82000
v 7.08991 8.79309 0.82000
v 10.73991 12.44309 0.82000
v 10.75082 12.41192 0.82000
v 10.75082 12.17426 0.82000
v 10.74486 12.42140 0.82000
v 10.75874 12.40400 0.82000
v 10.75874 12.18218 0.82000
v 7.12108 8.78218 0.82000
v 7.35874 8.78218 0.82000
v 7.12900 8.77426 0.82000
v 7.35082 8.77426 0.82000
v 10.74486 12.16478 0.82000
v 10.77878 12.39434 0.82000
v 10.76822 12.18814 0.82000
v 10.76822 12.39804 0.82000
v 7.13496 8.76478 0.82000
v 7.34486 8.76478 0.82000
v 7.13866 8.75422 0.82000
v 7.11160 8.78814 0.82000
v 7.36822 8.78814 0.82000
v 10.74116 12.15422 0.82000
v 10.74116 12.43196 0.82000
v 10.77878 12.19184 0.82000
v 7.34116 8.75422 0.82000
v 7.13991 8.74309 0.82000
v 7.10104 8.79184 0.82000
v 7.37878 8.79184 0.82000
v 10.73991 12.14309 0.82000
v 7.38991 8.79309 0.82000
v 7.33991 8.74309 0.82000
v 10.78991 12.39309 0.82000
v 10.78991 12.19309 0.82000
v 10.73991 12.04309 0.82000
v 7.48991 8.79309 0.82000
v 10.76822 11.99804 0.82000
v 10.75874 11.78218 0.82000
v 10.75874 12.00400 0.82000
v 10.75082 11.77426 0.82000
v 10.75082 12.01192 0.82000
v 10.74486 12.02140 0.82000
v 7.52108 8.78218 0.82000
v 7.75874 8.78218 0.82000
v 7.52900 8.77426 0.82000
v 7.75082 8.77426 0.82000
v 10.74486 11.76478 0.82000
v 10.76822 11.78814 0.82000
v 7.53496 8.76478 0.82000
v 7.74486 8.76478 0.82000
v 7.53866 8.75422 0.82000
v 7.76822 8.78814 0.82000
v 7.51160 8.78814 0.82000
v 10.74116 11.75422 0.82000
v 10.74116 12.03196 0.82000
v 10.77878 11.99434 0.82000
v 10.77878 11.79184 0.82000
v 7.74116 8.75422 0.82000
v 7.50104 8.79184 0.82000
v 7.77878 8.79184 0.82000
v 10.78991 11.79309 0.82000
v 10.78991 11.99309 0.82000
v 10.73991 11.74309 0.82000
v 7.78991 8.79309 0.82000
v 7.73991 8.74309 0.82000
v 7.53991 8.74309 0.82000
v 7.88991 8.79309 0.82000
v 10.73991 11.64309 0.82000
v 10.75874 11.38218 0.82000
v 10.75082 11.37426 0.82000
v 10.75874 11.60400 0.82000
v 10.75082 11.61192 0.82000
v 7.92108 8.78218 0.82000
v 8.15874 8.78218 0.82000
v 7.92900 8.77426 0.82000
v 8.15082 8.77426 0.82000
v 10.74486 11.36478 0.82000
v 10.74486 11.62140 0.82000
v 10.76822 11.38814 0.82000
v 10.76822 11.59804 0.82000
v 7.93496 8.76478 0.82000
v 8.14486 8.76478 0.82000
v 7.93866 8.75422 0.82000
v 7.91160 8.78814 0.82000
v 8.16822 8.78814 0.82000
v 10.74116 11.35422 0.82000
v 10.74116 11.63196 0.82000
v 10.77878 11.59434 0.82000
v 10.77878 11.39184 0.82000
v 8.14116 8.75422 0.82000
v 7.90104 8.79184 0.82000
v 8.17878 8.79184 0.82000
v 10.73991 11.34309 0.82000
v 8.18991 8.79309 0.82000
v 10.78991 11.59309 0.82000
v 10.78991 11.39309 0.82000
v 8.13991 8.74309 0.82000
v 7.93991 8.74309 0.82000
v 8.28991 8.79309 0.82000
v 10.73991 11.24309 0.82000
v 8.32900 8.77426 0.82000
v 8.55874 8.78218 0.82000
v 8.55082 8.77426 0.82000
v 8.32108 8.78218 0.82000
v 10.75082 11.21192 0.82000
v 10.75874 10.98218 0.82000
v 10.75082 10.97426 0.82000
v 10.75874 11.20400 0.82000
v 10.76822 11.19804 0.82000
v 10.74486 10.96478 0.82000
v 10.74486 11.22140 0.82000
v 10.77878 11.19434 0.82000
v 10.76822 10.98814 0.82000
v 8.54486 8.76478 0.82000
v 8.33496 8.76478 0.82000
v 8.33866 8.75422 0.82000
v 8.56822 8.78814 0.82000
v 8.31160 8.78814 0.82000
v 10.74116 10.95422 0.82000
v 10.74116 11.23196 0.82000
v 10.77878 10.99184 0.82000
v 8.54116 8.75422 0.82000
v 8.57878 8.79184 0.82000
v 8.30104 8.79184 0.82000
v 10.78991 10.99309 0.82000
v 10.78991 11.19309 0.82000
v 10.73991 10.94309 0.82000
v 8.58991 8.79309 0.82000
v 8.53991 8.74309 0.82000
v 8.33991 8.74309 0.82000
v 10.73991 10.84309 0.82000
v 8.68991 8.79309 0.82000
v 8.71160 8.78814 0.82000
v 8.95874 8.78218 0.82000
v 8.72108 8.78218 0.82000
v 10.75082 10.81192 0.82000
v 10.75874 10.58218 0.82000
v 10.75082 10.57426 0.82000
v 10.75874 10.80400 0.82000
v 10.76822 10.79804 0.82000
v 8.95082 8.77426 0.82000
v 8.72900 8.77426 0.82000
v 8.73496 8.76478 0.82000
v 8.94486 8.76478 0.82000
v 10.74486 10.56478 0.82000
v 10.74486 10.82140 0.82000
v 10.74116 10.83196 0.82000
v 10.76822 10.58814 0.82000
v 8.96822 8.78814 0.82000
v 10.74116 10.55422 0.82000
v 10.77878 10.79434 0.82000
v 10.77878 10.59184 0.82000
v 8.94116 8.75422 0.82000
v 8.73866 8.75422 0.82000
v 8.97878 8.79184 0.82000
v 8.70104 8.79184 0.82000
v 10.73991 10.54309 0.82000
v 8.98991 8.79309 0.82000
v 8.93991 8.74309 0.82000
v 8.73991 8.74309 0.82000
v 10.78991 10.79309 0.82000
v 10.78991 10.59309 0.82000
v 10.73991 10.44309 0.82000
v 9.08991 8.79309 0.82000
v 10.75082 10.41192 0.82000
v 10.75082 10.17426 0.82000
v 10.74486 10.42140 0.82000
v 10.75874 10.40400 0.82000
v 10.75874 10.18218 0.82000
v 9.12108 8.78218 0.82000
v 9.35082 8.77426 0.82000
v 9.12900 8.77426 0.82000
v 10.74486 10.16478 0.82000
v 10.76822 10.39804 0.82000
v 10.76822 10.18814 0.82000
v 9.13496 8.76478 0.82000
v 9.34486 8.76478 0.82000
v 9.13866 8.75422 0.82000
v 9.11160 8.78814 0.82000
v 9.36822 8.78814 0.82000
v 9.34116 8.75422 0.82000
v 9.37878 8.79184 0.82000
v 9.10104 8.79184 0.82000
v 10.74116 10.15422 0.82000
v 10.74116 10.43196 0.82000
v 10.77878 10.39434 0.82000
v 10.77878 10.19184 0.82000
v 10.73991 10.14309 0.82000
v 9.38991 8.79309 0.82000
v 9.33991 8.74309 0.82000
v 9.13991 8.74309 0.82000
v 10.78991 10.39309 0.82000
v 10.78991 10.19309 0.82000
v 10.73991 10.04309 0.82000
v 9.48991 8.79309 0.82000
v 9.50104 8.79184 0.82000
v 10.74116 10.03196 0.82000
v 10.75082 10.01192 0.82000
v 10.75874 9.78218 0.82000
v 10.75082 9.77426 0.82000
v 10.75874 10.00400 0.82000
v 9.52900 8.77426 0.82000
v 9.75082 8.77426 0.82000
v 9.53496 8.76478 0.82000
v 9.52108 8.78218 0.82000
v 9.75874 8.78218 0.82000
v 10.74486 9.76478 0.82000
v 10.74486 10.02140 0.82000
v 10.76822 9.78814 0.82000
v 10.76822 9.99804 0.82000
v 9.74486 8.76478 0.82000
v 9.53866 8.75422 0.82000
v 9.51160 8.78814 0.82000
v 9.76822 8.78814 0.82000
v 10.74116 9.75422 0.82000
v 10.77878 9.79184 0.82000
v 10.77878 9.99434 0.82000
v 9.74116 8.75422 0.82000
v 9.77878 8.79184 0.82000
v 10.78991 9.79309 0.82000
v 10.78991 9.99309 0.82000
v 9.78991 8.79309 0.82000
v 10.73991 9.74309 0.82000
v 9.73991 8.74309 0.82000
v 9.53991 8.74309 0.82000
v 10.73991 9.64309 0.82000
v 9.88991 8.79309 0.82000
v 10.74116 9.63196 0.82000
v 9.90104 8.79184 0.82000
v 10.75874 9.60400 0.82000
v 10.75874 9.38218 0.82000
v 10.75082 9.61192 0.82000
v 10.76822 9.59804 0.82000
v 10.75082 9.37426 0.82000
v 9.92900 8.77426 0.82000
v 10.15082 8.77426 0.82000
v 9.93496 8.76478 0.82000
v 9.92108 8.78218 0.82000
v 10.15874 8.78218 0.82000
v 10.74486 9.36478 0.82000
v 10.74486 9.62140 0.82000
v 10.76822 9.38814 0.82000
v 10.14486 8.76478 0.82000
v 9.91160 8.78814 0.82000
v 10.16822 8.78814 0.82000
v 10.74116 9.35422 0.82000
v 10.77878 9.39184 0.82000
v 10.77878 9.59434 0.82000
v 10.14116 8.75422 0.82000
v 9.93866 8.75422 0.82000
v 10.17878 8.79184 0.82000
v 10.78991 9.39309 0.82000
v 10.78991 9.59309 0.82000
v 10.18991 8.79309 0.82000
v 10.73991 9.34309 0.82000
v 10.13991 8.74309 0.82000
v 9.93991 8.74309 0.82000
v 10.73991 9.24309 0.82000
v 10.28991 8.79309 0.82000
v 10.74116 9.23196 0.82000
v 10.30104 8.79184 0.82000
v 10.74486 9.22140 0.82000
v 10.31160 8.78814 0.82000
v 10.75082 9.21192 0.82000
v 10.32108 8.78218 0.82000
v 10.75874 9.20400 0.82000
v 10.32900 8.77426 0.82000
v 10.76822 9.19804 0.82000
v 10.33496 8.76478 0.82000
v 10.77878 9.19434 0.82000
v 10.33866 8.75422 0.82000
v 10.78991 9.19309 0.82000
v 10.33991 8.74309 0.82000
v 9.35874 8.78218 0.82000
v 10.75082 13.77426 0.82000
v 10.75082 14.17426 0.82000
v 4.13991 14.59309 1.00300
v 4.13991 14.39309 1.00300
v 4.13991 14.19309 1.00300
v 4.13991 13.99309 1.00300
v 4.13991 13.79309 1.00300
v 4.13991 13.59309 1.00300
v 4.13991 13.39309 1.00300
v 4.13991 13.19309 1.00300
v 4.13991 12.99309 1.00300
v 4.13991 12.79309 1.00300
v 4.13991 12.59309 1.00300
v 4.13991 12.39309 1.00300
v 4.13991 12.19309 1.00300
v 4.13991 11.99309 1.00300
v 4.13991 11.79309 1.00300
v 4.13991 11.59309 1.00300
v 4.13991 11.39309 1.00300
v 4.13991 11.19309 1.00300
v 4.13991 10.99309 1.00300
v 4.13991 10.79309 1.00300
v 4.13991 10.59309 1.00300
v 4.13991 10.39309 1.00300
v 4.13991 10.19309 1.00300
v 4.13991 9.99309 1.00300
v 4.13991 9.79309 1.00300
v 4.13991 9.59309 1.00300
v 4.13991 9.39309 1.00300
v 4.13991 9.19309 1.00300
v 10.33991 15.39309 1.00300
v 10.13991 15.39309 1.00300
v 9.93991 15.39309 1.00300
v 9.73991 15.39309 1.00300
v 9.53991 15.39309 1.00300
v 9.33991 15.39309 1.00300
v 9.13991 15.39309 1.00300
v 8.93991 15.39309 1.00300
v 8.73991 15.39309 1.00300
v 8.33991 15.39309 1.00300
v 8.53991 15.39309 1.00300
v 7.93991 15.39309 1.00300
v 8.13991 15.39309 1.00300
v 7.73991 15.39309 1.00300
v 7.53991 15.39309 1.00300
v 7.13991 15.39309 1.00300
v 7.33991 15.39309 1.00300
v 6.73991 15.39309 1.00300
v 6.93991 15.39309 1.00300
v 6.33991 15.39309 1.00300
v 6.53991 15.39309 1.00300
v 5.93991 15.39309 1.00300
v 6.13991 15.39309 1.00300
v 5.53991 15.39309 1.00300
v 5.73991 15.39309 1.00300
v 5.13991 15.39309 1.00300
v 5.33991 15.39309 1.00300
v 4.93991 15.39309 1.00300
v 10.78991 14.39309 0.80000
v 11.15991 14.39309 0.80000
v 11.15991 14.39309 1.00300
v 10.73991 14.54309 0.80000
v 10.73991 14.44309 0.80000
v 11.15991 14.59309 1.00300
v 11.15991 14.59309 0.80000
v 10.78991 14.59309 0.80000
v 10.75874 14.40400 0.80000
v 10.77878 14.39434 0.80000
v 10.76822 14.39804 0.80000
v 10.74486 14.42140 0.80000
v 10.75082 14.41192 0.80000
v 10.74116 14.43196 0.80000
v 10.74486 14.56478 0.80000
v 10.74116 14.55422 0.80000
v 10.75082 14.57426 0.80000
v 10.75874 14.58218 0.80000
v 10.76822 14.58814 0.80000
v 10.77878 14.59184 0.80000
v 10.13991 8.37309 1.00300
v 10.13991 8.74309 0.80000
v 10.13991 8.37309 0.80000
v 10.18991 8.79309 0.80000
v 10.28991 8.79309 0.80000
v 10.33991 8.37309 1.00300
v 10.33991 8.74309 0.80000
v 10.33991 8.37309 0.80000
v 10.31160 8.78814 0.80000
v 10.32108 8.78218 0.80000
v 10.32900 8.77426 0.80000
v 10.30104 8.79184 0.80000
v 10.33496 8.76478 0.80000
v 10.33866 8.75422 0.80000
v 10.15874 8.78218 0.80000
v 10.14116 8.75422 0.80000
v 10.14486 8.76478 0.80000
v 10.15082 8.77426 0.80000
v 10.16822 8.78814 0.80000
v 10.17878 8.79184 0.80000
v 10.78991 13.99309 0.80000
v 11.15991 13.99309 0.80000
v 11.15991 13.99309 1.00300
v 10.73991 14.14309 0.80000
v 10.73991 14.04309 0.80000
v 11.15991 14.19309 1.00300
v 11.15991 14.19309 0.80000
v 10.78991 14.19309 0.80000
v 10.74486 14.16478 0.80000
v 10.74116 14.15422 0.80000
v 10.75082 14.17426 0.80000
v 10.75874 14.18218 0.80000
v 10.76822 14.18814 0.80000
v 10.77878 14.19184 0.80000
v 10.75082 14.01192 0.80000
v 10.76822 13.99804 0.80000
v 10.75874 14.00400 0.80000
v 10.77878 13.99434 0.80000
v 10.74486 14.02140 0.80000
v 10.74116 14.03196 0.80000
v 4.11991 9.19309 1.00300
v 4.11991 9.19309 0.80000
v 4.48991 9.19309 0.80000
v 4.48991 9.39309 0.80000
v 4.11991 9.39309 0.80000
v 4.11991 9.39309 1.00300
v 4.53991 9.24309 0.80000
v 4.53991 9.34309 0.80000
v 4.52900 9.37426 0.80000
v 4.53496 9.36478 0.80000
v 4.52108 9.38218 0.80000
v 4.50104 9.39184 0.80000
v 4.51160 9.38814 0.80000
v 4.53866 9.35422 0.80000
v 4.53866 9.23196 0.80000
v 4.52900 9.21192 0.80000
v 4.53496 9.22140 0.80000
v 4.51160 9.19804 0.80000
v 4.52108 9.20400 0.80000
v 4.50104 9.19434 0.80000
v 10.78991 13.59309 0.80000
v 11.15991 13.59309 0.80000
v 11.15991 13.59309 1.00300
v 10.73991 13.74309 0.80000
v 10.73991 13.64309 0.80000
v 11.15991 13.79309 1.00300
v 11.15991 13.79309 0.80000
v 10.78991 13.79309 0.80000
v 10.75082 13.77426 0.80000
v 10.74486 13.76478 0.80000
v 10.75874 13.78218 0.80000
v 10.76822 13.78814 0.80000
v 10.77878 13.79184 0.80000
v 10.74116 13.75422 0.80000
v 10.74486 13.62140 0.80000
v 10.74116 13.63196 0.80000
v 10.75874 13.60400 0.80000
v 10.77878 13.59434 0.80000
v 10.76822 13.59804 0.80000
v 10.75082 13.61192 0.80000
v 10.78991 13.19309 0.80000
v 11.15991 13.19309 0.80000
v 11.15991 13.19309 1.00300
v 10.73991 13.34309 0.80000
v 10.73991 13.24309 0.80000
v 11.15991 13.39309 1.00300
v 11.15991 13.39309 0.80000
v 10.78991 13.39309 0.80000
v 10.76822 13.38814 0.80000
v 10.75874 13.38218 0.80000
v 10.77878 13.39184 0.80000
v 10.74486 13.36478 0.80000
v 10.74116 13.35422 0.80000
v 10.75082 13.37426 0.80000
v 10.74486 13.22140 0.80000
v 10.74116 13.23196 0.80000
v 10.75874 13.20400 0.80000
v 10.75082 13.21192 0.80000
v 10.77878 13.19434 0.80000
v 10.76822 13.19804 0.80000
v 10.78991 12.79309 0.80000
v 11.15991 12.79309 0.80000
v 11.15991 12.79309 1.00300
v 10.73991 12.94309 0.80000
v 10.73991 12.84309 0.80000
v 11.15991 12.99309 1.00300
v 11.15991 12.99309 0.80000
v 10.78991 12.99309 0.80000
v 10.76822 12.98814 0.80000
v 10.75874 12.98218 0.80000
v 10.77878 12.99184 0.80000
v 10.74486 12.96478 0.80000
v 10.74116 12.95422 0.80000
v 10.75082 12.97426 0.80000
v 10.74486 12.82140 0.80000
v 10.75874 12.80400 0.80000
v 10.75082 12.81192 0.80000
v 10.74116 12.83196 0.80000
v 10.76822 12.79804 0.80000
v 10.77878 12.79434 0.80000
v 10.78991 12.39309 0.80000
v 11.15991 12.39309 0.80000
v 11.15991 12.39309 1.00300
v 10.73991 12.54309 0.80000
v 10.73991 12.44309 0.80000
v 11.15991 12.59309 1.00300
v 11.15991 12.59309 0.80000
v 10.78991 12.59309 0.80000
v 10.75874 12.58218 0.80000
v 10.74486 12.56478 0.80000
v 10.75082 12.57426 0.80000
v 10.76822 12.58814 0.80000
v 10.77878 12.59184 0.80000
v 10.74116 12.55422 0.80000
v 10.74486 12.42140 0.80000
v 10.75874 12.40400 0.80000
v 10.75082 12.41192 0.80000
v 10.74116 12.43196 0.80000
v 10.76822 12.39804 0.80000
v 10.77878 12.39434 0.80000
v 10.78991 11.99309 0.80000
v 11.15991 11.99309 0.80000
v 11.15991 11.99309 1.00300
v 10.73991 12.14309 0.80000
v 10.73991 12.04309 0.80000
v 11.15991 12.19309 1.00300
v 11.15991 12.19309 0.80000
v 10.78991 12.19309 0.80000
v 10.76822 12.18814 0.80000
v 10.75874 12.18218 0.80000
v 10.77878 12.19184 0.80000
v 10.74486 12.16478 0.80000
v 10.74116 12.15422 0.80000
v 10.75082 12.17426 0.80000
v 10.74486 12.02140 0.80000
v 10.75874 12.00400 0.80000
v 10.75082 12.01192 0.80000
v 10.74116 12.03196 0.80000
v 10.76822 11.99804 0.80000
v 10.77878 11.99434 0.80000
v 10.78991 11.59309 0.80000
v 11.15991 11.59309 0.80000
v 11.15991 11.59309 1.00300
v 10.73991 11.74309 0.80000
v 10.73991 11.64309 0.80000
v 11.15991 11.79309 1.00300
v 11.15991 11.79309 0.80000
v 10.78991 11.79309 0.80000
v 10.76822 11.78814 0.80000
v 10.75874 11.78218 0.80000
v 10.77878 11.79184 0.80000
v 10.74486 11.76478 0.80000
v 10.74116 11.75422 0.80000
v 10.75082 11.77426 0.80000
v 10.74486 11.62140 0.80000
v 10.75874 11.60400 0.80000
v 10.75082 11.61192 0.80000
v 10.74116 11.63196 0.80000
v 10.76822 11.59804 0.80000
v 10.77878 11.59434 0.80000
v 10.78991 11.19309 0.80000
v 11.15991 11.19309 0.80000
v 11.15991 11.19309 1.00300
v 10.73991 11.34309 0.80000
v 10.73991 11.24309 0.80000
v 11.15991 11.39309 1.00300
v 11.15991 11.39309 0.80000
v 10.78991 11.39309 0.80000
v 10.75874 11.38218 0.80000
v 10.74486 11.36478 0.80000
v 10.75082 11.37426 0.80000
v 10.76822 11.38814 0.80000
v 10.77878 11.39184 0.80000
v 10.74116 11.35422 0.80000
v 10.74486 11.22140 0.80000
v 10.75874 11.20400 0.80000
v 10.75082 11.21192 0.80000
v 10.74116 11.23196 0.80000
v 10.76822 11.19804 0.80000
v 10.77878 11.19434 0.80000
v 10.78991 10.79309 0.80000
v 11.15991 10.79309 0.80000
v 11.15991 10.79309 1.00300
v 10.73991 10.94309 0.80000
v 10.73991 10.84309 0.80000
v 11.15991 10.99309 1.00300
v 11.15991 10.99309 0.80000
v 10.78991 10.99309 0.80000
v 10.75874 10.98218 0.80000
v 10.74486 10.96478 0.80000
v 10.75082 10.97426 0.80000
v 10.76822 10.98814 0.80000
v 10.77878 10.99184 0.80000
v 10.74116 10.95422 0.80000
v 10.74486 10.82140 0.80000
v 10.74116 10.83196 0.80000
v 10.75874 10.80400 0.80000
v 10.77878 10.79434 0.80000
v 10.76822 10.79804 0.80000
v 10.75082 10.81192 0.80000
v 10.78991 10.39309 0.80000
v 11.15991 10.39309 0.80000
v 11.15991 10.39309 1.00300
v 10.73991 10.54309 0.80000
v 10.73991 10.44309 0.80000
v 11.15991 10.59309 1.00300
v 11.15991 10.59309 0.80000
v 10.78991 10.59309 0.80000
v 10.76822 10.58814 0.80000
v 10.75874 10.58218 0.80000
v 10.77878 10.59184 0.80000
v 10.74486 10.56478 0.80000
v 10.74116 10.55422 0.80000
v 10.75082 10.57426 0.80000
v 10.74486 10.42140 0.80000
v 10.74116 10.43196 0.80000
v 10.75874 10.40400 0.80000
v 10.75082 10.41192 0.80000
v 10.77878 10.39434 0.80000
v 10.76822 10.39804 0.80000
v 10.78991 9.99309 0.80000
v 11.15991 9.99309 0.80000
v 11.15991 9.99309 1.00300
v 10.73991 10.14309 0.80000
v 10.73991 10.04309 0.80000
v 11.15991 10.19309 1.00300
v 11.15991 10.19309 0.80000
v 10.78991 10.19309 0.80000
v 10.75082 10.17426 0.80000
v 10.74486 10.16478 0.80000
v 10.75874 10.18218 0.80000
v 10.76822 10.18814 0.80000
v 10.77878 10.19184 0.80000
v 10.74116 10.15422 0.80000
v 10.74486 10.02140 0.80000
v 10.74116 10.03196 0.80000
v 10.76822 9.99804 0.80000
v 10.77878 9.99434 0.80000
v 10.75874 10.00400 0.80000
v 10.75082 10.01192 0.80000
v 10.78991 9.59309 0.80000
v 11.15991 9.59309 0.80000
v 11.15991 9.59309 1.00300
v 10.73991 9.74309 0.80000
v 10.73991 9.64309 0.80000
v 11.15991 9.79309 1.00300
v 11.15991 9.79309 0.80000
v 10.78991 9.79309 0.80000
v 10.74486 9.76478 0.80000
v 10.74116 9.75422 0.80000
v 10.75082 9.77426 0.80000
v 10.75874 9.78218 0.80000
v 10.76822 9.78814 0.80000
v 10.77878 9.79184 0.80000
v 10.75082 9.61192 0.80000
v 10.76822 9.59804 0.80000
v 10.75874 9.60400 0.80000
v 10.74486 9.62140 0.80000
v 10.77878 9.59434 0.80000
v 10.74116 9.63196 0.80000
v 10.78991 9.19309 0.80000
v 11.15991 9.19309 0.80000
v 11.15991 9.19309 1.00300
v 10.73991 9.34309 0.80000
v 10.73991 9.24309 0.80000
v 11.15991 9.39309 1.00300
v 11.15991 9.39309 0.80000
v 10.78991 9.39309 0.80000
v 10.74486 9.36478 0.80000
v 10.74116 9.35422 0.80000
v 10.75082 9.37426 0.80000
v 10.75874 9.38218 0.80000
v 10.76822 9.38814 0.80000
v 10.77878 9.39184 0.80000
v 10.75874 9.20400 0.80000
v 10.77878 9.19434 0.80000
v 10.76822 9.19804 0.80000
v 10.75082 9.21192 0.80000
v 10.74486 9.22140 0.80000
v 10.74116 9.23196 0.80000
v 9.73991 8.37309 1.00300
v 9.73991 8.74309 0.80000
v 9.73991 8.37309 0.80000
v 9.78991 8.79309 0.80000
v 9.88991 8.79309 0.80000
v 9.93991 8.37309 1.00300
v 9.93991 8.74309 0.80000
v 9.93991 8.37309 0.80000
v 9.93496 8.76478 0.80000
v 9.93866 8.75422 0.80000
v 9.91160 8.78814 0.80000
v 9.92108 8.78218 0.80000
v 9.92900 8.77426 0.80000
v 9.90104 8.79184 0.80000
v 9.75874 8.78218 0.80000
v 9.74116 8.75422 0.80000
v 9.74486 8.76478 0.80000
v 9.75082 8.77426 0.80000
v 9.76822 8.78814 0.80000
v 9.77878 8.79184 0.80000
v 9.33991 8.37309 1.00300
v 9.33991 8.74309 0.80000
v 9.33991 8.37309 0.80000
v 9.38991 8.79309 0.80000
v 9.48991 8.79309 0.80000
v 9.53991 8.37309 1.00300
v 9.53991 8.74309 0.80000
v 9.53991 8.37309 0.80000
v 9.52900 8.77426 0.80000
v 9.53496 8.76478 0.80000
v 9.53866 8.75422 0.80000
v 9.51160 8.78814 0.80000
v 9.52108 8.78218 0.80000
v 9.50104 8.79184 0.80000
v 9.35082 8.77426 0.80000
v 9.34116 8.75422 0.80000
v 9.34486 8.76478 0.80000
v 9.35874 8.78218 0.80000
v 9.36822 8.78814 0.80000
v 9.37878 8.79184 0.80000
v 8.93991 8.37309 1.00300
v 8.93991 8.74309 0.80000
v 8.93991 8.37309 0.80000
v 8.98991 8.79309 0.80000
v 9.08991 8.79309 0.80000
v 9.13991 8.37309 1.00300
v 9.13991 8.74309 0.80000
v 9.13991 8.37309 0.80000
v 9.11160 8.78814 0.80000
v 9.12108 8.78218 0.80000
v 9.12900 8.77426 0.80000
v 9.13496 8.76478 0.80000
v 9.13866 8.75422 0.80000
v 9.10104 8.79184 0.80000
v 8.95874 8.78218 0.80000
v 8.94116 8.75422 0.80000
v 8.94486 8.76478 0.80000
v 8.95082 8.77426 0.80000
v 8.96822 8.78814 0.80000
v 8.97878 8.79184 0.80000
v 8.53991 8.37309 1.00300
v 8.53991 8.74309 0.80000
v 8.53991 8.37309 0.80000
v 8.58991 8.79309 0.80000
v 8.68991 8.79309 0.80000
v 8.73991 8.37309 1.00300
v 8.73991 8.74309 0.80000
v 8.73991 8.37309 0.80000
v 8.71160 8.78814 0.80000
v 8.72108 8.78218 0.80000
v 8.72900 8.77426 0.80000
v 8.70104 8.79184 0.80000
v 8.73496 8.76478 0.80000
v 8.73866 8.75422 0.80000
v 8.55082 8.77426 0.80000
v 8.54116 8.75422 0.80000
v 8.54486 8.76478 0.80000
v 8.55874 8.78218 0.80000
v 8.56822 8.78814 0.80000
v 8.57878 8.79184 0.80000
v 8.13991 8.37309 1.00300
v 8.13991 8.74309 0.80000
v 8.13991 8.37309 0.80000
v 8.18991 8.79309 0.80000
v 8.28991 8.79309 0.80000
v 8.33991 8.37309 1.00300
v 8.33991 8.74309 0.80000
v 8.33991 8.37309 0.80000
v 8.30104 8.79184 0.80000
v 8.31160 8.78814 0.80000
v 8.32108 8.78218 0.80000
v 8.32900 8.77426 0.80000
v 8.33496 8.76478 0.80000
v 8.33866 8.75422 0.80000
v 8.14486 8.76478 0.80000
v 8.14116 8.75422 0.80000
v 8.17878 8.79184 0.80000
v 8.15082 8.77426 0.80000
v 8.15874 8.78218 0.80000
v 8.16822 8.78814 0.80000
v 7.73991 8.37309 1.00300
v 7.73991 8.74309 0.80000
v 7.73991 8.37309 0.80000
v 7.78991 8.79309 0.80000
v 7.88991 8.79309 0.80000
v 7.93991 8.37309 1.00300
v 7.93991 8.74309 0.80000
v 7.93991 8.37309 0.80000
v 7.92900 8.77426 0.80000
v 7.93496 8.76478 0.80000
v 7.93866 8.75422 0.80000
v 7.91160 8.78814 0.80000
v 7.92108 8.78218 0.80000
v 7.90104 8.79184 0.80000
v 7.74486 8.76478 0.80000
v 7.74116 8.75422 0.80000
v 7.75874 8.78218 0.80000
v 7.75082 8.77426 0.80000
v 7.76822 8.78814 0.80000
v 7.77878 8.79184 0.80000
v 7.33991 8.37309 1.00300
v 7.33991 8.74309 0.80000
v 7.33991 8.37309 0.80000
v 7.38991 8.79309 0.80000
v 7.48991 8.79309 0.80000
v 7.53991 8.37309 1.00300
v 7.53991 8.74309 0.80000
v 7.53991 8.37309 0.80000
v 7.52900 8.77426 0.80000
v 7.53496 8.76478 0.80000
v 7.53866 8.75422 0.80000
v 7.50104 8.79184 0.80000
v 7.51160 8.78814 0.80000
v 7.52108 8.78218 0.80000
v 7.34486 8.76478 0.80000
v 7.34116 8.75422 0.80000
v 7.35082 8.77426 0.80000
v 7.35874 8.78218 0.80000
v 7.36822 8.78814 0.80000
v 7.37878 8.79184 0.80000
v 6.93991 8.37309 1.00300
v 6.93991 8.74309 0.80000
v 6.93991 8.37309 0.80000
v 6.98991 8.79309 0.80000
v 7.08991 8.79309 0.80000
v 7.13991 8.37309 1.00300
v 7.13991 8.74309 0.80000
v 7.13991 8.37309 0.80000
v 7.13496 8.76478 0.80000
v 7.13866 8.75422 0.80000
v 7.11160 8.78814 0.80000
v 7.12108 8.78218 0.80000
v 7.12900 8.77426 0.80000
v 7.10104 8.79184 0.80000
v 6.95082 8.77426 0.80000
v 6.94116 8.75422 0.80000
v 6.94486 8.76478 0.80000
v 6.95874 8.78218 0.80000
v 6.96822 8.78814 0.80000
v 6.97878 8.79184 0.80000
v 6.53991 8.37309 1.00300
v 6.53991 8.74309 0.80000
v 6.53991 8.37309 0.80000
v 6.58991 8.79309 0.80000
v 6.68991 8.79309 0.80000
v 6.73991 8.37309 1.00300
v 6.73991 8.74309 0.80000
v 6.73991 8.37309 0.80000
v 6.73496 8.76478 0.80000
v 6.73866 8.75422 0.80000
v 6.71160 8.78814 0.80000
v 6.72108 8.78218 0.80000
v 6.72900 8.77426 0.80000
v 6.70104 8.79184 0.80000
v 6.55082 8.77426 0.80000
v 6.54116 8.75422 0.80000
v 6.54486 8.76478 0.80000
v 6.55874 8.78218 0.80000
v 6.56822 8.78814 0.80000
v 6.57878 8.79184 0.80000
v 6.13991 8.37309 1.00300
v 6.13991 8.74309 0.80000
v 6.13991 8.37309 0.80000
v 6.18991 8.79309 0.80000
v 6.28991 8.79309 0.80000
v 6.33991 8.37309 1.00300
v 6.33991 8.74309 0.80000
v 6.33991 8.37309 0.80000
v 6.31160 8.78814 0.80000
v 6.32108 8.78218 0.80000
v 6.32900 8.77426 0.80000
v 6.33496 8.76478 0.80000
v 6.30104 8.79184 0.80000
v 6.33866 8.75422 0.80000
v 6.15874 8.78218 0.80000
v 6.14116 8.75422 0.80000
v 6.14486 8.76478 0.80000
v 6.15082 8.77426 0.80000
v 6.16822 8.78814 0.80000
v 6.17878 8.79184 0.80000
v 5.73991 8.37309 1.00300
v 5.73991 8.74309 0.80000
v 5.73991 8.37309 0.80000
v 5.78991 8.79309 0.80000
v 5.88991 8.79309 0.80000
v 5.93991 8.37309 1.00300
v 5.93991 8.74309 0.80000
v 5.93991 8.37309 0.80000
v 5.90104 8.79184 0.80000
v 5.91160 8.78814 0.80000
v 5.92108 8.78218 0.80000
v 5.92900 8.77426 0.80000
v 5.93496 8.76478 0.80000
v 5.93866 8.75422 0.80000
v 5.75874 8.78218 0.80000
v 5.74116 8.75422 0.80000
v 5.74486 8.76478 0.80000
v 5.75082 8.77426 0.80000
v 5.76822 8.78814 0.80000
v 5.77878 8.79184 0.80000
v 5.33991 8.37309 1.00300
v 5.33991 8.74309 0.80000
v 5.33991 8.37309 0.80000
v 5.38991 8.79309 0.80000
v 5.48991 8.79309 0.80000
v 5.53991 8.37309 1.00300
v 5.53991 8.74309 0.80000
v 5.53991 8.37309 0.80000
v 5.51160 8.78814 0.80000
v 5.52108 8.78218 0.80000
v 5.52900 8.77426 0.80000
v 5.53496 8.76478 0.80000
v 5.50104 8.79184 0.80000
v 5.53866 8.75422 0.80000
v 5.34486 8.76478 0.80000
v 5.34116 8.75422 0.80000
v 5.35874 8.78218 0.80000
v 5.35082 8.77426 0.80000
v 5.36822 8.78814 0.80000
v 5.37878 8.79184 0.80000
v 4.93991 8.37309 1.00300
v 4.93991 8.74309 0.80000
v 4.93991 8.37309 0.80000
v 4.98991 8.79309 0.80000
v 5.08991 8.79309 0.80000
v 5.13991 8.37309 1.00300
v 5.13991 8.74309 0.80000
v 5.13991 8.37309 0.80000
v 5.10104 8.79184 0.80000
v 5.11160 8.78814 0.80000
v 5.12108 8.78218 0.80000
v 5.12900 8.77426 0.80000
v 5.13496 8.76478 0.80000
v 5.13866 8.75422 0.80000
v 4.95082 8.77426 0.80000
v 4.94116 8.75422 0.80000
v 4.94486 8.76478 0.80000
v 4.95874 8.78218 0.80000
v 4.96822 8.78814 0.80000
v 4.97878 8.79184 0.80000
v 4.11991 9.59309 1.00300
v 4.11991 9.59309 0.80000
v 4.48991 9.59309 0.80000
v 4.48991 9.79309 0.80000
v 4.11991 9.79309 0.80000
v 4.11991 9.79309 1.00300
v 4.53991 9.64309 0.80000
v 4.53991 9.74309 0.80000
v 4.50104 9.79184 0.80000
v 4.51160 9.78814 0.80000
v 4.52108 9.78218 0.80000
v 4.52900 9.77426 0.80000
v 4.53496 9.76478 0.80000
v 4.53866 9.75422 0.80000
v 4.50104 9.59434 0.80000
v 4.52108 9.60400 0.80000
v 4.51160 9.59804 0.80000
v 4.53866 9.63196 0.80000
v 4.52900 9.61192 0.80000
v 4.53496 9.62140 0.80000
v 4.11991 9.99309 1.00300
v 4.11991 9.99309 0.80000
v 4.48991 9.99309 0.80000
v 4.48991 10.19309 0.80000
v 4.11991 10.19309 0.80000
v 4.11991 10.19309 1.00300
v 4.53991 10.04309 0.80000
v 4.53991 10.14309 0.80000
v 4.51160 10.18814 0.80000
v 4.52108 10.18218 0.80000
v 4.50104 10.19184 0.80000
v 4.52900 10.17426 0.80000
v 4.53496 10.16478 0.80000
v 4.53866 10.15422 0.80000
v 4.53866 10.03196 0.80000
v 4.53496 10.02140 0.80000
v 4.52900 10.01192 0.80000
v 4.52108 10.00400 0.80000
v 4.50104 9.99434 0.80000
v 4.51160 9.99804 0.80000
v 4.11991 10.39309 1.00300
v 4.11991 10.39309 0.80000
v 4.48991 10.39309 0.80000
v 4.48991 10.59309 0.80000
v 4.11991 10.59309 0.80000
v 4.11991 10.59309 1.00300
v 4.53991 10.44309 0.80000
v 4.53991 10.54309 0.80000
v 4.51160 10.58814 0.80000
v 4.52108 10.58218 0.80000
v 4.50104 10.59184 0.80000
v 4.53496 10.56478 0.80000
v 4.52900 10.57426 0.80000
v 4.53866 10.55422 0.80000
v 4.53866 10.43196 0.80000
v 4.53496 10.42140 0.80000
v 4.52900 10.41192 0.80000
v 4.52108 10.40400 0.80000
v 4.50104 10.39434 0.80000
v 4.51160 10.39804 0.80000
v 4.11991 10.79309 1.00300
v 4.11991 10.79309 0.80000
v 4.48991 10.79309 0.80000
v 4.48991 10.99309 0.80000
v 4.11991 10.99309 0.80000
v 4.11991 10.99309 1.00300
v 4.53991 10.84309 0.80000
v 4.53991 10.94309 0.80000
v 4.51160 10.98814 0.80000
v 4.52108 10.98218 0.80000
v 4.50104 10.99184 0.80000
v 4.52900 10.97426 0.80000
v 4.53496 10.96478 0.80000
v 4.53866 10.95422 0.80000
v 4.53866 10.83196 0.80000
v 4.53496 10.82140 0.80000
v 4.52900 10.81192 0.80000
v 4.52108 10.80400 0.80000
v 4.50104 10.79434 0.80000
v 4.51160 10.79804 0.80000
v 4.11991 11.19309 1.00300
v 4.11991 11.19309 0.80000
v 4.48991 11.19309 0.80000
v 4.48991 11.39309 0.80000
v 4.11991 11.39309 0.80000
v 4.11991 11.39309 1.00300
v 4.53991 11.24309 0.80000
v 4.53991 11.34309 0.80000
v 4.51160 11.38814 0.80000
v 4.52108 11.38218 0.80000
v 4.50104 11.39184 0.80000
v 4.52900 11.37426 0.80000
v 4.53496 11.36478 0.80000
v 4.53866 11.35422 0.80000
v 4.53866 11.23196 0.80000
v 4.53496 11.22140 0.80000
v 4.50104 11.19434 0.80000
v 4.52108 11.20400 0.80000
v 4.51160 11.19804 0.80000
v 4.52900 11.21192 0.80000
v 4.11991 11.59309 1.00300
v 4.11991 11.59309 0.80000
v 4.48991 11.59309 0.80000
v 4.48991 11.79309 0.80000
v 4.11991 11.79309 0.80000
v 4.11991 11.79309 1.00300
v 4.53991 11.64309 0.80000
v 4.53991 11.74309 0.80000
v 4.52900 11.77426 0.80000
v 4.53496 11.76478 0.80000
v 4.52108 11.78218 0.80000
v 4.50104 11.79184 0.80000
v 4.51160 11.78814 0.80000
v 4.53866 11.75422 0.80000
v 4.53866 11.63196 0.80000
v 4.53496 11.62140 0.80000
v 4.50104 11.59434 0.80000
v 4.52108 11.60400 0.80000
v 4.51160 11.59804 0.80000
v 4.52900 11.61192 0.80000
v 4.11991 11.99309 1.00300
v 4.11991 11.99309 0.80000
v 4.48991 11.99309 0.80000
v 4.48991 12.19309 0.80000
v 4.11991 12.19309 0.80000
v 4.11991 12.19309 1.00300
v 4.53991 12.04309 0.80000
v 4.53991 12.14309 0.80000
v 4.51160 12.18814 0.80000
v 4.52108 12.18218 0.80000
v 4.50104 12.19184 0.80000
v 4.52900 12.17426 0.80000
v 4.53496 12.16478 0.80000
v 4.53866 12.15422 0.80000
v 4.53866 12.03196 0.80000
v 4.53496 12.02140 0.80000
v 4.50104 11.99434 0.80000
v 4.52108 12.00400 0.80000
v 4.51160 11.99804 0.80000
v 4.52900 12.01192 0.80000
v 4.11991 12.39309 1.00300
v 4.11991 12.39309 0.80000
v 4.48991 12.39309 0.80000
v 4.48991 12.59309 0.80000
v 4.11991 12.59309 0.80000
v 4.11991 12.59309 1.00300
v 4.53991 12.44309 0.80000
v 4.53991 12.54309 0.80000
v 4.51160 12.58814 0.80000
v 4.52108 12.58218 0.80000
v 4.50104 12.59184 0.80000
v 4.52900 12.57426 0.80000
v 4.53496 12.56478 0.80000
v 4.53866 12.55422 0.80000
v 4.53866 12.43196 0.80000
v 4.53496 12.42140 0.80000
v 4.50104 12.39434 0.80000
v 4.52108 12.40400 0.80000
v 4.51160 12.39804 0.80000
v 4.52900 12.41192 0.80000
v 4.11991 12.79309 1.00300
v 4.11991 12.79309 0.80000
v 4.48991 12.79309 0.80000
v 4.48991 12.99309 0.80000
v 4.11991 12.99309 0.80000
v 4.11991 12.99309 1.00300
v 4.53991 12.84309 0.80000
v 4.53991 12.94309 0.80000
v 4.51160 12.98814 0.80000
v 4.52108 12.98218 0.80000
v 4.50104 12.99184 0.80000
v 4.53496 12.96478 0.80000
v 4.52900 12.97426 0.80000
v 4.53866 12.95422 0.80000
v 4.51160 12.79804 0.80000
v 4.50104 12.79434 0.80000
v 4.52108 12.80400 0.80000
v 4.53866 12.83196 0.80000
v 4.52900 12.81192 0.80000
v 4.53496 12.82140 0.80000
v 4.11991 13.19309 1.00300
v 4.11991 13.19309 0.80000
v 4.48991 13.19309 0.80000
v 4.48991 13.39309 0.80000
v 4.11991 13.39309 0.80000
v 4.11991 13.39309 1.00300
v 4.53991 13.24309 0.80000
v 4.53991 13.34309 0.80000
v 4.51160 13.38814 0.80000
v 4.52108 13.38218 0.80000
v 4.50104 13.39184 0.80000
v 4.53496 13.36478 0.80000
v 4.52900 13.37426 0.80000
v 4.53866 13.35422 0.80000
v 4.53866 13.23196 0.80000
v 4.53496 13.22140 0.80000
v 4.52900 13.21192 0.80000
v 4.52108 13.20400 0.80000
v 4.50104 13.19434 0.80000
v 4.51160 13.19804 0.80000
v 4.11991 13.59309 1.00300
v 4.11991 13.59309 0.80000
v 4.48991 13.59309 0.80000
v 4.48991 13.79309 0.80000
v 4.11991 13.79309 0.80000
v 4.11991 13.79309 1.00300
v 4.53991 13.64309 0.80000
v 4.53991 13.74309 0.80000
v 4.51160 13.78814 0.80000
v 4.52108 13.78218 0.80000
v 4.50104 13.79184 0.80000
v 4.53496 13.76478 0.80000
v 4.52900 13.77426 0.80000
v 4.53866 13.75422 0.80000
v 4.53866 13.63196 0.80000
v 4.53496 13.62140 0.80000
v 4.52900 13.61192 0.80000
v 4.52108 13.60400 0.80000
v 4.50104 13.59434 0.80000
v 4.51160 13.59804 0.80000
v 4.11991 13.99309 1.00300
v 4.11991 13.99309 0.80000
v 4.48991 13.99309 0.80000
v 4.48991 14.19309 0.80000
v 4.11991 14.19309 0.80000
v 4.11991 14.19309 1.00300
v 4.53991 14.04309 0.80000
v 4.53991 14.14309 0.80000
v 4.50104 14.19184 0.80000
v 4.51160 14.18814 0.80000
v 4.52108 14.18218 0.80000
v 4.52900 14.17426 0.80000
v 4.53496 14.16478 0.80000
v 4.53866 14.15422 0.80000
v 4.53866 14.03196 0.80000
v 4.53496 14.02140 0.80000
v 4.50104 13.99434 0.80000
v 4.52108 14.00400 0.80000
v 4.51160 13.99804 0.80000
v 4.52900 14.01192 0.80000
v 4.48991 14.59309 0.80000
v 4.11991 14.59309 0.80000
v 4.11991 14.59309 1.00300
v 4.53991 14.44309 0.80000
v 4.53991 14.54309 0.80000
v 4.11991 14.39309 1.00300
v 4.11991 14.39309 0.80000
v 4.48991 14.39309 0.80000
v 4.50104 14.39434 0.80000
v 4.53496 14.42140 0.80000
v 4.52900 14.41192 0.80000
v 4.52108 14.40400 0.80000
v 4.51160 14.39804 0.80000
v 4.53866 14.43196 0.80000
v 4.51160 14.58814 0.80000
v 4.52108 14.58218 0.80000
v 4.52900 14.57426 0.80000
v 4.50104 14.59184 0.80000
v 4.53496 14.56478 0.80000
v 4.53866 14.55422 0.80000
v 5.13991 15.41309 1.00300
v 5.13991 15.41309 0.80000
v 5.13991 15.04309 0.80000
v 5.08991 14.99309 0.80000
v 4.98991 14.99309 0.80000
v 4.93991 15.41309 0.80000
v 4.93991 15.41309 1.00300
v 4.93991 15.04309 0.80000
v 5.13866 15.03196 0.80000
v 5.13496 15.02140 0.80000
v 5.12900 15.01192 0.80000
v 5.12108 15.00400 0.80000
v 5.11160 14.99804 0.80000
v 5.10104 14.99434 0.80000
v 4.96822 14.99804 0.80000
v 4.97878 14.99434 0.80000
v 4.95874 15.00400 0.80000
v 4.95082 15.01192 0.80000
v 4.94486 15.02140 0.80000
v 4.94116 15.03196 0.80000
v 5.53991 15.41309 1.00300
v 5.53991 15.41309 0.80000
v 5.53991 15.04309 0.80000
v 5.48991 14.99309 0.80000
v 5.38991 14.99309 0.80000
v 5.33991 15.41309 1.00300
v 5.33991 15.41309 0.80000
v 5.33991 15.04309 0.80000
v 5.53866 15.03196 0.80000
v 5.53496 15.02140 0.80000
v 5.52900 15.01192 0.80000
v 5.52108 15.00400 0.80000
v 5.51160 14.99804 0.80000
v 5.50104 14.99434 0.80000
v 5.34486 15.02140 0.80000
v 5.36822 14.99804 0.80000
v 5.35874 15.00400 0.80000
v 5.35082 15.01192 0.80000
v 5.37878 14.99434 0.80000
v 5.34116 15.03196 0.80000
v 5.93991 15.41309 1.00300
v 5.93991 15.41309 0.80000
v 5.93991 15.04309 0.80000
v 5.88991 14.99309 0.80000
v 5.78991 14.99309 0.80000
v 5.73991 15.41309 1.00300
v 5.73991 15.41309 0.80000
v 5.73991 15.04309 0.80000
v 5.93866 15.03196 0.80000
v 5.93496 15.02140 0.80000
v 5.92900 15.01192 0.80000
v 5.92108 15.00400 0.80000
v 5.91160 14.99804 0.80000
v 5.90104 14.99434 0.80000
v 5.77878 14.99434 0.80000
v 5.76822 14.99804 0.80000
v 5.75874 15.00400 0.80000
v 5.75082 15.01192 0.80000
v 5.74486 15.02140 0.80000
v 5.74116 15.03196 0.80000
v 6.33991 15.41309 1.00300
v 6.33991 15.41309 0.80000
v 6.33991 15.04309 0.80000
v 6.28991 14.99309 0.80000
v 6.18991 14.99309 0.80000
v 6.13991 15.41309 0.80000
v 6.13991 15.41309 1.00300
v 6.13991 15.04309 0.80000
v 6.33866 15.03196 0.80000
v 6.33496 15.02140 0.80000
v 6.32900 15.01192 0.80000
v 6.32108 15.00400 0.80000
v 6.31160 14.99804 0.80000
v 6.30104 14.99434 0.80000
v 6.17878 14.99434 0.80000
v 6.16822 14.99804 0.80000
v 6.15874 15.00400 0.80000
v 6.15082 15.01192 0.80000
v 6.14486 15.02140 0.80000
v 6.14116 15.03196 0.80000
v 6.73991 15.41309 1.00300
v 6.73991 15.41309 0.80000
v 6.73991 15.04309 0.80000
v 6.68991 14.99309 0.80000
v 6.58991 14.99309 0.80000
v 6.53991 15.41309 0.80000
v 6.53991 15.41309 1.00300
v 6.53991 15.04309 0.80000
v 6.73866 15.03196 0.80000
v 6.73496 15.02140 0.80000
v 6.72900 15.01192 0.80000
v 6.72108 15.00400 0.80000
v 6.71160 14.99804 0.80000
v 6.70104 14.99434 0.80000
v 6.57878 14.99434 0.80000
v 6.56822 14.99804 0.80000
v 6.55874 15.00400 0.80000
v 6.55082 15.01192 0.80000
v 6.54486 15.02140 0.80000
v 6.54116 15.03196 0.80000
v 7.13991 15.41309 1.00300
v 7.13991 15.41309 0.80000
v 7.13991 15.04309 0.80000
v 7.08991 14.99309 0.80000
v 6.98991 14.99309 0.80000
v 6.93991 15.41309 0.80000
v 6.93991 15.41309 1.00300
v 6.93991 15.04309 0.80000
v 7.13866 15.03196 0.80000
v 7.13496 15.02140 0.80000
v 7.12900 15.01192 0.80000
v 7.12108 15.00400 0.80000
v 7.11160 14.99804 0.80000
v 7.10104 14.99434 0.80000
v 6.97878 14.99434 0.80000
v 6.96822 14.99804 0.80000
v 6.95874 15.00400 0.80000
v 6.95082 15.01192 0.80000
v 6.94486 15.02140 0.80000
v 6.94116 15.03196 0.80000
v 7.53991 15.41309 1.00300
v 7.53991 15.41309 0.80000
v 7.53991 15.04309 0.80000
v 7.48991 14.99309 0.80000
v 7.38991 14.99309 0.80000
v 7.33991 15.41309 0.80000
v 7.33991 15.41309 1.00300
v 7.33991 15.04309 0.80000
v 7.53866 15.03196 0.80000
v 7.53496 15.02140 0.80000
v 7.52900 15.01192 0.80000
v 7.52108 15.00400 0.80000
v 7.51160 14.99804 0.80000
v 7.50104 14.99434 0.80000
v 7.37878 14.99434 0.80000
v 7.36822 14.99804 0.80000
v 7.35874 15.00400 0.80000
v 7.35082 15.01192 0.80000
v 7.34486 15.02140 0.80000
v 7.34116 15.03196 0.80000
v 7.93991 15.41309 1.00300
v 7.93991 15.41309 0.80000
v 7.93991 15.04309 0.80000
v 7.88991 14.99309 0.80000
v 7.78991 14.99309 0.80000
v 7.73991 15.41309 1.00300
v 7.73991 15.41309 0.80000
v 7.73991 15.04309 0.80000
v 7.93866 15.03196 0.80000
v 7.93496 15.02140 0.80000
v 7.92900 15.01192 0.80000
v 7.92108 15.00400 0.80000
v 7.91160 14.99804 0.80000
v 7.90104 14.99434 0.80000
v 7.77878 14.99434 0.80000
v 7.76822 14.99804 0.80000
v 7.75874 15.00400 0.80000
v 7.75082 15.01192 0.80000
v 7.74486 15.02140 0.80000
v 7.74116 15.03196 0.80000
v 8.33991 15.41309 1.00300
v 8.33991 15.41309 0.80000
v 8.33991 15.04309 0.80000
v 8.28991 14.99309 0.80000
v 8.18991 14.99309 0.80000
v 8.13991 15.41309 1.00300
v 8.13991 15.41309 0.80000
v 8.13991 15.04309 0.80000
v 8.30104 14.99434 0.80000
v 8.33496 15.02140 0.80000
v 8.32900 15.01192 0.80000
v 8.32108 15.00400 0.80000
v 8.31160 14.99804 0.80000
v 8.33866 15.03196 0.80000
v 8.17878 14.99434 0.80000
v 8.16822 14.99804 0.80000
v 8.15874 15.00400 0.80000
v 8.15082 15.01192 0.80000
v 8.14486 15.02140 0.80000
v 8.14116 15.03196 0.80000
v 8.73991 15.41309 1.00300
v 8.73991 15.41309 0.80000
v 8.73991 15.04309 0.80000
v 8.68991 14.99309 0.80000
v 8.58991 14.99309 0.80000
v 8.53991 15.41309 1.00300
v 8.53991 15.41309 0.80000
v 8.53991 15.04309 0.80000
v 8.73866 15.03196 0.80000
v 8.73496 15.02140 0.80000
v 8.72900 15.01192 0.80000
v 8.72108 15.00400 0.80000
v 8.71160 14.99804 0.80000
v 8.70104 14.99434 0.80000
v 8.57878 14.99434 0.80000
v 8.56822 14.99804 0.80000
v 8.55874 15.00400 0.80000
v 8.55082 15.01192 0.80000
v 8.54486 15.02140 0.80000
v 8.54116 15.03196 0.80000
v 9.13991 15.41309 1.00300
v 9.13991 15.41309 0.80000
v 9.13991 15.04309 0.80000
v 9.08991 14.99309 0.80000
v 8.98991 14.99309 0.80000
v 8.93991 15.41309 0.80000
v 8.93991 15.41309 1.00300
v 8.93991 15.04309 0.80000
v 9.13866 15.03196 0.80000
v 9.13496 15.02140 0.80000
v 9.12900 15.01192 0.80000
v 9.12108 15.00400 0.80000
v 9.11160 14.99804 0.80000
v 9.10104 14.99434 0.80000
v 8.97878 14.99434 0.80000
v 8.96822 14.99804 0.80000
v 8.95874 15.00400 0.80000
v 8.95082 15.01192 0.80000
v 8.94486 15.02140 0.80000
v 8.94116 15.03196 0.80000
v 9.53991 15.41309 1.00300
v 9.53991 15.41309 0.80000
v 9.53991 15.04309 0.80000
v 9.48991 14.99309 0.80000
v 9.38991 14.99309 0.80000
v 9.33991 15.41309 1.00300
v 9.33991 15.41309 0.80000
v 9.33991 15.04309 0.80000
v 9.50104 14.99434 0.80000
v 9.52900 15.01192 0.80000
v 9.52108 15.00400 0.80000
v 9.51160 14.99804 0.80000
v 9.53866 15.03196 0.80000
v 9.53496 15.02140 0.80000
v 9.37878 14.99434 0.80000
v 9.36822 14.99804 0.80000
v 9.35874 15.00400 0.80000
v 9.35082 15.01192 0.80000
v 9.34486 15.02140 0.80000
v 9.34116 15.03196 0.80000
v 9.93991 15.41309 1.00300
v 9.93991 15.41309 0.80000
v 9.93991 15.04309 0.80000
v 9.88991 14.99309 0.80000
v 9.78991 14.99309 0.80000
v 9.73991 15.41309 0.80000
v 9.73991 15.41309 1.00300
v 9.73991 15.04309 0.80000
v 9.90104 14.99434 0.80000
v 9.93496 15.02140 0.80000
v 9.92900 15.01192 0.80000
v 9.92108 15.00400 0.80000
v 9.91160 14.99804 0.80000
v 9.93866 15.03196 0.80000
v 9.77878 14.99434 0.80000
v 9.76822 14.99804 0.80000
v 9.75874 15.00400 0.80000
v 9.75082 15.01192 0.80000
v 9.74486 15.02140 0.80000
v 9.74116 15.03196 0.80000
v 10.33991 15.41309 1.00300
v 10.33991 15.41309 0.80000
v 10.33991 15.04309 0.80000
v 10.28991 14.99309 0.80000
v 10.18991 14.99309 0.80000
v 10.13991 15.41309 0.80000
v 10.13991 15.41309 1.00300
v 10.13991 15.04309 0.80000
v 10.33866 15.03196 0.80000
v 10.33496 15.02140 0.80000
v 10.32900 15.01192 0.80000
v 10.32108 15.00400 0.80000
v 10.31160 14.99804 0.80000
v 10.30104 14.99434 0.80000
v 10.17878 14.99434 0.80000
v 10.16822 14.99804 0.80000
v 10.15874 15.00400 0.80000
v 10.15082 15.01192 0.80000
v 10.14486 15.02140 0.80000
v 10.14116 15.03196 0.80000
v 9.66341 12.38004 1.63000
v 9.70166 12.70410 1.63000
v 9.55426 12.07252 1.63000
v 9.37964 11.79686 1.63000
v 9.14825 11.56678 1.63000
v 8.87160 11.39373 1.63000
v 8.56347 11.28633 1.63000
v 8.23919 11.24993 1.63000
v 9.70166 12.71209 1.63000
v 9.89182 12.71209 1.63000
v 10.07283 12.45409 1.63000
v 9.93044 11.99654 1.63000
v 9.68173 11.58695 1.63000
v 9.34143 11.24957 1.63000
v 8.92970 11.00440 1.63000
v 8.47094 10.86597 1.63000
v 8.20856 11.03783 1.63000
v 8.19944 11.25049 1.63000
v 8.65779 12.62811 1.63000
v 8.67326 12.72911 1.63000
v 8.62082 12.53285 1.63000
v 8.56409 12.44785 1.63000
v 8.49031 12.37716 1.63000
v 8.40297 12.32412 1.63000
v 8.30621 12.29126 1.63000
v 8.71726 12.82467 1.63000
v 8.78241 12.90726 1.63000
v 8.86510 12.97228 1.63000
v 8.96072 13.01613 1.63000
v 9.06395 13.03637 1.63000
v 9.16905 13.03185 1.63000
v 9.27017 13.00285 1.63000
v 9.36168 12.95097 1.63000
v 9.43849 12.87909 1.63000
v 9.49632 12.79122 1.63000
v 9.53197 12.69225 1.63000
v 9.49946 12.40461 1.63000
v 9.40378 12.13140 1.63000
v 9.24971 11.88633 1.63000
v 9.04499 11.68168 1.63000
v 8.79986 11.52770 1.63000
v 8.52662 11.43211 1.63000
v 8.23897 11.39970 1.63000
v 8.14783 11.40293 1.63000
v 8.05714 11.41257 1.63000
v 7.96736 11.42858 1.63000
v 7.89404 11.57505 1.63000
v 7.94996 11.76285 1.63000
v 8.12831 11.72922 1.63000
v 8.21906 11.72498 1.63000
v 8.03835 11.74188 1.63000
v 9.15680 12.43189 1.63000
v 9.19252 12.63844 1.63000
v 9.07777 12.23773 1.63000
v 8.95908 12.06495 1.63000
v 8.80622 11.92151 1.63000
v 8.62625 11.81404 1.63000
v 8.42746 11.74751 1.63000
v 9.19198 12.64425 1.63000
v 9.19106 12.64703 1.63000
v 9.19248 12.64137 1.63000
v 9.12619 12.70212 1.63000
v 9.10432 12.70470 1.63000
v 9.14687 12.69453 1.63000
v 9.16521 12.68233 1.63000
v 9.18022 12.66620 1.63000
v 9.02839 12.66621 1.63000
v 9.01754 12.64703 1.63000
v 9.04340 12.68234 1.63000
v 9.06175 12.69454 1.63000
v 9.08244 12.70213 1.63000
v 8.09280 11.93458 1.63000
v 7.97321 11.96242 1.63000
v 7.85924 12.00810 1.63000
v 7.87488 12.18578 1.63000
v 9.92257 11.64707 1.63000
v 10.10932 12.06420 1.63000
v 9.64045 11.28751 1.63000
v 9.27971 11.00688 1.63000
v 8.86181 10.82187 1.63000
v 10.20119 12.03124 1.63000
v 10.19121 11.74836 1.63000
v 10.11529 11.47567 1.63000
v 9.97765 11.22833 1.63000
v 9.78595 11.02007 1.63000
v 9.55083 10.86246 1.63000
v 9.28535 10.76426 1.63000
v 9.00426 10.73093 1.63667
v 9.27781 13.17267 1.63000
v 9.02613 13.19689 1.63000
v 9.52024 13.10089 1.63000
v 9.74453 12.98418 1.63000
v 9.94244 12.82684 1.63000
v 7.89316 11.20104 1.63000
v 8.08117 10.95645 1.63000
v 7.76707 11.48259 1.63000
v 7.70981 11.78572 1.63000
v 7.72450 12.09387 1.63000
v 7.81034 12.39018 1.63000
v 7.96264 12.65847 1.63000
v 8.17306 12.88405 1.63000
v 8.43012 13.05462 1.63000
v 8.71975 13.16083 1.63000
v 8.04547 10.92450 1.63000
v 7.84735 11.18070 1.63000
v 7.71422 11.47594 1.63000
v 7.65338 11.79404 1.63000
v 7.66816 12.11757 1.63000
v 7.75776 12.42879 1.63000
v 7.91726 12.71066 1.63000
v 8.13791 12.94772 1.63000
v 8.40764 13.12699 1.63000
v 8.71165 13.23864 1.63000
v 9.03329 13.27654 1.63000
v 9.29772 13.25103 1.63000
v 9.55239 13.17544 1.63000
v 9.78792 13.05257 1.63000
v 9.99562 12.88695 1.63000
v 8.33688 12.77914 1.63000
v 8.37473 12.76478 1.63000
v 8.40805 12.74178 1.63000
v 8.43490 12.71148 1.63000
v 8.45371 12.67564 1.63000
v 8.46340 12.63633 1.63000
v 8.46340 12.59585 1.63000
v 8.45371 12.55654 1.63000
v 8.43490 12.52070 1.63000
v 8.40805 12.49040 1.63000
v 8.37473 12.46740 1.63000
v 8.33688 12.45304 1.63000
v 10.68777 15.08728 1.63000
v 10.73285 15.07018 1.63000
v 10.77253 15.04279 1.63000
v 10.80451 15.00670 1.63000
v 10.82691 14.96401 1.63000
v 10.83845 14.91720 1.63000
v 10.83845 14.86898 1.63000
v 10.82691 14.82217 1.63000
v 10.80451 14.77948 1.63000
v 10.77253 14.74339 1.63000
v 10.73285 14.71600 1.63000
v 10.68777 14.69890 1.63000
v 6.47512 10.23284 1.63000
v 6.47498 10.23031 1.63000
v 6.47541 10.23536 1.63000
v 6.47583 10.23785 1.63000
v 6.47498 10.20669 1.63000
v 6.57713 10.09309 1.63000
v 6.55160 10.09591 1.63000
v 6.52991 10.10388 1.63000
v 6.51259 10.11542 1.63000
v 6.49831 10.13053 1.63000
v 6.48756 10.14835 1.63000
v 6.48020 10.16783 1.63000
v 6.47635 10.18709 1.63000
v 6.67757 10.19877 1.63000
v 6.67500 10.17140 1.63000
v 6.66773 10.14776 1.63000
v 6.65654 10.12850 1.63000
v 6.64303 10.11371 1.63000
v 6.62668 10.10315 1.63000
v 6.61556 10.09864 1.63000
v 6.60251 10.09524 1.63000
v 6.54803 10.31127 1.63000
v 6.59000 10.30654 1.63000
v 6.61907 10.29639 1.63000
v 6.64286 10.28068 1.63000
v 6.65829 10.26349 1.63000
v 6.66857 10.24540 1.63000
v 6.67489 10.22558 1.63000
v 6.67700 10.21225 1.63000
v 6.54803 10.38140 1.63000
v 6.73991 10.19707 1.63000
v 6.73484 10.24671 1.63000
v 6.72164 10.28489 1.63000
v 6.70175 10.31658 1.63000
v 6.67466 10.34239 1.63000
v 6.64232 10.36123 1.63000
v 6.60686 10.37330 1.63000
v 6.57765 10.37887 1.63000
v 6.57591 10.01517 1.63000
v 6.62187 10.01995 1.63000
v 6.65703 10.03276 1.63000
v 6.68569 10.05222 1.63000
v 6.70635 10.07558 1.63000
v 6.72048 10.09985 1.63000
v 6.73273 10.13525 1.63000
v 6.73826 10.16593 1.63000
v 6.45415 10.09979 1.63000
v 6.47154 10.07030 1.63000
v 6.49502 10.04536 1.63000
v 6.52052 10.02804 1.63000
v 6.54656 10.01842 1.63000
v 6.56113 10.01598 1.63000
v 6.45245 10.09979 1.63000
v 6.31012 9.99179 1.63000
v 6.34251 9.99455 1.63000
v 6.37377 10.00342 1.63000
v 6.40239 10.01878 1.63000
v 6.42217 10.03613 1.63000
v 6.43638 10.05594 1.63000
v 6.44610 10.07725 1.63000
v 6.13212 10.19780 1.63000
v 6.13649 10.14696 1.63000
v 6.15042 10.09790 1.63000
v 6.17272 10.05781 1.63000
v 6.19811 10.03066 1.63000
v 6.22575 10.01178 1.63000
v 6.25668 9.99898 1.63000
v 6.28314 9.99341 1.63000
v 6.32583 10.39699 1.63000
v 6.27347 10.39260 1.63000
v 6.23295 10.37961 1.63000
v 6.19925 10.35919 1.63000
v 6.17151 10.33123 1.63000
v 6.15138 10.29735 1.63000
v 6.13896 10.25993 1.63000
v 6.13372 10.22907 1.63000
v 6.32583 10.32686 1.63000
v 6.19446 10.19950 1.63000
v 6.19773 10.23370 1.63000
v 6.20638 10.26013 1.63000
v 6.21848 10.27989 1.63000
v 6.23307 10.29482 1.63000
v 6.25013 10.30685 1.63000
v 6.26891 10.31601 1.63000
v 6.28887 10.32213 1.63000
v 6.30722 10.32549 1.63000
v 6.30781 10.06971 1.63000
v 6.28201 10.07256 1.63000
v 6.26001 10.08040 1.63000
v 6.24218 10.09156 1.63000
v 6.22684 10.10596 1.63000
v 6.21453 10.12302 1.63000
v 6.20517 10.14188 1.63000
v 6.19880 10.16194 1.63000
v 6.19551 10.18059 1.63000
v 6.42043 10.19500 1.63000
v 6.41781 10.16340 1.63000
v 6.40906 10.13294 1.63000
v 6.39788 10.11272 1.63000
v 6.38185 10.09517 1.63000
v 6.36214 10.08190 1.63000
v 6.33994 10.07343 1.63000
v 6.32399 10.07060 1.63000
v 6.42043 10.23785 1.63000
v 6.68536 10.69869 1.63000
v 6.68051 10.65176 1.63000
v 6.66803 10.61566 1.63000
v 6.65045 10.58911 1.63000
v 6.63318 10.57360 1.63000
v 6.61451 10.56290 1.63000
v 6.59428 10.55558 1.63000
v 6.57852 10.55193 1.63000
v 6.56252 10.54966 1.63000
v 6.58273 10.83335 1.63000
v 6.61129 10.83019 1.63000
v 6.62897 10.82363 1.63000
v 6.64678 10.81139 1.63000
v 6.66004 10.79685 1.63000
v 6.67237 10.77432 1.63000
v 6.68239 10.73713 1.63000
v 6.30269 10.45153 1.63000
v 6.34575 10.45607 1.63000
v 6.37249 10.46569 1.63000
v 6.39964 10.48353 1.63000
v 6.42216 10.50693 1.63000
v 6.43974 10.53428 1.63000
v 6.45298 10.56397 1.63000
v 6.50552 10.76301 1.63000
v 6.51631 10.78823 1.63000
v 6.53150 10.81051 1.63000
v 6.54579 10.82350 1.63000
v 6.56356 10.83109 1.63000
v 6.12433 10.68639 1.63000
v 6.13527 10.59811 1.63000
v 6.14998 10.55607 1.63000
v 6.17498 10.51433 1.63000
v 6.20337 10.48538 1.63000
v 6.23508 10.46526 1.63000
v 6.26723 10.45480 1.63000
v 6.28488 10.45237 1.63000
v 6.33922 10.93465 1.63000
v 6.28413 10.92877 1.63000
v 6.24594 10.91563 1.63000
v 6.21061 10.89373 1.63000
v 6.18082 10.86475 1.63000
v 6.15763 10.83025 1.63000
v 6.14090 10.79217 1.63000
v 6.13033 10.75194 1.63000
v 6.12578 10.71931 1.63000
v 6.33922 10.85673 1.63000
v 6.19446 10.68177 1.63000
v 6.20181 10.74332 1.63000
v 6.20873 10.76555 1.63000
v 6.21784 10.78558 1.63000
v 6.23722 10.81341 1.63000
v 6.26379 10.83600 1.63000
v 6.28904 10.84871 1.63000
v 6.31378 10.85488 1.63000
v 6.30367 10.52945 1.63000
v 6.27526 10.53252 1.63000
v 6.25753 10.53866 1.63000
v 6.24032 10.54988 1.63000
v 6.22610 10.56427 1.63000
v 6.21198 10.58762 1.63000
v 6.19961 10.62663 1.63000
v 6.19573 10.65407 1.63000
v 6.57993 10.91127 1.63000
v 6.54521 10.90780 1.63000
v 6.52099 10.89999 1.63000
v 6.49870 10.88624 1.63000
v 6.47955 10.86838 1.63000
v 6.46423 10.84714 1.63000
v 6.43860 10.78783 1.63000
v 6.38483 10.58782 1.63000
v 6.37151 10.56480 1.63000
v 6.35341 10.54532 1.63000
v 6.33836 10.53597 1.63000
v 6.32136 10.53088 1.63000
v 6.75549 10.69528 1.63000
v 6.74635 10.77058 1.63000
v 6.72697 10.82239 1.63000
v 6.70389 10.85689 1.63000
v 6.67544 10.88270 1.63000
v 6.64523 10.89956 1.63000
v 6.61316 10.90862 1.63000
v 6.56252 10.47393 1.63000
v 6.61700 10.48158 1.63000
v 6.65435 10.49619 1.63000
v 6.68838 10.51952 1.63000
v 6.71595 10.55023 1.63000
v 6.73601 10.58630 1.63000
v 6.74819 10.62575 1.63000
v 6.75381 10.66031 1.63000
v 6.41264 11.25096 1.63000
v 6.41264 11.00782 1.63000
v 6.34251 11.00782 1.63000
v 6.34251 11.25096 1.63000
v 6.73991 11.53221 1.63000
v 6.73401 11.58550 1.63000
v 6.71899 11.62626 1.63000
v 6.69677 11.65979 1.63000
v 6.66707 11.68690 1.63000
v 6.63173 11.70611 1.63000
v 6.59318 11.71767 1.63000
v 6.56148 11.72166 1.63000
v 6.52952 11.72166 1.63000
v 6.56690 11.34764 1.63000
v 6.61397 11.35285 1.63000
v 6.64645 11.36456 1.63000
v 6.67653 11.38347 1.63000
v 6.70131 11.40894 1.63000
v 6.71993 11.43921 1.63000
v 6.73222 11.47256 1.63000
v 6.73811 11.50212 1.63000
v 6.36089 11.49216 1.63000
v 6.40263 11.43249 1.63000
v 6.43315 11.39967 1.63000
v 6.47157 11.37163 1.63000
v 6.51216 11.35451 1.63000
v 6.53930 11.34920 1.63000
v 6.20225 11.65932 1.63000
v 6.22716 11.65206 1.63000
v 6.24979 11.63939 1.63000
v 6.27590 11.61662 1.63000
v 6.32169 11.55672 1.63000
v 6.20225 11.35543 1.63000
v 6.13991 11.35543 1.63000
v 6.13991 11.74528 1.63000
v 6.38585 11.57787 1.63000
v 6.32523 11.66236 1.63000
v 6.28630 11.69682 1.63000
v 6.23652 11.72424 1.63000
v 6.18906 11.73855 1.63000
v 6.56897 11.42556 1.63000
v 6.53160 11.42964 1.63000
v 6.50307 11.44023 1.63000
v 6.47944 11.45563 1.63000
v 6.45459 11.47941 1.63000
v 6.42820 11.51319 1.63000
v 6.67757 11.53818 1.63000
v 6.67434 11.50926 1.63000
v 6.66433 11.48196 1.63000
v 6.65117 11.46242 1.63000
v 6.63526 11.44746 1.63000
v 6.61667 11.43602 1.63000
v 6.59615 11.42859 1.63000
v 6.58265 11.42631 1.63000
v 6.52952 11.65153 1.63000
v 6.58020 11.64692 1.63000
v 6.61526 11.63480 1.63000
v 6.63877 11.61991 1.63000
v 6.65522 11.60357 1.63000
v 6.66712 11.58567 1.63000
v 6.67448 11.56550 1.63000
v 6.67681 11.55193 1.63000
v 6.47512 12.04063 1.63000
v 6.47498 12.03810 1.63000
v 6.47541 12.04315 1.63000
v 6.47583 12.04565 1.63000
v 6.47498 12.01448 1.63000
v 6.57713 11.90088 1.63000
v 6.55160 11.90371 1.63000
v 6.52991 11.91168 1.63000
v 6.51259 11.92321 1.63000
v 6.49831 11.93833 1.63000
v 6.48756 11.95614 1.63000
v 6.48020 11.97562 1.63000
v 6.47635 11.99489 1.63000
v 6.67757 12.00656 1.63000
v 6.67500 11.97919 1.63000
v 6.66773 11.95556 1.63000
v 6.65654 11.93630 1.63000
v 6.64303 11.92151 1.63000
v 6.62668 11.91094 1.63000
v 6.61556 11.90643 1.63000
v 6.60251 11.90303 1.63000
v 6.54803 12.11906 1.63000
v 6.59000 12.11433 1.63000
v 6.61907 12.10418 1.63000
v 6.64286 12.08847 1.63000
v 6.65829 12.07128 1.63000
v 6.66857 12.05319 1.63000
v 6.67489 12.03337 1.63000
v 6.67700 12.02005 1.63000
v 6.54803 12.18919 1.63000
v 6.73991 12.00486 1.63000
v 6.73484 12.05450 1.63000
v 6.72164 12.09269 1.63000
v 6.70175 12.12438 1.63000
v 6.67466 12.15018 1.63000
v 6.64232 12.16903 1.63000
v 6.60686 12.18109 1.63000
v 6.57765 12.18666 1.63000
v 6.57591 11.82296 1.63000
v 6.62187 11.82774 1.63000
v 6.65703 11.84055 1.63000
v 6.68569 11.86001 1.63000
v 6.70635 11.88337 1.63000
v 6.72048 11.90764 1.63000
v 6.73273 11.94305 1.63000
v 6.73826 11.97373 1.63000
v 6.45415 11.90758 1.63000
v 6.47154 11.87809 1.63000
v 6.49502 11.85315 1.63000
v 6.52052 11.83583 1.63000
v 6.54656 11.82622 1.63000
v 6.56113 11.82377 1.63000
v 6.45245 11.90758 1.63000
v 6.31012 11.79958 1.63000
v 6.34251 11.80235 1.63000
v 6.37377 11.81121 1.63000
v 6.40239 11.82657 1.63000
v 6.42217 11.84392 1.63000
v 6.43638 11.86374 1.63000
v 6.44610 11.88504 1.63000
v 6.13212 12.00559 1.63000
v 6.13649 11.95475 1.63000
v 6.15042 11.90569 1.63000
v 6.17272 11.86560 1.63000
v 6.19811 11.83845 1.63000
v 6.22575 11.81957 1.63000
v 6.25668 11.80677 1.63000
v 6.28314 11.80121 1.63000
v 6.32583 12.20478 1.63000
v 6.27347 12.20039 1.63000
v 6.23295 12.18740 1.63000
v 6.19925 12.16698 1.63000
v 6.17151 12.13902 1.63000
v 6.15138 12.10514 1.63000
v 6.13896 12.06772 1.63000
v 6.13372 12.03686 1.63000
v 6.32583 12.13465 1.63000
v 6.19446 12.00729 1.63000
v 6.19773 12.04149 1.63000
v 6.20638 12.06792 1.63000
v 6.21848 12.08769 1.63000
v 6.23307 12.10262 1.63000
v 6.25013 12.11464 1.63000
v 6.26891 12.12380 1.63000
v 6.28887 12.12992 1.63000
v 6.30722 12.13328 1.63000
v 6.30781 11.87751 1.63000
v 6.28201 11.88035 1.63000
v 6.26001 11.88819 1.63000
v 6.24218 11.89935 1.63000
v 6.22684 11.91376 1.63000
v 6.21453 11.93082 1.63000
v 6.20517 11.94967 1.63000
v 6.19880 11.96973 1.63000
v 6.19551 11.98838 1.63000
v 6.42043 12.00279 1.63000
v 6.41781 11.97119 1.63000
v 6.40906 11.94073 1.63000
v 6.39788 11.92052 1.63000
v 6.38185 11.90296 1.63000
v 6.36214 11.88969 1.63000
v 6.33994 11.88122 1.63000
v 6.32399 11.87839 1.63000
v 6.42043 12.04565 1.63000
v 6.71676 12.33739 1.63000
v 6.64522 12.37285 1.63000
v 6.69986 12.31318 1.63000
v 6.67815 12.29316 1.63000
v 6.62985 12.35762 1.63000
v 6.65077 12.27683 1.63000
v 6.72861 12.36444 1.63000
v 6.65616 12.39121 1.63000
v 6.73590 12.39307 1.63000
v 6.61064 12.34638 1.63000
v 6.60909 12.26370 1.63000
v 6.58933 12.33988 1.63000
v 6.73899 12.41755 1.63000
v 6.66452 12.41624 1.63000
v 6.73991 12.44220 1.63000
v 6.57508 12.33784 1.63000
v 6.56069 12.25932 1.63000
v 6.56069 12.33725 1.63000
v 6.52653 12.26138 1.63000
v 6.66978 12.46874 1.63000
v 6.52824 12.34072 1.63000
v 6.49303 12.26836 1.63000
v 6.51604 12.34424 1.63000
v 6.50582 12.34865 1.63000
v 6.46336 12.28031 1.63000
v 6.48905 12.35923 1.63000
v 6.43672 12.29802 1.63000
v 6.47404 12.37503 1.63000
v 6.41467 12.32118 1.63000
v 6.46405 12.39257 1.63000
v 6.39696 12.35197 1.63000
v 6.66978 12.62556 1.63000
v 6.73991 12.70348 1.63000
v 6.38502 12.39418 1.63000
v 6.45783 12.41038 1.63000
v 6.45381 12.42996 1.63000
v 6.38147 12.44281 1.63000
v 6.45160 12.46874 1.63000
v 6.45160 12.62556 1.63000
v 6.38147 12.62556 1.63000
v 6.13991 12.70348 1.63000
v 6.13991 12.62556 1.63000
v 6.45160 12.62556 1.65000
v 6.45160 12.46874 1.65000
v 6.66978 12.62556 1.65000
v 6.66978 12.46874 1.65000
v 6.66452 12.41624 1.65000
v 6.65616 12.39121 1.65000
v 6.64522 12.37285 1.65000
v 6.62985 12.35762 1.65000
v 6.61064 12.34638 1.65000
v 6.58933 12.33988 1.65000
v 6.57508 12.33784 1.65000
v 6.56069 12.33725 1.65000
v 6.52824 12.34072 1.65000
v 6.51604 12.34424 1.65000
v 6.50582 12.34865 1.65000
v 6.48905 12.35923 1.65000
v 6.47404 12.37503 1.65000
v 6.46405 12.39257 1.65000
v 6.45783 12.41038 1.65000
v 6.45381 12.42996 1.65000
v 6.68536 13.05194 1.63000
v 6.68051 13.00501 1.63000
v 6.66803 12.96891 1.63000
v 6.65045 12.94236 1.63000
v 6.63318 12.92685 1.63000
v 6.61451 12.91614 1.63000
v 6.59428 12.90882 1.63000
v 6.57852 12.90518 1.63000
v 6.56252 12.90291 1.63000
v 6.58273 13.18660 1.63000
v 6.61129 13.18343 1.63000
v 6.62897 13.17687 1.63000
v 6.64678 13.16464 1.63000
v 6.66004 13.15010 1.63000
v 6.67237 13.12757 1.63000
v 6.68239 13.09038 1.63000
v 6.30269 12.80478 1.63000
v 6.34575 12.80932 1.63000
v 6.37249 12.81893 1.63000
v 6.39964 12.83678 1.63000
v 6.42216 12.86018 1.63000
v 6.43974 12.88753 1.63000
v 6.45298 12.91722 1.63000
v 6.50552 13.11626 1.63000
v 6.51631 13.14148 1.63000
v 6.53150 13.16376 1.63000
v 6.54579 13.17675 1.63000
v 6.56356 13.18434 1.63000
v 6.12433 13.03964 1.63000
v 6.13527 12.95136 1.63000
v 6.14998 12.90932 1.63000
v 6.17498 12.86757 1.63000
v 6.20337 12.83862 1.63000
v 6.23508 12.81851 1.63000
v 6.26723 12.80804 1.63000
v 6.28488 12.80561 1.63000
v 6.33922 13.28790 1.63000
v 6.28413 13.28201 1.63000
v 6.24594 13.26887 1.63000
v 6.21061 13.24697 1.63000
v 6.18082 13.21800 1.63000
v 6.15763 13.18349 1.63000
v 6.14090 13.14542 1.63000
v 6.13033 13.10519 1.63000
v 6.12578 13.07256 1.63000
v 6.33922 13.20997 1.63000
v 6.19446 13.03501 1.63000
v 6.20181 13.09657 1.63000
v 6.20873 13.11880 1.63000
v 6.21784 13.13883 1.63000
v 6.23722 13.16666 1.63000
v 6.26379 13.18925 1.63000
v 6.28904 13.20196 1.63000
v 6.31378 13.20813 1.63000
v 6.30367 12.88270 1.63000
v 6.27526 12.88577 1.63000
v 6.25753 12.89191 1.63000
v 6.24032 12.90313 1.63000
v 6.22610 12.91751 1.63000
v 6.21198 12.94087 1.63000
v 6.19961 12.97987 1.63000
v 6.19573 13.00732 1.63000
v 6.57993 13.26452 1.63000
v 6.54521 13.26105 1.63000
v 6.52099 13.25323 1.63000
v 6.49870 13.23949 1.63000
v 6.47955 13.22163 1.63000
v 6.46423 13.20039 1.63000
v 6.43860 13.14108 1.63000
v 6.38483 12.94107 1.63000
v 6.37151 12.91804 1.63000
v 6.35341 12.89857 1.63000
v 6.33836 12.88922 1.63000
v 6.32136 12.88413 1.63000
v 6.75549 13.04853 1.63000
v 6.74635 13.12383 1.63000
v 6.72697 13.17563 1.63000
v 6.70389 13.21013 1.63000
v 6.67544 13.23595 1.63000
v 6.64523 13.25281 1.63000
v 6.61316 13.26187 1.63000
v 6.56252 12.82718 1.63000
v 6.61700 12.83482 1.63000
v 6.65435 12.84944 1.63000
v 6.68838 12.87277 1.63000
v 6.71595 12.90347 1.63000
v 6.73601 12.93954 1.63000
v 6.74819 12.97900 1.63000
v 6.75381 13.01355 1.63000
v 6.73991 13.76322 1.63000
v 6.73991 13.35035 1.63000
v 6.66978 13.35035 1.63000
v 6.66978 13.68530 1.63000
v 6.48277 13.68530 1.63000
v 6.48277 13.37312 1.63000
v 6.41264 13.37312 1.63000
v 6.41264 13.68530 1.63000
v 6.21004 13.68530 1.63000
v 6.21004 13.34792 1.63000
v 6.13991 13.34792 1.63000
v 6.13991 13.76322 1.63000
v 5.63991 13.79309 0.80000
v 5.63991 9.99309 0.80000
v 5.63991 13.79309 0.82000
v 5.63991 9.99309 0.82000
v 5.73991 13.89309 0.82000
v 9.09849 13.89309 0.82000
v 5.73991 13.89309 0.80000
v 9.09849 13.89309 0.80000
v 9.63991 13.35167 0.82000
v 9.63991 9.99309 0.80000
v 9.63991 13.35167 0.80000
v 9.63991 9.99309 0.82000
v 5.73991 9.89309 0.80000
v 9.53991 9.89309 0.82000
v 5.73991 9.89309 0.82000
v 9.53991 9.89309 0.80000
v 9.63740 9.97084 0.80000
v 9.63001 9.94970 0.80000
v 9.61809 9.93074 0.80000
v 9.60226 9.91491 0.80000
v 9.58330 9.90299 0.80000
v 9.56216 9.89560 0.80000
v 9.63230 13.38994 0.80000
v 9.63799 13.37118 0.80000
v 9.61062 13.42238 0.80000
v 9.62306 13.40723 0.80000
v 5.66173 9.93074 0.80000
v 5.71766 9.89560 0.80000
v 5.69652 9.90299 0.80000
v 5.67756 9.91491 0.80000
v 5.64981 9.94970 0.80000
v 5.64242 9.97084 0.80000
v 9.13676 13.88548 0.80000
v 9.15405 13.87624 0.80000
v 9.16920 13.86380 0.80000
v 9.11800 13.89117 0.80000
v 5.64242 13.81534 0.80000
v 5.71766 13.89058 0.80000
v 5.66173 13.85544 0.80000
v 5.64981 13.83648 0.80000
v 5.67756 13.87127 0.80000
v 5.69652 13.88319 0.80000
v 9.63001 9.94970 0.82000
v 9.61809 9.93074 0.82000
v 9.63740 9.97084 0.82000
v 9.58330 9.90299 0.82000
v 9.56216 9.89560 0.82000
v 9.60226 9.91491 0.82000
v 9.63799 13.37118 0.82000
v 9.63230 13.38994 0.82000
v 9.62306 13.40723 0.82000
v 9.61062 13.42238 0.82000
v 5.69652 9.90299 0.82000
v 5.66173 9.93074 0.82000
v 5.67756 9.91491 0.82000
v 5.71766 9.89560 0.82000
v 5.64981 9.94970 0.82000
v 5.64242 9.97084 0.82000
v 9.15405 13.87624 0.82000
v 9.13676 13.88548 0.82000
v 9.16920 13.86380 0.82000
v 9.11800 13.89117 0.82000
v 5.71766 13.89058 0.82000
v 5.64242 13.81534 0.82000
v 5.69652 13.88319 0.82000
v 5.67756 13.87127 0.82000
v 5.64981 13.83648 0.82000
v 5.66173 13.85544 0.82000
v 9.34503 12.14094 0.03500
v 8.44503 11.24094 0.03500
v 9.34503 11.24094 0.03500
v 8.44503 12.14094 0.03500
v 8.44503 11.24094 0.00000
v 8.44503 12.14094 0.00000
v 9.34503 12.14094 0.00000
v 9.34503 11.24094 0.00000
v 9.34503 10.74094 0.03500
v 8.44503 9.84094 0.03500
v 9.34503 9.84094 0.03500
v 8.44503 10.74094 0.03500
v 8.44503 9.84094 0.00000
v 8.44503 10.74094 0.00000
v 9.34503 10.74094 0.00000
v 9.34503 9.84094 0.00000
v 9.34503 9.34094 0.03500
v 8.44503 8.44094 0.03500
v 9.34503 8.44094 0.03500
v 8.44503 9.34094 0.03500
v 8.44503 8.44094 0.00000
v 8.44503 9.34094 0.00000
v 9.34503 9.34094 0.00000
v 9.34503 8.44094 0.00000
v 7.94503 12.14094 0.03500
v 7.04503 11.24094 0.03500
v 7.94503 11.24094 0.03500
v 7.04503 12.14094 0.03500
v 7.04503 11.24094 0.00000
v 7.04503 12.14094 0.00000
v 7.94503 12.14094 0.00000
v 7.94503 11.24094 0.00000
v 7.94503 10.74094 0.03500
v 7.04503 9.84094 0.03500
v 7.94503 9.84094 0.03500
v 7.04503 10.74094 0.03500
v 7.04503 9.84094 0.00000
v 7.04503 10.74094 0.00000
v 7.94503 10.74094 0.00000
v 7.94503 9.84094 0.00000
v 7.94503 9.34094 0.03500
v 7.04503 8.44094 0.03500
v 7.94503 8.44094 0.03500
v 7.04503 9.34094 0.03500
v 7.04503 8.44094 0.00000
v 7.04503 9.34094 0.00000
v 7.94503 9.34094 0.00000
v 7.94503 8.44094 0.00000
v 6.54503 12.14094 0.03500
v 5.64503 11.24094 0.03500
v 6.54503 11.24094 0.03500
v 5.64503 12.14094 0.03500
v 5.64503 11.24094 0.00000
v 5.64503 12.14094 0.00000
v 6.54503 12.14094 0.00000
v 6.54503 11.24094 0.00000
v 6.54503 10.74094 0.03500
v 5.64503 9.84094 0.03500
v 6.54503 9.84094 0.03500
v 5.64503 10.74094 0.03500
v 5.64503 9.84094 0.00000
v 5.64503 10.74094 0.00000
v 6.54503 10.74094 0.00000
v 6.54503 9.84094 0.00000
v 6.54503 9.34094 0.03500
v 5.64503 8.44094 0.03500
v 6.54503 8.44094 0.03500
v 5.64503 9.34094 0.03500
v 5.64503 8.44094 0.00000
v 5.64503 9.34094 0.00000
v 6.54503 9.34094 0.00000
v 6.54503 8.44094 0.00000
v 15.98606 14.21528 0.80000
v 14.98606 13.11528 0.80000
v 15.98606 13.11528 0.80000
v 14.98606 14.21528 0.80000
v 14.98606 13.11528 0.76500
v 14.98606 14.21528 0.76500
v 15.98606 14.21528 0.76500
v 15.98606 13.11528 0.76500
v 15.98606 12.41528 0.80000
v 14.98606 11.31528 0.80000
v 15.98606 11.31528 0.80000
v 14.98606 12.41528 0.80000
v 14.98606 11.31528 0.76500
v 14.98606 12.41528 0.76500
v 15.98606 12.41528 0.76500
v 15.98606 11.31528 0.76500
v 15.38600 10.84340 0.80000
v 15.08600 10.54340 0.80000
v 15.38600 10.54340 0.80000
v 15.08600 10.84340 0.80000
v 15.08600 10.54340 0.76500
v 15.08600 10.84340 0.76500
v 15.38600 10.84340 0.76500
v 15.38600 10.54340 0.76500
v 12.81151 6.45160 0.80000
v 12.73856 5.85086 0.80000
v 12.81151 5.84200 0.80000
v 12.66986 5.87691 0.80000
v 12.60939 5.91865 0.80000
v 12.56066 5.97365 0.80000
v 12.52651 6.03872 0.80000
v 12.50893 6.11006 0.80000
v 12.50893 6.18354 0.80000
v 12.52651 6.25488 0.80000
v 12.56066 6.31995 0.80000
v 12.60939 6.37495 0.80000
v 12.66986 6.41669 0.80000
v 12.73856 6.44274 0.80000
v 15.03741 5.95676 0.80000
v 14.93135 5.87218 0.80000
v 14.98915 5.90850 0.80000
v 15.09626 6.07898 0.80000
v 15.07372 6.01455 0.80000
v 14.79911 6.45160 0.80000
v 14.86693 5.84964 0.80000
v 14.79911 5.84200 0.80000
v 14.86693 6.44396 0.80000
v 15.07372 6.27905 0.80000
v 15.10391 6.14680 0.80000
v 15.09626 6.21462 0.80000
v 14.98915 6.38510 0.80000
v 14.93135 6.42142 0.80000
v 15.03741 6.33684 0.80000
v 15.07372 6.01455 0.76500
v 15.03741 5.95676 0.76500
v 14.98915 5.90850 0.76500
v 15.09626 6.07898 0.76500
v 14.93135 5.87218 0.76500
v 14.86693 5.84964 0.76500
v 15.09626 6.21462 0.76500
v 15.10391 6.14680 0.76500
v 15.03741 6.33684 0.76500
v 15.07372 6.27905 0.76500
v 14.79911 6.45160 0.76500
v 14.79911 5.84200 0.76500
v 14.86693 6.44396 0.76500
v 14.93135 6.42142 0.76500
v 14.98915 6.38510 0.76500
v 12.66986 5.87691 0.76500
v 12.81151 5.84200 0.76500
v 12.73856 5.85086 0.76500
v 12.60939 5.91865 0.76500
v 12.81151 6.45160 0.76500
v 12.50893 6.18354 0.76500
v 12.56066 5.97365 0.76500
v 12.52651 6.03872 0.76500
v 12.50893 6.11006 0.76500
v 12.56066 6.31995 0.76500
v 12.52651 6.25488 0.76500
v 12.60939 6.37495 0.76500
v 12.66986 6.41669 0.76500
v 12.73856 6.44274 0.76500
v 12.81151 4.57200 0.80000
v 12.66986 4.60691 0.80000
v 12.73856 4.58086 0.80000
v 12.60939 4.64865 0.80000
v 12.56066 4.70365 0.80000
v 12.81151 5.18160 0.80000
v 12.52651 4.76872 0.80000
v 12.50893 4.84006 0.80000
v 12.50893 4.91354 0.80000
v 12.52651 4.98488 0.80000
v 12.56066 5.04995 0.80000
v 12.60939 5.10495 0.80000
v 12.66986 5.14669 0.80000
v 12.73856 5.17274 0.80000
v 15.03741 4.68676 0.80000
v 14.93135 4.60218 0.80000
v 14.98915 4.63850 0.80000
v 14.86693 4.57964 0.80000
v 14.79911 4.57200 0.80000
v 15.07372 4.74455 0.80000
v 14.79911 5.18160 0.80000
v 15.09626 4.94462 0.80000
v 15.09626 4.80898 0.80000
v 15.10391 4.87680 0.80000
v 15.03741 5.06684 0.80000
v 15.07372 5.00905 0.80000
v 14.98915 5.11510 0.80000
v 14.86693 5.17396 0.80000
v 14.93135 5.15142 0.80000
v 15.07372 4.74455 0.76500
v 15.03741 4.68676 0.76500
v 14.98915 4.63850 0.76500
v 15.09626 4.80898 0.76500
v 14.93135 4.60218 0.76500
v 14.86693 4.57964 0.76500
v 15.09626 4.94462 0.76500
v 15.10391 4.87680 0.76500
v 15.03741 5.06684 0.76500
v 15.07372 5.00905 0.76500
v 14.79911 5.18160 0.76500
v 14.79911 4.57200 0.76500
v 14.86693 5.17396 0.76500
v 14.93135 5.15142 0.76500
v 14.98915 5.11510 0.76500
v 12.66986 4.60691 0.76500
v 12.81151 4.57200 0.76500
v 12.73856 4.58086 0.76500
v 12.60939 4.64865 0.76500
v 12.81151 5.18160 0.76500
v 12.50893 4.91354 0.76500
v 12.56066 4.70365 0.76500
v 12.52651 4.76872 0.76500
v 12.50893 4.84006 0.76500
v 12.56066 5.04995 0.76500
v 12.52651 4.98488 0.76500
v 12.60939 5.10495 0.76500
v 12.66986 5.14669 0.76500
v 12.73856 5.17274 0.76500
v 12.81151 3.30200 0.80000
v 12.66986 3.33691 0.80000
v 12.73856 3.31086 0.80000
v 12.60939 3.37865 0.80000
v 12.81151 3.91160 0.80000
v 12.56066 3.43365 0.80000
v 12.52651 3.49872 0.80000
v 12.50893 3.57006 0.80000
v 12.50893 3.64354 0.80000
v 12.52651 3.71488 0.80000
v 12.56066 3.77995 0.80000
v 12.60939 3.83495 0.80000
v 12.66986 3.87669 0.80000
v 12.73856 3.90274 0.80000
v 15.03741 3.41676 0.80000
v 14.93135 3.33218 0.80000
v 14.98915 3.36850 0.80000
v 14.79911 3.91160 0.80000
v 14.86693 3.30964 0.80000
v 14.79911 3.30200 0.80000
v 15.09626 3.67462 0.80000
v 15.09626 3.53898 0.80000
v 15.10391 3.60680 0.80000
v 14.86693 3.90396 0.80000
v 14.93135 3.88142 0.80000
v 15.07372 3.47455 0.80000
v 15.07372 3.73905 0.80000
v 14.98915 3.84510 0.80000
v 15.03741 3.79684 0.80000
v 15.09626 3.53898 0.76500
v 15.03741 3.79684 0.76500
v 15.07372 3.73905 0.76500
v 15.09626 3.67462 0.76500
v 15.10391 3.60680 0.76500
v 15.07372 3.47455 0.76500
v 14.93135 3.88142 0.76500
v 14.98915 3.84510 0.76500
v 14.86693 3.30964 0.76500
v 15.03741 3.41676 0.76500
v 14.98915 3.36850 0.76500
v 14.93135 3.33218 0.76500
v 14.79911 3.91160 0.76500
v 14.86693 3.90396 0.76500
v 14.79911 3.30200 0.76500
v 12.60939 3.83495 0.76500
v 12.66986 3.87669 0.76500
v 12.73856 3.90274 0.76500
v 12.50893 3.64354 0.76500
v 12.52651 3.71488 0.76500
v 12.56066 3.77995 0.76500
v 12.81151 3.30200 0.76500
v 12.81151 3.91160 0.76500
v 12.66986 3.33691 0.76500
v 12.73856 3.31086 0.76500
v 12.56066 3.43365 0.76500
v 12.52651 3.49872 0.76500
v 12.50893 3.57006 0.76500
v 12.60939 3.37865 0.76500
v 15.10391 2.64160 0.80000
v 12.50671 2.03200 0.80000
v 15.10391 2.03200 0.80000
v 12.50671 2.64160 0.80000
v 12.50671 2.03200 0.76500
v 12.50671 2.64160 0.76500
v 15.10391 2.64160 0.76500
v 15.10391 2.03200 0.76500
v 14.99224 14.98360 0.80000
v 14.69224 14.68360 0.80000
v 14.99224 14.68360 0.80000
v 14.69224 14.98360 0.80000
v 14.69224 14.98360 0.76500
v 14.99224 14.68360 0.76500
v 14.69224 14.68360 0.76500
v 14.99224 14.98360 0.76500
v 14.88606 10.84340 0.80000
v 14.58606 10.54340 0.80000
v 14.88606 10.54340 0.80000
v 14.58606 10.84340 0.80000
v 14.58606 10.54340 0.76500
v 14.58606 10.84340 0.76500
v 14.88606 10.84340 0.76500
v 14.88606 10.54340 0.76500
v 14.49230 14.98360 0.80000
v 14.19230 14.68360 0.80000
v 14.49230 14.68360 0.80000
v 14.19230 14.98360 0.80000
v 14.19230 14.98360 0.76500
v 14.49230 14.68360 0.76500
v 14.19230 14.68360 0.76500
v 14.49230 14.98360 0.76500
v 13.48606 14.21528 0.80000
v 13.48606 13.11528 0.80000
v 14.18606 13.11528 0.80000
v 14.48606 13.41528 0.80000
v 14.48606 14.21528 0.80000
v 13.48606 14.21528 0.76500
v 14.48606 14.21528 0.76500
v 14.48606 13.41528 0.76500
v 14.18606 13.11528 0.76500
v 13.48606 13.11528 0.76500
v 14.48606 12.41528 0.80000
v 13.48606 11.31528 0.80000
v 14.48606 11.31528 0.80000
v 13.48606 12.41528 0.80000
v 13.48606 11.31528 0.76500
v 13.48606 12.41528 0.76500
v 14.48606 12.41528 0.76500
v 14.48606 11.31528 0.76500
v 13.52249 16.83055 0.80000
v 13.09822 16.83055 0.80000
v 13.31035 16.61842 0.80000
v 13.31035 17.04269 0.80000
v 13.09822 16.83055 0.76500
v 13.31035 17.04269 0.76500
v 13.52249 16.83055 0.76500
v 13.31035 16.61842 0.76500
v 13.16898 17.18406 0.80000
v 12.95685 17.39619 0.80000
v 12.74471 17.18406 0.80000
v 12.95685 16.97193 0.80000
v 12.74471 17.18406 0.76500
v 12.95685 17.39619 0.76500
v 13.16898 17.18406 0.76500
v 12.95685 16.97193 0.76500
v 12.85864 15.21220 0.80000
v 12.55864 14.91220 0.80000
v 12.85864 14.91220 0.80000
v 12.55864 15.21220 0.80000
v 12.55864 15.21220 0.76500
v 12.85864 14.91220 0.76500
v 12.55864 14.91220 0.76500
v 12.85864 15.21220 0.76500
v 12.85864 14.58990 0.80000
v 12.55864 14.28990 0.80000
v 12.85864 14.28990 0.80000
v 12.55864 14.58990 0.80000
v 12.55864 14.58990 0.76500
v 12.85864 14.28990 0.76500
v 12.55864 14.28990 0.76500
v 12.85864 14.58990 0.76500
v 12.85864 13.71360 0.80000
v 12.55864 13.41360 0.80000
v 12.85864 13.41360 0.80000
v 12.55864 13.71360 0.80000
v 12.55864 13.41360 0.76500
v 12.55864 13.71360 0.76500
v 12.85864 13.71360 0.76500
v 12.85864 13.41360 0.76500
v 12.77380 10.30594 0.80000
v 12.47380 10.00594 0.80000
v 12.77380 10.00594 0.80000
v 12.47380 10.30594 0.80000
v 12.47380 10.00594 0.76500
v 12.47380 10.30594 0.76500
v 12.77380 10.30594 0.76500
v 12.77380 10.00594 0.76500
v 12.77380 9.80600 0.80000
v 12.47380 9.50600 0.80000
v 12.77380 9.50600 0.80000
v 12.47380 9.80600 0.80000
v 12.47380 9.50600 0.76500
v 12.47380 9.80600 0.76500
v 12.77380 9.80600 0.76500
v 12.77380 9.50600 0.76500
v 12.76836 17.59154 0.80000
v 12.55623 17.80367 0.80000
v 12.34410 17.59154 0.80000
v 12.55623 17.37941 0.80000
v 12.55623 17.37941 0.76500
v 12.34410 17.59154 0.76500
v 12.55623 17.80367 0.76500
v 12.76836 17.59154 0.76500
v 12.20267 18.15722 0.80000
v 11.99054 17.94509 0.80000
v 12.20267 17.73296 0.80000
v 12.41481 17.94509 0.80000
v 12.20267 18.15722 0.76500
v 12.41481 17.94509 0.76500
v 12.20267 17.73296 0.76500
v 11.99054 17.94509 0.76500
v 12.40550 12.64274 0.80000
v 12.10550 12.34274 0.80000
v 12.40550 12.34274 0.80000
v 12.10550 12.64274 0.80000
v 12.10550 12.34274 0.76500
v 12.10550 12.64274 0.76500
v 12.40550 12.64274 0.76500
v 12.40550 12.34274 0.76500
v 12.40550 12.14280 0.80000
v 12.10550 11.84280 0.80000
v 12.40550 11.84280 0.80000
v 12.10550 12.14280 0.80000
v 12.10550 11.84280 0.76500
v 12.10550 12.14280 0.76500
v 12.40550 12.14280 0.76500
v 12.40550 11.84280 0.76500
v 12.35870 15.21220 0.80000
v 12.05870 14.91220 0.80000
v 12.35870 14.91220 0.80000
v 12.05870 15.21220 0.80000
v 12.05870 15.21220 0.76500
v 12.35870 14.91220 0.76500
v 12.05870 14.91220 0.76500
v 12.35870 15.21220 0.76500
v 12.35870 14.58990 0.80000
v 12.05870 14.28990 0.80000
v 12.35870 14.28990 0.80000
v 12.05870 14.58990 0.80000
v 12.05870 14.58990 0.76500
v 12.35870 14.28990 0.76500
v 12.05870 14.28990 0.76500
v 12.35870 14.58990 0.76500
v 12.35870 13.71360 0.80000
v 12.05870 13.41360 0.80000
v 12.35870 13.41360 0.80000
v 12.05870 13.71360 0.80000
v 12.05870 13.41360 0.76500
v 12.05870 13.71360 0.76500
v 12.35870 13.71360 0.76500
v 12.35870 13.41360 0.76500
v 12.08013 10.30600 0.80000
v 11.78013 10.00600 0.80000
v 12.08013 10.00600 0.80000
v 11.78013 10.30600 0.80000
v 11.78013 10.30600 0.76500
v 12.08013 10.00600 0.76500
v 11.78013 10.00600 0.76500
v 12.08013 10.30600 0.76500
v 12.08013 9.80606 0.80000
v 11.78013 9.50606 0.80000
v 12.08013 9.50606 0.80000
v 11.78013 9.80606 0.80000
v 11.78013 9.50606 0.76500
v 11.78013 9.80606 0.76500
v 12.08013 9.80606 0.76500
v 12.08013 9.50606 0.76500
v 11.74906 17.71391 0.80000
v 11.53693 17.50178 0.80000
v 11.74906 17.28965 0.80000
v 11.96119 17.50178 0.80000
v 11.74906 17.28965 0.76500
v 11.53693 17.50178 0.76500
v 11.74906 17.71391 0.76500
v 11.96119 17.50178 0.76500
v 11.39555 18.06742 0.80000
v 11.18342 17.85529 0.80000
v 11.39555 17.64315 0.80000
v 11.60769 17.85529 0.80000
v 11.39555 17.64315 0.76500
v 11.18342 17.85529 0.76500
v 11.39555 18.06742 0.76500
v 11.60769 17.85529 0.76500
v 11.32824 17.29323 0.80000
v 11.32824 16.86897 0.80000
v 11.54037 17.08110 0.80000
v 11.11610 17.08110 0.80000
v 11.32824 17.29323 0.76500
v 11.54037 17.08110 0.76500
v 11.32824 16.86897 0.76500
v 11.11610 17.08110 0.76500
v 10.85241 14.60559 0.80000
v 10.82549 14.38386 0.80000
v 10.85241 14.38059 0.80000
v 10.80013 14.39348 0.80000
v 10.77781 14.40888 0.80000
v 10.75982 14.42918 0.80000
v 10.74722 14.45320 0.80000
v 10.74073 14.47953 0.80000
v 10.74073 14.50665 0.80000
v 10.74722 14.53298 0.80000
v 10.75982 14.55700 0.80000
v 10.77781 14.57730 0.80000
v 10.80013 14.59270 0.80000
v 10.82549 14.60232 0.80000
v 11.37877 14.44428 0.80000
v 11.34755 14.40513 0.80000
v 11.36537 14.42295 0.80000
v 11.32622 14.39173 0.80000
v 11.30244 14.38341 0.80000
v 11.27741 14.60559 0.80000
v 11.27741 14.38059 0.80000
v 11.36537 14.56323 0.80000
v 11.38709 14.46806 0.80000
v 11.38991 14.49309 0.80000
v 11.38709 14.51812 0.80000
v 11.37877 14.54190 0.80000
v 11.34755 14.58105 0.80000
v 11.30244 14.60277 0.80000
v 11.32622 14.59445 0.80000
v 11.27741 14.60559 0.76500
v 11.38991 14.49309 0.76500
v 11.38709 14.46806 0.76500
v 11.37877 14.44428 0.76500
v 11.36537 14.42295 0.76500
v 11.34755 14.40513 0.76500
v 11.32622 14.39173 0.76500
v 11.30244 14.38341 0.76500
v 11.27741 14.38059 0.76500
v 11.30244 14.60277 0.76500
v 11.32622 14.59445 0.76500
v 11.34755 14.58105 0.76500
v 11.36537 14.56323 0.76500
v 11.37877 14.54190 0.76500
v 11.38709 14.51812 0.76500
v 10.85241 14.38059 0.76500
v 10.85241 14.60559 0.76500
v 10.77781 14.57730 0.76500
v 10.82549 14.38386 0.76500
v 10.80013 14.39348 0.76500
v 10.77781 14.40888 0.76500
v 10.75982 14.42918 0.76500
v 10.74722 14.45320 0.76500
v 10.74073 14.47953 0.76500
v 10.74073 14.50665 0.76500
v 10.74722 14.53298 0.76500
v 10.75982 14.55700 0.76500
v 10.80013 14.59270 0.76500
v 10.82549 14.60232 0.76500
v 11.38991 14.20559 0.80000
v 10.73991 13.98059 0.80000
v 11.38991 13.98059 0.80000
v 10.73991 14.20559 0.80000
v 10.73991 14.20559 0.76500
v 11.38991 13.98059 0.76500
v 10.73991 13.98059 0.76500
v 11.38991 14.20559 0.76500
v 11.38991 13.80559 0.80000
v 10.73991 13.58059 0.80000
v 11.38991 13.58059 0.80000
v 10.73991 13.80559 0.80000
v 10.73991 13.58059 0.76500
v 10.73991 13.80559 0.76500
v 11.38991 13.80559 0.76500
v 11.38991 13.58059 0.76500
v 11.38991 13.40559 0.80000
v 10.73991 13.18059 0.80000
v 11.38991 13.18059 0.80000
v 10.73991 13.40559 0.80000
v 10.73991 13.40559 0.76500
v 11.38991 13.18059 0.76500
v 10.73991 13.18059 0.76500
v 11.38991 13.40559 0.76500
v 11.38991 13.00559 0.80000
v 10.73991 12.78059 0.80000
v 11.38991 12.78059 0.80000
v 10.73991 13.00559 0.80000
v 10.73991 12.78059 0.76500
v 10.73991 13.00559 0.76500
v 11.38991 13.00559 0.76500
v 11.38991 12.78059 0.76500
v 11.38991 12.60559 0.80000
v 10.73991 12.38059 0.80000
v 11.38991 12.38059 0.80000
v 10.73991 12.60559 0.80000
v 10.73991 12.38059 0.76500
v 10.73991 12.60559 0.76500
v 11.38991 12.60559 0.76500
v 11.38991 12.38059 0.76500
v 11.38991 12.20559 0.80000
v 10.73991 11.98059 0.80000
v 11.38991 11.98059 0.80000
v 10.73991 12.20559 0.80000
v 10.73991 12.20559 0.76500
v 11.38991 11.98059 0.76500
v 10.73991 11.98059 0.76500
v 11.38991 12.20559 0.76500
v 11.38991 11.80559 0.80000
v 10.73991 11.58059 0.80000
v 11.38991 11.58059 0.80000
v 10.73991 11.80559 0.80000
v 10.73991 11.58059 0.76500
v 10.73991 11.80559 0.76500
v 11.38991 11.80559 0.76500
v 11.38991 11.58059 0.76500
v 11.38991 11.40559 0.80000
v 10.73991 11.18059 0.80000
v 11.38991 11.18059 0.80000
v 10.73991 11.40559 0.80000
v 10.73991 11.40559 0.76500
v 11.38991 11.18059 0.76500
v 10.73991 11.18059 0.76500
v 11.38991 11.40559 0.76500
v 11.38991 11.00559 0.80000
v 10.73991 10.78059 0.80000
v 11.38991 10.78059 0.80000
v 10.73991 11.00559 0.80000
v 10.73991 10.78059 0.76500
v 10.73991 11.00559 0.76500
v 11.38991 11.00559 0.76500
v 11.38991 10.78059 0.76500
v 11.38991 10.60559 0.80000
v 10.73991 10.38059 0.80000
v 11.38991 10.38059 0.80000
v 10.73991 10.60559 0.80000
v 10.73991 10.38059 0.76500
v 10.73991 10.60559 0.76500
v 11.38991 10.60559 0.76500
v 11.38991 10.38059 0.76500
v 11.38991 10.20559 0.80000
v 10.73991 9.98059 0.80000
v 11.38991 9.98059 0.80000
v 10.73991 10.20559 0.80000
v 10.73991 10.20559 0.76500
v 11.38991 9.98059 0.76500
v 10.73991 9.98059 0.76500
v 11.38991 10.20559 0.76500
v 11.38991 9.80559 0.80000
v 10.73991 9.58059 0.80000
v 11.38991 9.58059 0.80000
v 10.73991 9.80559 0.80000
v 10.73991 9.80559 0.76500
v 11.38991 9.58059 0.76500
v 10.73991 9.58059 0.76500
v 11.38991 9.80559 0.76500
v 11.38991 9.40559 0.80000
v 10.73991 9.18059 0.80000
v 11.38991 9.18059 0.80000
v 10.73991 9.40559 0.80000
v 10.73991 9.18059 0.76500
v 10.73991 9.40559 0.76500
v 11.38991 9.40559 0.76500
v 11.38991 9.18059 0.76500
v 10.97468 16.93968 0.80000
v 10.76255 16.72755 0.80000
v 10.97468 16.51542 0.80000
v 11.18681 16.72755 0.80000
v 10.97468 16.93968 0.76500
v 11.18681 16.72755 0.76500
v 10.97468 16.51542 0.76500
v 10.76255 16.72755 0.76500
v 11.12020 15.95392 0.80000
v 10.69593 15.95392 0.80000
v 10.90807 15.74179 0.80000
v 10.90807 16.16605 0.80000
v 10.90807 15.74179 0.76500
v 10.90807 16.16605 0.76500
v 11.12020 15.95392 0.76500
v 10.69593 15.95392 0.76500
v 10.76669 16.30742 0.80000
v 10.34243 16.30742 0.80000
v 10.55456 16.09529 0.80000
v 10.55456 16.51956 0.80000
v 10.34243 16.30742 0.76500
v 10.76669 16.30742 0.76500
v 10.55456 16.09529 0.76500
v 10.55456 16.51956 0.76500
v 10.35241 15.10559 0.80000
v 10.33952 15.05331 0.80000
v 10.34914 15.07867 0.80000
v 10.32412 15.03099 0.80000
v 10.30382 15.01300 0.80000
v 10.27980 15.00040 0.80000
v 10.25347 14.99391 0.80000
v 10.22635 14.99391 0.80000
v 10.20002 15.00040 0.80000
v 10.17600 15.01300 0.80000
v 10.15570 15.03099 0.80000
v 10.14030 15.05331 0.80000
v 10.13068 15.07867 0.80000
v 10.12741 15.10559 0.80000
v 10.35241 15.53059 0.80000
v 10.13068 15.55751 0.80000
v 10.12741 15.53059 0.80000
v 10.32412 15.60519 0.80000
v 10.14030 15.58287 0.80000
v 10.15570 15.60519 0.80000
v 10.17600 15.62318 0.80000
v 10.20002 15.63578 0.80000
v 10.22635 15.64227 0.80000
v 10.25347 15.64227 0.80000
v 10.27980 15.63578 0.80000
v 10.30382 15.62318 0.80000
v 10.34914 15.55751 0.80000
v 10.33952 15.58287 0.80000
v 10.12741 15.53059 0.76500
v 10.13068 15.55751 0.76500
v 10.14030 15.58287 0.76500
v 10.15570 15.60519 0.76500
v 10.17600 15.62318 0.76500
v 10.20002 15.63578 0.76500
v 10.22635 15.64227 0.76500
v 10.25347 15.64227 0.76500
v 10.27980 15.63578 0.76500
v 10.30382 15.62318 0.76500
v 10.32412 15.60519 0.76500
v 10.33952 15.58287 0.76500
v 10.34914 15.55751 0.76500
v 10.35241 15.53059 0.76500
v 10.35241 15.10559 0.76500
v 10.25347 14.99391 0.76500
v 10.30382 15.01300 0.76500
v 10.27980 15.00040 0.76500
v 10.12741 15.10559 0.76500
v 10.13068 15.07867 0.76500
v 10.15570 15.03099 0.76500
v 10.34914 15.07867 0.76500
v 10.33952 15.05331 0.76500
v 10.32412 15.03099 0.76500
v 10.22635 14.99391 0.76500
v 10.20002 15.00040 0.76500
v 10.17600 15.01300 0.76500
v 10.14030 15.05331 0.76500
v 10.35241 8.79309 0.80000
v 10.12741 8.14309 0.80000
v 10.35241 8.14309 0.80000
v 10.12741 8.79309 0.80000
v 10.12741 8.14309 0.76500
v 10.12741 8.79309 0.76500
v 10.35241 8.79309 0.76500
v 10.35241 8.14309 0.76500
v 9.95241 15.64309 0.80000
v 9.72741 14.99309 0.80000
v 9.95241 14.99309 0.80000
v 9.72741 15.64309 0.80000
v 9.72741 15.64309 0.76500
v 9.95241 14.99309 0.76500
v 9.72741 14.99309 0.76500
v 9.95241 15.64309 0.76500
v 9.95241 8.79309 0.80000
v 9.72741 8.14309 0.80000
v 9.95241 8.14309 0.80000
v 9.72741 8.79309 0.80000
v 9.72741 8.79309 0.76500
v 9.95241 8.14309 0.76500
v 9.72741 8.14309 0.76500
v 9.95241 8.79309 0.76500
v 9.52977 17.23287 0.80000
v 9.31764 17.02074 0.80000
v 9.52977 16.80861 0.80000
v 9.74191 17.02074 0.80000
v 9.52977 16.80861 0.76500
v 9.52977 17.23287 0.76500
v 9.74191 17.02074 0.76500
v 9.31764 17.02074 0.76500
v 9.62991 13.89689 0.80000
v 8.62991 12.89689 0.80000
v 9.62991 12.89689 0.80000
v 8.62991 13.89689 0.80000
v 8.62991 12.89689 0.76500
v 8.62991 13.89689 0.76500
v 9.62991 13.89689 0.76500
v 9.62991 12.89689 0.76500
v 9.62991 10.89689 0.80000
v 8.62991 9.89689 0.80000
v 9.62991 9.89689 0.80000
v 8.62991 10.89689 0.80000
v 8.62991 10.89689 0.76500
v 9.62991 9.89689 0.76500
v 8.62991 9.89689 0.76500
v 9.62991 10.89689 0.76500
v 9.61991 12.39689 0.80000
v 8.62991 11.39689 0.80000
v 9.61991 11.39689 0.80000
v 8.62991 12.39689 0.80000
v 8.62991 11.39689 0.76500
v 8.62991 12.39689 0.76500
v 9.61991 12.39689 0.76500
v 9.61991 11.39689 0.76500
v 9.55241 15.64309 0.80000
v 9.32741 14.99309 0.80000
v 9.55241 14.99309 0.80000
v 9.32741 15.64309 0.80000
v 9.32741 14.99309 0.76500
v 9.32741 15.64309 0.76500
v 9.55241 15.64309 0.76500
v 9.55241 14.99309 0.76500
v 9.55241 8.79309 0.80000
v 9.32741 8.14309 0.80000
v 9.55241 8.14309 0.80000
v 9.32741 8.79309 0.80000
v 9.32741 8.79309 0.76500
v 9.55241 8.14309 0.76500
v 9.32741 8.14309 0.76500
v 9.55241 8.79309 0.76500
v 9.38840 16.66723 0.80000
v 9.17627 16.87937 0.80000
v 8.96413 16.66723 0.80000
v 9.17627 16.45510 0.80000
v 9.17627 16.45510 0.76500
v 8.96413 16.66723 0.76500
v 9.17627 16.87937 0.76500
v 9.38840 16.66723 0.76500
v 9.15241 15.64309 0.80000
v 8.92741 14.99309 0.80000
v 9.15241 14.99309 0.80000
v 8.92741 15.64309 0.80000
v 8.92741 15.64309 0.76500
v 9.15241 14.99309 0.76500
v 8.92741 14.99309 0.76500
v 9.15241 15.64309 0.76500
v 9.15241 8.79309 0.80000
v 8.92741 8.14309 0.80000
v 9.15241 8.14309 0.80000
v 8.92741 8.79309 0.80000
v 8.92741 8.79309 0.76500
v 9.15241 8.14309 0.76500
v 8.92741 8.14309 0.76500
v 9.15241 8.79309 0.76500
v 8.65707 17.19229 0.80000
v 8.65707 16.76803 0.80000
v 8.86921 16.98016 0.80000
v 8.44494 16.98016 0.80000
v 8.65707 17.19229 0.76500
v 8.86921 16.98016 0.76500
v 8.65707 16.76803 0.76500
v 8.44494 16.98016 0.76500
v 8.75241 15.64309 0.80000
v 8.52741 14.99309 0.80000
v 8.75241 14.99309 0.80000
v 8.52741 15.64309 0.80000
v 8.52741 14.99309 0.76500
v 8.52741 15.64309 0.76500
v 8.75241 15.64309 0.76500
v 8.75241 14.99309 0.76500
v 8.75241 8.79309 0.80000
v 8.52741 8.14309 0.80000
v 8.75241 8.14309 0.80000
v 8.52741 8.79309 0.80000
v 8.52741 8.79309 0.76500
v 8.75241 8.14309 0.76500
v 8.52741 8.14309 0.76500
v 8.75241 8.79309 0.76500
v 8.51565 17.33372 0.80000
v 8.30352 17.54585 0.80000
v 8.09139 17.33372 0.80000
v 8.30352 17.12158 0.80000
v 8.09139 17.33372 0.76500
v 8.51565 17.33372 0.76500
v 8.30352 17.12158 0.76500
v 8.30352 17.54585 0.76500
v 6.20111 6.45160 0.80000
v 6.12816 5.85086 0.80000
v 6.20111 5.84200 0.80000
v 6.05946 5.87691 0.80000
v 5.99899 5.91865 0.80000
v 5.95026 5.97365 0.80000
v 5.91611 6.03872 0.80000
v 5.89853 6.11006 0.80000
v 5.89853 6.18354 0.80000
v 5.91611 6.25488 0.80000
v 5.95026 6.31995 0.80000
v 5.99899 6.37495 0.80000
v 6.05946 6.41669 0.80000
v 6.12816 6.44274 0.80000
v 8.42701 5.95676 0.80000
v 8.32095 5.87218 0.80000
v 8.37875 5.90850 0.80000
v 8.48586 6.07898 0.80000
v 8.46332 6.01455 0.80000
v 8.18871 6.45160 0.80000
v 8.25653 5.84964 0.80000
v 8.18871 5.84200 0.80000
v 8.25653 6.44396 0.80000
v 8.46332 6.27905 0.80000
v 8.49351 6.14680 0.80000
v 8.48586 6.21462 0.80000
v 8.37875 6.38510 0.80000
v 8.32095 6.42142 0.80000
v 8.42701 6.33684 0.80000
v 8.46332 6.01455 0.76500
v 8.42701 5.95676 0.76500
v 8.37875 5.90850 0.76500
v 8.48586 6.07898 0.76500
v 8.32095 5.87218 0.76500
v 8.25653 5.84964 0.76500
v 8.48586 6.21462 0.76500
v 8.49351 6.14680 0.76500
v 8.42701 6.33684 0.76500
v 8.46332 6.27905 0.76500
v 8.18871 6.45160 0.76500
v 8.18871 5.84200 0.76500
v 8.25653 6.44396 0.76500
v 8.32095 6.42142 0.76500
v 8.37875 6.38510 0.76500
v 6.05946 5.87691 0.76500
v 6.20111 5.84200 0.76500
v 6.12816 5.85086 0.76500
v 5.99899 5.91865 0.76500
v 6.20111 6.45160 0.76500
v 5.89853 6.18354 0.76500
v 5.95026 5.97365 0.76500
v 5.91611 6.03872 0.76500
v 5.89853 6.11006 0.76500
v 5.95026 6.31995 0.76500
v 5.91611 6.25488 0.76500
v 5.99899 6.37495 0.76500
v 6.05946 6.41669 0.76500
v 6.12816 6.44274 0.76500
v 6.20111 4.57200 0.80000
v 6.05946 4.60691 0.80000
v 6.12816 4.58086 0.80000
v 5.99899 4.64865 0.80000
v 5.95026 4.70365 0.80000
v 6.20111 5.18160 0.80000
v 5.91611 4.76872 0.80000
v 5.89853 4.84006 0.80000
v 5.89853 4.91354 0.80000
v 5.91611 4.98488 0.80000
v 5.95026 5.04995 0.80000
v 5.99899 5.10495 0.80000
v 6.05946 5.14669 0.80000
v 6.12816 5.17274 0.80000
v 8.42701 4.68676 0.80000
v 8.32095 4.60218 0.80000
v 8.37875 4.63850 0.80000
v 8.25653 4.57964 0.80000
v 8.18871 4.57200 0.80000
v 8.46332 4.74455 0.80000
v 8.18871 5.18160 0.80000
v 8.48586 4.94462 0.80000
v 8.48586 4.80898 0.80000
v 8.49351 4.87680 0.80000
v 8.42701 5.06684 0.80000
v 8.46332 5.00905 0.80000
v 8.37875 5.11510 0.80000
v 8.25653 5.17396 0.80000
v 8.32095 5.15142 0.80000
v 8.46332 4.74455 0.76500
v 8.42701 4.68676 0.76500
v 8.37875 4.63850 0.76500
v 8.48586 4.80898 0.76500
v 8.32095 4.60218 0.76500
v 8.25653 4.57964 0.76500
v 8.48586 4.94462 0.76500
v 8.49351 4.87680 0.76500
v 8.42701 5.06684 0.76500
v 8.46332 5.00905 0.76500
v 8.18871 5.18160 0.76500
v 8.18871 4.57200 0.76500
v 8.25653 5.17396 0.76500
v 8.32095 5.15142 0.76500
v 8.37875 5.11510 0.76500
v 6.05946 4.60691 0.76500
v 6.20111 4.57200 0.76500
v 6.12816 4.58086 0.76500
v 5.99899 4.64865 0.76500
v 6.20111 5.18160 0.76500
v 5.89853 4.91354 0.76500
v 5.95026 4.70365 0.76500
v 5.91611 4.76872 0.76500
v 5.89853 4.84006 0.76500
v 5.95026 5.04995 0.76500
v 5.91611 4.98488 0.76500
v 5.99899 5.10495 0.76500
v 6.05946 5.14669 0.76500
v 6.12816 5.17274 0.76500
v 6.20111 3.30200 0.80000
v 6.05946 3.33691 0.80000
v 6.12816 3.31086 0.80000
v 5.99899 3.37865 0.80000
v 6.20111 3.91160 0.80000
v 5.95026 3.43365 0.80000
v 5.91611 3.49872 0.80000
v 5.89853 3.57006 0.80000
v 5.89853 3.64354 0.80000
v 5.91611 3.71488 0.80000
v 5.95026 3.77995 0.80000
v 5.99899 3.83495 0.80000
v 6.05946 3.87669 0.80000
v 6.12816 3.90274 0.80000
v 8.42701 3.41676 0.80000
v 8.32095 3.33218 0.80000
v 8.37875 3.36850 0.80000
v 8.18871 3.91160 0.80000
v 8.25653 3.30964 0.80000
v 8.18871 3.30200 0.80000
v 8.48586 3.67462 0.80000
v 8.48586 3.53898 0.80000
v 8.49351 3.60680 0.80000
v 8.25653 3.90396 0.80000
v 8.32095 3.88142 0.80000
v 8.46332 3.47455 0.80000
v 8.46332 3.73905 0.80000
v 8.37875 3.84510 0.80000
v 8.42701 3.79684 0.80000
v 8.48586 3.53898 0.76500
v 8.42701 3.79684 0.76500
v 8.46332 3.73905 0.76500
v 8.48586 3.67462 0.76500
v 8.49351 3.60680 0.76500
v 8.46332 3.47455 0.76500
v 8.32095 3.88142 0.76500
v 8.37875 3.84510 0.76500
v 8.25653 3.30964 0.76500
v 8.42701 3.41676 0.76500
v 8.37875 3.36850 0.76500
v 8.32095 3.33218 0.76500
v 8.18871 3.91160 0.76500
v 8.25653 3.90396 0.76500
v 8.18871 3.30200 0.76500
v 5.99899 3.83495 0.76500
v 6.05946 3.87669 0.76500
v 6.12816 3.90274 0.76500
v 5.89853 3.64354 0.76500
v 5.91611 3.71488 0.76500
v 5.95026 3.77995 0.76500
v 6.20111 3.30200 0.76500
v 6.20111 3.91160 0.76500
v 6.05946 3.33691 0.76500
v 6.12816 3.31086 0.76500
v 5.95026 3.43365 0.76500
v 5.91611 3.49872 0.76500
v 5.89853 3.57006 0.76500
v 5.99899 3.37865 0.76500
v 6.20111 2.64160 0.80000
v 6.12816 2.04086 0.80000
v 6.20111 2.03200 0.80000
v 6.05946 2.06691 0.80000
v 5.99899 2.10865 0.80000
v 5.95026 2.16365 0.80000
v 5.91611 2.22872 0.80000
v 5.89853 2.30006 0.80000
v 5.89853 2.37354 0.80000
v 5.91611 2.44488 0.80000
v 5.95026 2.50995 0.80000
v 5.99899 2.56495 0.80000
v 6.05946 2.60669 0.80000
v 6.12816 2.63274 0.80000
v 8.42701 2.14676 0.80000
v 8.32095 2.06218 0.80000
v 8.37875 2.09850 0.80000
v 8.48586 2.26898 0.80000
v 8.46332 2.20455 0.80000
v 8.18871 2.64160 0.80000
v 8.25653 2.03964 0.80000
v 8.18871 2.03200 0.80000
v 8.46332 2.46905 0.80000
v 8.49351 2.33680 0.80000
v 8.48586 2.40462 0.80000
v 8.37875 2.57510 0.80000
v 8.25653 2.63396 0.80000
v 8.32095 2.61142 0.80000
v 8.42701 2.52684 0.80000
v 8.48586 2.26898 0.76500
v 8.37875 2.57510 0.76500
v 8.42701 2.52684 0.76500
v 8.46332 2.46905 0.76500
v 8.48586 2.40462 0.76500
v 8.49351 2.33680 0.76500
v 8.46332 2.20455 0.76500
v 8.32095 2.61142 0.76500
v 8.25653 2.03964 0.76500
v 8.42701 2.14676 0.76500
v 8.37875 2.09850 0.76500
v 8.32095 2.06218 0.76500
v 8.18871 2.64160 0.76500
v 8.25653 2.63396 0.76500
v 8.18871 2.03200 0.76500
v 5.99899 2.56495 0.76500
v 6.05946 2.60669 0.76500
v 6.12816 2.63274 0.76500
v 5.95026 2.50995 0.76500
v 6.20111 2.64160 0.76500
v 5.91611 2.44488 0.76500
v 6.20111 2.03200 0.76500
v 6.05946 2.06691 0.76500
v 6.12816 2.04086 0.76500
v 5.89853 2.30006 0.76500
v 5.89853 2.37354 0.76500
v 5.95026 2.16365 0.76500
v 5.91611 2.22872 0.76500
v 5.99899 2.10865 0.76500
v 8.35241 15.64309 0.80000
v 8.12741 14.99309 0.80000
v 8.35241 14.99309 0.80000
v 8.12741 15.64309 0.80000
v 8.12741 14.99309 0.76500
v 8.12741 15.64309 0.76500
v 8.35241 15.64309 0.76500
v 8.35241 14.99309 0.76500
v 8.35241 8.79309 0.80000
v 8.12741 8.14309 0.80000
v 8.35241 8.14309 0.80000
v 8.12741 8.79309 0.80000
v 8.12741 8.14309 0.76500
v 8.12741 8.79309 0.76500
v 8.35241 8.79309 0.76500
v 8.35241 8.14309 0.76500
v 8.23116 7.22872 0.80000
v 8.01903 7.44086 0.80000
v 7.80689 7.22872 0.80000
v 8.01903 7.01659 0.80000
v 7.80689 7.22872 0.76500
v 8.01903 7.44086 0.76500
v 8.23116 7.22872 0.76500
v 8.01903 7.01659 0.76500
v 8.13991 13.89309 0.80000
v 7.13991 12.89309 0.80000
v 8.13991 12.89309 0.80000
v 7.13991 13.89309 0.80000
v 7.13991 13.89309 0.76500
v 8.13991 12.89309 0.76500
v 7.13991 12.89309 0.76500
v 8.13991 13.89309 0.76500
v 8.13991 12.39309 0.80000
v 7.13991 11.39309 0.80000
v 8.13991 11.39309 0.80000
v 7.13991 12.39309 0.80000
v 7.13991 12.39309 0.76500
v 8.13991 11.39309 0.76500
v 7.13991 11.39309 0.76500
v 8.13991 12.39309 0.76500
v 8.13991 10.89309 0.80000
v 7.13991 9.89309 0.80000
v 8.13991 9.89309 0.80000
v 7.13991 10.89309 0.80000
v 7.13991 10.89309 0.76500
v 8.13991 9.89309 0.76500
v 7.13991 9.89309 0.76500
v 8.13991 10.89309 0.76500
v 7.95241 15.64309 0.80000
v 7.72741 14.99309 0.80000
v 7.95241 14.99309 0.80000
v 7.72741 15.64309 0.80000
v 7.72741 15.64309 0.76500
v 7.95241 14.99309 0.76500
v 7.72741 14.99309 0.76500
v 7.95241 15.64309 0.76500
v 7.95241 8.79309 0.80000
v 7.72741 8.14309 0.80000
v 7.95241 8.14309 0.80000
v 7.72741 8.79309 0.80000
v 7.72741 8.79309 0.76500
v 7.95241 8.14309 0.76500
v 7.72741 8.14309 0.76500
v 7.95241 8.79309 0.76500
v 7.66552 7.79436 0.80000
v 7.45339 7.58223 0.80000
v 7.66552 7.37010 0.80000
v 7.87765 7.58223 0.80000
v 7.45339 7.58223 0.76500
v 7.87765 7.58223 0.76500
v 7.66552 7.37010 0.76500
v 7.66552 7.79436 0.76500
v 7.71920 17.86250 0.80000
v 7.41920 17.56250 0.80000
v 7.71920 17.56250 0.80000
v 7.41920 17.86250 0.80000
v 7.41920 17.56250 0.76500
v 7.41920 17.86250 0.76500
v 7.71920 17.86250 0.76500
v 7.71920 17.56250 0.76500
v 7.71920 17.36256 0.80000
v 7.41920 17.06256 0.80000
v 7.71920 17.06256 0.80000
v 7.41920 17.36256 0.80000
v 7.41920 17.36256 0.76500
v 7.71920 17.06256 0.76500
v 7.41920 17.06256 0.76500
v 7.71920 17.36256 0.76500
v 7.55241 15.64309 0.80000
v 7.32741 14.99309 0.80000
v 7.55241 14.99309 0.80000
v 7.32741 15.64309 0.80000
v 7.32741 15.64309 0.76500
v 7.55241 14.99309 0.76500
v 7.32741 14.99309 0.76500
v 7.55241 15.64309 0.76500
v 7.55241 8.79309 0.80000
v 7.32741 8.14309 0.80000
v 7.55241 8.14309 0.80000
v 7.32741 8.79309 0.80000
v 7.32741 8.79309 0.76500
v 7.55241 8.14309 0.76500
v 7.32741 8.14309 0.76500
v 7.55241 8.79309 0.76500
v 7.15241 15.64309 0.80000
v 6.92741 14.99309 0.80000
v 7.15241 14.99309 0.80000
v 6.92741 15.64309 0.80000
v 6.92741 15.64309 0.76500
v 7.15241 14.99309 0.76500
v 6.92741 14.99309 0.76500
v 7.15241 15.64309 0.76500
v 7.15241 8.79309 0.80000
v 6.92741 8.14309 0.80000
v 7.15241 8.14309 0.80000
v 6.92741 8.79309 0.80000
v 6.92741 8.79309 0.76500
v 7.15241 8.14309 0.76500
v 6.92741 8.14309 0.76500
v 7.15241 8.79309 0.76500
v 6.75241 15.64309 0.80000
v 6.52741 14.99309 0.80000
v 6.75241 14.99309 0.80000
v 6.52741 15.64309 0.80000
v 6.52741 15.64309 0.76500
v 6.75241 14.99309 0.76500
v 6.52741 14.99309 0.76500
v 6.75241 15.64309 0.76500
v 6.75241 8.79309 0.80000
v 6.52741 8.14309 0.80000
v 6.75241 8.14309 0.80000
v 6.52741 8.79309 0.80000
v 6.52741 8.79309 0.76500
v 6.75241 8.14309 0.76500
v 6.52741 8.14309 0.76500
v 6.75241 8.79309 0.76500
v 6.63991 13.89309 0.80000
v 5.63991 12.89309 0.80000
v 6.63991 12.89309 0.80000
v 5.63991 13.89309 0.80000
v 5.63991 13.89309 0.76500
v 6.63991 12.89309 0.76500
v 5.63991 12.89309 0.76500
v 6.63991 13.89309 0.76500
v 6.63991 10.89309 0.80000
v 5.63991 9.89309 0.80000
v 6.63991 9.89309 0.80000
v 5.63991 10.89309 0.80000
v 5.63991 10.89309 0.76500
v 6.63991 9.89309 0.76500
v 5.63991 9.89309 0.76500
v 6.63991 10.89309 0.76500
v 6.62991 12.39309 0.80000
v 5.63991 11.39309 0.80000
v 6.62991 11.39309 0.80000
v 5.63991 12.39309 0.80000
v 5.63991 12.39309 0.76500
v 6.62991 11.39309 0.76500
v 5.63991 11.39309 0.76500
v 6.62991 12.39309 0.76500
v 6.35241 15.64309 0.80000
v 6.12741 14.99309 0.80000
v 6.35241 14.99309 0.80000
v 6.12741 15.64309 0.80000
v 6.12741 15.64309 0.76500
v 6.35241 14.99309 0.76500
v 6.12741 14.99309 0.76500
v 6.35241 15.64309 0.76500
v 6.35241 8.79309 0.80000
v 6.12741 8.14309 0.80000
v 6.35241 8.14309 0.80000
v 6.12741 8.79309 0.80000
v 6.12741 8.79309 0.76500
v 6.35241 8.14309 0.76500
v 6.12741 8.14309 0.76500
v 6.35241 8.79309 0.76500
v 5.95241 15.64309 0.80000
v 5.72741 14.99309 0.80000
v 5.95241 14.99309 0.80000
v 5.72741 15.64309 0.80000
v 5.72741 15.64309 0.76500
v 5.95241 14.99309 0.76500
v 5.72741 14.99309 0.76500
v 5.95241 15.64309 0.76500
v 5.95241 8.79309 0.80000
v 5.72741 8.14309 0.80000
v 5.95241 8.14309 0.80000
v 5.72741 8.79309 0.80000
v 5.72741 8.79309 0.76500
v 5.95241 8.14309 0.76500
v 5.72741 8.14309 0.76500
v 5.95241 8.79309 0.76500
v 5.59709 4.95060 0.80000
v 5.29709 4.65060 0.80000
v 5.59709 4.65060 0.80000
v 5.29709 4.95060 0.80000
v 5.29709 4.95060 0.76500
v 5.59709 4.65060 0.76500
v 5.29709 4.65060 0.76500
v 5.59709 4.95060 0.76500
v 5.56655 7.37999 0.80000
v 5.26655 7.07999 0.80000
v 5.56655 7.07999 0.80000
v 5.26655 7.37999 0.80000
v 5.26655 7.37999 0.76500
v 5.56655 7.07999 0.76500
v 5.26655 7.07999 0.76500
v 5.56655 7.37999 0.76500
v 5.56655 6.88005 0.80000
v 5.26655 6.58005 0.80000
v 5.56655 6.58005 0.80000
v 5.26655 6.88005 0.80000
v 5.26655 6.88005 0.76500
v 5.56655 6.58005 0.76500
v 5.26655 6.58005 0.76500
v 5.56655 6.88005 0.76500
v 5.55241 15.64309 0.80000
v 5.32741 14.99309 0.80000
v 5.55241 14.99309 0.80000
v 5.32741 15.64309 0.80000
v 5.32741 14.99309 0.76500
v 5.32741 15.64309 0.76500
v 5.55241 15.64309 0.76500
v 5.55241 14.99309 0.76500
v 5.55241 8.79309 0.80000
v 5.32741 8.14309 0.80000
v 5.55241 8.14309 0.80000
v 5.32741 8.79309 0.80000
v 5.32741 8.14309 0.76500
v 5.32741 8.79309 0.76500
v 5.55241 8.79309 0.76500
v 5.55241 8.14309 0.76500
v 5.26896 3.12363 0.80000
v 4.96896 2.82363 0.80000
v 5.26896 2.82363 0.80000
v 4.96896 3.12363 0.80000
v 4.96896 3.12363 0.76500
v 5.26896 2.82363 0.76500
v 4.96896 2.82363 0.76500
v 5.26896 3.12363 0.76500
v 5.26896 2.62369 0.80000
v 4.96896 2.32369 0.80000
v 5.26896 2.32369 0.80000
v 4.96896 2.62369 0.80000
v 4.96896 2.62369 0.76500
v 5.26896 2.32369 0.76500
v 4.96896 2.32369 0.76500
v 5.26896 2.62369 0.76500
v 5.15241 15.64309 0.80000
v 4.92741 14.99309 0.80000
v 5.15241 14.99309 0.80000
v 4.92741 15.64309 0.80000
v 4.92741 15.64309 0.76500
v 5.15241 14.99309 0.76500
v 4.92741 14.99309 0.76500
v 5.15241 15.64309 0.76500
v 5.15241 8.79309 0.80000
v 4.92741 8.14309 0.80000
v 5.15241 8.14309 0.80000
v 4.92741 8.79309 0.80000
v 4.92741 8.79309 0.76500
v 5.15241 8.14309 0.76500
v 4.92741 8.14309 0.76500
v 5.15241 8.79309 0.76500
v 5.09716 4.95060 0.80000
v 4.79716 4.65060 0.80000
v 5.09716 4.65060 0.80000
v 4.79716 4.95060 0.80000
v 4.79716 4.95060 0.76500
v 5.09716 4.65060 0.76500
v 4.79716 4.65060 0.76500
v 5.09716 4.95060 0.76500
v 4.99505 7.37999 0.80000
v 4.69505 7.07999 0.80000
v 4.99505 7.07999 0.80000
v 4.69505 7.37999 0.80000
v 4.69505 7.37999 0.76500
v 4.99505 7.07999 0.76500
v 4.69505 7.07999 0.76500
v 4.99505 7.37999 0.76500
v 4.99505 6.88005 0.80000
v 4.69505 6.58005 0.80000
v 4.99505 6.58005 0.80000
v 4.69505 6.88005 0.80000
v 4.69505 6.88005 0.76500
v 4.99505 6.58005 0.76500
v 4.69505 6.58005 0.76500
v 4.99505 6.88005 0.76500
v 4.53991 14.60559 0.80000
v 3.88991 14.38059 0.80000
v 4.53991 14.38059 0.80000
v 3.88991 14.60559 0.80000
v 3.88991 14.60559 0.76500
v 4.53991 14.38059 0.76500
v 3.88991 14.38059 0.76500
v 4.53991 14.60559 0.76500
v 4.53991 14.20559 0.80000
v 3.88991 13.98059 0.80000
v 4.53991 13.98059 0.80000
v 3.88991 14.20559 0.80000
v 3.88991 14.20559 0.76500
v 4.53991 13.98059 0.76500
v 3.88991 13.98059 0.76500
v 4.53991 14.20559 0.76500
v 4.53991 13.80559 0.80000
v 3.88991 13.58059 0.80000
v 4.53991 13.58059 0.80000
v 3.88991 13.80559 0.80000
v 3.88991 13.58059 0.76500
v 3.88991 13.80559 0.76500
v 4.53991 13.80559 0.76500
v 4.53991 13.58059 0.76500
v 4.53991 13.40559 0.80000
v 3.88991 13.18059 0.80000
v 4.53991 13.18059 0.80000
v 3.88991 13.40559 0.80000
v 3.88991 13.40559 0.76500
v 4.53991 13.18059 0.76500
v 3.88991 13.18059 0.76500
v 4.53991 13.40559 0.76500
v 4.53991 13.00559 0.80000
v 3.88991 12.78059 0.80000
v 4.53991 12.78059 0.80000
v 3.88991 13.00559 0.80000
v 3.88991 12.78059 0.76500
v 3.88991 13.00559 0.76500
v 4.53991 13.00559 0.76500
v 4.53991 12.78059 0.76500
v 4.53991 12.60559 0.80000
v 3.88991 12.38059 0.80000
v 4.53991 12.38059 0.80000
v 3.88991 12.60559 0.80000
v 3.88991 12.38059 0.76500
v 3.88991 12.60559 0.76500
v 4.53991 12.60559 0.76500
v 4.53991 12.38059 0.76500
v 4.53991 12.20559 0.80000
v 3.88991 11.98059 0.80000
v 4.53991 11.98059 0.80000
v 3.88991 12.20559 0.80000
v 3.88991 12.20559 0.76500
v 4.53991 11.98059 0.76500
v 3.88991 11.98059 0.76500
v 4.53991 12.20559 0.76500
v 4.53991 11.80559 0.80000
v 3.88991 11.58059 0.80000
v 4.53991 11.58059 0.80000
v 3.88991 11.80559 0.80000
v 3.88991 11.58059 0.76500
v 3.88991 11.80559 0.76500
v 4.53991 11.80559 0.76500
v 4.53991 11.58059 0.76500
v 4.53991 11.40559 0.80000
v 3.88991 11.18059 0.80000
v 4.53991 11.18059 0.80000
v 3.88991 11.40559 0.80000
v 3.88991 11.40559 0.76500
v 4.53991 11.18059 0.76500
v 3.88991 11.18059 0.76500
v 4.53991 11.40559 0.76500
v 4.53991 11.00559 0.80000
v 3.88991 10.78059 0.80000
v 4.53991 10.78059 0.80000
v 3.88991 11.00559 0.80000
v 3.88991 10.78059 0.76500
v 3.88991 11.00559 0.76500
v 4.53991 11.00559 0.76500
v 4.53991 10.78059 0.76500
v 4.53991 10.60559 0.80000
v 3.88991 10.38059 0.80000
v 4.53991 10.38059 0.80000
v 3.88991 10.60559 0.80000
v 3.88991 10.38059 0.76500
v 3.88991 10.60559 0.76500
v 4.53991 10.60559 0.76500
v 4.53991 10.38059 0.76500
v 4.53991 10.20559 0.80000
v 3.88991 9.98059 0.80000
v 4.53991 9.98059 0.80000
v 3.88991 10.20559 0.80000
v 3.88991 10.20559 0.76500
v 4.53991 9.98059 0.76500
v 3.88991 9.98059 0.76500
v 4.53991 10.20559 0.76500
v 4.53991 9.80559 0.80000
v 3.88991 9.58059 0.80000
v 4.53991 9.58059 0.80000
v 3.88991 9.80559 0.80000
v 3.88991 9.80559 0.76500
v 4.53991 9.58059 0.76500
v 3.88991 9.58059 0.76500
v 4.53991 9.80559 0.76500
v 4.53991 9.40559 0.80000
v 3.88991 9.18059 0.80000
v 4.53991 9.18059 0.80000
v 3.88991 9.40559 0.80000
v 3.88991 9.18059 0.76500
v 3.88991 9.40559 0.76500
v 4.53991 9.40559 0.76500
v 4.53991 9.18059 0.76500
v 4.37275 7.39275 0.80000
v 4.07275 7.09275 0.80000
v 4.37275 7.09275 0.80000
v 4.07275 7.39275 0.80000
v 4.07275 7.39275 0.76500
v 4.37275 7.09275 0.76500
v 4.07275 7.09275 0.76500
v 4.37275 7.39275 0.76500
v 4.37275 6.89281 0.80000
v 4.07275 6.59281 0.80000
v 4.37275 6.59281 0.80000
v 4.07275 6.89281 0.80000
v 4.07275 6.59281 0.76500
v 4.07275 6.89281 0.76500
v 4.37275 6.89281 0.76500
v 4.37275 6.59281 0.76500
v 4.18860 17.86250 0.80000
v 3.88860 17.56250 0.80000
v 4.18860 17.56250 0.80000
v 3.88860 17.86250 0.80000
v 3.88860 17.56250 0.76500
v 3.88860 17.86250 0.76500
v 4.18860 17.86250 0.76500
v 4.18860 17.56250 0.76500
v 4.18860 17.36256 0.80000
v 3.88860 17.06256 0.80000
v 4.18860 17.06256 0.80000
v 3.88860 17.36256 0.80000
v 3.88860 17.36256 0.76500
v 4.18860 17.06256 0.76500
v 3.88860 17.06256 0.76500
v 4.18860 17.36256 0.76500
v 3.92323 8.08011 0.80000
v 3.71110 7.86798 0.80000
v 3.92323 7.65585 0.80000
v 4.13536 7.86798 0.80000
v 3.92323 8.08011 0.76500
v 4.13536 7.86798 0.76500
v 3.92323 7.65585 0.76500
v 3.71110 7.86798 0.76500
v 3.78186 7.51447 0.80000
v 3.56972 7.72661 0.80000
v 3.35759 7.51447 0.80000
v 3.56972 7.30234 0.80000
v 3.56972 7.72661 0.76500
v 3.78186 7.51447 0.76500
v 3.56972 7.30234 0.76500
v 3.35759 7.51447 0.76500
v 3.53060 17.77873 0.80000
v 3.02260 17.27073 0.80000
v 3.53060 17.27073 0.80000
v 3.02260 17.77873 0.80000
v 3.02260 17.77873 0.76500
v 3.53060 17.27073 0.76500
v 3.02260 17.27073 0.76500
v 3.53060 17.77873 0.76500
v 3.53060 16.92072 0.80000
v 3.02260 16.41272 0.80000
v 3.53060 16.41272 0.80000
v 3.02260 16.92072 0.80000
v 3.02260 16.92072 0.76500
v 3.53060 16.41272 0.76500
v 3.02260 16.41272 0.76500
v 3.53060 16.92072 0.76500
v 3.39925 12.69125 0.80000
v 3.09925 12.39125 0.80000
v 3.39925 12.39125 0.80000
v 3.09925 12.69125 0.80000
v 3.09925 12.69125 0.76500
v 3.39925 12.39125 0.76500
v 3.09925 12.39125 0.76500
v 3.39925 12.69125 0.76500
v 2.89931 12.69125 0.80000
v 2.59931 12.39125 0.80000
v 2.89931 12.39125 0.80000
v 2.59931 12.69125 0.80000
v 2.59931 12.69125 0.76500
v 2.89931 12.39125 0.76500
v 2.59931 12.39125 0.76500
v 2.89931 12.69125 0.76500
v 2.63533 17.62459 0.80000
v 1.93533 17.22459 0.80000
v 2.63533 17.22459 0.80000
v 1.93533 17.62459 0.80000
v 1.93533 17.22459 0.76500
v 1.93533 17.62459 0.76500
v 2.63533 17.62459 0.76500
v 2.63533 17.22459 0.76500
v 2.63533 16.92459 0.80000
v 1.93533 16.52459 0.80000
v 2.63533 16.52459 0.80000
v 1.93533 16.92459 0.80000
v 1.93533 16.92459 0.76500
v 2.63533 16.52459 0.76500
v 1.93533 16.52459 0.76500
v 2.63533 16.92459 0.76500
v 0.29500 4.04000 0.76500
v 0.28760 4.10564 0.76500
v 0.29500 4.04000 0.03500
v 0.28760 4.10564 0.03500
v 0.26579 4.16800 0.76500
v 0.26579 4.16800 0.03500
v 0.23064 4.22393 0.76500
v 0.23064 4.22393 0.03500
v 0.18393 4.27064 0.76500
v 0.18393 4.27064 0.03500
v 0.12800 4.30579 0.76500
v 0.12800 4.30579 0.03500
v 0.06564 4.32760 0.76500
v 0.06564 4.32760 0.03500
v 0.00000 4.33500 0.76500
v 0.00000 4.33500 0.03500
v 0.29500 5.31000 0.76500
v 0.28760 5.37564 0.76500
v 0.29500 5.31000 0.03500
v 0.28760 5.37564 0.03500
v 0.26579 5.43800 0.76500
v 0.26579 5.43800 0.03500
v 0.23064 5.49393 0.76500
v 0.23064 5.49393 0.03500
v 0.18393 5.54064 0.76500
v 0.18393 5.54064 0.03500
v 0.12800 5.57579 0.76500
v 0.12800 5.57579 0.03500
v 0.06564 5.59760 0.76500
v 0.06564 5.59760 0.03500
v 0.00000 5.60500 0.76500
v 0.00000 5.60500 0.03500
v 0.29500 6.58000 0.76500
v 0.28760 6.64564 0.76500
v 0.29500 6.58000 0.03500
v 0.28760 6.64564 0.03500
v 0.26579 6.70800 0.76500
v 0.26579 6.70800 0.03500
v 0.23064 6.76393 0.76500
v 0.23064 6.76393 0.03500
v 0.18393 6.81064 0.76500
v 0.18393 6.81064 0.03500
v 0.12800 6.84579 0.76500
v 0.12800 6.84579 0.03500
v 0.06564 6.86760 0.76500
v 0.06564 6.86760 0.03500
v 0.00000 6.87500 0.76500
v 0.00000 6.87500 0.03500
v 0.29500 7.85000 0.76500
v 0.28760 7.91564 0.76500
v 0.29500 7.85000 0.03500
v 0.28760 7.91564 0.03500
v 0.26579 7.97800 0.76500
v 0.26579 7.97800 0.03500
v 0.23064 8.03393 0.76500
v 0.23064 8.03393 0.03500
v 0.18393 8.08064 0.76500
v 0.18393 8.08064 0.03500
v 0.12800 8.11579 0.76500
v 0.12800 8.11579 0.03500
v 0.06564 8.13760 0.76500
v 0.06564 8.13760 0.03500
v 0.00000 8.14500 0.76500
v 0.00000 8.14500 0.03500
v 0.29500 9.12000 0.76500
v 0.28760 9.18564 0.76500
v 0.29500 9.12000 0.03500
v 0.28760 9.18564 0.03500
v 0.26579 9.24800 0.76500
v 0.26579 9.24800 0.03500
v 0.23064 9.30393 0.76500
v 0.23064 9.30393 0.03500
v 0.18393 9.35064 0.76500
v 0.18393 9.35064 0.03500
v 0.12800 9.38579 0.76500
v 0.12800 9.38579 0.03500
v 0.06564 9.40760 0.76500
v 0.06564 9.40760 0.03500
v 0.00000 9.41500 0.76500
v 0.00000 9.41500 0.03500
v 0.29500 10.39000 0.76500
v 0.28760 10.45564 0.76500
v 0.29500 10.39000 0.03500
v 0.28760 10.45564 0.03500
v 0.26579 10.51800 0.76500
v 0.26579 10.51800 0.03500
v 0.23064 10.57393 0.76500
v 0.23064 10.57393 0.03500
v 0.18393 10.62064 0.76500
v 0.18393 10.62064 0.03500
v 0.12800 10.65579 0.76500
v 0.12800 10.65579 0.03500
v 0.06564 10.67760 0.76500
v 0.06564 10.67760 0.03500
v 0.00000 10.68500 0.76500
v 0.00000 10.68500 0.03500
v 0.29500 11.66000 0.76500
v 0.28760 11.72564 0.76500
v 0.29500 11.66000 0.03500
v 0.28760 11.72564 0.03500
v 0.26579 11.78800 0.76500
v 0.26579 11.78800 0.03500
v 0.23064 11.84393 0.76500
v 0.23064 11.84393 0.03500
v 0.18393 11.89064 0.76500
v 0.18393 11.89064 0.03500
v 0.12800 11.92579 0.76500
v 0.12800 11.92579 0.03500
v 0.06564 11.94760 0.76500
v 0.06564 11.94760 0.03500
v 0.00000 11.95500 0.76500
v 0.00000 11.95500 0.03500
v 0.29500 12.93000 0.76500
v 0.28760 12.99564 0.76500
v 0.29500 12.93000 0.03500
v 0.28760 12.99564 0.03500
v 0.26579 13.05800 0.76500
v 0.26579 13.05800 0.03500
v 0.23064 13.11393 0.76500
v 0.23064 13.11393 0.03500
v 0.18393 13.16064 0.76500
v 0.18393 13.16064 0.03500
v 0.12800 13.19579 0.76500
v 0.12800 13.19579 0.03500
v 0.06564 13.21760 0.76500
v 0.06564 13.21760 0.03500
v 0.00000 13.22500 0.76500
v 0.00000 13.22500 0.03500
v 0.29500 14.20000 0.76500
v 0.28760 14.26564 0.76500
v 0.29500 14.20000 0.03500
v 0.28760 14.26564 0.03500
v 0.26579 14.32800 0.76500
v 0.26579 14.32800 0.03500
v 0.23064 14.38393 0.76500
v 0.23064 14.38393 0.03500
v 0.18393 14.43064 0.76500
v 0.18393 14.43064 0.03500
v 0.12800 14.46579 0.76500
v 0.12800 14.46579 0.03500
v 0.06564 14.48760 0.76500
v 0.06564 14.48760 0.03500
v 0.00000 14.49500 0.76500
v 0.00000 14.49500 0.03500
v 0.29500 15.47000 0.76500
v 0.28760 15.53564 0.76500
v 0.29500 15.47000 0.03500
v 0.28760 15.53564 0.03500
v 0.26579 15.59800 0.76500
v 0.26579 15.59800 0.03500
v 0.23064 15.65393 0.76500
v 0.23064 15.65393 0.03500
v 0.18393 15.70064 0.76500
v 0.18393 15.70064 0.03500
v 0.12800 15.73579 0.76500
v 0.12800 15.73579 0.03500
v 0.06564 15.75760 0.76500
v 0.06564 15.75760 0.03500
v 0.00000 15.76500 0.76500
v 0.00000 15.76500 0.03500
v 0.29500 16.74000 0.76500
v 0.28760 16.80564 0.76500
v 0.29500 16.74000 0.03500
v 0.28760 16.80564 0.03500
v 0.26579 16.86800 0.76500
v 0.26579 16.86800 0.03500
v 0.23064 16.92393 0.76500
v 0.23064 16.92393 0.03500
v 0.18393 16.97064 0.76500
v 0.18393 16.97064 0.03500
v 0.12800 17.00578 0.76500
v 0.12800 17.00578 0.03500
v 0.06564 17.02760 0.76500
v 0.06564 17.02760 0.03500
v 0.00000 17.03500 0.76500
v 0.00000 17.03500 0.03500
v 0.29500 18.01000 0.76500
v 0.28760 18.07564 0.76500
v 0.29500 18.01000 0.03500
v 0.28760 18.07564 0.03500
v 0.26579 18.13799 0.76500
v 0.26579 18.13799 0.03500
v 0.23064 18.19393 0.76500
v 0.23064 18.19393 0.03500
v 0.18393 18.24064 0.76500
v 0.18393 18.24064 0.03500
v 0.12800 18.27579 0.76500
v 0.12800 18.27579 0.03500
v 0.06564 18.29760 0.76500
v 0.06564 18.29760 0.03500
v 0.00000 18.30500 0.76500
v 0.00000 18.30500 0.03500
v 0.29500 2.77000 0.76500
v 0.28760 2.83564 0.76500
v 0.29500 2.77000 0.03500
v 0.28760 2.83564 0.03500
v 0.26579 2.89800 0.76500
v 0.26579 2.89800 0.03500
v 0.23064 2.95393 0.76500
v 0.23064 2.95393 0.03500
v 0.18393 3.00064 0.76500
v 0.18393 3.00064 0.03500
v 0.12800 3.03579 0.76500
v 0.12800 3.03579 0.03500
v 0.06564 3.05760 0.76500
v 0.06564 3.05760 0.03500
v 0.00000 3.06500 0.76500
v 0.00000 3.06500 0.03500
v 0.29500 1.50000 0.03500
v 0.29500 1.50000 0.76500
v 0.28760 1.56564 0.03500
v 0.28760 1.56564 0.76500
v 0.26579 1.62800 0.03500
v 0.26579 1.62800 0.76500
v 0.23064 1.68393 0.03500
v 0.23064 1.68393 0.76500
v 0.18393 1.73064 0.03500
v 0.18393 1.73064 0.76500
v 0.12800 1.76579 0.03500
v 0.12800 1.76579 0.76500
v 0.06564 1.78760 0.03500
v 0.06564 1.78760 0.76500
v 0.00000 1.79500 0.03500
v 0.00000 1.79500 0.76500
v 18.00000 1.79500 0.76500
v 18.00000 1.79500 0.03500
v 18.00000 2.47500 0.03500
v 18.00000 2.47500 0.76500
v 18.00000 3.06500 0.76500
v 18.00000 3.06500 0.03500
v 18.00000 3.74500 0.03500
v 18.00000 3.74500 0.76500
v 18.00000 4.33500 0.76500
v 18.00000 4.33500 0.03500
v 18.00000 5.01500 0.03500
v 18.00000 5.01500 0.76500
v 18.00000 5.60500 0.76500
v 18.00000 5.60500 0.03500
v 18.00000 6.28500 0.03500
v 18.00000 6.28500 0.76500
v 18.00000 6.87500 0.76500
v 18.00000 6.87500 0.03500
v 18.00000 7.55500 0.03500
v 18.00000 7.55500 0.76500
v 18.00000 8.14500 0.76500
v 18.00000 8.14500 0.03500
v 18.00000 8.82500 0.03500
v 18.00000 8.82500 0.76500
v 18.00000 9.41500 0.76500
v 18.00000 9.41500 0.03500
v 18.00000 10.09500 0.03500
v 18.00000 10.09500 0.76500
v 18.00000 15.76500 0.76500
v 18.00000 15.76500 0.03500
v 18.00000 16.44500 0.03500
v 18.00000 16.44500 0.76500
v 18.00000 17.03500 0.76500
v 18.00000 17.03500 0.03500
v 18.00000 17.71500 0.03500
v 18.00000 17.71500 0.76500
v 18.00000 18.30500 0.76500
v 18.00000 18.30500 0.03500
v 18.00000 25.50000 0.03500
v 18.00000 25.50000 0.76500
v 18.00000 14.49500 0.76500
v 18.00000 15.17500 0.03500
v 18.00000 15.17500 0.76500
v 18.00000 14.49500 0.03500
v 18.00000 13.22500 0.76500
v 18.00000 13.90500 0.03500
v 18.00000 13.90500 0.76500
v 18.00000 13.22500 0.03500
v 18.00000 11.95500 0.76500
v 18.00000 12.63500 0.03500
v 18.00000 12.63500 0.76500
v 18.00000 11.95500 0.03500
v 18.00000 10.68500 0.76500
v 18.00000 11.36500 0.03500
v 18.00000 11.36500 0.76500
v 18.00000 10.68500 0.03500
v 4.26000 0.00000 0.03500
v 3.58000 -0.00000 0.76500
v 3.58000 0.00000 0.03500
v 4.26000 -0.00000 0.76500
v 5.53000 0.00000 0.03500
v 4.85000 -0.00000 0.76500
v 4.85000 0.00000 0.03500
v 5.53000 -0.00000 0.76500
v 6.80000 0.00000 0.03500
v 6.12000 -0.00000 0.76500
v 6.12000 0.00000 0.03500
v 6.80000 -0.00000 0.76500
v 8.07000 0.00000 0.03500
v 7.39000 -0.00000 0.76500
v 7.39000 0.00000 0.03500
v 8.07000 -0.00000 0.76500
v 2.31000 0.00000 0.03500
v 2.99000 -0.00000 0.76500
v 2.31000 -0.00000 0.76500
v 2.99000 0.00000 0.03500
v 9.34000 0.00000 0.03500
v 8.66000 -0.00000 0.76500
v 8.66000 0.00000 0.03500
v 9.34000 -0.00000 0.76500
v 10.61000 0.00000 0.03500
v 9.93000 -0.00000 0.76500
v 9.93000 0.00000 0.03500
v 10.61000 -0.00000 0.76500
v 11.88000 0.00000 0.03500
v 11.20000 -0.00000 0.76500
v 11.20000 0.00000 0.03500
v 11.88000 -0.00000 0.76500
v 13.15000 0.00000 0.03500
v 12.47000 -0.00000 0.76500
v 12.47000 0.00000 0.03500
v 13.15000 -0.00000 0.76500
v 14.42000 0.00000 0.03500
v 13.74000 -0.00000 0.76500
v 13.74000 0.00000 0.03500
v 14.42000 -0.00000 0.76500
v 15.69000 0.00000 0.03500
v 15.01000 -0.00000 0.76500
v 15.01000 0.00000 0.03500
v 15.69000 -0.00000 0.76500
v 18.00000 0.00000 0.03500
v 16.28000 -0.00000 0.76500
v 16.28000 0.00000 0.03500
v 18.00000 -0.00000 0.76500
v 0.00000 3.74500 0.03500
v 0.00000 3.74500 0.76500
v 0.00000 5.01500 0.76500
v 0.00000 5.01500 0.03500
v 0.00000 6.28500 0.76500
v 0.00000 6.28500 0.03500
v 0.00000 7.55500 0.76500
v 0.00000 7.55500 0.03500
v 0.00000 8.82500 0.76500
v 0.00000 8.82500 0.03500
v 0.00000 10.09500 0.76500
v 0.00000 10.09500 0.03500
v 0.00000 11.36500 0.76500
v 0.00000 11.36500 0.03500
v 0.00000 12.63500 0.76500
v 0.00000 12.63500 0.03500
v 0.00000 13.90500 0.76500
v 0.00000 13.90500 0.03500
v 0.00000 15.17500 0.76500
v 0.00000 15.17500 0.03500
v 0.00000 16.44500 0.76500
v 0.00000 16.44500 0.03500
v 0.00000 17.71500 0.76500
v 0.00000 17.71500 0.03500
v 0.00000 2.47500 0.76500
v 0.00000 2.47500 0.03500
v 0.00000 1.20500 0.76500
v 0.00000 1.20500 0.03500
v 0.00000 0.00000 0.03500
v 0.00000 -0.00000 0.76500
v 0.06564 1.21240 0.76500
v 0.12800 1.23421 0.76500
v 0.18393 1.26936 0.76500
v 1.72857 0.07060 0.76500
v 1.72000 -0.00000 0.76500
v 1.75379 0.13709 0.76500
v 0.23064 1.31607 0.76500
v 1.79419 0.19562 0.76500
v 0.26579 1.37200 0.76500
v 1.84742 0.24278 0.76500
v 0.28760 1.43436 0.76500
v 1.91039 0.27583 0.76500
v 1.97944 0.29285 0.76500
v 2.05056 0.29285 0.76500
v 0.06564 2.48240 0.76500
v 0.12800 2.50421 0.76500
v 0.18393 2.53936 0.76500
v 0.23064 2.58607 0.76500
v 0.26579 2.64200 0.76500
v 0.28760 2.70436 0.76500
v 2.99857 0.07060 0.76500
v 2.30143 0.07060 0.76500
v 2.27621 0.13709 0.76500
v 3.02379 0.13709 0.76500
v 3.06419 0.19562 0.76500
v 2.23581 0.19562 0.76500
v 2.18258 0.24278 0.76500
v 3.11742 0.24278 0.76500
v 3.18039 0.27583 0.76500
v 2.11961 0.27583 0.76500
v 3.24944 0.29285 0.76500
v 3.32056 0.29285 0.76500
v 0.06564 3.75240 0.76500
v 0.12800 3.77421 0.76500
v 0.18393 3.80936 0.76500
v 0.23064 3.85607 0.76500
v 0.26579 3.91200 0.76500
v 0.28760 3.97436 0.76500
v 4.26857 0.07060 0.76500
v 3.57143 0.07060 0.76500
v 4.29379 0.13709 0.76500
v 3.54621 0.13709 0.76500
v 3.50581 0.19562 0.76500
v 4.33419 0.19562 0.76500
v 4.38742 0.24278 0.76500
v 3.45258 0.24278 0.76500
v 4.45039 0.27583 0.76500
v 3.38961 0.27583 0.76500
v 4.51944 0.29285 0.76500
v 4.59056 0.29285 0.76500
v 0.06564 5.02240 0.76500
v 0.12800 5.04421 0.76500
v 0.18393 5.07936 0.76500
v 0.23064 5.12607 0.76500
v 0.26579 5.18200 0.76500
v 0.28760 5.24436 0.76500
v 5.53857 0.07060 0.76500
v 4.84143 0.07060 0.76500
v 5.56379 0.13709 0.76500
v 4.81621 0.13709 0.76500
v 5.60419 0.19562 0.76500
v 4.77581 0.19562 0.76500
v 5.65742 0.24278 0.76500
v 4.72258 0.24278 0.76500
v 4.65961 0.27583 0.76500
v 5.72039 0.27583 0.76500
v 5.78944 0.29285 0.76500
v 5.86056 0.29285 0.76500
v 0.06564 6.29240 0.76500
v 0.12800 6.31421 0.76500
v 0.18393 6.34936 0.76500
v 0.23064 6.39607 0.76500
v 0.26579 6.45200 0.76500
v 0.28760 6.51436 0.76500
v 6.80857 0.07060 0.76500
v 6.11143 0.07060 0.76500
v 6.83379 0.13709 0.76500
v 6.08621 0.13709 0.76500
v 6.87419 0.19562 0.76500
v 6.04581 0.19562 0.76500
v 6.92742 0.24278 0.76500
v 5.99258 0.24278 0.76500
v 6.99039 0.27583 0.76500
v 5.92961 0.27583 0.76500
v 7.05944 0.29285 0.76500
v 7.13056 0.29285 0.76500
v 0.06564 7.56240 0.76500
v 0.12800 7.58421 0.76500
v 0.18393 7.61936 0.76500
v 0.23064 7.66607 0.76500
v 0.26579 7.72200 0.76500
v 0.28760 7.78436 0.76500
v 8.07857 0.07060 0.76500
v 7.38143 0.07060 0.76500
v 7.35621 0.13709 0.76500
v 8.10379 0.13709 0.76500
v 7.31581 0.19562 0.76500
v 8.14419 0.19562 0.76500
v 8.19742 0.24278 0.76500
v 7.26258 0.24278 0.76500
v 7.19961 0.27583 0.76500
v 8.26039 0.27583 0.76500
v 8.32944 0.29285 0.76500
v 8.40056 0.29285 0.76500
v 0.06564 8.83240 0.76500
v 0.12800 8.85421 0.76500
v 0.18393 8.88936 0.76500
v 0.23064 8.93607 0.76500
v 0.26579 8.99200 0.76500
v 8.65143 0.07060 0.76500
v 0.28760 9.05436 0.76500
v 9.34857 0.07060 0.76500
v 9.37379 0.13709 0.76500
v 8.62621 0.13709 0.76500
v 9.41419 0.19562 0.76500
v 8.58581 0.19562 0.76500
v 9.46742 0.24278 0.76500
v 8.53258 0.24278 0.76500
v 9.53039 0.27583 0.76500
v 8.46961 0.27583 0.76500
v 9.59944 0.29285 0.76500
v 0.06564 10.10240 0.76500
v 0.12800 10.12421 0.76500
v 0.18393 10.15936 0.76500
v 0.23064 10.20607 0.76500
v 0.26579 10.26200 0.76500
v 9.92143 0.07060 0.76500
v 0.28760 10.32436 0.76500
v 10.61857 0.07060 0.76500
v 9.89621 0.13709 0.76500
v 10.64379 0.13709 0.76500
v 10.68419 0.19562 0.76500
v 9.85581 0.19562 0.76500
v 10.73742 0.24278 0.76500
v 9.80258 0.24278 0.76500
v 10.80039 0.27583 0.76500
v 9.73961 0.27583 0.76500
v 10.86944 0.29285 0.76500
v 9.67056 0.29285 0.76500
v 0.06564 11.37240 0.76500
v 0.12800 11.39421 0.76500
v 0.18393 11.42936 0.76500
v 0.23064 11.47607 0.76500
v 0.26579 11.53200 0.76500
v 0.28760 11.59436 0.76500
v 11.88857 0.07060 0.76500
v 11.19143 0.07060 0.76500
v 11.91379 0.13709 0.76500
v 11.16621 0.13709 0.76500
v 11.95419 0.19562 0.76500
v 11.12581 0.19562 0.76500
v 11.07258 0.24278 0.76500
v 12.00742 0.24278 0.76500
v 12.07039 0.27583 0.76500
v 11.00961 0.27583 0.76500
v 12.13944 0.29285 0.76500
v 10.94056 0.29285 0.76500
v 0.06564 12.64240 0.76500
v 0.12800 12.66421 0.76500
v 0.18393 12.69936 0.76500
v 0.23064 12.74607 0.76500
v 0.26579 12.80200 0.76500
v 12.46143 0.07060 0.76500
v 0.28760 12.86436 0.76500
v 13.15857 0.07060 0.76500
v 13.18379 0.13709 0.76500
v 12.43621 0.13709 0.76500
v 12.39581 0.19562 0.76500
v 13.22419 0.19562 0.76500
v 13.27742 0.24278 0.76500
v 12.34258 0.24278 0.76500
v 13.34039 0.27583 0.76500
v 12.27961 0.27583 0.76500
v 12.21056 0.29285 0.76500
v 13.40944 0.29285 0.76500
v 0.06564 13.91240 0.76500
v 0.12800 13.93421 0.76500
v 0.18393 13.96936 0.76500
v 0.23064 14.01607 0.76500
v 0.26579 14.07200 0.76500
v 0.28760 14.13436 0.76500
v 14.42857 0.07060 0.76500
v 13.73143 0.07060 0.76500
v 14.45379 0.13709 0.76500
v 13.70621 0.13709 0.76500
v 14.49419 0.19562 0.76500
v 13.66581 0.19562 0.76500
v 14.54742 0.24278 0.76500
v 13.61258 0.24278 0.76500
v 13.54961 0.27583 0.76500
v 14.61039 0.27583 0.76500
v 14.67944 0.29285 0.76500
v 13.48056 0.29285 0.76500
v 0.06564 15.18240 0.76500
v 0.12800 15.20421 0.76500
v 0.18393 15.23936 0.76500
v 0.23064 15.28607 0.76500
v 0.26579 15.34200 0.76500
v 0.28760 15.40436 0.76500
v 15.69857 0.07060 0.76500
v 15.00143 0.07060 0.76500
v 15.72379 0.13709 0.76500
v 14.97621 0.13709 0.76500
v 14.93581 0.19562 0.76500
v 15.76419 0.19562 0.76500
v 14.88258 0.24278 0.76500
v 15.81742 0.24278 0.76500
v 14.81961 0.27583 0.76500
v 15.88039 0.27583 0.76500
v 15.94944 0.29285 0.76500
v 14.75056 0.29285 0.76500
v 0.06564 16.45240 0.76500
v 0.12800 16.47421 0.76500
v 0.18393 16.50936 0.76500
v 0.23064 16.55607 0.76500
v 0.26579 16.61201 0.76500
v 0.28760 16.67436 0.76500
v 0.06564 17.72240 0.76500
v 0.12800 17.74422 0.76500
v 0.18393 17.77936 0.76500
v 16.27143 0.07060 0.76500
v 16.24621 0.13709 0.76500
v 0.23064 17.82607 0.76500
v 0.26579 17.88200 0.76500
v 0.28760 17.94436 0.76500
v 17.80438 1.27919 0.76500
v 17.75722 1.33242 0.76500
v 16.20581 0.19562 0.76500
v 17.86291 1.23879 0.76500
v 17.72417 1.39539 0.76500
v 16.15258 0.24278 0.76500
v 17.92940 1.21357 0.76500
v 17.70715 1.46444 0.76500
v 16.08961 0.27583 0.76500
v 18.00000 1.20500 0.76500
v 17.70715 1.53556 0.76500
v 16.02056 0.29285 0.76500
v 17.72417 1.60461 0.76500
v 17.75722 2.60242 0.76500
v 17.75722 1.66758 0.76500
v 17.80438 1.72081 0.76500
v 17.80438 2.54919 0.76500
v 17.86291 2.50879 0.76500
v 17.86291 1.76121 0.76500
v 17.72417 2.66539 0.76500
v 17.92940 2.48357 0.76500
v 17.92940 1.78643 0.76500
v 17.70715 2.73444 0.76500
v 17.70715 2.80556 0.76500
v 17.80438 3.81919 0.76500
v 17.80438 2.99081 0.76500
v 17.86291 3.03121 0.76500
v 17.75722 3.87242 0.76500
v 17.75722 2.93758 0.76500
v 17.86291 3.77879 0.76500
v 17.72417 3.93539 0.76500
v 17.72417 2.87461 0.76500
v 17.92940 3.75357 0.76500
v 17.92940 3.05643 0.76500
v 17.70715 4.00444 0.76500
v 17.70715 4.07556 0.76500
v 17.75722 5.14242 0.76500
v 17.75722 4.20758 0.76500
v 17.80438 4.26081 0.76500
v 17.80438 5.08919 0.76500
v 17.86291 5.04879 0.76500
v 17.86291 4.30121 0.76500
v 17.72417 5.20539 0.76500
v 17.72417 4.14461 0.76500
v 17.92940 5.02357 0.76500
v 17.92940 4.32643 0.76500
v 17.70715 5.27444 0.76500
v 17.70715 5.34556 0.76500
v 17.80438 6.35919 0.76500
v 17.80438 5.53081 0.76500
v 17.86291 5.57121 0.76500
v 17.75722 6.41242 0.76500
v 17.75722 5.47758 0.76500
v 17.86291 6.31879 0.76500
v 17.72417 6.47539 0.76500
v 17.72417 5.41461 0.76500
v 17.92940 6.29357 0.76500
v 17.92940 5.59643 0.76500
v 17.70715 6.54444 0.76500
v 17.70715 6.61556 0.76500
v 17.80438 7.62919 0.76500
v 17.80438 6.80081 0.76500
v 17.86291 6.84121 0.76500
v 17.75722 7.68242 0.76500
v 17.75722 6.74758 0.76500
v 17.86291 7.58879 0.76500
v 17.72417 7.74539 0.76500
v 17.72417 6.68461 0.76500
v 17.92940 7.56357 0.76500
v 17.92940 6.86643 0.76500
v 0.00000 25.50000 0.76500
v 17.70715 7.81444 0.76500
v 17.70715 7.88556 0.76500
v 17.80438 8.89919 0.76500
v 17.80438 8.07081 0.76500
v 17.86291 8.11121 0.76500
v 17.75722 8.01758 0.76500
v 17.75722 8.95242 0.76500
v 17.86291 8.85879 0.76500
v 17.72417 9.01539 0.76500
v 17.72417 7.95461 0.76500
v 17.92940 8.83357 0.76500
v 17.92940 8.13643 0.76500
v 17.70715 9.08444 0.76500
v 17.70715 9.15556 0.76500
v 17.75722 10.22242 0.76500
v 17.80438 9.34081 0.76500
v 17.80438 10.16919 0.76500
v 17.75722 9.28758 0.76500
v 17.72417 9.22461 0.76500
v 17.86291 10.12879 0.76500
v 17.86291 9.38121 0.76500
v 17.72417 10.28539 0.76500
v 17.92940 10.10357 0.76500
v 17.92940 9.40643 0.76500
v 17.70715 10.35444 0.76500
v 17.70715 10.42556 0.76500
v 17.80438 11.43919 0.76500
v 17.75722 10.55758 0.76500
v 17.80438 10.61081 0.76500
v 17.75722 11.49242 0.76500
v 17.86291 11.39879 0.76500
v 17.86291 10.65121 0.76500
v 17.72417 11.55539 0.76500
v 17.72417 10.49461 0.76500
v 17.92940 11.37357 0.76500
v 17.92940 10.67643 0.76500
v 17.70715 11.62444 0.76500
v 17.70715 11.69556 0.76500
v 17.75722 12.76242 0.76500
v 17.75722 11.82758 0.76500
v 17.80438 11.88081 0.76500
v 17.80438 12.70919 0.76500
v 17.86291 12.66879 0.76500
v 17.86291 11.92121 0.76500
v 17.92940 11.94643 0.76500
v 17.72417 12.82539 0.76500
v 17.72417 11.76461 0.76500
v 17.92940 12.64357 0.76500
v 17.70715 12.89444 0.76500
v 17.70715 12.96556 0.76500
v 17.80438 13.97919 0.76500
v 17.80438 13.15081 0.76500
v 17.86291 13.19121 0.76500
v 17.75722 14.03242 0.76500
v 17.75722 13.09758 0.76500
v 17.86291 13.93879 0.76500
v 17.72417 14.09539 0.76500
v 17.72417 13.03461 0.76500
v 17.92940 13.91357 0.76500
v 17.92940 13.21643 0.76500
v 17.70715 14.16444 0.76500
v 17.70715 14.23556 0.76500
v 17.75722 15.30242 0.76500
v 17.80438 14.42081 0.76500
v 17.80438 15.24919 0.76500
v 17.75722 14.36758 0.76500
v 17.86291 15.20879 0.76500
v 17.86291 14.46121 0.76500
v 17.72417 15.36539 0.76500
v 17.72417 14.30461 0.76500
v 17.92940 15.18357 0.76500
v 17.92940 14.48643 0.76500
v 17.70715 15.43444 0.76500
v 17.70715 15.50556 0.76500
v 17.75722 16.57242 0.76500
v 17.80438 15.69081 0.76500
v 17.80438 16.51919 0.76500
v 17.75722 15.63758 0.76500
v 17.72417 15.57461 0.76500
v 17.86291 16.47879 0.76500
v 17.86291 15.73121 0.76500
v 17.92940 15.75643 0.76500
v 17.72417 16.63539 0.76500
v 17.92940 16.45357 0.76500
v 17.70715 16.70444 0.76500
v 17.70715 16.77556 0.76500
v 17.75722 17.84242 0.76500
v 17.75722 16.90758 0.76500
v 17.80438 16.96081 0.76500
v 17.80438 17.78919 0.76500
v 17.86291 17.74879 0.76500
v 17.86291 17.00121 0.76500
v 17.72417 17.90539 0.76500
v 17.72417 16.84461 0.76500
v 17.92940 17.72357 0.76500
v 17.92940 17.02643 0.76500
v 17.70715 17.97444 0.76500
v 17.70715 18.04556 0.76500
v 17.72417 18.11461 0.76500
v 17.92940 18.29643 0.76500
v 17.86291 18.27121 0.76500
v 17.80438 18.23081 0.76500
v 17.75722 18.17758 0.76500
v 0.06564 1.21240 0.03500
v 0.12800 1.23421 0.03500
v 0.18393 1.26936 0.03500
v 1.72857 0.07060 0.03500
v 1.72000 0.00000 0.03500
v 0.23064 1.31607 0.03500
v 1.75379 0.13709 0.03500
v 1.79419 0.19562 0.03500
v 0.26579 1.37200 0.03500
v 0.28760 1.43436 0.03500
v 1.84742 0.24278 0.03500
v 1.91039 0.27583 0.03500
v 1.97944 0.29285 0.03500
v 2.05056 0.29285 0.03500
v 0.06564 2.48240 0.03500
v 0.12800 2.50421 0.03500
v 0.18393 2.53936 0.03500
v 0.23064 2.58607 0.03500
v 0.26579 2.64200 0.03500
v 0.28760 2.70436 0.03500
v 2.30143 0.07060 0.03500
v 2.99857 0.07060 0.03500
v 2.27621 0.13709 0.03500
v 3.02379 0.13709 0.03500
v 2.23581 0.19562 0.03500
v 3.06419 0.19562 0.03500
v 2.18258 0.24278 0.03500
v 3.11742 0.24278 0.03500
v 2.11961 0.27583 0.03500
v 3.18039 0.27583 0.03500
v 3.24944 0.29285 0.03500
v 3.32056 0.29285 0.03500
v 0.06564 3.75240 0.03500
v 0.12800 3.77421 0.03500
v 0.18393 3.80936 0.03500
v 0.23064 3.85607 0.03500
v 0.26579 3.91200 0.03500
v 0.28760 3.97436 0.03500
v 3.57143 0.07060 0.03500
v 4.26857 0.07060 0.03500
v 3.54621 0.13709 0.03500
v 4.29379 0.13709 0.03500
v 4.33419 0.19562 0.03500
v 3.50581 0.19562 0.03500
v 3.45258 0.24278 0.03500
v 4.38742 0.24278 0.03500
v 4.45039 0.27583 0.03500
v 3.38961 0.27583 0.03500
v 4.51944 0.29285 0.03500
v 4.59056 0.29285 0.03500
v 0.06564 5.02240 0.03500
v 0.12800 5.04421 0.03500
v 0.18393 5.07936 0.03500
v 0.23064 5.12607 0.03500
v 0.26579 5.18200 0.03500
v 0.28760 5.24436 0.03500
v 4.84143 0.07060 0.03500
v 5.53857 0.07060 0.03500
v 4.81621 0.13709 0.03500
v 5.56379 0.13709 0.03500
v 5.60419 0.19562 0.03500
v 4.77581 0.19562 0.03500
v 4.72258 0.24278 0.03500
v 5.65742 0.24278 0.03500
v 4.65961 0.27583 0.03500
v 5.72039 0.27583 0.03500
v 5.78944 0.29285 0.03500
v 5.86056 0.29285 0.03500
v 0.06564 6.29240 0.03500
v 0.12800 6.31421 0.03500
v 0.18393 6.34936 0.03500
v 0.23064 6.39607 0.03500
v 0.26579 6.45200 0.03500
v 6.11143 0.07060 0.03500
v 0.28760 6.51436 0.03500
v 6.80857 0.07060 0.03500
v 6.83379 0.13709 0.03500
v 6.08621 0.13709 0.03500
v 6.87419 0.19562 0.03500
v 6.04581 0.19562 0.03500
v 6.92742 0.24278 0.03500
v 5.99258 0.24278 0.03500
v 6.99039 0.27583 0.03500
v 5.92961 0.27583 0.03500
v 7.05944 0.29285 0.03500
v 7.13056 0.29285 0.03500
v 0.06564 7.56240 0.03500
v 0.12800 7.58421 0.03500
v 0.18393 7.61936 0.03500
v 0.23064 7.66607 0.03500
v 0.26579 7.72200 0.03500
v 7.38143 0.07060 0.03500
v 0.28760 7.78436 0.03500
v 8.07857 0.07060 0.03500
v 8.10379 0.13709 0.03500
v 7.35621 0.13709 0.03500
v 8.14419 0.19562 0.03500
v 7.31581 0.19562 0.03500
v 7.26258 0.24278 0.03500
v 8.19742 0.24278 0.03500
v 7.19961 0.27583 0.03500
v 8.26039 0.27583 0.03500
v 8.32944 0.29285 0.03500
v 8.40056 0.29285 0.03500
v 0.06564 8.83240 0.03500
v 0.12800 8.85421 0.03500
v 0.18393 8.88936 0.03500
v 0.23064 8.93607 0.03500
v 0.26579 8.99200 0.03500
v 0.28760 9.05436 0.03500
v 8.65143 0.07060 0.03500
v 9.34857 0.07060 0.03500
v 8.62621 0.13709 0.03500
v 9.37379 0.13709 0.03500
v 8.58581 0.19562 0.03500
v 9.41419 0.19562 0.03500
v 8.53258 0.24278 0.03500
v 9.46742 0.24278 0.03500
v 8.46961 0.27583 0.03500
v 9.53039 0.27583 0.03500
v 9.59944 0.29285 0.03500
v 0.06564 10.10240 0.03500
v 0.12800 10.12421 0.03500
v 0.18393 10.15936 0.03500
v 0.23064 10.20607 0.03500
v 0.26579 10.26200 0.03500
v 0.28760 10.32436 0.03500
v 9.92143 0.07060 0.03500
v 10.61857 0.07060 0.03500
v 9.89621 0.13709 0.03500
v 10.64379 0.13709 0.03500
v 9.85581 0.19562 0.03500
v 10.68419 0.19562 0.03500
v 10.73742 0.24278 0.03500
v 9.80258 0.24278 0.03500
v 10.80039 0.27583 0.03500
v 9.73961 0.27583 0.03500
v 10.86944 0.29285 0.03500
v 9.67056 0.29285 0.03500
v 0.06564 11.37240 0.03500
v 0.12800 11.39421 0.03500
v 0.18393 11.42936 0.03500
v 0.23064 11.47607 0.03500
v 0.26579 11.53200 0.03500
v 0.28760 11.59436 0.03500
v 11.19143 0.07060 0.03500
v 11.88857 0.07060 0.03500
v 11.16621 0.13709 0.03500
v 11.91379 0.13709 0.03500
v 11.12581 0.19562 0.03500
v 11.95419 0.19562 0.03500
v 11.07258 0.24278 0.03500
v 12.00742 0.24278 0.03500
v 11.00961 0.27583 0.03500
v 12.07039 0.27583 0.03500
v 10.94056 0.29285 0.03500
v 12.13944 0.29285 0.03500
v 0.06564 12.64240 0.03500
v 0.12800 12.66421 0.03500
v 0.18393 12.69936 0.03500
v 0.23064 12.74607 0.03500
v 0.26579 12.80200 0.03500
v 0.28760 12.86436 0.03500
v 12.46143 0.07060 0.03500
v 13.15857 0.07060 0.03500
v 12.43621 0.13709 0.03500
v 13.18379 0.13709 0.03500
v 13.22419 0.19562 0.03500
v 12.39581 0.19562 0.03500
v 13.27742 0.24278 0.03500
v 12.34258 0.24278 0.03500
v 12.27961 0.27583 0.03500
v 13.34039 0.27583 0.03500
v 13.40944 0.29285 0.03500
v 12.21056 0.29285 0.03500
v 0.06564 13.91240 0.03500
v 0.12800 13.93421 0.03500
v 0.18393 13.96936 0.03500
v 0.23064 14.01607 0.03500
v 0.26579 14.07200 0.03500
v 0.28760 14.13436 0.03500
v 13.73143 0.07060 0.03500
v 14.42857 0.07060 0.03500
v 13.70621 0.13709 0.03500
v 14.45379 0.13709 0.03500
v 13.66581 0.19562 0.03500
v 13.61258 0.24278 0.03500
v 14.49419 0.19562 0.03500
v 14.54742 0.24278 0.03500
v 14.61039 0.27583 0.03500
v 13.54961 0.27583 0.03500
v 13.48056 0.29285 0.03500
v 14.67944 0.29285 0.03500
v 0.06564 15.18240 0.03500
v 0.12800 15.20421 0.03500
v 0.18393 15.23936 0.03500
v 0.23064 15.28607 0.03500
v 0.26579 15.34200 0.03500
v 15.00143 0.07060 0.03500
v 0.28760 15.40436 0.03500
v 15.69857 0.07060 0.03500
v 15.72379 0.13709 0.03500
v 14.97621 0.13709 0.03500
v 14.93581 0.19562 0.03500
v 15.76419 0.19562 0.03500
v 15.81742 0.24278 0.03500
v 14.88258 0.24278 0.03500
v 14.81961 0.27583 0.03500
v 15.88039 0.27583 0.03500
v 15.94944 0.29285 0.03500
v 14.75056 0.29285 0.03500
v 0.06564 16.45240 0.03500
v 0.12800 16.47421 0.03500
v 0.18393 16.50936 0.03500
v 0.23064 16.55607 0.03500
v 0.26579 16.61201 0.03500
v 0.28760 16.67436 0.03500
v 0.06564 17.72240 0.03500
v 0.12800 17.74422 0.03500
v 0.18393 17.77936 0.03500
v 16.27143 0.07060 0.03500
v 16.24621 0.13709 0.03500
v 0.23064 17.82607 0.03500
v 0.26579 17.88200 0.03500
v 0.28760 17.94436 0.03500
v 17.80438 1.27919 0.03500
v 16.20581 0.19562 0.03500
v 17.75722 1.33242 0.03500
v 17.86291 1.23879 0.03500
v 17.72417 1.39539 0.03500
v 16.15258 0.24278 0.03500
v 17.92940 1.21357 0.03500
v 17.70715 1.46444 0.03500
v 16.08961 0.27583 0.03500
v 18.00000 1.20500 0.03500
v 17.70715 1.53556 0.03500
v 16.02056 0.29285 0.03500
v 17.72417 1.60461 0.03500
v 17.80438 1.72081 0.03500
v 17.80438 2.54919 0.03500
v 17.86291 1.76121 0.03500
v 17.75722 1.66758 0.03500
v 17.75722 2.60242 0.03500
v 17.86291 2.50879 0.03500
v 17.72417 2.66539 0.03500
v 17.92940 2.48357 0.03500
v 17.92940 1.78643 0.03500
v 17.70715 2.73444 0.03500
v 17.70715 2.80556 0.03500
v 17.75722 2.93758 0.03500
v 17.75722 3.87242 0.03500
v 17.80438 2.99081 0.03500
v 17.72417 2.87461 0.03500
v 17.80438 3.81919 0.03500
v 17.86291 3.77879 0.03500
v 17.86291 3.03121 0.03500
v 17.72417 3.93539 0.03500
v 17.92940 3.75357 0.03500
v 17.92940 3.05643 0.03500
v 17.70715 4.00444 0.03500
v 17.70715 4.07556 0.03500
v 17.80438 4.26081 0.03500
v 17.80438 5.08919 0.03500
v 17.86291 4.30121 0.03500
v 17.75722 5.14242 0.03500
v 17.75722 4.20758 0.03500
v 17.72417 4.14461 0.03500
v 17.86291 5.04879 0.03500
v 17.72417 5.20539 0.03500
v 17.92940 5.02357 0.03500
v 17.92940 4.32643 0.03500
v 17.70715 5.27444 0.03500
v 17.70715 5.34556 0.03500
v 17.80438 5.53081 0.03500
v 17.75722 6.41242 0.03500
v 17.80438 6.35919 0.03500
v 17.75722 5.47758 0.03500
v 17.72417 5.41461 0.03500
v 17.86291 6.31879 0.03500
v 17.86291 5.57121 0.03500
v 17.92940 5.59643 0.03500
v 17.72417 6.47539 0.03500
v 17.92940 6.29357 0.03500
v 17.70715 6.54444 0.03500
v 17.70715 6.61556 0.03500
v 17.75722 6.74758 0.03500
v 17.80438 7.62919 0.03500
v 17.80438 6.80081 0.03500
v 17.75722 7.68242 0.03500
v 17.86291 7.58879 0.03500
v 17.86291 6.84121 0.03500
v 17.72417 6.68461 0.03500
v 17.72417 7.74539 0.03500
v 17.92940 7.56357 0.03500
v 17.92940 6.86643 0.03500
v 0.00000 25.50000 0.03500
v 17.70715 7.81444 0.03500
v 17.70715 7.88556 0.03500
v 17.80438 8.07081 0.03500
v 17.75722 8.95242 0.03500
v 17.80438 8.89919 0.03500
v 17.75722 8.01758 0.03500
v 17.86291 8.11121 0.03500
v 17.86291 8.85879 0.03500
v 17.92940 8.13643 0.03500
v 17.72417 9.01539 0.03500
v 17.72417 7.95461 0.03500
v 17.92940 8.83357 0.03500
v 17.70715 9.08444 0.03500
v 17.70715 9.15556 0.03500
v 17.80438 9.34081 0.03500
v 17.75722 10.22242 0.03500
v 17.80438 10.16919 0.03500
v 17.75722 9.28758 0.03500
v 17.86291 10.12879 0.03500
v 17.86291 9.38121 0.03500
v 17.92940 9.40643 0.03500
v 17.72417 10.28539 0.03500
v 17.72417 9.22461 0.03500
v 17.92940 10.10357 0.03500
v 17.70715 10.35444 0.03500
v 17.70715 10.42556 0.03500
v 17.80438 10.61081 0.03500
v 17.80438 11.43919 0.03500
v 17.86291 10.65121 0.03500
v 17.75722 11.49242 0.03500
v 17.75722 10.55758 0.03500
v 17.86291 11.39879 0.03500
v 17.72417 10.49461 0.03500
v 17.72417 11.55539 0.03500
v 17.92940 11.37357 0.03500
v 17.92940 10.67643 0.03500
v 17.70715 11.62444 0.03500
v 17.70715 11.69556 0.03500
v 17.75722 11.82758 0.03500
v 17.80438 12.70919 0.03500
v 17.80438 11.88081 0.03500
v 17.75722 12.76242 0.03500
v 17.86291 12.66879 0.03500
v 17.86291 11.92121 0.03500
v 17.72417 11.76461 0.03500
v 17.72417 12.82539 0.03500
v 17.92940 12.64357 0.03500
v 17.92940 11.94643 0.03500
v 17.70715 12.89444 0.03500
v 17.70715 12.96556 0.03500
v 17.80438 13.15081 0.03500
v 17.80438 13.97919 0.03500
v 17.86291 13.19121 0.03500
v 17.75722 13.09758 0.03500
v 17.75722 14.03242 0.03500
v 17.86291 13.93879 0.03500
v 17.92940 13.21643 0.03500
v 17.72417 14.09539 0.03500
v 17.72417 13.03461 0.03500
v 17.92940 13.91357 0.03500
v 17.70715 14.16444 0.03500
v 17.70715 14.23556 0.03500
v 17.75722 14.36758 0.03500
v 17.80438 15.24919 0.03500
v 17.80438 14.42081 0.03500
v 17.75722 15.30242 0.03500
v 17.86291 15.20879 0.03500
v 17.86291 14.46121 0.03500
v 17.72417 15.36539 0.03500
v 17.72417 14.30461 0.03500
v 17.92940 15.18357 0.03500
v 17.92940 14.48643 0.03500
v 17.70715 15.43444 0.03500
v 17.70715 15.50556 0.03500
v 17.75722 15.63758 0.03500
v 17.80438 16.51919 0.03500
v 17.80438 15.69081 0.03500
v 17.75722 16.57242 0.03500
v 17.72417 15.57461 0.03500
v 17.86291 16.47879 0.03500
v 17.86291 15.73121 0.03500
v 17.72417 16.63539 0.03500
v 17.92940 15.75643 0.03500
v 17.92940 16.45357 0.03500
v 17.70715 16.70444 0.03500
v 17.70715 16.77556 0.03500
v 17.75722 16.90758 0.03500
v 17.75722 17.84242 0.03500
v 17.80438 16.96081 0.03500
v 17.80438 17.78919 0.03500
v 17.86291 17.74879 0.03500
v 17.86291 17.00121 0.03500
v 17.72417 16.84461 0.03500
v 17.72417 17.90539 0.03500
v 17.92940 17.72357 0.03500
v 17.92940 17.02643 0.03500
v 17.70715 17.97444 0.03500
v 17.70715 18.04556 0.03500
v 17.72417 18.11461 0.03500
v 17.92940 18.29643 0.03500
v 17.86291 18.27121 0.03500
v 17.80438 18.23081 0.03500
v 17.75722 18.17758 0.03500
v 2.72000 2.94000 3.10000
v 2.72726 2.88017 3.10000
v 2.72000 2.94000 2.90000
v 2.72726 2.88017 2.90000
v 2.74864 2.82382 3.10000
v 2.74864 2.82382 2.90000
v 2.78287 2.77422 3.10000
v 2.78287 2.77422 2.90000
v 2.82798 2.73425 3.10000
v 2.82798 2.73425 2.90000
v 2.88135 2.70625 3.10000
v 2.88135 2.70625 2.90000
v 2.93987 2.69182 3.10000
v 2.93987 2.69182 2.90000
v 3.00013 2.69182 3.10000
v 3.00013 2.69182 2.90000
v 3.05865 2.70625 3.10000
v 3.05865 2.70625 2.90000
v 3.11202 2.73425 2.90000
v 3.11202 2.73425 3.10000
v 3.15713 2.77422 3.10000
v 3.15713 2.77422 2.90000
v 3.19136 2.82382 3.10000
v 3.19136 2.82382 2.90000
v 3.21274 2.88017 3.10000
v 3.21274 2.88017 2.90000
v 3.22000 2.94000 3.10000
v 3.22000 2.94000 2.90000
v 1.55000 18.65000 0.80000
v 9.91270 18.65000 0.80000
v 1.55000 18.45000 0.80000
v 9.91270 18.45000 0.80000
v 1.55000 1.25000 0.80000
v 16.45000 1.05000 0.80000
v 1.55000 1.05000 0.80000
v 16.45000 1.25000 0.80000
v 1.10000 1.50000 0.80000
v 1.10000 14.45270 0.80000
v 1.30000 1.50000 0.80000
v 1.30000 14.45270 0.80000
v 14.28730 18.65000 0.80000
v 16.45000 18.65000 0.80000
v 14.28730 18.45000 0.80000
v 16.45000 18.45000 0.80000
v 1.42530 1.05000 0.84363
v 1.36981 1.05000 0.91322
v 1.39363 1.05000 0.87530
v 1.46322 1.05000 0.81981
v 1.50550 1.05000 0.80501
v 1.35000 1.05000 1.00000
v 1.35501 1.05000 0.95550
v 1.35000 1.05000 2.85000
v 16.53678 1.05000 0.81981
v 16.57470 1.05000 0.84363
v 16.49450 1.05000 0.80501
v 16.60637 1.05000 0.87530
v 16.63019 1.05000 0.91322
v 16.64499 1.05000 0.95550
v 16.65000 1.05000 1.00000
v 16.65000 1.05000 2.85000
v 16.90000 18.39499 0.95550
v 16.90000 18.40000 1.00000
v 16.90000 18.38019 0.91322
v 16.90000 18.28678 0.81981
v 16.90000 18.20000 0.80000
v 16.90000 18.24450 0.80501
v 16.90000 18.32470 0.84363
v 16.90000 18.35637 0.87530
v 16.90000 18.40000 2.85000
v 16.90000 1.41322 0.81981
v 16.90000 1.34363 0.87530
v 16.90000 1.37530 0.84363
v 16.90000 1.45550 0.80501
v 16.90000 1.30501 0.95550
v 16.90000 1.31981 0.91322
v 16.90000 1.50000 0.80000
v 16.90000 1.30000 1.00000
v 16.90000 1.30000 2.85000
v 1.35000 18.65000 1.00000
v 1.36981 18.65000 0.91322
v 1.35501 18.65000 0.95550
v 1.39363 18.65000 0.87530
v 1.46322 18.65000 0.81981
v 1.42530 18.65000 0.84363
v 1.50550 18.65000 0.80501
v 1.35000 18.65000 2.85000
v 10.14601 18.65000 1.02762
v 10.17753 18.65000 1.05811
v 10.12190 18.65000 0.99100
v 10.21493 18.65000 1.08100
v 10.10635 18.65000 0.95000
v 10.25642 18.65000 1.09519
v 9.99778 18.65000 0.81900
v 9.95629 18.65000 0.80481
v 10.09080 18.65000 0.90900
v 10.03518 18.65000 0.84189
v 10.06669 18.65000 0.87238
v 14.13331 18.65000 0.87238
v 14.20222 18.65000 0.81900
v 14.16482 18.65000 0.84189
v 14.10920 18.65000 0.90900
v 14.09365 18.65000 0.95000
v 14.07810 18.65000 0.99100
v 14.05399 18.65000 1.02762
v 14.24371 18.65000 0.80481
v 16.65000 18.65000 2.85000
v 10.30000 18.65000 1.10000
v 13.90000 18.65000 1.10000
v 14.02247 18.65000 1.05811
v 13.98507 18.65000 1.08100
v 13.94358 18.65000 1.09519
v 16.65000 18.65000 1.00000
v 16.64499 18.65000 0.95550
v 16.53678 18.65000 0.81981
v 16.63019 18.65000 0.91322
v 16.49450 18.65000 0.80501
v 16.60637 18.65000 0.87530
v 16.57470 18.65000 0.84363
v 1.10000 1.34363 0.87530
v 1.10000 1.41322 0.81981
v 1.10000 1.37530 0.84363
v 1.10000 1.30501 0.95550
v 1.10000 1.30000 1.00000
v 1.10000 1.31981 0.91322
v 1.10000 1.45550 0.80501
v 1.10000 1.30000 2.85000
v 1.10000 14.49629 0.80481
v 1.10000 14.57518 0.84189
v 1.10000 14.53778 0.81900
v 1.10000 14.60669 0.87238
v 1.10000 14.63080 0.90900
v 1.10000 14.64635 0.95000
v 1.10000 14.66190 0.99100
v 1.10000 14.68601 1.02762
v 1.10000 14.71753 1.05811
v 1.10000 18.20000 1.10000
v 1.10000 18.28678 1.11981
v 1.10000 18.24450 1.10501
v 1.10000 18.35637 1.17530
v 1.10000 18.32470 1.14363
v 1.10000 18.38019 1.21322
v 1.10000 18.39499 1.25550
v 1.10000 18.40000 1.30000
v 1.10000 14.79642 1.09519
v 1.10000 18.40000 2.85000
v 1.10000 14.84000 1.10000
v 1.10000 14.75493 1.08100
v 1.35000 1.30000 3.10000
v 2.72726 2.99983 3.10000
v 2.74864 3.05618 3.10000
v 16.65000 1.30000 3.10000
v 3.21274 2.99983 3.10000
v 3.19136 3.05618 3.10000
v 3.15713 3.10578 3.10000
v 1.35000 18.40000 3.10000
v 3.05865 3.17375 3.10000
v 3.11202 3.14575 3.10000
v 3.00013 3.18818 3.10000
v 2.93987 3.18818 3.10000
v 2.88135 3.17375 3.10000
v 2.82798 3.14575 3.10000
v 2.78287 3.10578 3.10000
v 16.65000 18.40000 3.10000
v 16.70000 1.50000 0.80000
v 16.70000 18.20000 0.80000
v 16.89373 1.30000 2.90563
v 16.89373 18.40000 2.90563
v 16.87524 18.40000 2.95847
v 16.87524 1.30000 2.95847
v 16.84546 18.40000 3.00587
v 16.84546 1.30000 3.00587
v 16.80587 18.40000 3.04546
v 16.80587 1.30000 3.04546
v 16.75847 18.40000 3.07524
v 16.75847 1.30000 3.07524
v 16.70563 1.30000 3.09373
v 16.70563 18.40000 3.09373
v 16.65000 18.64373 2.90563
v 1.35000 18.64373 2.90563
v 1.35000 18.62524 2.95847
v 16.65000 18.62524 2.95847
v 1.35000 18.59546 3.00587
v 16.65000 18.59546 3.00587
v 1.35000 18.55587 3.04546
v 16.65000 18.55587 3.04546
v 1.35000 18.50847 3.07524
v 16.65000 18.50847 3.07524
v 16.65000 18.45563 3.09373
v 1.35000 18.45563 3.09373
v 1.35000 1.05627 2.90563
v 16.65000 1.05627 2.90563
v 16.65000 1.07476 2.95847
v 1.35000 1.07476 2.95847
v 1.35000 1.10454 3.00587
v 16.65000 1.10454 3.00587
v 16.65000 1.14413 3.04546
v 1.35000 1.14413 3.04546
v 1.35000 1.19153 3.07524
v 16.65000 1.19153 3.07524
v 1.35000 1.24437 3.09373
v 16.65000 1.24437 3.09373
v 1.10627 18.40000 2.90563
v 1.10627 1.30000 2.90563
v 1.12476 1.30000 2.95847
v 1.12476 18.40000 2.95847
v 1.15454 1.30000 3.00587
v 1.15454 18.40000 3.00587
v 1.19413 1.30000 3.04546
v 1.19413 18.40000 3.04546
v 1.24153 1.30000 3.07524
v 1.24153 18.40000 3.07524
v 1.29437 18.40000 3.09373
v 1.29437 1.30000 3.09373
v 1.36981 1.25000 0.91322
v 1.42530 1.25000 0.84363
v 1.39363 1.25000 0.87530
v 1.50550 1.25000 0.80501
v 1.46322 1.25000 0.81981
v 1.35000 1.25000 1.00000
v 1.35501 1.25000 0.95550
v 1.35000 1.25000 2.85000
v 16.57470 1.25000 0.84363
v 16.53678 1.25000 0.81981
v 16.49450 1.25000 0.80501
v 16.60637 1.25000 0.87530
v 16.64499 1.25000 0.95550
v 16.63019 1.25000 0.91322
v 16.65000 1.25000 1.00000
v 16.65000 1.25000 2.85000
v 16.70000 18.28678 0.81981
v 16.70000 18.35637 0.87530
v 16.70000 18.32470 0.84363
v 16.70000 18.24450 0.80501
v 16.70000 18.40000 1.00000
v 16.70000 18.39499 0.95550
v 16.70000 18.38019 0.91322
v 16.70000 18.40000 2.85000
v 16.70000 1.37530 0.84363
v 16.70000 1.45550 0.80501
v 16.70000 1.41322 0.81981
v 16.70000 1.31981 0.91322
v 16.70000 1.34363 0.87530
v 16.70000 1.30501 0.95550
v 16.70000 1.30000 1.00000
v 16.70000 1.30000 2.85000
v 1.36981 18.45000 0.91322
v 1.35000 18.45000 1.00000
v 1.35501 18.45000 0.95550
v 1.42530 18.45000 0.84363
v 1.39363 18.45000 0.87530
v 1.46322 18.45000 0.81981
v 1.35000 18.45000 2.85000
v 1.50550 18.45000 0.80501
v 10.14601 18.45000 1.02762
v 10.17753 18.45000 1.05811
v 10.12190 18.45000 0.99100
v 10.21493 18.45000 1.08100
v 10.10635 18.45000 0.95000
v 10.25642 18.45000 1.09519
v 9.99778 18.45000 0.81900
v 9.95629 18.45000 0.80481
v 10.03518 18.45000 0.84189
v 10.06669 18.45000 0.87238
v 10.09080 18.45000 0.90900
v 14.20222 18.45000 0.81900
v 14.09365 18.45000 0.95000
v 14.10920 18.45000 0.90900
v 14.13331 18.45000 0.87238
v 14.16482 18.45000 0.84189
v 14.05399 18.45000 1.02762
v 14.07810 18.45000 0.99100
v 14.24371 18.45000 0.80481
v 16.65000 18.45000 2.85000
v 13.90000 18.45000 1.10000
v 13.94358 18.45000 1.09519
v 13.98507 18.45000 1.08100
v 14.02247 18.45000 1.05811
v 10.30000 18.45000 1.10000
v 16.65000 18.45000 1.00000
v 16.53678 18.45000 0.81981
v 16.49450 18.45000 0.80501
v 16.63019 18.45000 0.91322
v 16.64499 18.45000 0.95550
v 16.60637 18.45000 0.87530
v 16.57470 18.45000 0.84363
v 1.30000 1.41322 0.81981
v 1.30000 1.34363 0.87530
v 1.30000 1.37530 0.84363
v 1.30000 1.30000 1.00000
v 1.30000 1.30501 0.95550
v 1.30000 1.31981 0.91322
v 1.30000 1.45550 0.80501
v 1.30000 1.30000 2.85000
v 1.30000 14.57518 0.84189
v 1.30000 14.49629 0.80481
v 1.30000 14.53778 0.81900
v 1.30000 14.60669 0.87238
v 1.30000 14.63080 0.90900
v 1.30000 14.64635 0.95000
v 1.30000 14.66190 0.99100
v 1.30000 14.68601 1.02762
v 1.30000 14.71753 1.05811
v 1.30000 18.28678 1.11981
v 1.30000 18.20000 1.10000
v 1.30000 18.24450 1.10501
v 1.30000 18.35637 1.17530
v 1.30000 18.32470 1.14363
v 1.30000 18.38019 1.21322
v 1.30000 18.39499 1.25550
v 1.30000 18.40000 1.30000
v 1.30000 18.40000 2.85000
v 1.30000 14.79642 1.09519
v 1.30000 14.84000 1.10000
v 1.30000 14.75493 1.08100
v 1.35000 1.30000 2.90000
v 2.72726 2.99983 2.90000
v 2.74864 3.05618 2.90000
v 16.65000 1.30000 2.90000
v 3.21274 2.99983 2.90000
v 3.19136 3.05618 2.90000
v 3.15713 3.10578 2.90000
v 3.05865 3.17375 2.90000
v 1.35000 18.40000 2.90000
v 3.11202 3.14575 2.90000
v 3.00013 3.18818 2.90000
v 2.93987 3.18818 2.90000
v 2.88135 3.17375 2.90000
v 2.82798 3.14575 2.90000
v 2.78287 3.10578 2.90000
v 16.65000 18.40000 2.90000
v 16.69875 18.40000 2.86113
v 16.69875 1.30000 2.86113
v 16.69505 18.40000 2.87169
v 16.69505 1.30000 2.87169
v 16.68909 18.40000 2.88117
v 16.68909 1.30000 2.88117
v 16.68118 18.40000 2.88909
v 16.68118 1.30000 2.88909
v 16.67169 18.40000 2.89505
v 16.67169 1.30000 2.89505
v 16.66113 1.30000 2.89875
v 16.66113 18.40000 2.89875
v 1.35000 18.44875 2.86113
v 16.65000 18.44875 2.86113
v 1.35000 18.44505 2.87169
v 16.65000 18.44505 2.87169
v 1.35000 18.43909 2.88117
v 16.65000 18.43909 2.88117
v 1.35000 18.43118 2.88909
v 16.65000 18.43118 2.88909
v 1.35000 18.42169 2.89505
v 16.65000 18.42169 2.89505
v 1.35000 18.41113 2.89875
v 16.65000 18.41113 2.89875
v 16.65000 1.25125 2.86113
v 1.35000 1.25125 2.86113
v 16.65000 1.25495 2.87169
v 1.35000 1.25495 2.87169
v 16.65000 1.26091 2.88117
v 1.35000 1.26091 2.88117
v 16.65000 1.26883 2.88909
v 1.35000 1.26883 2.88909
v 1.35000 1.27831 2.89505
v 16.65000 1.27831 2.89505
v 16.65000 1.28887 2.89875
v 1.35000 1.28887 2.89875
v 1.30125 18.40000 2.86113
v 1.30125 1.30000 2.86113
v 1.30495 1.30000 2.87169
v 1.30495 18.40000 2.87169
v 1.31091 1.30000 2.88117
v 1.31091 18.40000 2.88117
v 1.31883 1.30000 2.88909
v 1.31883 18.40000 2.88909
v 1.32831 1.30000 2.89505
v 1.32831 18.40000 2.89505
v 1.33887 1.30000 2.89875
v 1.33887 18.40000 2.89875
v 18.00000 17.71500 0.03500
v 18.00000 17.56000 -0.00000
v 18.00000 17.73500 -0.00000
v 18.00000 17.56000 0.03500
v 18.00000 17.71500 0.76500
v 18.00000 17.56000 0.80000
v 18.00000 17.56000 0.76500
v 18.00000 17.73500 0.80000
v 17.92940 17.72357 0.03500
v 17.92940 17.72357 0.76500
v 17.86291 17.74879 0.03500
v 17.86291 17.74879 0.76500
v 17.80438 17.78919 0.03500
v 17.80438 17.78919 0.76500
v 17.75722 17.84242 0.03500
v 17.75722 17.84242 0.76500
v 17.72417 17.90539 0.03500
v 17.72417 17.90539 0.76500
v 17.70715 17.97444 0.03500
v 17.70715 17.97444 0.76500
v 17.70715 18.04556 0.76500
v 17.70715 18.04556 0.03500
v 17.72417 18.11461 0.03500
v 17.72417 18.11461 0.76500
v 17.75722 18.17758 0.03500
v 17.75722 18.17758 0.76500
v 17.80438 18.23081 0.76500
v 17.80438 18.23081 0.03500
v 17.86291 18.27121 0.03500
v 17.86291 18.27121 0.76500
v 17.92940 18.29643 0.03500
v 17.92940 18.29643 0.76500
v 18.00000 18.30500 0.76500
v 18.00000 18.30500 0.03500
v 17.55000 17.56000 0.76500
v 18.00000 18.46000 0.76500
v 17.55000 18.46000 0.76500
v 18.00000 18.46000 0.03500
v 18.00000 18.46000 -0.00000
v 18.00000 18.28500 0.00000
v 18.00000 18.46000 0.80000
v 18.00000 18.28500 0.80000
v 17.55000 18.46000 0.80000
v 17.55000 17.56000 0.80000
v 17.93419 17.74299 0.80000
v 17.87220 17.76650 0.80000
v 17.81764 17.80416 0.80000
v 17.77368 17.85378 0.80000
v 17.74287 17.91248 0.80000
v 17.72701 17.97685 0.80000
v 17.93419 18.27701 0.80000
v 17.87220 18.25350 0.80000
v 17.81764 18.21584 0.80000
v 17.77368 18.16622 0.80000
v 17.74287 18.10752 0.80000
v 17.72701 18.04315 0.80000
v 17.15000 17.56000 0.03500
v 17.15000 17.56000 -0.00000
v 17.15000 18.46000 0.03500
v 17.15000 18.46000 -0.00000
v 17.93419 18.27701 0.00000
v 17.87220 18.25350 0.00000
v 17.81764 18.21584 0.00000
v 17.77368 18.16622 0.00000
v 17.74287 18.10752 0.00000
v 17.72701 18.04315 0.00000
v 17.81764 17.80416 0.00000
v 17.87220 17.76650 0.00000
v 17.93419 17.74299 0.00000
v 17.72701 17.97685 0.00000
v 17.74287 17.91248 0.00000
v 17.77368 17.85378 0.00000
v 1.72000 0.00000 0.03500
v 1.56500 0.00000 0.00000
v 1.74000 0.00000 0.00000
v 1.56500 0.00000 0.03500
v 1.72000 0.00000 0.76500
v 1.56500 -0.00000 0.80000
v 1.56500 -0.00000 0.76500
v 1.74000 0.00000 0.80000
v 1.72857 0.07060 0.03500
v 1.72857 0.07060 0.76500
v 1.75379 0.13709 0.03500
v 1.75379 0.13709 0.76500
v 1.79419 0.19562 0.03500
v 1.79419 0.19562 0.76500
v 1.84742 0.24278 0.03500
v 1.84742 0.24278 0.76500
v 1.91039 0.27583 0.03500
v 1.91039 0.27583 0.76500
v 1.97944 0.29285 0.03500
v 1.97944 0.29285 0.76500
v 2.05056 0.29285 0.76500
v 2.05056 0.29285 0.03500
v 2.11961 0.27583 0.03500
v 2.11961 0.27583 0.76500
v 2.18258 0.24278 0.03500
v 2.18258 0.24278 0.76500
v 2.23581 0.19562 0.76500
v 2.23581 0.19562 0.03500
v 2.27621 0.13709 0.03500
v 2.27621 0.13709 0.76500
v 2.30143 0.07060 0.03500
v 2.30143 0.07060 0.76500
v 2.31000 -0.00000 0.76500
v 2.31000 -0.00000 0.03500
v 1.56500 0.45000 0.76500
v 2.46500 -0.00000 0.76500
v 2.46500 0.45000 0.76500
v 2.46500 -0.00000 0.03500
v 2.46500 -0.00000 0.00000
v 2.29000 -0.00000 0.00000
v 2.46500 -0.00000 0.80000
v 2.29000 -0.00000 0.80000
v 2.46500 0.45000 0.80000
v 1.56500 0.45000 0.80000
v 1.74799 0.06581 0.80000
v 1.77150 0.12780 0.80000
v 1.80916 0.18236 0.80000
v 1.85878 0.22632 0.80000
v 1.91748 0.25713 0.80000
v 1.98185 0.27299 0.80000
v 2.28201 0.06581 0.80000
v 2.25850 0.12780 0.80000
v 2.22084 0.18236 0.80000
v 2.17122 0.22632 0.80000
v 2.11252 0.25713 0.80000
v 2.04815 0.27299 0.80000
v 1.56500 0.85000 0.03500
v 1.56500 0.85000 0.00000
v 2.46500 0.85000 0.03500
v 2.46500 0.85000 0.00000
v 2.28201 0.06581 0.00000
v 2.25850 0.12780 0.00000
v 2.22084 0.18236 0.00000
v 2.17122 0.22632 0.00000
v 2.11252 0.25713 0.00000
v 2.04815 0.27299 0.00000
v 1.98185 0.27299 0.00000
v 1.80916 0.18236 0.00000
v 1.77150 0.12780 0.00000
v 1.74799 0.06581 0.00000
v 1.91748 0.25713 0.00000
v 1.85878 0.22632 0.00000
v -0.00000 18.30500 0.03500
v -0.00000 18.46000 0.00000
v -0.00000 18.28500 0.00000
v -0.00000 18.46000 0.03500
v -0.00000 18.30500 0.76500
v -0.00000 18.46000 0.80000
v -0.00000 18.46000 0.76500
v -0.00000 18.28500 0.80000
v 0.07060 18.29643 0.03500
v 0.07060 18.29643 0.76500
v 0.13709 18.27121 0.03500
v 0.13709 18.27121 0.76500
v 0.19562 18.23081 0.03500
v 0.19562 18.23081 0.76500
v 0.24278 18.17758 0.03500
v 0.24278 18.17758 0.76500
v 0.27583 18.11461 0.03500
v 0.27583 18.11461 0.76500
v 0.29285 18.04556 0.03500
v 0.29285 18.04556 0.76500
v 0.29285 17.97444 0.76500
v 0.29285 17.97444 0.03500
v 0.27583 17.90539 0.03500
v 0.27583 17.90539 0.76500
v 0.24278 17.84242 0.03500
v 0.24278 17.84242 0.76500
v 0.19562 17.78919 0.76500
v 0.19562 17.78919 0.03500
v 0.13709 17.74879 0.03500
v 0.13709 17.74879 0.76500
v 0.07060 17.72357 0.03500
v 0.07060 17.72357 0.76500
v -0.00000 17.71500 0.76500
v -0.00000 17.71500 0.03500
v 0.45000 18.46000 0.76500
v -0.00000 17.56000 0.76500
v 0.45000 17.56000 0.76500
v -0.00000 17.56000 0.03500
v -0.00000 17.56000 0.00000
v -0.00000 17.73500 0.00000
v -0.00000 17.56000 0.80000
v -0.00000 17.73500 0.80000
v 0.45000 17.56000 0.80000
v 0.45000 18.46000 0.80000
v 0.06581 18.27701 0.80000
v 0.12780 18.25350 0.80000
v 0.18236 18.21584 0.80000
v 0.22632 18.16622 0.80000
v 0.25713 18.10752 0.80000
v 0.27299 18.04315 0.80000
v 0.06581 17.74299 0.80000
v 0.12780 17.76650 0.80000
v 0.18236 17.80416 0.80000
v 0.22632 17.85378 0.80000
v 0.25713 17.91248 0.80000
v 0.27299 17.97685 0.80000
v 0.85000 18.46000 0.03500
v 0.85000 18.46000 0.00000
v 0.85000 17.56000 0.03500
v 0.85000 17.56000 0.00000
v 0.06581 17.74299 0.00000
v 0.12780 17.76650 0.00000
v 0.18236 17.80416 0.00000
v 0.22632 17.85378 0.00000
v 0.25713 17.91248 0.00000
v 0.27299 17.97685 0.00000
v 0.18236 18.21584 0.00000
v 0.12780 18.25350 0.00000
v 0.06581 18.27701 0.00000
v 0.27299 18.04315 0.00000
v 0.25713 18.10752 0.00000
v 0.22632 18.16622 0.00000
v 18.00000 16.44500 0.03500
v 18.00000 16.29000 -0.00000
v 18.00000 16.46500 -0.00000
v 18.00000 16.29000 0.03500
v 18.00000 16.44500 0.76500
v 18.00000 16.29000 0.80000
v 18.00000 16.29000 0.76500
v 18.00000 16.46500 0.80000
v 17.92940 16.45357 0.03500
v 17.92940 16.45357 0.76500
v 17.86291 16.47879 0.03500
v 17.86291 16.47879 0.76500
v 17.80438 16.51919 0.03500
v 17.80438 16.51919 0.76500
v 17.75722 16.57242 0.03500
v 17.75722 16.57242 0.76500
v 17.72417 16.63539 0.03500
v 17.72417 16.63539 0.76500
v 17.70715 16.70444 0.03500
v 17.70715 16.70444 0.76500
v 17.70715 16.77556 0.76500
v 17.70715 16.77556 0.03500
v 17.72417 16.84461 0.03500
v 17.72417 16.84461 0.76500
v 17.75722 16.90758 0.03500
v 17.75722 16.90758 0.76500
v 17.80438 16.96081 0.76500
v 17.80438 16.96081 0.03500
v 17.86291 17.00121 0.03500
v 17.86291 17.00121 0.76500
v 17.92940 17.02643 0.03500
v 17.92940 17.02643 0.76500
v 18.00000 17.03500 0.76500
v 18.00000 17.03500 0.03500
v 17.55000 16.29000 0.76500
v 18.00000 17.19000 0.76500
v 17.55000 17.19000 0.76500
v 18.00000 17.19000 0.03500
v 18.00000 17.19000 -0.00000
v 18.00000 17.01500 0.00000
v 18.00000 17.19000 0.80000
v 18.00000 17.01500 0.80000
v 17.55000 17.19000 0.80000
v 17.55000 16.29000 0.80000
v 17.93419 16.47299 0.80000
v 17.87220 16.49650 0.80000
v 17.81764 16.53416 0.80000
v 17.77368 16.58378 0.80000
v 17.74287 16.64248 0.80000
v 17.72701 16.70685 0.80000
v 17.93419 17.00701 0.80000
v 17.87220 16.98350 0.80000
v 17.81764 16.94584 0.80000
v 17.77368 16.89622 0.80000
v 17.74287 16.83752 0.80000
v 17.72701 16.77315 0.80000
v 17.15000 16.29000 0.03500
v 17.15000 16.29000 -0.00000
v 17.15000 17.19000 0.03500
v 17.15000 17.19000 -0.00000
v 17.93419 17.00701 0.00000
v 17.87220 16.98350 0.00000
v 17.81764 16.94584 0.00000
v 17.77368 16.89622 0.00000
v 17.74287 16.83752 0.00000
v 17.72701 16.77315 0.00000
v 17.81764 16.53416 0.00000
v 17.87220 16.49650 0.00000
v 17.93419 16.47299 0.00000
v 17.72701 16.70685 0.00000
v 17.74287 16.64248 0.00000
v 17.77368 16.58378 0.00000
v 18.00000 15.17500 0.03500
v 18.00000 15.02000 -0.00000
v 18.00000 15.19500 -0.00000
v 18.00000 15.02000 0.03500
v 18.00000 15.17500 0.76500
v 18.00000 15.02000 0.80000
v 18.00000 15.02000 0.76500
v 18.00000 15.19500 0.80000
v 17.92940 15.18357 0.03500
v 17.92940 15.18357 0.76500
v 17.86291 15.20879 0.03500
v 17.86291 15.20879 0.76500
v 17.80438 15.24919 0.03500
v 17.80438 15.24919 0.76500
v 17.75722 15.30242 0.03500
v 17.75722 15.30242 0.76500
v 17.72417 15.36539 0.03500
v 17.72417 15.36539 0.76500
v 17.70715 15.43444 0.03500
v 17.70715 15.43444 0.76500
v 17.70715 15.50556 0.76500
v 17.70715 15.50556 0.03500
v 17.72417 15.57461 0.03500
v 17.72417 15.57461 0.76500
v 17.75722 15.63758 0.03500
v 17.75722 15.63758 0.76500
v 17.80438 15.69081 0.76500
v 17.80438 15.69081 0.03500
v 17.86291 15.73121 0.03500
v 17.86291 15.73121 0.76500
v 17.92940 15.75643 0.03500
v 17.92940 15.75643 0.76500
v 18.00000 15.76500 0.76500
v 18.00000 15.76500 0.03500
v 17.55000 15.02000 0.76500
v 18.00000 15.92000 0.76500
v 17.55000 15.92000 0.76500
v 18.00000 15.92000 0.03500
v 18.00000 15.92000 -0.00000
v 18.00000 15.74500 0.00000
v 18.00000 15.92000 0.80000
v 18.00000 15.74500 0.80000
v 17.55000 15.92000 0.80000
v 17.55000 15.02000 0.80000
v 17.93419 15.20299 0.80000
v 17.87220 15.22650 0.80000
v 17.81764 15.26416 0.80000
v 17.77368 15.31378 0.80000
v 17.74287 15.37248 0.80000
v 17.72701 15.43685 0.80000
v 17.93419 15.73701 0.80000
v 17.87220 15.71350 0.80000
v 17.81764 15.67584 0.80000
v 17.77368 15.62622 0.80000
v 17.74287 15.56752 0.80000
v 17.72701 15.50315 0.80000
v 17.15000 15.02000 0.03500
v 17.15000 15.02000 -0.00000
v 17.15000 15.92000 0.03500
v 17.15000 15.92000 -0.00000
v 17.93419 15.73701 0.00000
v 17.87220 15.71350 0.00000
v 17.81764 15.67584 0.00000
v 17.77368 15.62622 0.00000
v 17.74287 15.56752 0.00000
v 17.72701 15.50315 0.00000
v 17.81764 15.26416 0.00000
v 17.87220 15.22650 0.00000
v 17.93419 15.20299 0.00000
v 17.72701 15.43685 0.00000
v 17.74287 15.37248 0.00000
v 17.77368 15.31378 0.00000
v 18.00000 13.90500 0.03500
v 18.00000 13.75000 -0.00000
v 18.00000 13.92500 -0.00000
v 18.00000 13.75000 0.03500
v 18.00000 13.90500 0.76500
v 18.00000 13.75000 0.80000
v 18.00000 13.75000 0.76500
v 18.00000 13.92500 0.80000
v 17.92940 13.91357 0.03500
v 17.92940 13.91357 0.76500
v 17.86291 13.93879 0.03500
v 17.86291 13.93879 0.76500
v 17.80438 13.97919 0.03500
v 17.80438 13.97919 0.76500
v 17.75722 14.03242 0.03500
v 17.75722 14.03242 0.76500
v 17.72417 14.09539 0.03500
v 17.72417 14.09539 0.76500
v 17.70715 14.16444 0.03500
v 17.70715 14.16444 0.76500
v 17.70715 14.23556 0.76500
v 17.70715 14.23556 0.03500
v 17.72417 14.30461 0.03500
v 17.72417 14.30461 0.76500
v 17.75722 14.36758 0.03500
v 17.75722 14.36758 0.76500
v 17.80438 14.42081 0.76500
v 17.80438 14.42081 0.03500
v 17.86291 14.46121 0.03500
v 17.86291 14.46121 0.76500
v 17.92940 14.48643 0.03500
v 17.92940 14.48643 0.76500
v 18.00000 14.49500 0.76500
v 18.00000 14.49500 0.03500
v 17.55000 13.75000 0.76500
v 18.00000 14.65000 0.76500
v 17.55000 14.65000 0.76500
v 18.00000 14.65000 0.03500
v 18.00000 14.65000 -0.00000
v 18.00000 14.47500 0.00000
v 18.00000 14.65000 0.80000
v 18.00000 14.47500 0.80000
v 17.55000 14.65000 0.80000
v 17.55000 13.75000 0.80000
v 17.93419 13.93299 0.80000
v 17.87220 13.95650 0.80000
v 17.81764 13.99416 0.80000
v 17.77368 14.04378 0.80000
v 17.74287 14.10248 0.80000
v 17.72701 14.16685 0.80000
v 17.93419 14.46701 0.80000
v 17.87220 14.44350 0.80000
v 17.81764 14.40584 0.80000
v 17.77368 14.35622 0.80000
v 17.74287 14.29752 0.80000
v 17.72701 14.23315 0.80000
v 17.15000 13.75000 0.03500
v 17.15000 13.75000 -0.00000
v 17.15000 14.65000 0.03500
v 17.15000 14.65000 -0.00000
v 17.93419 14.46701 0.00000
v 17.87220 14.44350 0.00000
v 17.81764 14.40584 0.00000
v 17.77368 14.35622 0.00000
v 17.74287 14.29752 0.00000
v 17.72701 14.23315 0.00000
v 17.81764 13.99416 0.00000
v 17.87220 13.95650 0.00000
v 17.93419 13.93299 0.00000
v 17.72701 14.16685 0.00000
v 17.74287 14.10248 0.00000
v 17.77368 14.04378 0.00000
v 18.00000 12.63500 0.03500
v 18.00000 12.48000 -0.00000
v 18.00000 12.65500 -0.00000
v 18.00000 12.48000 0.03500
v 18.00000 12.63500 0.76500
v 18.00000 12.48000 0.80000
v 18.00000 12.48000 0.76500
v 18.00000 12.65500 0.80000
v 17.92940 12.64357 0.03500
v 17.92940 12.64357 0.76500
v 17.86291 12.66879 0.03500
v 17.86291 12.66879 0.76500
v 17.80438 12.70919 0.03500
v 17.80438 12.70919 0.76500
v 17.75722 12.76242 0.03500
v 17.75722 12.76242 0.76500
v 17.72417 12.82539 0.03500
v 17.72417 12.82539 0.76500
v 17.70715 12.89444 0.03500
v 17.70715 12.89444 0.76500
v 17.70715 12.96556 0.76500
v 17.70715 12.96556 0.03500
v 17.72417 13.03461 0.03500
v 17.72417 13.03461 0.76500
v 17.75722 13.09758 0.03500
v 17.75722 13.09758 0.76500
v 17.80438 13.15081 0.76500
v 17.80438 13.15081 0.03500
v 17.86291 13.19121 0.03500
v 17.86291 13.19121 0.76500
v 17.92940 13.21643 0.03500
v 17.92940 13.21643 0.76500
v 18.00000 13.22500 0.76500
v 18.00000 13.22500 0.03500
v 17.55000 12.48000 0.76500
v 18.00000 13.38000 0.76500
v 17.55000 13.38000 0.76500
v 18.00000 13.38000 0.03500
v 18.00000 13.38000 -0.00000
v 18.00000 13.20500 0.00000
v 18.00000 13.38000 0.80000
v 18.00000 13.20500 0.80000
v 17.55000 13.38000 0.80000
v 17.55000 12.48000 0.80000
v 17.93419 12.66299 0.80000
v 17.87220 12.68650 0.80000
v 17.81764 12.72416 0.80000
v 17.77368 12.77378 0.80000
v 17.74287 12.83248 0.80000
v 17.72701 12.89685 0.80000
v 17.93419 13.19701 0.80000
v 17.87220 13.17350 0.80000
v 17.81764 13.13584 0.80000
v 17.77368 13.08622 0.80000
v 17.74287 13.02752 0.80000
v 17.72701 12.96315 0.80000
v 17.15000 12.48000 0.03500
v 17.15000 12.48000 -0.00000
v 17.15000 13.38000 0.03500
v 17.15000 13.38000 -0.00000
v 17.93419 13.19701 0.00000
v 17.87220 13.17350 0.00000
v 17.81764 13.13584 0.00000
v 17.77368 13.08622 0.00000
v 17.74287 13.02752 0.00000
v 17.72701 12.96315 0.00000
v 17.81764 12.72416 0.00000
v 17.87220 12.68650 0.00000
v 17.93419 12.66299 0.00000
v 17.72701 12.89685 0.00000
v 17.74287 12.83248 0.00000
v 17.77368 12.77378 0.00000
v 18.00000 11.36500 0.03500
v 18.00000 11.21000 -0.00000
v 18.00000 11.38500 -0.00000
v 18.00000 11.21000 0.03500
v 18.00000 11.36500 0.76500
v 18.00000 11.21000 0.80000
v 18.00000 11.21000 0.76500
v 18.00000 11.38500 0.80000
v 17.92940 11.37357 0.03500
v 17.92940 11.37357 0.76500
v 17.86291 11.39879 0.03500
v 17.86291 11.39879 0.76500
v 17.80438 11.43919 0.03500
v 17.80438 11.43919 0.76500
v 17.75722 11.49242 0.03500
v 17.75722 11.49242 0.76500
v 17.72417 11.55539 0.03500
v 17.72417 11.55539 0.76500
v 17.70715 11.62444 0.03500
v 17.70715 11.62444 0.76500
v 17.70715 11.69556 0.76500
v 17.70715 11.69556 0.03500
v 17.72417 11.76461 0.03500
v 17.72417 11.76461 0.76500
v 17.75722 11.82758 0.03500
v 17.75722 11.82758 0.76500
v 17.80438 11.88081 0.76500
v 17.80438 11.88081 0.03500
v 17.86291 11.92121 0.03500
v 17.86291 11.92121 0.76500
v 17.92940 11.94643 0.03500
v 17.92940 11.94643 0.76500
v 18.00000 11.95500 0.76500
v 18.00000 11.95500 0.03500
v 17.55000 11.21000 0.76500
v 18.00000 12.11000 0.76500
v 17.55000 12.11000 0.76500
v 18.00000 12.11000 0.03500
v 18.00000 12.11000 -0.00000
v 18.00000 11.93500 0.00000
v 18.00000 12.11000 0.80000
v 18.00000 11.93500 0.80000
v 17.55000 12.11000 0.80000
v 17.55000 11.21000 0.80000
v 17.93419 11.39299 0.80000
v 17.87220 11.41650 0.80000
v 17.81764 11.45416 0.80000
v 17.77368 11.50378 0.80000
v 17.74287 11.56248 0.80000
v 17.72701 11.62685 0.80000
v 17.93419 11.92701 0.80000
v 17.87220 11.90350 0.80000
v 17.81764 11.86584 0.80000
v 17.77368 11.81622 0.80000
v 17.74287 11.75752 0.80000
v 17.72701 11.69315 0.80000
v 17.15000 11.21000 0.03500
v 17.15000 11.21000 -0.00000
v 17.15000 12.11000 0.03500
v 17.15000 12.11000 -0.00000
v 17.93419 11.92701 0.00000
v 17.87220 11.90350 0.00000
v 17.81764 11.86584 0.00000
v 17.77368 11.81622 0.00000
v 17.74287 11.75752 0.00000
v 17.72701 11.69315 0.00000
v 17.81764 11.45416 0.00000
v 17.87220 11.41650 0.00000
v 17.93419 11.39299 0.00000
v 17.72701 11.62685 0.00000
v 17.74287 11.56248 0.00000
v 17.77368 11.50378 0.00000
v 18.00000 10.09500 0.03500
v 18.00000 9.94000 -0.00000
v 18.00000 10.11500 -0.00000
v 18.00000 9.94000 0.03500
v 18.00000 10.09500 0.76500
v 18.00000 9.94000 0.80000
v 18.00000 9.94000 0.76500
v 18.00000 10.11500 0.80000
v 17.92940 10.10357 0.03500
v 17.92940 10.10357 0.76500
v 17.86291 10.12879 0.03500
v 17.86291 10.12879 0.76500
v 17.80438 10.16919 0.03500
v 17.80438 10.16919 0.76500
v 17.75722 10.22242 0.03500
v 17.75722 10.22242 0.76500
v 17.72417 10.28539 0.03500
v 17.72417 10.28539 0.76500
v 17.70715 10.35444 0.03500
v 17.70715 10.35444 0.76500
v 17.70715 10.42556 0.76500
v 17.70715 10.42556 0.03500
v 17.72417 10.49461 0.03500
v 17.72417 10.49461 0.76500
v 17.75722 10.55758 0.03500
v 17.75722 10.55758 0.76500
v 17.80438 10.61081 0.76500
v 17.80438 10.61081 0.03500
v 17.86291 10.65121 0.03500
v 17.86291 10.65121 0.76500
v 17.92940 10.67643 0.03500
v 17.92940 10.67643 0.76500
v 18.00000 10.68500 0.76500
v 18.00000 10.68500 0.03500
v 17.55000 9.94000 0.76500
v 18.00000 10.84000 0.76500
v 17.55000 10.84000 0.76500
v 18.00000 10.84000 0.03500
v 18.00000 10.84000 -0.00000
v 18.00000 10.66500 0.00000
v 18.00000 10.84000 0.80000
v 18.00000 10.66500 0.80000
v 17.55000 10.84000 0.80000
v 17.55000 9.94000 0.80000
v 17.93419 10.12299 0.80000
v 17.87220 10.14650 0.80000
v 17.81764 10.18416 0.80000
v 17.77368 10.23378 0.80000
v 17.74287 10.29248 0.80000
v 17.72701 10.35685 0.80000
v 17.93419 10.65701 0.80000
v 17.87220 10.63350 0.80000
v 17.81764 10.59584 0.80000
v 17.77368 10.54622 0.80000
v 17.74287 10.48752 0.80000
v 17.72701 10.42315 0.80000
v 17.15000 9.94000 0.03500
v 17.15000 9.94000 -0.00000
v 17.15000 10.84000 0.03500
v 17.15000 10.84000 -0.00000
v 17.93419 10.65701 0.00000
v 17.87220 10.63350 0.00000
v 17.81764 10.59584 0.00000
v 17.77368 10.54622 0.00000
v 17.74287 10.48752 0.00000
v 17.72701 10.42315 0.00000
v 17.81764 10.18416 0.00000
v 17.87220 10.14650 0.00000
v 17.93419 10.12299 0.00000
v 17.72701 10.35685 0.00000
v 17.74287 10.29248 0.00000
v 17.77368 10.23378 0.00000
v 18.00000 8.82500 0.03500
v 18.00000 8.67000 -0.00000
v 18.00000 8.84500 -0.00000
v 18.00000 8.67000 0.03500
v 18.00000 8.82500 0.76500
v 18.00000 8.67000 0.80000
v 18.00000 8.67000 0.76500
v 18.00000 8.84500 0.80000
v 17.92940 8.83357 0.03500
v 17.92940 8.83357 0.76500
v 17.86291 8.85879 0.03500
v 17.86291 8.85879 0.76500
v 17.80438 8.89919 0.03500
v 17.80438 8.89919 0.76500
v 17.75722 8.95242 0.03500
v 17.75722 8.95242 0.76500
v 17.72417 9.01539 0.03500
v 17.72417 9.01539 0.76500
v 17.70715 9.08444 0.03500
v 17.70715 9.08444 0.76500
v 17.70715 9.15556 0.76500
v 17.70715 9.15556 0.03500
v 17.72417 9.22461 0.03500
v 17.72417 9.22461 0.76500
v 17.75722 9.28758 0.03500
v 17.75722 9.28758 0.76500
v 17.80438 9.34081 0.76500
v 17.80438 9.34081 0.03500
v 17.86291 9.38121 0.03500
v 17.86291 9.38121 0.76500
v 17.92940 9.40643 0.03500
v 17.92940 9.40643 0.76500
v 18.00000 9.41500 0.76500
v 18.00000 9.41500 0.03500
v 17.55000 8.67000 0.76500
v 18.00000 9.57000 0.76500
v 17.55000 9.57000 0.76500
v 18.00000 9.57000 0.03500
v 18.00000 9.57000 -0.00000
v 18.00000 9.39500 0.00000
v 18.00000 9.57000 0.80000
v 18.00000 9.39500 0.80000
v 17.55000 9.57000 0.80000
v 17.55000 8.67000 0.80000
v 17.93419 8.85299 0.80000
v 17.87220 8.87650 0.80000
v 17.81764 8.91416 0.80000
v 17.77368 8.96378 0.80000
v 17.74287 9.02248 0.80000
v 17.72701 9.08685 0.80000
v 17.93419 9.38701 0.80000
v 17.87220 9.36350 0.80000
v 17.81764 9.32584 0.80000
v 17.77368 9.27622 0.80000
v 17.74287 9.21752 0.80000
v 17.72701 9.15315 0.80000
v 17.15000 8.67000 0.03500
v 17.15000 8.67000 -0.00000
v 17.15000 9.57000 0.03500
v 17.15000 9.57000 -0.00000
v 17.93419 9.38701 0.00000
v 17.87220 9.36350 0.00000
v 17.81764 9.32584 0.00000
v 17.77368 9.27622 0.00000
v 17.74287 9.21752 0.00000
v 17.72701 9.15315 0.00000
v 17.81764 8.91416 0.00000
v 17.87220 8.87650 0.00000
v 17.93419 8.85299 0.00000
v 17.72701 9.08685 0.00000
v 17.74287 9.02248 0.00000
v 17.77368 8.96378 0.00000
v 18.00000 7.55500 0.03500
v 18.00000 7.40000 -0.00000
v 18.00000 7.57500 -0.00000
v 18.00000 7.40000 0.03500
v 18.00000 7.55500 0.76500
v 18.00000 7.40000 0.80000
v 18.00000 7.40000 0.76500
v 18.00000 7.57500 0.80000
v 17.92940 7.56357 0.03500
v 17.92940 7.56357 0.76500
v 17.86291 7.58879 0.03500
v 17.86291 7.58879 0.76500
v 17.80438 7.62919 0.03500
v 17.80438 7.62919 0.76500
v 17.75722 7.68242 0.03500
v 17.75722 7.68242 0.76500
v 17.72417 7.74539 0.03500
v 17.72417 7.74539 0.76500
v 17.70715 7.81444 0.03500
v 17.70715 7.81444 0.76500
v 17.70715 7.88556 0.76500
v 17.70715 7.88556 0.03500
v 17.72417 7.95461 0.03500
v 17.72417 7.95461 0.76500
v 17.75722 8.01758 0.03500
v 17.75722 8.01758 0.76500
v 17.80438 8.07081 0.76500
v 17.80438 8.07081 0.03500
v 17.86291 8.11121 0.03500
v 17.86291 8.11121 0.76500
v 17.92940 8.13643 0.03500
v 17.92940 8.13643 0.76500
v 18.00000 8.14500 0.76500
v 18.00000 8.14500 0.03500
v 17.55000 7.40000 0.76500
v 18.00000 8.30000 0.76500
v 17.55000 8.30000 0.76500
v 18.00000 8.30000 0.03500
v 18.00000 8.30000 -0.00000
v 18.00000 8.12500 0.00000
v 18.00000 8.30000 0.80000
v 18.00000 8.12500 0.80000
v 17.55000 8.30000 0.80000
v 17.55000 7.40000 0.80000
v 17.93419 7.58299 0.80000
v 17.87220 7.60650 0.80000
v 17.81764 7.64416 0.80000
v 17.77368 7.69378 0.80000
v 17.74287 7.75248 0.80000
v 17.72701 7.81685 0.80000
v 17.93419 8.11701 0.80000
v 17.87220 8.09350 0.80000
v 17.81764 8.05584 0.80000
v 17.77368 8.00622 0.80000
v 17.74287 7.94752 0.80000
v 17.72701 7.88315 0.80000
v 17.15000 7.40000 0.03500
v 17.15000 7.40000 -0.00000
v 17.15000 8.30000 0.03500
v 17.15000 8.30000 -0.00000
v 17.93419 8.11701 0.00000
v 17.87220 8.09350 0.00000
v 17.81764 8.05584 0.00000
v 17.77368 8.00622 0.00000
v 17.74287 7.94752 0.00000
v 17.72701 7.88315 0.00000
v 17.81764 7.64416 0.00000
v 17.87220 7.60650 0.00000
v 17.93419 7.58299 0.00000
v 17.72701 7.81685 0.00000
v 17.74287 7.75248 0.00000
v 17.77368 7.69378 0.00000
v 18.00000 6.28500 0.03500
v 18.00000 6.13000 -0.00000
v 18.00000 6.30500 -0.00000
v 18.00000 6.13000 0.03500
v 18.00000 6.28500 0.76500
v 18.00000 6.13000 0.80000
v 18.00000 6.13000 0.76500
v 18.00000 6.30500 0.80000
v 17.92940 6.29357 0.03500
v 17.92940 6.29357 0.76500
v 17.86291 6.31879 0.03500
v 17.86291 6.31879 0.76500
v 17.80438 6.35919 0.03500
v 17.80438 6.35919 0.76500
v 17.75722 6.41242 0.03500
v 17.75722 6.41242 0.76500
v 17.72417 6.47539 0.03500
v 17.72417 6.47539 0.76500
v 17.70715 6.54444 0.03500
v 17.70715 6.54444 0.76500
v 17.70715 6.61556 0.76500
v 17.70715 6.61556 0.03500
v 17.72417 6.68461 0.03500
v 17.72417 6.68461 0.76500
v 17.75722 6.74758 0.03500
v 17.75722 6.74758 0.76500
v 17.80438 6.80081 0.76500
v 17.80438 6.80081 0.03500
v 17.86291 6.84121 0.03500
v 17.86291 6.84121 0.76500
v 17.92940 6.86643 0.03500
v 17.92940 6.86643 0.76500
v 18.00000 6.87500 0.76500
v 18.00000 6.87500 0.03500
v 17.55000 6.13000 0.76500
v 18.00000 7.03000 0.76500
v 17.55000 7.03000 0.76500
v 18.00000 7.03000 0.03500
v 18.00000 7.03000 -0.00000
v 18.00000 6.85500 0.00000
v 18.00000 7.03000 0.80000
v 18.00000 6.85500 0.80000
v 17.55000 7.03000 0.80000
v 17.55000 6.13000 0.80000
v 17.93419 6.31299 0.80000
v 17.87220 6.33650 0.80000
v 17.81764 6.37416 0.80000
v 17.77368 6.42378 0.80000
v 17.74287 6.48248 0.80000
v 17.72701 6.54685 0.80000
v 17.93419 6.84701 0.80000
v 17.87220 6.82350 0.80000
v 17.81764 6.78584 0.80000
v 17.77368 6.73622 0.80000
v 17.74287 6.67752 0.80000
v 17.72701 6.61315 0.80000
v 17.15000 6.13000 0.03500
v 17.15000 6.13000 -0.00000
v 17.15000 7.03000 0.03500
v 17.15000 7.03000 -0.00000
v 17.93419 6.84701 0.00000
v 17.87220 6.82350 0.00000
v 17.81764 6.78584 0.00000
v 17.77368 6.73622 0.00000
v 17.74287 6.67752 0.00000
v 17.72701 6.61315 0.00000
v 17.81764 6.37416 0.00000
v 17.87220 6.33650 0.00000
v 17.93419 6.31299 0.00000
v 17.72701 6.54685 0.00000
v 17.74287 6.48248 0.00000
v 17.77368 6.42378 0.00000
v 18.00000 5.01500 0.03500
v 18.00000 4.86000 -0.00000
v 18.00000 5.03500 -0.00000
v 18.00000 4.86000 0.03500
v 18.00000 5.01500 0.76500
v 18.00000 4.86000 0.80000
v 18.00000 4.86000 0.76500
v 18.00000 5.03500 0.80000
v 17.92940 5.02357 0.03500
v 17.92940 5.02357 0.76500
v 17.86291 5.04879 0.03500
v 17.86291 5.04879 0.76500
v 17.80438 5.08919 0.03500
v 17.80438 5.08919 0.76500
v 17.75722 5.14242 0.03500
v 17.75722 5.14242 0.76500
v 17.72417 5.20539 0.03500
v 17.72417 5.20539 0.76500
v 17.70715 5.27444 0.03500
v 17.70715 5.27444 0.76500
v 17.70715 5.34556 0.76500
v 17.70715 5.34556 0.03500
v 17.72417 5.41461 0.03500
v 17.72417 5.41461 0.76500
v 17.75722 5.47758 0.03500
v 17.75722 5.47758 0.76500
v 17.80438 5.53081 0.76500
v 17.80438 5.53081 0.03500
v 17.86291 5.57121 0.03500
v 17.86291 5.57121 0.76500
v 17.92940 5.59643 0.03500
v 17.92940 5.59643 0.76500
v 18.00000 5.60500 0.76500
v 18.00000 5.60500 0.03500
v 17.55000 4.86000 0.76500
v 18.00000 5.76000 0.76500
v 17.55000 5.76000 0.76500
v 18.00000 5.76000 0.03500
v 18.00000 5.76000 -0.00000
v 18.00000 5.58500 0.00000
v 18.00000 5.76000 0.80000
v 18.00000 5.58500 0.80000
v 17.55000 5.76000 0.80000
v 17.55000 4.86000 0.80000
v 17.93419 5.04299 0.80000
v 17.87220 5.06650 0.80000
v 17.81764 5.10416 0.80000
v 17.77368 5.15378 0.80000
v 17.74287 5.21248 0.80000
v 17.72701 5.27685 0.80000
v 17.93419 5.57701 0.80000
v 17.87220 5.55350 0.80000
v 17.81764 5.51584 0.80000
v 17.77368 5.46622 0.80000
v 17.74287 5.40752 0.80000
v 17.72701 5.34315 0.80000
v 17.15000 4.86000 0.03500
v 17.15000 4.86000 -0.00000
v 17.15000 5.76000 0.03500
v 17.15000 5.76000 -0.00000
v 17.93419 5.57701 0.00000
v 17.87220 5.55350 0.00000
v 17.81764 5.51584 0.00000
v 17.77368 5.46622 0.00000
v 17.74287 5.40752 0.00000
v 17.72701 5.34315 0.00000
v 17.81764 5.10416 0.00000
v 17.87220 5.06650 0.00000
v 17.93419 5.04299 0.00000
v 17.72701 5.27685 0.00000
v 17.74287 5.21248 0.00000
v 17.77368 5.15378 0.00000
v 18.00000 3.74500 0.03500
v 18.00000 3.59000 -0.00000
v 18.00000 3.76500 -0.00000
v 18.00000 3.59000 0.03500
v 18.00000 3.74500 0.76500
v 18.00000 3.59000 0.80000
v 18.00000 3.59000 0.76500
v 18.00000 3.76500 0.80000
v 17.92940 3.75357 0.03500
v 17.92940 3.75357 0.76500
v 17.86291 3.77879 0.03500
v 17.86291 3.77879 0.76500
v 17.80438 3.81919 0.03500
v 17.80438 3.81919 0.76500
v 17.75722 3.87242 0.03500
v 17.75722 3.87242 0.76500
v 17.72417 3.93539 0.03500
v 17.72417 3.93539 0.76500
v 17.70715 4.00444 0.03500
v 17.70715 4.00444 0.76500
v 17.70715 4.07556 0.76500
v 17.70715 4.07556 0.03500
v 17.72417 4.14461 0.03500
v 17.72417 4.14461 0.76500
v 17.75722 4.20758 0.03500
v 17.75722 4.20758 0.76500
v 17.80438 4.26081 0.76500
v 17.80438 4.26081 0.03500
v 17.86291 4.30121 0.03500
v 17.86291 4.30121 0.76500
v 17.92940 4.32643 0.03500
v 17.92940 4.32643 0.76500
v 18.00000 4.33500 0.76500
v 18.00000 4.33500 0.03500
v 17.55000 3.59000 0.76500
v 18.00000 4.49000 0.76500
v 17.55000 4.49000 0.76500
v 18.00000 4.49000 0.03500
v 18.00000 4.49000 -0.00000
v 18.00000 4.31500 0.00000
v 18.00000 4.49000 0.80000
v 18.00000 4.31500 0.80000
v 17.55000 4.49000 0.80000
v 17.55000 3.59000 0.80000
v 17.93419 3.77299 0.80000
v 17.87220 3.79650 0.80000
v 17.81764 3.83416 0.80000
v 17.77368 3.88378 0.80000
v 17.74287 3.94248 0.80000
v 17.72701 4.00685 0.80000
v 17.93419 4.30701 0.80000
v 17.87220 4.28350 0.80000
v 17.81764 4.24584 0.80000
v 17.77368 4.19622 0.80000
v 17.74287 4.13752 0.80000
v 17.72701 4.07315 0.80000
v 17.15000 3.59000 0.03500
v 17.15000 3.59000 -0.00000
v 17.15000 4.49000 0.03500
v 17.15000 4.49000 -0.00000
v 17.93419 4.30701 0.00000
v 17.87220 4.28350 0.00000
v 17.81764 4.24584 0.00000
v 17.77368 4.19622 0.00000
v 17.74287 4.13752 0.00000
v 17.72701 4.07315 0.00000
v 17.81764 3.83416 0.00000
v 17.87220 3.79650 0.00000
v 17.93419 3.77299 0.00000
v 17.72701 4.00685 0.00000
v 17.74287 3.94248 0.00000
v 17.77368 3.88378 0.00000
v 18.00000 2.47500 0.03500
v 18.00000 2.32000 -0.00000
v 18.00000 2.49500 -0.00000
v 18.00000 2.32000 0.03500
v 18.00000 2.47500 0.76500
v 18.00000 2.32000 0.80000
v 18.00000 2.32000 0.76500
v 18.00000 2.49500 0.80000
v 17.92940 2.48357 0.03500
v 17.92940 2.48357 0.76500
v 17.86291 2.50879 0.03500
v 17.86291 2.50879 0.76500
v 17.80438 2.54919 0.03500
v 17.80438 2.54919 0.76500
v 17.75722 2.60242 0.03500
v 17.75722 2.60242 0.76500
v 17.72417 2.66539 0.03500
v 17.72417 2.66539 0.76500
v 17.70715 2.73444 0.03500
v 17.70715 2.73444 0.76500
v 17.70715 2.80556 0.76500
v 17.70715 2.80556 0.03500
v 17.72417 2.87461 0.03500
v 17.72417 2.87461 0.76500
v 17.75722 2.93758 0.03500
v 17.75722 2.93758 0.76500
v 17.80438 2.99081 0.76500
v 17.80438 2.99081 0.03500
v 17.86291 3.03121 0.03500
v 17.86291 3.03121 0.76500
v 17.92940 3.05643 0.03500
v 17.92940 3.05643 0.76500
v 18.00000 3.06500 0.76500
v 18.00000 3.06500 0.03500
v 17.55000 2.32000 0.76500
v 18.00000 3.22000 0.76500
v 17.55000 3.22000 0.76500
v 18.00000 3.22000 0.03500
v 18.00000 3.22000 -0.00000
v 18.00000 3.04500 0.00000
v 18.00000 3.22000 0.80000
v 18.00000 3.04500 0.80000
v 17.55000 3.22000 0.80000
v 17.55000 2.32000 0.80000
v 17.93419 2.50299 0.80000
v 17.87220 2.52650 0.80000
v 17.81764 2.56416 0.80000
v 17.77368 2.61378 0.80000
v 17.74287 2.67248 0.80000
v 17.72701 2.73685 0.80000
v 17.93419 3.03701 0.80000
v 17.87220 3.01350 0.80000
v 17.81764 2.97584 0.80000
v 17.77368 2.92622 0.80000
v 17.74287 2.86752 0.80000
v 17.72701 2.80315 0.80000
v 17.15000 2.32000 0.03500
v 17.15000 2.32000 -0.00000
v 17.15000 3.22000 0.03500
v 17.15000 3.22000 -0.00000
v 17.93419 3.03701 0.00000
v 17.87220 3.01350 0.00000
v 17.81764 2.97584 0.00000
v 17.77368 2.92622 0.00000
v 17.74287 2.86752 0.00000
v 17.72701 2.80315 0.00000
v 17.81764 2.56416 0.00000
v 17.87220 2.52650 0.00000
v 17.93419 2.50299 0.00000
v 17.72701 2.73685 0.00000
v 17.74287 2.67248 0.00000
v 17.77368 2.61378 0.00000
v 18.00000 1.20500 0.03500
v 18.00000 1.05000 -0.00000
v 18.00000 1.22500 -0.00000
v 18.00000 1.05000 0.03500
v 18.00000 1.20500 0.76500
v 18.00000 1.05000 0.80000
v 18.00000 1.05000 0.76500
v 18.00000 1.22500 0.80000
v 17.92940 1.21357 0.03500
v 17.92940 1.21357 0.76500
v 17.86291 1.23879 0.03500
v 17.86291 1.23879 0.76500
v 17.80438 1.27919 0.03500
v 17.80438 1.27919 0.76500
v 17.75722 1.33242 0.03500
v 17.75722 1.33242 0.76500
v 17.72417 1.39539 0.03500
v 17.72417 1.39539 0.76500
v 17.70715 1.46444 0.03500
v 17.70715 1.46444 0.76500
v 17.70715 1.53556 0.76500
v 17.70715 1.53556 0.03500
v 17.72417 1.60461 0.03500
v 17.72417 1.60461 0.76500
v 17.75722 1.66758 0.03500
v 17.75722 1.66758 0.76500
v 17.80438 1.72081 0.76500
v 17.80438 1.72081 0.03500
v 17.86291 1.76121 0.03500
v 17.86291 1.76121 0.76500
v 17.92940 1.78643 0.03500
v 17.92940 1.78643 0.76500
v 18.00000 1.79500 0.76500
v 18.00000 1.79500 0.03500
v 17.55000 1.05000 0.76500
v 18.00000 1.95000 0.76500
v 17.55000 1.95000 0.76500
v 18.00000 1.95000 0.03500
v 18.00000 1.95000 -0.00000
v 18.00000 1.77500 0.00000
v 18.00000 1.95000 0.80000
v 18.00000 1.77500 0.80000
v 17.55000 1.95000 0.80000
v 17.55000 1.05000 0.80000
v 17.93419 1.23299 0.80000
v 17.87220 1.25650 0.80000
v 17.81764 1.29416 0.80000
v 17.77368 1.34378 0.80000
v 17.74287 1.40248 0.80000
v 17.72701 1.46685 0.80000
v 17.93419 1.76701 0.80000
v 17.87220 1.74350 0.80000
v 17.81764 1.70584 0.80000
v 17.77368 1.65622 0.80000
v 17.74287 1.59752 0.80000
v 17.72701 1.53315 0.80000
v 17.15000 1.05000 0.03500
v 17.15000 1.05000 -0.00000
v 17.15000 1.95000 0.03500
v 17.15000 1.95000 -0.00000
v 17.93419 1.76701 0.00000
v 17.87220 1.74350 0.00000
v 17.81764 1.70584 0.00000
v 17.77368 1.65622 0.00000
v 17.74287 1.59752 0.00000
v 17.72701 1.53315 0.00000
v 17.81764 1.29416 0.00000
v 17.87220 1.25650 0.00000
v 17.93419 1.23299 0.00000
v 17.72701 1.46685 0.00000
v 17.74287 1.40248 0.00000
v 17.77368 1.34378 0.00000
v -0.00000 17.03500 0.03500
v -0.00000 17.19000 0.00000
v -0.00000 17.01500 0.00000
v -0.00000 17.19000 0.03500
v -0.00000 17.03500 0.76500
v -0.00000 17.19000 0.80000
v -0.00000 17.19000 0.76500
v -0.00000 17.01500 0.80000
v 0.07060 17.02643 0.03500
v 0.07060 17.02643 0.76500
v 0.13709 17.00121 0.03500
v 0.13709 17.00121 0.76500
v 0.19562 16.96081 0.03500
v 0.19562 16.96081 0.76500
v 0.24278 16.90758 0.03500
v 0.24278 16.90758 0.76500
v 0.27583 16.84461 0.03500
v 0.27583 16.84461 0.76500
v 0.29285 16.77556 0.03500
v 0.29285 16.77556 0.76500
v 0.29285 16.70444 0.76500
v 0.29285 16.70444 0.03500
v 0.27583 16.63539 0.03500
v 0.27583 16.63539 0.76500
v 0.24278 16.57242 0.03500
v 0.24278 16.57242 0.76500
v 0.19562 16.51919 0.76500
v 0.19562 16.51919 0.03500
v 0.13709 16.47879 0.03500
v 0.13709 16.47879 0.76500
v 0.07060 16.45357 0.03500
v 0.07060 16.45357 0.76500
v -0.00000 16.44500 0.76500
v -0.00000 16.44500 0.03500
v 0.45000 17.19000 0.76500
v -0.00000 16.29000 0.76500
v 0.45000 16.29000 0.76500
v -0.00000 16.29000 0.03500
v -0.00000 16.29000 0.00000
v -0.00000 16.46500 0.00000
v -0.00000 16.29000 0.80000
v -0.00000 16.46500 0.80000
v 0.45000 16.29000 0.80000
v 0.45000 17.19000 0.80000
v 0.06581 17.00701 0.80000
v 0.12780 16.98350 0.80000
v 0.18236 16.94584 0.80000
v 0.22632 16.89622 0.80000
v 0.25713 16.83752 0.80000
v 0.27299 16.77315 0.80000
v 0.06581 16.47299 0.80000
v 0.12780 16.49650 0.80000
v 0.18236 16.53416 0.80000
v 0.22632 16.58378 0.80000
v 0.25713 16.64248 0.80000
v 0.27299 16.70685 0.80000
v 0.85000 17.19000 0.03500
v 0.85000 17.19000 0.00000
v 0.85000 16.29000 0.03500
v 0.85000 16.29000 0.00000
v 0.06581 16.47299 0.00000
v 0.12780 16.49650 0.00000
v 0.18236 16.53416 0.00000
v 0.22632 16.58378 0.00000
v 0.25713 16.64248 0.00000
v 0.27299 16.70685 0.00000
v 0.18236 16.94584 0.00000
v 0.12780 16.98350 0.00000
v 0.06581 17.00701 0.00000
v 0.27299 16.77315 0.00000
v 0.25713 16.83752 0.00000
v 0.22632 16.89622 0.00000
v -0.00000 15.76500 0.03500
v -0.00000 15.92000 0.00000
v -0.00000 15.74500 0.00000
v -0.00000 15.92000 0.03500
v -0.00000 15.76500 0.76500
v -0.00000 15.92000 0.80000
v -0.00000 15.92000 0.76500
v -0.00000 15.74500 0.80000
v 0.07060 15.75643 0.03500
v 0.07060 15.75643 0.76500
v 0.13709 15.73121 0.03500
v 0.13709 15.73121 0.76500
v 0.19562 15.69081 0.03500
v 0.19562 15.69081 0.76500
v 0.24278 15.63758 0.03500
v 0.24278 15.63758 0.76500
v 0.27583 15.57461 0.03500
v 0.27583 15.57461 0.76500
v 0.29285 15.50556 0.03500
v 0.29285 15.50556 0.76500
v 0.29285 15.43444 0.76500
v 0.29285 15.43444 0.03500
v 0.27583 15.36539 0.03500
v 0.27583 15.36539 0.76500
v 0.24278 15.30242 0.03500
v 0.24278 15.30242 0.76500
v 0.19562 15.24919 0.76500
v 0.19562 15.24919 0.03500
v 0.13709 15.20879 0.03500
v 0.13709 15.20879 0.76500
v 0.07060 15.18357 0.03500
v 0.07060 15.18357 0.76500
v -0.00000 15.17500 0.76500
v -0.00000 15.17500 0.03500
v 0.45000 15.92000 0.76500
v -0.00000 15.02000 0.76500
v 0.45000 15.02000 0.76500
v -0.00000 15.02000 0.03500
v -0.00000 15.02000 0.00000
v -0.00000 15.19500 0.00000
v -0.00000 15.02000 0.80000
v -0.00000 15.19500 0.80000
v 0.45000 15.02000 0.80000
v 0.45000 15.92000 0.80000
v 0.06581 15.73701 0.80000
v 0.12780 15.71350 0.80000
v 0.18236 15.67584 0.80000
v 0.22632 15.62622 0.80000
v 0.25713 15.56752 0.80000
v 0.27299 15.50315 0.80000
v 0.06581 15.20299 0.80000
v 0.12780 15.22650 0.80000
v 0.18236 15.26416 0.80000
v 0.22632 15.31378 0.80000
v 0.25713 15.37248 0.80000
v 0.27299 15.43685 0.80000
v 0.85000 15.92000 0.03500
v 0.85000 15.92000 0.00000
v 0.85000 15.02000 0.03500
v 0.85000 15.02000 0.00000
v 0.06581 15.20299 0.00000
v 0.12780 15.22650 0.00000
v 0.18236 15.26416 0.00000
v 0.22632 15.31378 0.00000
v 0.25713 15.37248 0.00000
v 0.27299 15.43685 0.00000
v 0.18236 15.67584 0.00000
v 0.12780 15.71350 0.00000
v 0.06581 15.73701 0.00000
v 0.27299 15.50315 0.00000
v 0.25713 15.56752 0.00000
v 0.22632 15.62622 0.00000
v -0.00000 14.49500 0.03500
v -0.00000 14.65000 0.00000
v -0.00000 14.47500 0.00000
v -0.00000 14.65000 0.03500
v -0.00000 14.49500 0.76500
v -0.00000 14.65000 0.80000
v -0.00000 14.65000 0.76500
v -0.00000 14.47500 0.80000
v 0.07060 14.48643 0.03500
v 0.07060 14.48643 0.76500
v 0.13709 14.46121 0.03500
v 0.13709 14.46121 0.76500
v 0.19562 14.42081 0.03500
v 0.19562 14.42081 0.76500
v 0.24278 14.36758 0.03500
v 0.24278 14.36758 0.76500
v 0.27583 14.30461 0.03500
v 0.27583 14.30461 0.76500
v 0.29285 14.23556 0.03500
v 0.29285 14.23556 0.76500
v 0.29285 14.16444 0.76500
v 0.29285 14.16444 0.03500
v 0.27583 14.09539 0.03500
v 0.27583 14.09539 0.76500
v 0.24278 14.03242 0.03500
v 0.24278 14.03242 0.76500
v 0.19562 13.97919 0.76500
v 0.19562 13.97919 0.03500
v 0.13709 13.93879 0.03500
v 0.13709 13.93879 0.76500
v 0.07060 13.91357 0.03500
v 0.07060 13.91357 0.76500
v -0.00000 13.90500 0.76500
v -0.00000 13.90500 0.03500
v 0.45000 14.65000 0.76500
v -0.00000 13.75000 0.76500
v 0.45000 13.75000 0.76500
v -0.00000 13.75000 0.03500
v -0.00000 13.75000 0.00000
v -0.00000 13.92500 0.00000
v -0.00000 13.75000 0.80000
v -0.00000 13.92500 0.80000
v 0.45000 13.75000 0.80000
v 0.45000 14.65000 0.80000
v 0.06581 14.46701 0.80000
v 0.12780 14.44350 0.80000
v 0.18236 14.40584 0.80000
v 0.22632 14.35622 0.80000
v 0.25713 14.29752 0.80000
v 0.27299 14.23315 0.80000
v 0.06581 13.93299 0.80000
v 0.12780 13.95650 0.80000
v 0.18236 13.99416 0.80000
v 0.22632 14.04378 0.80000
v 0.25713 14.10248 0.80000
v 0.27299 14.16685 0.80000
v 0.85000 14.65000 0.03500
v 0.85000 14.65000 0.00000
v 0.85000 13.75000 0.03500
v 0.85000 13.75000 0.00000
v 0.06581 13.93299 0.00000
v 0.12780 13.95650 0.00000
v 0.18236 13.99416 0.00000
v 0.22632 14.04378 0.00000
v 0.25713 14.10248 0.00000
v 0.27299 14.16685 0.00000
v 0.18236 14.40584 0.00000
v 0.12780 14.44350 0.00000
v 0.06581 14.46701 0.00000
v 0.27299 14.23315 0.00000
v 0.25713 14.29752 0.00000
v 0.22632 14.35622 0.00000
v -0.00000 13.22500 0.03500
v -0.00000 13.38000 0.00000
v -0.00000 13.20500 0.00000
v -0.00000 13.38000 0.03500
v -0.00000 13.22500 0.76500
v -0.00000 13.38000 0.80000
v -0.00000 13.38000 0.76500
v -0.00000 13.20500 0.80000
v 0.07060 13.21643 0.03500
v 0.07060 13.21643 0.76500
v 0.13709 13.19121 0.03500
v 0.13709 13.19121 0.76500
v 0.19562 13.15081 0.03500
v 0.19562 13.15081 0.76500
v 0.24278 13.09758 0.03500
v 0.24278 13.09758 0.76500
v 0.27583 13.03461 0.03500
v 0.27583 13.03461 0.76500
v 0.29285 12.96556 0.03500
v 0.29285 12.96556 0.76500
v 0.29285 12.89444 0.76500
v 0.29285 12.89444 0.03500
v 0.27583 12.82539 0.03500
v 0.27583 12.82539 0.76500
v 0.24278 12.76242 0.03500
v 0.24278 12.76242 0.76500
v 0.19562 12.70919 0.76500
v 0.19562 12.70919 0.03500
v 0.13709 12.66879 0.03500
v 0.13709 12.66879 0.76500
v 0.07060 12.64357 0.03500
v 0.07060 12.64357 0.76500
v -0.00000 12.63500 0.76500
v -0.00000 12.63500 0.03500
v 0.45000 13.38000 0.76500
v -0.00000 12.48000 0.76500
v 0.45000 12.48000 0.76500
v -0.00000 12.48000 0.03500
v -0.00000 12.48000 0.00000
v -0.00000 12.65500 0.00000
v -0.00000 12.48000 0.80000
v -0.00000 12.65500 0.80000
v 0.45000 12.48000 0.80000
v 0.45000 13.38000 0.80000
v 0.06581 13.19701 0.80000
v 0.12780 13.17350 0.80000
v 0.18236 13.13584 0.80000
v 0.22632 13.08622 0.80000
v 0.25713 13.02752 0.80000
v 0.27299 12.96315 0.80000
v 0.06581 12.66299 0.80000
v 0.12780 12.68650 0.80000
v 0.18236 12.72416 0.80000
v 0.22632 12.77378 0.80000
v 0.25713 12.83248 0.80000
v 0.27299 12.89685 0.80000
v 0.85000 13.38000 0.03500
v 0.85000 13.38000 0.00000
v 0.85000 12.48000 0.03500
v 0.85000 12.48000 0.00000
v 0.06581 12.66299 0.00000
v 0.12780 12.68650 0.00000
v 0.18236 12.72416 0.00000
v 0.22632 12.77378 0.00000
v 0.25713 12.83248 0.00000
v 0.27299 12.89685 0.00000
v 0.18236 13.13584 0.00000
v 0.12780 13.17350 0.00000
v 0.06581 13.19701 0.00000
v 0.27299 12.96315 0.00000
v 0.25713 13.02752 0.00000
v 0.22632 13.08622 0.00000
v -0.00000 11.95500 0.03500
v -0.00000 12.11000 0.00000
v -0.00000 11.93500 0.00000
v -0.00000 12.11000 0.03500
v -0.00000 11.95500 0.76500
v -0.00000 12.11000 0.80000
v -0.00000 12.11000 0.76500
v -0.00000 11.93500 0.80000
v 0.07060 11.94643 0.03500
v 0.07060 11.94643 0.76500
v 0.13709 11.92121 0.03500
v 0.13709 11.92121 0.76500
v 0.19562 11.88081 0.03500
v 0.19562 11.88081 0.76500
v 0.24278 11.82758 0.03500
v 0.24278 11.82758 0.76500
v 0.27583 11.76461 0.03500
v 0.27583 11.76461 0.76500
v 0.29285 11.69556 0.03500
v 0.29285 11.69556 0.76500
v 0.29285 11.62444 0.76500
v 0.29285 11.62444 0.03500
v 0.27583 11.55539 0.03500
v 0.27583 11.55539 0.76500
v 0.24278 11.49242 0.03500
v 0.24278 11.49242 0.76500
v 0.19562 11.43919 0.76500
v 0.19562 11.43919 0.03500
v 0.13709 11.39879 0.03500
v 0.13709 11.39879 0.76500
v 0.07060 11.37357 0.03500
v 0.07060 11.37357 0.76500
v -0.00000 11.36500 0.76500
v -0.00000 11.36500 0.03500
v 0.45000 12.11000 0.76500
v -0.00000 11.21000 0.76500
v 0.45000 11.21000 0.76500
v -0.00000 11.21000 0.03500
v -0.00000 11.21000 0.00000
v -0.00000 11.38500 0.00000
v -0.00000 11.21000 0.80000
v -0.00000 11.38500 0.80000
v 0.45000 11.21000 0.80000
v 0.45000 12.11000 0.80000
v 0.06581 11.92701 0.80000
v 0.12780 11.90350 0.80000
v 0.18236 11.86584 0.80000
v 0.22632 11.81622 0.80000
v 0.25713 11.75752 0.80000
v 0.27299 11.69315 0.80000
v 0.06581 11.39299 0.80000
v 0.12780 11.41650 0.80000
v 0.18236 11.45416 0.80000
v 0.22632 11.50378 0.80000
v 0.25713 11.56248 0.80000
v 0.27299 11.62685 0.80000
v 0.85000 12.11000 0.03500
v 0.85000 12.11000 0.00000
v 0.85000 11.21000 0.03500
v 0.85000 11.21000 0.00000
v 0.06581 11.39299 0.00000
v 0.12780 11.41650 0.00000
v 0.18236 11.45416 0.00000
v 0.22632 11.50378 0.00000
v 0.25713 11.56248 0.00000
v 0.27299 11.62685 0.00000
v 0.18236 11.86584 0.00000
v 0.12780 11.90350 0.00000
v 0.06581 11.92701 0.00000
v 0.27299 11.69315 0.00000
v 0.25713 11.75752 0.00000
v 0.22632 11.81622 0.00000
v -0.00000 10.68500 0.03500
v -0.00000 10.84000 0.00000
v -0.00000 10.66500 0.00000
v -0.00000 10.84000 0.03500
v -0.00000 10.68500 0.76500
v -0.00000 10.84000 0.80000
v -0.00000 10.84000 0.76500
v -0.00000 10.66500 0.80000
v 0.07060 10.67643 0.03500
v 0.07060 10.67643 0.76500
v 0.13709 10.65121 0.03500
v 0.13709 10.65121 0.76500
v 0.19562 10.61081 0.03500
v 0.19562 10.61081 0.76500
v 0.24278 10.55758 0.03500
v 0.24278 10.55758 0.76500
v 0.27583 10.49461 0.03500
v 0.27583 10.49461 0.76500
v 0.29285 10.42556 0.03500
v 0.29285 10.42556 0.76500
v 0.29285 10.35444 0.76500
v 0.29285 10.35444 0.03500
v 0.27583 10.28539 0.03500
v 0.27583 10.28539 0.76500
v 0.24278 10.22242 0.03500
v 0.24278 10.22242 0.76500
v 0.19562 10.16919 0.76500
v 0.19562 10.16919 0.03500
v 0.13709 10.12879 0.03500
v 0.13709 10.12879 0.76500
v 0.07060 10.10357 0.03500
v 0.07060 10.10357 0.76500
v -0.00000 10.09500 0.76500
v -0.00000 10.09500 0.03500
v 0.45000 10.84000 0.76500
v -0.00000 9.94000 0.76500
v 0.45000 9.94000 0.76500
v -0.00000 9.94000 0.03500
v -0.00000 9.94000 0.00000
v -0.00000 10.11500 0.00000
v -0.00000 9.94000 0.80000
v -0.00000 10.11500 0.80000
v 0.45000 9.94000 0.80000
v 0.45000 10.84000 0.80000
v 0.06581 10.65701 0.80000
v 0.12780 10.63350 0.80000
v 0.18236 10.59584 0.80000
v 0.22632 10.54622 0.80000
v 0.25713 10.48752 0.80000
v 0.27299 10.42315 0.80000
v 0.06581 10.12299 0.80000
v 0.12780 10.14650 0.80000
v 0.18236 10.18416 0.80000
v 0.22632 10.23378 0.80000
v 0.25713 10.29248 0.80000
v 0.27299 10.35685 0.80000
v 0.85000 10.84000 0.03500
v 0.85000 10.84000 0.00000
v 0.85000 9.94000 0.03500
v 0.85000 9.94000 0.00000
v 0.06581 10.12299 0.00000
v 0.12780 10.14650 0.00000
v 0.18236 10.18416 0.00000
v 0.22632 10.23378 0.00000
v 0.25713 10.29248 0.00000
v 0.27299 10.35685 0.00000
v 0.18236 10.59584 0.00000
v 0.12780 10.63350 0.00000
v 0.06581 10.65701 0.00000
v 0.27299 10.42315 0.00000
v 0.25713 10.48752 0.00000
v 0.22632 10.54622 0.00000
v -0.00000 9.41500 0.03500
v -0.00000 9.57000 0.00000
v -0.00000 9.39500 0.00000
v -0.00000 9.57000 0.03500
v -0.00000 9.41500 0.76500
v -0.00000 9.57000 0.80000
v -0.00000 9.57000 0.76500
v -0.00000 9.39500 0.80000
v 0.07060 9.40643 0.03500
v 0.07060 9.40643 0.76500
v 0.13709 9.38121 0.03500
v 0.13709 9.38121 0.76500
v 0.19562 9.34081 0.03500
v 0.19562 9.34081 0.76500
v 0.24278 9.28758 0.03500
v 0.24278 9.28758 0.76500
v 0.27583 9.22461 0.03500
v 0.27583 9.22461 0.76500
v 0.29285 9.15556 0.03500
v 0.29285 9.15556 0.76500
v 0.29285 9.08444 0.76500
v 0.29285 9.08444 0.03500
v 0.27583 9.01539 0.03500
v 0.27583 9.01539 0.76500
v 0.24278 8.95242 0.03500
v 0.24278 8.95242 0.76500
v 0.19562 8.89919 0.76500
v 0.19562 8.89919 0.03500
v 0.13709 8.85879 0.03500
v 0.13709 8.85879 0.76500
v 0.07060 8.83357 0.03500
v 0.07060 8.83357 0.76500
v -0.00000 8.82500 0.76500
v -0.00000 8.82500 0.03500
v 0.45000 9.57000 0.76500
v -0.00000 8.67000 0.76500
v 0.45000 8.67000 0.76500
v -0.00000 8.67000 0.03500
v -0.00000 8.67000 0.00000
v -0.00000 8.84500 0.00000
v -0.00000 8.67000 0.80000
v -0.00000 8.84500 0.80000
v 0.45000 8.67000 0.80000
v 0.45000 9.57000 0.80000
v 0.06581 9.38701 0.80000
v 0.12780 9.36350 0.80000
v 0.18236 9.32584 0.80000
v 0.22632 9.27622 0.80000
v 0.25713 9.21752 0.80000
v 0.27299 9.15315 0.80000
v 0.06581 8.85299 0.80000
v 0.12780 8.87650 0.80000
v 0.18236 8.91416 0.80000
v 0.22632 8.96378 0.80000
v 0.25713 9.02248 0.80000
v 0.27299 9.08685 0.80000
v 0.85000 9.57000 0.03500
v 0.85000 9.57000 0.00000
v 0.85000 8.67000 0.03500
v 0.85000 8.67000 0.00000
v 0.06581 8.85299 0.00000
v 0.12780 8.87650 0.00000
v 0.18236 8.91416 0.00000
v 0.22632 8.96378 0.00000
v 0.25713 9.02248 0.00000
v 0.27299 9.08685 0.00000
v 0.18236 9.32584 0.00000
v 0.12780 9.36350 0.00000
v 0.06581 9.38701 0.00000
v 0.27299 9.15315 0.00000
v 0.25713 9.21752 0.00000
v 0.22632 9.27622 0.00000
v -0.00000 8.14500 0.03500
v -0.00000 8.30000 0.00000
v -0.00000 8.12500 0.00000
v -0.00000 8.30000 0.03500
v -0.00000 8.14500 0.76500
v -0.00000 8.30000 0.80000
v -0.00000 8.30000 0.76500
v -0.00000 8.12500 0.80000
v 0.07060 8.13643 0.03500
v 0.07060 8.13643 0.76500
v 0.13709 8.11121 0.03500
v 0.13709 8.11121 0.76500
v 0.19562 8.07081 0.03500
v 0.19562 8.07081 0.76500
v 0.24278 8.01758 0.03500
v 0.24278 8.01758 0.76500
v 0.27583 7.95461 0.03500
v 0.27583 7.95461 0.76500
v 0.29285 7.88556 0.03500
v 0.29285 7.88556 0.76500
v 0.29285 7.81444 0.76500
v 0.29285 7.81444 0.03500
v 0.27583 7.74539 0.03500
v 0.27583 7.74539 0.76500
v 0.24278 7.68242 0.03500
v 0.24278 7.68242 0.76500
v 0.19562 7.62919 0.76500
v 0.19562 7.62919 0.03500
v 0.13709 7.58879 0.03500
v 0.13709 7.58879 0.76500
v 0.07060 7.56357 0.03500
v 0.07060 7.56357 0.76500
v -0.00000 7.55500 0.76500
v -0.00000 7.55500 0.03500
v 0.45000 8.30000 0.76500
v -0.00000 7.40000 0.76500
v 0.45000 7.40000 0.76500
v -0.00000 7.40000 0.03500
v -0.00000 7.40000 0.00000
v -0.00000 7.57500 0.00000
v -0.00000 7.40000 0.80000
v -0.00000 7.57500 0.80000
v 0.45000 7.40000 0.80000
v 0.45000 8.30000 0.80000
v 0.06581 8.11701 0.80000
v 0.12780 8.09350 0.80000
v 0.18236 8.05584 0.80000
v 0.22632 8.00622 0.80000
v 0.25713 7.94752 0.80000
v 0.27299 7.88315 0.80000
v 0.06581 7.58299 0.80000
v 0.12780 7.60650 0.80000
v 0.18236 7.64416 0.80000
v 0.22632 7.69378 0.80000
v 0.25713 7.75248 0.80000
v 0.27299 7.81685 0.80000
v 0.85000 8.30000 0.03500
v 0.85000 8.30000 0.00000
v 0.85000 7.40000 0.03500
v 0.85000 7.40000 0.00000
v 0.06581 7.58299 0.00000
v 0.12780 7.60650 0.00000
v 0.18236 7.64416 0.00000
v 0.22632 7.69378 0.00000
v 0.25713 7.75248 0.00000
v 0.27299 7.81685 0.00000
v 0.18236 8.05584 0.00000
v 0.12780 8.09350 0.00000
v 0.06581 8.11701 0.00000
v 0.27299 7.88315 0.00000
v 0.25713 7.94752 0.00000
v 0.22632 8.00622 0.00000
v -0.00000 6.87500 0.03500
v -0.00000 7.03000 0.00000
v -0.00000 6.85500 0.00000
v -0.00000 7.03000 0.03500
v -0.00000 6.87500 0.76500
v -0.00000 7.03000 0.80000
v -0.00000 7.03000 0.76500
v -0.00000 6.85500 0.80000
v 0.07060 6.86643 0.03500
v 0.07060 6.86643 0.76500
v 0.13709 6.84121 0.03500
v 0.13709 6.84121 0.76500
v 0.19562 6.80081 0.03500
v 0.19562 6.80081 0.76500
v 0.24278 6.74758 0.03500
v 0.24278 6.74758 0.76500
v 0.27583 6.68461 0.03500
v 0.27583 6.68461 0.76500
v 0.29285 6.61556 0.03500
v 0.29285 6.61556 0.76500
v 0.29285 6.54444 0.76500
v 0.29285 6.54444 0.03500
v 0.27583 6.47539 0.03500
v 0.27583 6.47539 0.76500
v 0.24278 6.41242 0.03500
v 0.24278 6.41242 0.76500
v 0.19562 6.35919 0.76500
v 0.19562 6.35919 0.03500
v 0.13709 6.31879 0.03500
v 0.13709 6.31879 0.76500
v 0.07060 6.29357 0.03500
v 0.07060 6.29357 0.76500
v -0.00000 6.28500 0.76500
v -0.00000 6.28500 0.03500
v 0.45000 7.03000 0.76500
v -0.00000 6.13000 0.76500
v 0.45000 6.13000 0.76500
v -0.00000 6.13000 0.03500
v -0.00000 6.13000 0.00000
v -0.00000 6.30500 0.00000
v -0.00000 6.13000 0.80000
v -0.00000 6.30500 0.80000
v 0.45000 6.13000 0.80000
v 0.45000 7.03000 0.80000
v 0.06581 6.84701 0.80000
v 0.12780 6.82350 0.80000
v 0.18236 6.78584 0.80000
v 0.22632 6.73622 0.80000
v 0.25713 6.67752 0.80000
v 0.27299 6.61315 0.80000
v 0.06581 6.31299 0.80000
v 0.12780 6.33650 0.80000
v 0.18236 6.37416 0.80000
v 0.22632 6.42378 0.80000
v 0.25713 6.48248 0.80000
v 0.27299 6.54685 0.80000
v 0.85000 7.03000 0.03500
v 0.85000 7.03000 0.00000
v 0.85000 6.13000 0.03500
v 0.85000 6.13000 0.00000
v 0.06581 6.31299 0.00000
v 0.12780 6.33650 0.00000
v 0.18236 6.37416 0.00000
v 0.22632 6.42378 0.00000
v 0.25713 6.48248 0.00000
v 0.27299 6.54685 0.00000
v 0.18236 6.78584 0.00000
v 0.12780 6.82350 0.00000
v 0.06581 6.84701 0.00000
v 0.27299 6.61315 0.00000
v 0.25713 6.67752 0.00000
v 0.22632 6.73622 0.00000
v -0.00000 5.60500 0.03500
v -0.00000 5.76000 0.00000
v -0.00000 5.58500 0.00000
v -0.00000 5.76000 0.03500
v -0.00000 5.60500 0.76500
v -0.00000 5.76000 0.80000
v -0.00000 5.76000 0.76500
v -0.00000 5.58500 0.80000
v 0.07060 5.59643 0.03500
v 0.07060 5.59643 0.76500
v 0.13709 5.57121 0.03500
v 0.13709 5.57121 0.76500
v 0.19562 5.53081 0.03500
v 0.19562 5.53081 0.76500
v 0.24278 5.47758 0.03500
v 0.24278 5.47758 0.76500
v 0.27583 5.41461 0.03500
v 0.27583 5.41461 0.76500
v 0.29285 5.34556 0.03500
v 0.29285 5.34556 0.76500
v 0.29285 5.27444 0.76500
v 0.29285 5.27444 0.03500
v 0.27583 5.20539 0.03500
v 0.27583 5.20539 0.76500
v 0.24278 5.14242 0.03500
v 0.24278 5.14242 0.76500
v 0.19562 5.08919 0.76500
v 0.19562 5.08919 0.03500
v 0.13709 5.04879 0.03500
v 0.13709 5.04879 0.76500
v 0.07060 5.02357 0.03500
v 0.07060 5.02357 0.76500
v -0.00000 5.01500 0.76500
v -0.00000 5.01500 0.03500
v 0.45000 5.76000 0.76500
v -0.00000 4.86000 0.76500
v 0.45000 4.86000 0.76500
v -0.00000 4.86000 0.03500
v -0.00000 4.86000 0.00000
v -0.00000 5.03500 0.00000
v -0.00000 4.86000 0.80000
v -0.00000 5.03500 0.80000
v 0.45000 4.86000 0.80000
v 0.45000 5.76000 0.80000
v 0.06581 5.57701 0.80000
v 0.12780 5.55350 0.80000
v 0.18236 5.51584 0.80000
v 0.22632 5.46622 0.80000
v 0.25713 5.40752 0.80000
v 0.27299 5.34315 0.80000
v 0.06581 5.04299 0.80000
v 0.12780 5.06650 0.80000
v 0.18236 5.10416 0.80000
v 0.22632 5.15378 0.80000
v 0.25713 5.21248 0.80000
v 0.27299 5.27685 0.80000
v 0.85000 5.76000 0.03500
v 0.85000 5.76000 0.00000
v 0.85000 4.86000 0.03500
v 0.85000 4.86000 0.00000
v 0.06581 5.04299 0.00000
v 0.12780 5.06650 0.00000
v 0.18236 5.10416 0.00000
v 0.22632 5.15378 0.00000
v 0.25713 5.21248 0.00000
v 0.27299 5.27685 0.00000
v 0.18236 5.51584 0.00000
v 0.12780 5.55350 0.00000
v 0.06581 5.57701 0.00000
v 0.27299 5.34315 0.00000
v 0.25713 5.40752 0.00000
v 0.22632 5.46622 0.00000
v -0.00000 4.33500 0.03500
v -0.00000 4.49000 0.00000
v -0.00000 4.31500 0.00000
v -0.00000 4.49000 0.03500
v -0.00000 4.33500 0.76500
v -0.00000 4.49000 0.80000
v -0.00000 4.49000 0.76500
v -0.00000 4.31500 0.80000
v 0.07060 4.32643 0.03500
v 0.07060 4.32643 0.76500
v 0.13709 4.30121 0.03500
v 0.13709 4.30121 0.76500
v 0.19562 4.26081 0.03500
v 0.19562 4.26081 0.76500
v 0.24278 4.20758 0.03500
v 0.24278 4.20758 0.76500
v 0.27583 4.14461 0.03500
v 0.27583 4.14461 0.76500
v 0.29285 4.07556 0.03500
v 0.29285 4.07556 0.76500
v 0.29285 4.00444 0.76500
v 0.29285 4.00444 0.03500
v 0.27583 3.93539 0.03500
v 0.27583 3.93539 0.76500
v 0.24278 3.87242 0.03500
v 0.24278 3.87242 0.76500
v 0.19562 3.81919 0.76500
v 0.19562 3.81919 0.03500
v 0.13709 3.77879 0.03500
v 0.13709 3.77879 0.76500
v 0.07060 3.75357 0.03500
v 0.07060 3.75357 0.76500
v -0.00000 3.74500 0.76500
v -0.00000 3.74500 0.03500
v 0.45000 4.49000 0.76500
v -0.00000 3.59000 0.76500
v 0.45000 3.59000 0.76500
v -0.00000 3.59000 0.03500
v -0.00000 3.59000 0.00000
v -0.00000 3.76500 0.00000
v -0.00000 3.59000 0.80000
v -0.00000 3.76500 0.80000
v 0.45000 3.59000 0.80000
v 0.45000 4.49000 0.80000
v 0.06581 4.30701 0.80000
v 0.12780 4.28350 0.80000
v 0.18236 4.24584 0.80000
v 0.22632 4.19622 0.80000
v 0.25713 4.13752 0.80000
v 0.27299 4.07315 0.80000
v 0.06581 3.77299 0.80000
v 0.12780 3.79650 0.80000
v 0.18236 3.83416 0.80000
v 0.22632 3.88378 0.80000
v 0.25713 3.94248 0.80000
v 0.27299 4.00685 0.80000
v 0.85000 4.49000 0.03500
v 0.85000 4.49000 0.00000
v 0.85000 3.59000 0.03500
v 0.85000 3.59000 0.00000
v 0.06581 3.77299 0.00000
v 0.12780 3.79650 0.00000
v 0.18236 3.83416 0.00000
v 0.22632 3.88378 0.00000
v 0.25713 3.94248 0.00000
v 0.27299 4.00685 0.00000
v 0.18236 4.24584 0.00000
v 0.12780 4.28350 0.00000
v 0.06581 4.30701 0.00000
v 0.27299 4.07315 0.00000
v 0.25713 4.13752 0.00000
v 0.22632 4.19622 0.00000
v -0.00000 3.06500 0.03500
v -0.00000 3.22000 0.00000
v -0.00000 3.04500 0.00000
v -0.00000 3.22000 0.03500
v -0.00000 3.06500 0.76500
v -0.00000 3.22000 0.80000
v -0.00000 3.22000 0.76500
v -0.00000 3.04500 0.80000
v 0.07060 3.05643 0.03500
v 0.07060 3.05643 0.76500
v 0.13709 3.03121 0.03500
v 0.13709 3.03121 0.76500
v 0.19562 2.99081 0.03500
v 0.19562 2.99081 0.76500
v 0.24278 2.93758 0.03500
v 0.24278 2.93758 0.76500
v 0.27583 2.87461 0.03500
v 0.27583 2.87461 0.76500
v 0.29285 2.80556 0.03500
v 0.29285 2.80556 0.76500
v 0.29285 2.73444 0.76500
v 0.29285 2.73444 0.03500
v 0.27583 2.66539 0.03500
v 0.27583 2.66539 0.76500
v 0.24278 2.60242 0.03500
v 0.24278 2.60242 0.76500
v 0.19562 2.54919 0.76500
v 0.19562 2.54919 0.03500
v 0.13709 2.50879 0.03500
v 0.13709 2.50879 0.76500
v 0.07060 2.48357 0.03500
v 0.07060 2.48357 0.76500
v -0.00000 2.47500 0.76500
v -0.00000 2.47500 0.03500
v 0.45000 3.22000 0.76500
v -0.00000 2.32000 0.76500
v 0.45000 2.32000 0.76500
v -0.00000 2.32000 0.03500
v -0.00000 2.32000 0.00000
v -0.00000 2.49500 0.00000
v -0.00000 2.32000 0.80000
v -0.00000 2.49500 0.80000
v 0.45000 2.32000 0.80000
v 0.45000 3.22000 0.80000
v 0.06581 3.03701 0.80000
v 0.12780 3.01350 0.80000
v 0.18236 2.97584 0.80000
v 0.22632 2.92622 0.80000
v 0.25713 2.86752 0.80000
v 0.27299 2.80315 0.80000
v 0.06581 2.50299 0.80000
v 0.12780 2.52650 0.80000
v 0.18236 2.56416 0.80000
v 0.22632 2.61378 0.80000
v 0.25713 2.67248 0.80000
v 0.27299 2.73685 0.80000
v 0.85000 3.22000 0.03500
v 0.85000 3.22000 0.00000
v 0.85000 2.32000 0.03500
v 0.85000 2.32000 0.00000
v 0.06581 2.50299 0.00000
v 0.12780 2.52650 0.00000
v 0.18236 2.56416 0.00000
v 0.22632 2.61378 0.00000
v 0.25713 2.67248 0.00000
v 0.27299 2.73685 0.00000
v 0.27299 2.80315 0.00000
v 0.18236 2.97584 0.00000
v 0.12780 3.01350 0.00000
v 0.06581 3.03701 0.00000
v 0.25713 2.86752 0.00000
v 0.22632 2.92622 0.00000
v -0.00000 1.79500 0.03500
v -0.00000 1.95000 0.00000
v -0.00000 1.77500 0.00000
v -0.00000 1.95000 0.03500
v -0.00000 1.79500 0.76500
v -0.00000 1.95000 0.80000
v -0.00000 1.95000 0.76500
v -0.00000 1.77500 0.80000
v 0.07060 1.78643 0.03500
v 0.07060 1.78643 0.76500
v 0.13709 1.76121 0.03500
v 0.13709 1.76121 0.76500
v 0.19562 1.72081 0.03500
v 0.19562 1.72081 0.76500
v 0.24278 1.66758 0.03500
v 0.24278 1.66758 0.76500
v 0.27583 1.60461 0.03500
v 0.27583 1.60461 0.76500
v 0.29285 1.53556 0.03500
v 0.29285 1.53556 0.76500
v 0.29285 1.46444 0.76500
v 0.29285 1.46444 0.03500
v 0.27583 1.39539 0.03500
v 0.27583 1.39539 0.76500
v 0.24278 1.33242 0.03500
v 0.24278 1.33242 0.76500
v 0.19562 1.27919 0.76500
v 0.19562 1.27919 0.03500
v 0.13709 1.23879 0.03500
v 0.13709 1.23879 0.76500
v 0.07060 1.21357 0.03500
v 0.07060 1.21357 0.76500
v -0.00000 1.20500 0.76500
v -0.00000 1.20500 0.03500
v 0.45000 1.95000 0.76500
v -0.00000 1.05000 0.76500
v 0.45000 1.05000 0.76500
v -0.00000 1.05000 0.03500
v -0.00000 1.05000 0.00000
v -0.00000 1.22500 0.00000
v -0.00000 1.05000 0.80000
v -0.00000 1.22500 0.80000
v 0.45000 1.05000 0.80000
v 0.45000 1.95000 0.80000
v 0.06581 1.76701 0.80000
v 0.12780 1.74350 0.80000
v 0.18236 1.70584 0.80000
v 0.22632 1.65622 0.80000
v 0.25713 1.59752 0.80000
v 0.27299 1.53315 0.80000
v 0.06581 1.23299 0.80000
v 0.12780 1.25650 0.80000
v 0.18236 1.29416 0.80000
v 0.22632 1.34378 0.80000
v 0.25713 1.40248 0.80000
v 0.27299 1.46685 0.80000
v 0.85000 1.95000 0.03500
v 0.85000 1.95000 0.00000
v 0.85000 1.05000 0.03500
v 0.85000 1.05000 0.00000
v 0.06581 1.23299 0.00000
v 0.12780 1.25650 0.00000
v 0.18236 1.29416 0.00000
v 0.22632 1.34378 0.00000
v 0.25713 1.40248 0.00000
v 0.27299 1.46685 0.00000
v 0.18236 1.70584 0.00000
v 0.12780 1.74350 0.00000
v 0.06581 1.76701 0.00000
v 0.27299 1.53315 0.00000
v 0.25713 1.59752 0.00000
v 0.22632 1.65622 0.00000
v 2.99000 0.00000 0.03500
v 2.83500 0.00000 0.00000
v 3.01000 0.00000 0.00000
v 2.83500 0.00000 0.03500
v 2.99000 0.00000 0.76500
v 2.83500 -0.00000 0.80000
v 2.83500 -0.00000 0.76500
v 3.01000 0.00000 0.80000
v 2.99857 0.07060 0.03500
v 2.99857 0.07060 0.76500
v 3.02379 0.13709 0.03500
v 3.02379 0.13709 0.76500
v 3.06419 0.19562 0.03500
v 3.06419 0.19562 0.76500
v 3.11742 0.24278 0.03500
v 3.11742 0.24278 0.76500
v 3.18039 0.27583 0.03500
v 3.18039 0.27583 0.76500
v 3.24944 0.29285 0.03500
v 3.24944 0.29285 0.76500
v 3.32056 0.29285 0.76500
v 3.32056 0.29285 0.03500
v 3.38961 0.27583 0.03500
v 3.38961 0.27583 0.76500
v 3.45258 0.24278 0.03500
v 3.45258 0.24278 0.76500
v 3.50581 0.19562 0.76500
v 3.50581 0.19562 0.03500
v 3.54621 0.13709 0.03500
v 3.54621 0.13709 0.76500
v 3.57143 0.07060 0.03500
v 3.57143 0.07060 0.76500
v 3.58000 -0.00000 0.76500
v 3.58000 -0.00000 0.03500
v 2.83500 0.45000 0.76500
v 3.73500 -0.00000 0.76500
v 3.73500 0.45000 0.76500
v 3.73500 -0.00000 0.03500
v 3.73500 -0.00000 0.00000
v 3.56000 -0.00000 0.00000
v 3.73500 -0.00000 0.80000
v 3.56000 -0.00000 0.80000
v 3.73500 0.45000 0.80000
v 2.83500 0.45000 0.80000
v 3.01799 0.06581 0.80000
v 3.04150 0.12780 0.80000
v 3.07916 0.18236 0.80000
v 3.12878 0.22632 0.80000
v 3.18748 0.25713 0.80000
v 3.25185 0.27299 0.80000
v 3.55201 0.06581 0.80000
v 3.52850 0.12780 0.80000
v 3.49084 0.18236 0.80000
v 3.44122 0.22632 0.80000
v 3.38252 0.25713 0.80000
v 3.31815 0.27299 0.80000
v 2.83500 0.85000 0.03500
v 2.83500 0.85000 0.00000
v 3.73500 0.85000 0.03500
v 3.73500 0.85000 0.00000
v 3.55201 0.06581 0.00000
v 3.52850 0.12780 0.00000
v 3.49084 0.18236 0.00000
v 3.44122 0.22632 0.00000
v 3.38252 0.25713 0.00000
v 3.31815 0.27299 0.00000
v 3.25185 0.27299 0.00000
v 3.07916 0.18236 0.00000
v 3.04150 0.12780 0.00000
v 3.01799 0.06581 0.00000
v 3.18748 0.25713 0.00000
v 3.12878 0.22632 0.00000
v 4.26000 0.00000 0.03500
v 4.10500 0.00000 0.00000
v 4.28000 0.00000 0.00000
v 4.10500 0.00000 0.03500
v 4.26000 0.00000 0.76500
v 4.10500 -0.00000 0.80000
v 4.10500 -0.00000 0.76500
v 4.28000 0.00000 0.80000
v 4.26857 0.07060 0.03500
v 4.26857 0.07060 0.76500
v 4.29379 0.13709 0.03500
v 4.29379 0.13709 0.76500
v 4.33419 0.19562 0.03500
v 4.33419 0.19562 0.76500
v 4.38742 0.24278 0.03500
v 4.38742 0.24278 0.76500
v 4.45039 0.27583 0.03500
v 4.45039 0.27583 0.76500
v 4.51944 0.29285 0.03500
v 4.51944 0.29285 0.76500
v 4.59056 0.29285 0.76500
v 4.59056 0.29285 0.03500
v 4.65961 0.27583 0.03500
v 4.65961 0.27583 0.76500
v 4.72258 0.24278 0.03500
v 4.72258 0.24278 0.76500
v 4.77581 0.19562 0.76500
v 4.77581 0.19562 0.03500
v 4.81621 0.13709 0.03500
v 4.81621 0.13709 0.76500
v 4.84143 0.07060 0.03500
v 4.84143 0.07060 0.76500
v 4.85000 -0.00000 0.76500
v 4.85000 -0.00000 0.03500
v 4.10500 0.45000 0.76500
v 5.00500 -0.00000 0.76500
v 5.00500 0.45000 0.76500
v 5.00500 -0.00000 0.03500
v 5.00500 -0.00000 0.00000
v 4.83000 -0.00000 0.00000
v 5.00500 -0.00000 0.80000
v 4.83000 -0.00000 0.80000
v 5.00500 0.45000 0.80000
v 4.10500 0.45000 0.80000
v 4.28799 0.06581 0.80000
v 4.31150 0.12780 0.80000
v 4.34916 0.18236 0.80000
v 4.39878 0.22632 0.80000
v 4.45748 0.25713 0.80000
v 4.52185 0.27299 0.80000
v 4.82201 0.06581 0.80000
v 4.79850 0.12780 0.80000
v 4.76084 0.18236 0.80000
v 4.71122 0.22632 0.80000
v 4.65252 0.25713 0.80000
v 4.58815 0.27299 0.80000
v 4.10500 0.85000 0.03500
v 4.10500 0.85000 0.00000
v 5.00500 0.85000 0.03500
v 5.00500 0.85000 0.00000
v 4.82201 0.06581 0.00000
v 4.79850 0.12780 0.00000
v 4.76084 0.18236 0.00000
v 4.71122 0.22632 0.00000
v 4.65252 0.25713 0.00000
v 4.58815 0.27299 0.00000
v 4.34916 0.18236 0.00000
v 4.31150 0.12780 0.00000
v 4.28799 0.06581 0.00000
v 4.52185 0.27299 0.00000
v 4.45748 0.25713 0.00000
v 4.39878 0.22632 0.00000
v 5.53000 0.00000 0.03500
v 5.37500 0.00000 0.00000
v 5.55000 0.00000 0.00000
v 5.37500 0.00000 0.03500
v 5.53000 0.00000 0.76500
v 5.37500 -0.00000 0.80000
v 5.37500 -0.00000 0.76500
v 5.55000 0.00000 0.80000
v 5.53857 0.07060 0.03500
v 5.53857 0.07060 0.76500
v 5.56379 0.13709 0.03500
v 5.56379 0.13709 0.76500
v 5.60419 0.19562 0.03500
v 5.60419 0.19562 0.76500
v 5.65742 0.24278 0.03500
v 5.65742 0.24278 0.76500
v 5.72039 0.27583 0.03500
v 5.72039 0.27583 0.76500
v 5.78944 0.29285 0.03500
v 5.78944 0.29285 0.76500
v 5.86056 0.29285 0.76500
v 5.86056 0.29285 0.03500
v 5.92961 0.27583 0.03500
v 5.92961 0.27583 0.76500
v 5.99258 0.24278 0.03500
v 5.99258 0.24278 0.76500
v 6.04581 0.19562 0.76500
v 6.04581 0.19562 0.03500
v 6.08621 0.13709 0.03500
v 6.08621 0.13709 0.76500
v 6.11143 0.07060 0.03500
v 6.11143 0.07060 0.76500
v 6.12000 -0.00000 0.76500
v 6.12000 -0.00000 0.03500
v 5.37500 0.45000 0.76500
v 6.27500 -0.00000 0.76500
v 6.27500 0.45000 0.76500
v 6.27500 -0.00000 0.03500
v 6.27500 -0.00000 0.00000
v 6.10000 -0.00000 0.00000
v 6.27500 -0.00000 0.80000
v 6.10000 -0.00000 0.80000
v 6.27500 0.45000 0.80000
v 5.37500 0.45000 0.80000
v 5.55799 0.06581 0.80000
v 5.58150 0.12780 0.80000
v 5.61916 0.18236 0.80000
v 5.66878 0.22632 0.80000
v 5.72748 0.25713 0.80000
v 5.79185 0.27299 0.80000
v 6.09201 0.06581 0.80000
v 6.06850 0.12780 0.80000
v 6.03084 0.18236 0.80000
v 5.98122 0.22632 0.80000
v 5.92252 0.25713 0.80000
v 5.85815 0.27299 0.80000
v 5.37500 0.85000 0.03500
v 5.37500 0.85000 0.00000
v 6.27500 0.85000 0.03500
v 6.27500 0.85000 0.00000
v 6.09201 0.06581 0.00000
v 6.06850 0.12780 0.00000
v 6.03084 0.18236 0.00000
v 5.98122 0.22632 0.00000
v 5.92252 0.25713 0.00000
v 5.85815 0.27299 0.00000
v 5.61916 0.18236 0.00000
v 5.58150 0.12780 0.00000
v 5.55799 0.06581 0.00000
v 5.79185 0.27299 0.00000
v 5.72748 0.25713 0.00000
v 5.66878 0.22632 0.00000
v 6.80000 0.00000 0.03500
v 6.64500 0.00000 0.00000
v 6.82000 0.00000 0.00000
v 6.64500 0.00000 0.03500
v 6.80000 0.00000 0.76500
v 6.64500 -0.00000 0.80000
v 6.64500 -0.00000 0.76500
v 6.82000 0.00000 0.80000
v 6.80857 0.07060 0.03500
v 6.80857 0.07060 0.76500
v 6.83379 0.13709 0.03500
v 6.83379 0.13709 0.76500
v 6.87419 0.19562 0.03500
v 6.87419 0.19562 0.76500
v 6.92742 0.24278 0.03500
v 6.92742 0.24278 0.76500
v 6.99039 0.27583 0.03500
v 6.99039 0.27583 0.76500
v 7.05944 0.29285 0.03500
v 7.05944 0.29285 0.76500
v 7.13056 0.29285 0.76500
v 7.13056 0.29285 0.03500
v 7.19961 0.27583 0.03500
v 7.19961 0.27583 0.76500
v 7.26258 0.24278 0.03500
v 7.26258 0.24278 0.76500
v 7.31581 0.19562 0.76500
v 7.31581 0.19562 0.03500
v 7.35621 0.13709 0.03500
v 7.35621 0.13709 0.76500
v 7.38143 0.07060 0.03500
v 7.38143 0.07060 0.76500
v 7.39000 -0.00000 0.76500
v 7.39000 -0.00000 0.03500
v 6.64500 0.45000 0.76500
v 7.54500 -0.00000 0.76500
v 7.54500 0.45000 0.76500
v 7.54500 -0.00000 0.03500
v 7.54500 -0.00000 0.00000
v 7.37000 -0.00000 0.00000
v 7.54500 -0.00000 0.80000
v 7.37000 -0.00000 0.80000
v 7.54500 0.45000 0.80000
v 6.64500 0.45000 0.80000
v 6.82799 0.06581 0.80000
v 6.85150 0.12780 0.80000
v 6.88916 0.18236 0.80000
v 6.93878 0.22632 0.80000
v 6.99748 0.25713 0.80000
v 7.06185 0.27299 0.80000
v 7.36201 0.06581 0.80000
v 7.33850 0.12780 0.80000
v 7.30084 0.18236 0.80000
v 7.25122 0.22632 0.80000
v 7.19252 0.25713 0.80000
v 7.12815 0.27299 0.80000
v 6.64500 0.85000 0.03500
v 6.64500 0.85000 0.00000
v 7.54500 0.85000 0.03500
v 7.54500 0.85000 0.00000
v 7.36201 0.06581 0.00000
v 7.33850 0.12780 0.00000
v 7.30084 0.18236 0.00000
v 7.25122 0.22632 0.00000
v 7.19252 0.25713 0.00000
v 7.12815 0.27299 0.00000
v 6.88916 0.18236 0.00000
v 6.85150 0.12780 0.00000
v 6.82799 0.06581 0.00000
v 7.06185 0.27299 0.00000
v 6.99748 0.25713 0.00000
v 6.93878 0.22632 0.00000
v 8.07000 0.00000 0.03500
v 7.91500 0.00000 0.00000
v 8.09000 0.00000 0.00000
v 7.91500 0.00000 0.03500
v 8.07000 0.00000 0.76500
v 7.91500 -0.00000 0.80000
v 7.91500 -0.00000 0.76500
v 8.09000 0.00000 0.80000
v 8.07857 0.07060 0.03500
v 8.07857 0.07060 0.76500
v 8.10379 0.13709 0.03500
v 8.10379 0.13709 0.76500
v 8.14419 0.19562 0.03500
v 8.14419 0.19562 0.76500
v 8.19742 0.24278 0.03500
v 8.19742 0.24278 0.76500
v 8.26039 0.27583 0.03500
v 8.26039 0.27583 0.76500
v 8.32944 0.29285 0.03500
v 8.32944 0.29285 0.76500
v 8.40056 0.29285 0.76500
v 8.40056 0.29285 0.03500
v 8.46961 0.27583 0.03500
v 8.46961 0.27583 0.76500
v 8.53258 0.24278 0.03500
v 8.53258 0.24278 0.76500
v 8.58581 0.19562 0.76500
v 8.58581 0.19562 0.03500
v 8.62621 0.13709 0.03500
v 8.62621 0.13709 0.76500
v 8.65143 0.07060 0.03500
v 8.65143 0.07060 0.76500
v 8.66000 -0.00000 0.76500
v 8.66000 -0.00000 0.03500
v 7.91500 0.45000 0.76500
v 8.81500 -0.00000 0.76500
v 8.81500 0.45000 0.76500
v 8.81500 -0.00000 0.03500
v 8.81500 -0.00000 0.00000
v 8.64000 -0.00000 0.00000
v 8.81500 -0.00000 0.80000
v 8.64000 -0.00000 0.80000
v 8.81500 0.45000 0.80000
v 7.91500 0.45000 0.80000
v 8.09799 0.06581 0.80000
v 8.12150 0.12780 0.80000
v 8.15916 0.18236 0.80000
v 8.20878 0.22632 0.80000
v 8.26748 0.25713 0.80000
v 8.33185 0.27299 0.80000
v 8.63201 0.06581 0.80000
v 8.60850 0.12780 0.80000
v 8.57084 0.18236 0.80000
v 8.52122 0.22632 0.80000
v 8.46252 0.25713 0.80000
v 8.39815 0.27299 0.80000
v 7.91500 0.85000 0.03500
v 7.91500 0.85000 0.00000
v 8.81500 0.85000 0.03500
v 8.81500 0.85000 0.00000
v 8.63201 0.06581 0.00000
v 8.60850 0.12780 0.00000
v 8.57084 0.18236 0.00000
v 8.52122 0.22632 0.00000
v 8.46252 0.25713 0.00000
v 8.39815 0.27299 0.00000
v 8.15916 0.18236 0.00000
v 8.12150 0.12780 0.00000
v 8.09799 0.06581 0.00000
v 8.33185 0.27299 0.00000
v 8.26748 0.25713 0.00000
v 8.20878 0.22632 0.00000
v 9.34000 0.00000 0.03500
v 9.18500 0.00000 0.00000
v 9.36000 0.00000 0.00000
v 9.18500 0.00000 0.03500
v 9.34000 0.00000 0.76500
v 9.18500 -0.00000 0.80000
v 9.18500 -0.00000 0.76500
v 9.36000 0.00000 0.80000
v 9.34857 0.07060 0.03500
v 9.34857 0.07060 0.76500
v 9.37379 0.13709 0.03500
v 9.37379 0.13709 0.76500
v 9.41419 0.19562 0.03500
v 9.41419 0.19562 0.76500
v 9.46742 0.24278 0.03500
v 9.46742 0.24278 0.76500
v 9.53039 0.27583 0.03500
v 9.53039 0.27583 0.76500
v 9.59944 0.29285 0.03500
v 9.59944 0.29285 0.76500
v 9.67056 0.29285 0.76500
v 9.67056 0.29285 0.03500
v 9.73961 0.27583 0.03500
v 9.73961 0.27583 0.76500
v 9.80258 0.24278 0.03500
v 9.80258 0.24278 0.76500
v 9.85581 0.19562 0.76500
v 9.85581 0.19562 0.03500
v 9.89621 0.13709 0.03500
v 9.89621 0.13709 0.76500
v 9.92143 0.07060 0.03500
v 9.92143 0.07060 0.76500
v 9.93000 -0.00000 0.76500
v 9.93000 -0.00000 0.03500
v 9.18500 0.45000 0.76500
v 10.08500 -0.00000 0.76500
v 10.08500 0.45000 0.76500
v 10.08500 -0.00000 0.03500
v 10.08500 -0.00000 0.00000
v 9.91000 -0.00000 0.00000
v 10.08500 -0.00000 0.80000
v 9.91000 -0.00000 0.80000
v 10.08500 0.45000 0.80000
v 9.18500 0.45000 0.80000
v 9.36799 0.06581 0.80000
v 9.39150 0.12780 0.80000
v 9.42916 0.18236 0.80000
v 9.47878 0.22632 0.80000
v 9.53748 0.25713 0.80000
v 9.60185 0.27299 0.80000
v 9.90201 0.06581 0.80000
v 9.87850 0.12780 0.80000
v 9.84084 0.18236 0.80000
v 9.79122 0.22632 0.80000
v 9.73252 0.25713 0.80000
v 9.66815 0.27299 0.80000
v 9.18500 0.85000 0.03500
v 9.18500 0.85000 0.00000
v 10.08500 0.85000 0.03500
v 10.08500 0.85000 0.00000
v 9.90201 0.06581 0.00000
v 9.87850 0.12780 0.00000
v 9.84084 0.18236 0.00000
v 9.79122 0.22632 0.00000
v 9.73252 0.25713 0.00000
v 9.66815 0.27299 0.00000
v 9.42916 0.18236 0.00000
v 9.39150 0.12780 0.00000
v 9.36799 0.06581 0.00000
v 9.60185 0.27299 0.00000
v 9.53748 0.25713 0.00000
v 9.47878 0.22632 0.00000
v 10.61000 0.00000 0.03500
v 10.45500 0.00000 0.00000
v 10.63000 0.00000 0.00000
v 10.45500 0.00000 0.03500
v 10.61000 0.00000 0.76500
v 10.45500 -0.00000 0.80000
v 10.45500 -0.00000 0.76500
v 10.63000 0.00000 0.80000
v 10.61857 0.07060 0.03500
v 10.61857 0.07060 0.76500
v 10.64379 0.13709 0.03500
v 10.64379 0.13709 0.76500
v 10.68419 0.19562 0.03500
v 10.68419 0.19562 0.76500
v 10.73742 0.24278 0.03500
v 10.73742 0.24278 0.76500
v 10.80039 0.27583 0.03500
v 10.80039 0.27583 0.76500
v 10.86944 0.29285 0.03500
v 10.86944 0.29285 0.76500
v 10.94056 0.29285 0.76500
v 10.94056 0.29285 0.03500
v 11.00961 0.27583 0.03500
v 11.00961 0.27583 0.76500
v 11.07258 0.24278 0.03500
v 11.07258 0.24278 0.76500
v 11.12581 0.19562 0.76500
v 11.12581 0.19562 0.03500
v 11.16621 0.13709 0.03500
v 11.16621 0.13709 0.76500
v 11.19143 0.07060 0.03500
v 11.19143 0.07060 0.76500
v 11.20000 -0.00000 0.76500
v 11.20000 -0.00000 0.03500
v 10.45500 0.45000 0.76500
v 11.35500 -0.00000 0.76500
v 11.35500 0.45000 0.76500
v 11.35500 -0.00000 0.03500
v 11.35500 -0.00000 0.00000
v 11.18000 -0.00000 0.00000
v 11.35500 -0.00000 0.80000
v 11.18000 -0.00000 0.80000
v 11.35500 0.45000 0.80000
v 10.45500 0.45000 0.80000
v 10.63799 0.06581 0.80000
v 10.66150 0.12780 0.80000
v 10.69916 0.18236 0.80000
v 10.74878 0.22632 0.80000
v 10.80748 0.25713 0.80000
v 10.87185 0.27299 0.80000
v 11.17201 0.06581 0.80000
v 11.14850 0.12780 0.80000
v 11.11084 0.18236 0.80000
v 11.06122 0.22632 0.80000
v 11.00252 0.25713 0.80000
v 10.93815 0.27299 0.80000
v 10.45500 0.85000 0.03500
v 10.45500 0.85000 0.00000
v 11.35500 0.85000 0.03500
v 11.35500 0.85000 0.00000
v 11.17201 0.06581 0.00000
v 11.14850 0.12780 0.00000
v 11.11084 0.18236 0.00000
v 11.06122 0.22632 0.00000
v 11.00252 0.25713 0.00000
v 10.93815 0.27299 0.00000
v 10.69916 0.18236 0.00000
v 10.66150 0.12780 0.00000
v 10.63799 0.06581 0.00000
v 10.87185 0.27299 0.00000
v 10.80748 0.25713 0.00000
v 10.74878 0.22632 0.00000
v 11.88000 0.00000 0.03500
v 11.72500 0.00000 0.00000
v 11.90000 0.00000 0.00000
v 11.72500 0.00000 0.03500
v 11.88000 0.00000 0.76500
v 11.72500 -0.00000 0.80000
v 11.72500 -0.00000 0.76500
v 11.90000 0.00000 0.80000
v 11.88857 0.07060 0.03500
v 11.88857 0.07060 0.76500
v 11.91379 0.13709 0.03500
v 11.91379 0.13709 0.76500
v 11.95419 0.19562 0.03500
v 11.95419 0.19562 0.76500
v 12.00742 0.24278 0.03500
v 12.00742 0.24278 0.76500
v 12.07039 0.27583 0.03500
v 12.07039 0.27583 0.76500
v 12.13944 0.29285 0.03500
v 12.13944 0.29285 0.76500
v 12.21056 0.29285 0.76500
v 12.21056 0.29285 0.03500
v 12.27961 0.27583 0.03500
v 12.27961 0.27583 0.76500
v 12.34258 0.24278 0.03500
v 12.34258 0.24278 0.76500
v 12.39581 0.19562 0.76500
v 12.39581 0.19562 0.03500
v 12.43621 0.13709 0.03500
v 12.43621 0.13709 0.76500
v 12.46143 0.07060 0.03500
v 12.46143 0.07060 0.76500
v 12.47000 -0.00000 0.76500
v 12.47000 -0.00000 0.03500
v 11.72500 0.45000 0.76500
v 12.62500 -0.00000 0.76500
v 12.62500 0.45000 0.76500
v 12.62500 -0.00000 0.03500
v 12.62500 -0.00000 0.00000
v 12.45000 -0.00000 0.00000
v 12.62500 -0.00000 0.80000
v 12.45000 -0.00000 0.80000
v 12.62500 0.45000 0.80000
v 11.72500 0.45000 0.80000
v 11.90799 0.06581 0.80000
v 11.93150 0.12780 0.80000
v 11.96916 0.18236 0.80000
v 12.01878 0.22632 0.80000
v 12.07748 0.25713 0.80000
v 12.14185 0.27299 0.80000
v 12.44201 0.06581 0.80000
v 12.41850 0.12780 0.80000
v 12.38084 0.18236 0.80000
v 12.33122 0.22632 0.80000
v 12.27252 0.25713 0.80000
v 12.20815 0.27299 0.80000
v 11.72500 0.85000 0.03500
v 11.72500 0.85000 0.00000
v 12.62500 0.85000 0.03500
v 12.62500 0.85000 0.00000
v 12.44201 0.06581 0.00000
v 12.41850 0.12780 0.00000
v 12.38084 0.18236 0.00000
v 12.33122 0.22632 0.00000
v 12.27252 0.25713 0.00000
v 12.20815 0.27299 0.00000
v 11.96916 0.18236 0.00000
v 11.93150 0.12780 0.00000
v 11.90799 0.06581 0.00000
v 12.14185 0.27299 0.00000
v 12.07748 0.25713 0.00000
v 12.01878 0.22632 0.00000
v 13.15000 0.00000 0.03500
v 12.99500 0.00000 0.00000
v 13.17000 0.00000 0.00000
v 12.99500 0.00000 0.03500
v 13.15000 0.00000 0.76500
v 12.99500 -0.00000 0.80000
v 12.99500 -0.00000 0.76500
v 13.17000 0.00000 0.80000
v 13.15857 0.07060 0.03500
v 13.15857 0.07060 0.76500
v 13.18379 0.13709 0.03500
v 13.18379 0.13709 0.76500
v 13.22419 0.19562 0.03500
v 13.22419 0.19562 0.76500
v 13.27742 0.24278 0.03500
v 13.27742 0.24278 0.76500
v 13.34039 0.27583 0.03500
v 13.34039 0.27583 0.76500
v 13.40944 0.29285 0.03500
v 13.40944 0.29285 0.76500
v 13.48056 0.29285 0.76500
v 13.48056 0.29285 0.03500
v 13.54961 0.27583 0.03500
v 13.54961 0.27583 0.76500
v 13.61258 0.24278 0.03500
v 13.61258 0.24278 0.76500
v 13.66581 0.19562 0.76500
v 13.66581 0.19562 0.03500
v 13.70621 0.13709 0.03500
v 13.70621 0.13709 0.76500
v 13.73143 0.07060 0.03500
v 13.73143 0.07060 0.76500
v 13.74000 -0.00000 0.76500
v 13.74000 -0.00000 0.03500
v 12.99500 0.45000 0.76500
v 13.89500 -0.00000 0.76500
v 13.89500 0.45000 0.76500
v 13.89500 -0.00000 0.03500
v 13.89500 -0.00000 0.00000
v 13.72000 -0.00000 0.00000
v 13.89500 -0.00000 0.80000
v 13.72000 -0.00000 0.80000
v 13.89500 0.45000 0.80000
v 12.99500 0.45000 0.80000
v 13.17799 0.06581 0.80000
v 13.20150 0.12780 0.80000
v 13.23916 0.18236 0.80000
v 13.28878 0.22632 0.80000
v 13.34748 0.25713 0.80000
v 13.41185 0.27299 0.80000
v 13.71201 0.06581 0.80000
v 13.68850 0.12780 0.80000
v 13.65084 0.18236 0.80000
v 13.60122 0.22632 0.80000
v 13.54252 0.25713 0.80000
v 13.47815 0.27299 0.80000
v 12.99500 0.85000 0.03500
v 12.99500 0.85000 0.00000
v 13.89500 0.85000 0.03500
v 13.89500 0.85000 0.00000
v 13.71201 0.06581 0.00000
v 13.68850 0.12780 0.00000
v 13.65084 0.18236 0.00000
v 13.60122 0.22632 0.00000
v 13.54252 0.25713 0.00000
v 13.47815 0.27299 0.00000
v 13.23916 0.18236 0.00000
v 13.20150 0.12780 0.00000
v 13.17799 0.06581 0.00000
v 13.41185 0.27299 0.00000
v 13.34748 0.25713 0.00000
v 13.28878 0.22632 0.00000
v 14.42000 0.00000 0.03500
v 14.26500 0.00000 0.00000
v 14.44000 0.00000 0.00000
v 14.26500 0.00000 0.03500
v 14.42000 0.00000 0.76500
v 14.26500 -0.00000 0.80000
v 14.26500 -0.00000 0.76500
v 14.44000 0.00000 0.80000
v 14.42857 0.07060 0.03500
v 14.42857 0.07060 0.76500
v 14.45379 0.13709 0.03500
v 14.45379 0.13709 0.76500
v 14.49419 0.19562 0.03500
v 14.49419 0.19562 0.76500
v 14.54742 0.24278 0.03500
v 14.54742 0.24278 0.76500
v 14.61039 0.27583 0.03500
v 14.61039 0.27583 0.76500
v 14.67944 0.29285 0.03500
v 14.67944 0.29285 0.76500
v 14.75056 0.29285 0.76500
v 14.75056 0.29285 0.03500
v 14.81961 0.27583 0.03500
v 14.81961 0.27583 0.76500
v 14.88258 0.24278 0.03500
v 14.88258 0.24278 0.76500
v 14.93581 0.19562 0.76500
v 14.93581 0.19562 0.03500
v 14.97621 0.13709 0.03500
v 14.97621 0.13709 0.76500
v 15.00143 0.07060 0.03500
v 15.00143 0.07060 0.76500
v 15.01000 -0.00000 0.76500
v 15.01000 -0.00000 0.03500
v 14.26500 0.45000 0.76500
v 15.16500 -0.00000 0.76500
v 15.16500 0.45000 0.76500
v 15.16500 -0.00000 0.03500
v 15.16500 -0.00000 0.00000
v 14.99000 -0.00000 0.00000
v 15.16500 -0.00000 0.80000
v 14.99000 -0.00000 0.80000
v 15.16500 0.45000 0.80000
v 14.26500 0.45000 0.80000
v 14.44799 0.06581 0.80000
v 14.47150 0.12780 0.80000
v 14.50916 0.18236 0.80000
v 14.55878 0.22632 0.80000
v 14.61748 0.25713 0.80000
v 14.68185 0.27299 0.80000
v 14.98201 0.06581 0.80000
v 14.95850 0.12780 0.80000
v 14.92084 0.18236 0.80000
v 14.87122 0.22632 0.80000
v 14.81252 0.25713 0.80000
v 14.74815 0.27299 0.80000
v 14.26500 0.85000 0.03500
v 14.26500 0.85000 0.00000
v 15.16500 0.85000 0.03500
v 15.16500 0.85000 0.00000
v 14.98201 0.06581 0.00000
v 14.95850 0.12780 0.00000
v 14.92084 0.18236 0.00000
v 14.87122 0.22632 0.00000
v 14.81252 0.25713 0.00000
v 14.74815 0.27299 0.00000
v 14.50916 0.18236 0.00000
v 14.47150 0.12780 0.00000
v 14.44799 0.06581 0.00000
v 14.68185 0.27299 0.00000
v 14.61748 0.25713 0.00000
v 14.55878 0.22632 0.00000
v 15.69000 0.00000 0.03500
v 15.53500 0.00000 0.00000
v 15.71000 0.00000 0.00000
v 15.53500 0.00000 0.03500
v 15.69000 0.00000 0.76500
v 15.53500 -0.00000 0.80000
v 15.53500 -0.00000 0.76500
v 15.71000 0.00000 0.80000
v 15.69857 0.07060 0.03500
v 15.69857 0.07060 0.76500
v 15.72379 0.13709 0.03500
v 15.72379 0.13709 0.76500
v 15.76419 0.19562 0.03500
v 15.76419 0.19562 0.76500
v 15.81742 0.24278 0.03500
v 15.81742 0.24278 0.76500
v 15.88039 0.27583 0.03500
v 15.88039 0.27583 0.76500
v 15.94944 0.29285 0.03500
v 15.94944 0.29285 0.76500
v 16.02056 0.29285 0.76500
v 16.02056 0.29285 0.03500
v 16.08961 0.27583 0.03500
v 16.08961 0.27583 0.76500
v 16.15258 0.24278 0.03500
v 16.15258 0.24278 0.76500
v 16.20581 0.19562 0.76500
v 16.20581 0.19562 0.03500
v 16.24621 0.13709 0.03500
v 16.24621 0.13709 0.76500
v 16.27143 0.07060 0.03500
v 16.27143 0.07060 0.76500
v 16.28000 -0.00000 0.76500
v 16.28000 -0.00000 0.03500
v 15.53500 0.45000 0.76500
v 16.43500 -0.00000 0.76500
v 16.43500 0.45000 0.76500
v 16.43500 -0.00000 0.03500
v 16.43500 -0.00000 0.00000
v 16.26000 -0.00000 0.00000
v 16.43500 -0.00000 0.80000
v 16.26000 -0.00000 0.80000
v 16.43500 0.45000 0.80000
v 15.53500 0.45000 0.80000
v 15.71799 0.06581 0.80000
v 15.74150 0.12780 0.80000
v 15.77916 0.18236 0.80000
v 15.82878 0.22632 0.80000
v 15.88748 0.25713 0.80000
v 15.95185 0.27299 0.80000
v 16.25201 0.06581 0.80000
v 16.22850 0.12780 0.80000
v 16.19084 0.18236 0.80000
v 16.14122 0.22632 0.80000
v 16.08252 0.25713 0.80000
v 16.01815 0.27299 0.80000
v 15.53500 0.85000 0.03500
v 15.53500 0.85000 0.00000
v 16.43500 0.85000 0.03500
v 16.43500 0.85000 0.00000
v 16.25201 0.06581 0.00000
v 16.22850 0.12780 0.00000
v 16.19084 0.18236 0.00000
v 16.14122 0.22632 0.00000
v 16.08252 0.25713 0.00000
v 16.01815 0.27299 0.00000
v 15.77916 0.18236 0.00000
v 15.74150 0.12780 0.00000
v 15.71799 0.06581 0.00000
v 15.95185 0.27299 0.00000
v 15.88748 0.25713 0.00000
v 15.82878 0.22632 0.00000

g Solid_0
usemtl Solid_0
f 1 2 3
f 3 2 4
f 5 6 7
f 8 6 5
f 9 10 11
f 9 11 12
f 13 14 15
f 16 14 13
f 17 18 19
f 20 18 17
f 20 21 18
f 18 21 22
f 20 5 21
f 22 16 18
f 5 23 8
f 20 23 5
f 13 24 16
f 16 24 18
f 23 25 8
f 13 26 24
f 27 28 23
f 29 28 27
f 25 28 30
f 23 28 25
f 28 10 30
f 31 32 33
f 24 32 31
f 34 32 26
f 2 32 34
f 26 32 24
f 11 35 36
f 37 38 1
f 36 38 37
f 1 38 2
f 2 38 32
f 35 38 36
f 39 40 35
f 35 40 38
f 28 35 10
f 10 35 11
f 35 28 41
f 41 28 42
f 43 23 20
f 44 23 43
f 45 18 24
f 46 18 45
f 47 48 38
f 38 48 32
f 49 50 51
f 49 52 50
f 53 54 55
f 56 54 53
f 56 57 54
f 58 57 56
f 56 14 58
f 57 7 54
f 59 15 56
f 56 15 14
f 6 60 7
f 7 60 54
f 59 61 15
f 6 62 60
f 62 63 60
f 64 65 59
f 66 65 64
f 61 65 67
f 59 65 61
f 65 4 67
f 68 69 70
f 60 69 68
f 63 69 60
f 63 9 69
f 3 71 72
f 73 74 12
f 72 74 73
f 12 74 9
f 9 74 69
f 71 74 72
f 75 76 71
f 71 76 74
f 65 71 4
f 4 71 3
f 77 69 74
f 77 74 78
f 79 71 65
f 79 65 80
f 81 59 56
f 81 82 59
f 54 83 84
f 54 60 83
f 85 86 87
f 85 87 88
f 89 74 76
f 89 78 74
f 90 76 75
f 90 89 76
f 79 75 71
f 79 90 75
f 91 65 66
f 91 80 65
f 92 66 64
f 92 91 66
f 82 64 59
f 82 92 64
f 93 85 94
f 93 86 85
f 95 94 96
f 95 93 94
f 80 96 79
f 80 95 96
f 97 89 90
f 97 90 79
f 98 97 79
f 99 79 96
f 99 96 94
f 99 98 79
f 100 78 89
f 100 101 78
f 100 97 98
f 100 89 97
f 102 94 85
f 102 103 101
f 102 85 103
f 102 101 100
f 102 100 98
f 102 99 94
f 102 98 99
f 104 93 95
f 104 95 80
f 105 104 80
f 106 80 91
f 106 91 92
f 106 105 80
f 107 86 93
f 107 108 86
f 107 104 105
f 107 93 104
f 109 92 82
f 109 110 108
f 109 82 110
f 109 108 107
f 109 107 105
f 109 106 92
f 109 105 106
f 103 85 88
f 103 88 111
f 101 111 112
f 101 103 111
f 78 112 77
f 78 101 112
f 113 60 68
f 113 83 60
f 114 68 70
f 114 113 68
f 77 70 69
f 77 114 70
f 115 56 53
f 115 81 56
f 116 53 55
f 116 115 53
f 84 55 54
f 84 116 55
f 117 86 108
f 117 87 86
f 118 108 110
f 118 117 108
f 81 110 82
f 81 118 110
f 119 113 114
f 119 114 77
f 119 77 112
f 120 112 111
f 120 119 112
f 121 111 88
f 121 122 123
f 121 88 122
f 121 120 111
f 124 83 113
f 124 119 120
f 124 113 119
f 125 123 83
f 125 124 120
f 125 83 124
f 125 120 121
f 125 121 123
f 126 87 117
f 126 127 87
f 126 128 127
f 129 117 118
f 129 126 117
f 130 118 81
f 130 81 115
f 130 115 116
f 130 129 118
f 131 84 128
f 131 126 129
f 131 128 126
f 132 116 84
f 132 131 129
f 132 129 130
f 132 130 116
f 132 84 131
f 122 88 87
f 122 87 127
f 123 127 128
f 123 122 127
f 83 128 84
f 83 123 128
f 133 20 17
f 133 43 20
f 134 17 19
f 134 133 17
f 46 19 18
f 46 134 19
f 135 52 136
f 135 50 52
f 137 136 138
f 137 135 136
f 43 138 44
f 43 137 138
f 139 28 29
f 139 42 28
f 140 29 27
f 140 139 29
f 44 27 23
f 44 140 27
f 141 133 134
f 141 134 46
f 141 46 142
f 143 142 144
f 143 141 142
f 145 50 135
f 145 135 137
f 145 144 50
f 145 143 144
f 146 43 133
f 146 141 143
f 146 133 141
f 147 137 43
f 147 146 143
f 147 43 146
f 147 143 145
f 147 145 137
f 148 138 136
f 148 136 52
f 148 52 149
f 150 149 151
f 150 148 149
f 152 42 139
f 152 139 140
f 152 151 42
f 152 150 151
f 153 44 138
f 153 148 150
f 153 138 148
f 154 140 44
f 154 153 150
f 154 44 153
f 154 150 152
f 154 152 140
f 155 24 31
f 155 45 24
f 156 31 33
f 156 155 31
f 48 33 32
f 48 156 33
f 157 50 144
f 157 51 50
f 158 144 142
f 158 157 144
f 45 142 46
f 45 158 142
f 149 52 49
f 149 49 159
f 151 159 160
f 151 149 159
f 42 160 41
f 42 151 160
f 161 38 40
f 161 47 38
f 162 40 39
f 162 161 40
f 41 39 35
f 41 162 39
f 163 155 156
f 163 156 48
f 164 163 48
f 165 166 167
f 165 48 166
f 165 164 48
f 168 158 45
f 168 45 155
f 168 163 164
f 168 155 163
f 169 51 157
f 169 157 158
f 169 167 51
f 169 168 164
f 169 158 168
f 169 165 167
f 169 164 165
f 170 171 47
f 170 172 171
f 173 170 47
f 174 47 161
f 174 161 162
f 174 173 47
f 175 159 49
f 175 49 172
f 175 170 173
f 175 172 170
f 176 162 41
f 176 41 160
f 176 160 159
f 176 175 173
f 176 159 175
f 176 174 162
f 176 173 174
f 172 51 167
f 172 49 51
f 171 167 166
f 171 172 167
f 47 166 48
f 47 171 166
f 30 9 63
f 30 10 9
f 25 63 62
f 25 30 63
f 8 62 6
f 8 25 62
f 58 14 16
f 58 16 22
f 57 22 21
f 57 58 22
f 7 21 5
f 7 57 21
f 26 13 15
f 26 15 61
f 34 61 67
f 34 26 61
f 2 67 4
f 2 34 67
f 73 11 36
f 73 12 11
f 72 36 37
f 72 73 36
f 3 37 1
f 3 72 37

g Solid_1
usemtl Solid_1
f 177 178 179
f 179 178 180
f 181 182 183
f 184 182 181
f 185 186 187
f 185 187 188
f 189 190 191
f 192 190 189
f 193 194 195
f 196 194 193
f 196 197 194
f 194 197 198
f 196 181 197
f 198 192 194
f 181 199 184
f 196 199 181
f 194 189 200
f 192 189 194
f 199 201 184
f 189 202 200
f 199 203 201
f 204 205 199
f 206 205 204
f 199 205 203
f 205 186 203
f 207 208 209
f 200 208 207
f 210 208 202
f 178 208 210
f 202 208 200
f 187 211 212
f 213 214 177
f 212 214 213
f 177 214 178
f 178 214 208
f 211 214 212
f 215 216 211
f 211 216 214
f 205 211 186
f 186 211 187
f 211 205 217
f 217 205 218
f 219 199 196
f 220 199 219
f 221 194 200
f 222 194 221
f 223 224 214
f 214 224 208
f 225 226 227
f 225 228 226
f 229 230 231
f 232 230 229
f 232 233 230
f 234 233 232
f 232 190 234
f 233 183 230
f 235 191 232
f 232 191 190
f 182 236 183
f 183 236 230
f 235 237 191
f 182 238 236
f 238 239 236
f 240 241 235
f 242 241 240
f 237 241 243
f 235 241 237
f 241 180 243
f 244 245 246
f 236 245 244
f 239 245 236
f 239 185 245
f 179 247 248
f 249 250 188
f 248 250 249
f 188 250 185
f 185 250 245
f 247 250 248
f 251 252 247
f 247 252 250
f 241 247 180
f 180 247 179
f 253 245 250
f 253 250 254
f 255 247 241
f 255 241 256
f 257 235 232
f 257 258 235
f 230 259 260
f 230 236 259
f 261 262 263
f 261 263 264
f 265 250 252
f 265 254 250
f 266 252 251
f 266 265 252
f 255 251 247
f 255 266 251
f 267 241 242
f 267 256 241
f 268 242 240
f 268 267 242
f 258 240 235
f 258 268 240
f 269 261 270
f 269 262 261
f 271 270 272
f 271 269 270
f 256 272 255
f 256 271 272
f 273 265 266
f 273 266 255
f 274 273 255
f 275 255 272
f 275 272 270
f 275 274 255
f 276 254 265
f 276 277 254
f 276 273 274
f 276 265 273
f 278 270 261
f 278 279 277
f 278 261 279
f 278 277 276
f 278 276 274
f 278 275 270
f 278 274 275
f 280 269 271
f 280 271 256
f 281 280 256
f 282 256 267
f 282 267 268
f 282 281 256
f 283 262 269
f 283 284 262
f 283 280 281
f 283 269 280
f 285 268 258
f 285 286 284
f 285 258 286
f 285 284 283
f 285 283 281
f 285 282 268
f 285 281 282
f 279 261 264
f 279 264 287
f 277 287 288
f 277 279 287
f 254 288 253
f 254 277 288
f 289 236 244
f 289 259 236
f 290 244 246
f 290 289 244
f 253 246 245
f 253 290 246
f 291 232 229
f 291 257 232
f 292 229 231
f 292 291 229
f 260 231 230
f 260 292 231
f 293 262 284
f 293 263 262
f 294 284 286
f 294 293 284
f 257 286 258
f 257 294 286
f 295 289 290
f 295 290 253
f 295 253 288
f 296 288 287
f 296 295 288
f 297 287 264
f 297 298 299
f 297 264 298
f 297 296 287
f 300 259 289
f 300 295 296
f 300 289 295
f 301 299 259
f 301 300 296
f 301 259 300
f 301 296 297
f 301 297 299
f 302 263 293
f 302 303 263
f 302 304 303
f 305 293 294
f 305 302 293
f 306 294 257
f 306 257 291
f 306 291 292
f 306 305 294
f 307 260 304
f 307 302 305
f 307 304 302
f 308 292 260
f 308 307 305
f 308 305 306
f 308 306 292
f 308 260 307
f 298 264 263
f 298 263 303
f 299 303 304
f 299 298 303
f 259 304 260
f 259 299 304
f 309 196 193
f 309 219 196
f 310 193 195
f 310 309 193
f 222 195 194
f 222 310 195
f 311 228 312
f 311 226 228
f 313 312 314
f 313 311 312
f 219 314 220
f 219 313 314
f 315 205 206
f 315 218 205
f 316 206 204
f 316 315 206
f 220 204 199
f 220 316 204
f 317 309 310
f 317 310 222
f 317 222 318
f 319 318 320
f 319 317 318
f 321 226 311
f 321 311 313
f 321 320 226
f 321 319 320
f 322 219 309
f 322 317 319
f 322 309 317
f 323 313 219
f 323 322 319
f 323 219 322
f 323 319 321
f 323 321 313
f 324 314 312
f 324 312 228
f 324 228 325
f 326 325 327
f 326 324 325
f 328 218 315
f 328 315 316
f 328 327 218
f 328 326 327
f 329 220 314
f 329 324 326
f 329 314 324
f 330 316 220
f 330 329 326
f 330 220 329
f 330 326 328
f 330 328 316
f 331 200 207
f 331 221 200
f 332 207 209
f 332 331 207
f 224 209 208
f 224 332 209
f 333 226 320
f 333 227 226
f 334 320 318
f 334 333 320
f 221 318 222
f 221 334 318
f 325 228 225
f 325 225 335
f 327 335 336
f 327 325 335
f 218 336 217
f 218 327 336
f 337 214 216
f 337 223 214
f 338 216 215
f 338 337 216
f 217 215 211
f 217 338 215
f 339 331 332
f 339 332 224
f 340 339 224
f 341 342 343
f 341 224 342
f 341 340 224
f 344 334 221
f 344 221 331
f 344 339 340
f 344 331 339
f 345 227 333
f 345 333 334
f 345 343 227
f 345 344 340
f 345 334 344
f 345 341 343
f 345 340 341
f 346 347 223
f 346 348 347
f 349 346 223
f 350 223 337
f 350 337 338
f 350 349 223
f 351 335 225
f 351 225 348
f 351 346 349
f 351 348 346
f 352 338 217
f 352 217 336
f 352 336 335
f 352 351 349
f 352 335 351
f 352 350 338
f 352 349 350
f 348 227 343
f 348 225 227
f 347 343 342
f 347 348 343
f 223 342 224
f 223 347 342
f 203 185 239
f 203 186 185
f 201 239 238
f 201 203 239
f 184 238 182
f 184 201 238
f 234 190 192
f 234 192 198
f 233 198 197
f 233 234 198
f 183 197 181
f 183 233 197
f 202 189 191
f 202 191 237
f 210 237 243
f 210 202 237
f 178 243 180
f 178 210 243
f 249 187 212
f 249 188 187
f 248 212 213
f 248 249 212
f 179 213 177
f 179 248 213

g Solid_2
usemtl Solid_2
f 353 354 355
f 355 354 356
f 357 358 359
f 360 358 357
f 361 362 363
f 361 363 364
f 365 366 367
f 368 366 365
f 369 370 371
f 372 370 369
f 370 373 371
f 374 373 370
f 373 368 371
f 370 357 374
f 371 365 375
f 368 365 371
f 376 360 370
f 370 360 357
f 365 377 375
f 376 378 360
f 377 379 375
f 380 381 376
f 382 383 384
f 375 383 382
f 354 383 379
f 379 383 375
f 385 386 362
f 378 386 385
f 376 386 378
f 381 386 376
f 387 388 353
f 353 388 354
f 354 388 383
f 389 390 387
f 363 390 389
f 387 390 388
f 391 392 390
f 390 392 388
f 386 390 362
f 362 390 363
f 390 386 393
f 393 386 394
f 395 376 370
f 396 376 395
f 397 371 375
f 398 371 397
f 399 400 388
f 388 400 383
f 401 402 403
f 401 404 402
f 405 406 407
f 408 406 405
f 408 409 406
f 406 409 410
f 410 359 406
f 408 366 409
f 411 367 408
f 408 367 366
f 406 358 412
f 359 358 406
f 411 413 367
f 358 414 412
f 414 415 412
f 416 417 411
f 418 417 416
f 419 417 356
f 413 417 419
f 411 417 413
f 420 421 422
f 412 421 420
f 415 421 412
f 415 361 421
f 355 423 424
f 425 426 364
f 424 426 425
f 364 426 361
f 423 426 424
f 361 426 421
f 426 427 428
f 423 427 426
f 417 423 356
f 356 423 355
f 429 421 426
f 429 426 430
f 431 423 417
f 431 417 432
f 433 411 408
f 433 434 411
f 406 435 436
f 406 412 435
f 437 438 439
f 437 439 440
f 441 426 428
f 441 430 426
f 442 428 427
f 442 441 428
f 431 427 423
f 431 442 427
f 443 417 418
f 443 432 417
f 444 418 416
f 444 443 418
f 434 416 411
f 434 444 416
f 445 437 446
f 445 438 437
f 447 446 448
f 447 445 446
f 432 448 431
f 432 447 448
f 449 441 442
f 449 442 431
f 450 449 431
f 451 431 448
f 451 448 446
f 451 450 431
f 452 430 441
f 452 453 430
f 452 449 450
f 452 441 449
f 454 446 437
f 454 455 453
f 454 437 455
f 454 453 452
f 454 452 450
f 454 451 446
f 454 450 451
f 456 445 447
f 456 447 432
f 457 456 432
f 458 432 443
f 458 443 444
f 458 457 432
f 459 438 445
f 459 460 438
f 459 456 457
f 459 445 456
f 461 444 434
f 461 462 460
f 461 434 462
f 461 460 459
f 461 459 457
f 461 458 444
f 461 457 458
f 455 437 440
f 455 440 463
f 453 463 464
f 453 455 463
f 430 464 429
f 430 453 464
f 465 412 420
f 465 435 412
f 466 420 422
f 466 465 420
f 429 422 421
f 429 466 422
f 467 408 405
f 467 433 408
f 468 405 407
f 468 467 405
f 436 407 406
f 436 468 407
f 469 438 460
f 469 439 438
f 470 460 462
f 470 469 460
f 433 462 434
f 433 470 462
f 471 465 466
f 471 466 429
f 471 429 464
f 472 464 463
f 472 471 464
f 473 463 440
f 473 474 475
f 473 440 474
f 473 472 463
f 476 435 465
f 476 471 472
f 476 465 471
f 477 475 435
f 477 476 472
f 477 435 476
f 477 472 473
f 477 473 475
f 478 439 469
f 478 479 439
f 478 480 479
f 481 469 470
f 481 478 469
f 482 470 433
f 482 433 467
f 482 467 468
f 482 481 470
f 483 436 480
f 483 478 481
f 483 480 478
f 484 468 436
f 484 483 481
f 484 481 482
f 484 482 468
f 484 436 483
f 474 440 439
f 474 439 479
f 475 479 480
f 475 474 479
f 435 480 436
f 435 475 480
f 485 370 372
f 485 395 370
f 486 372 369
f 486 485 372
f 398 369 371
f 398 486 369
f 487 404 488
f 487 402 404
f 489 488 490
f 489 487 488
f 395 490 396
f 395 489 490
f 491 386 381
f 491 394 386
f 492 381 380
f 492 491 381
f 396 380 376
f 396 492 380
f 493 485 486
f 493 486 398
f 493 398 494
f 495 494 496
f 495 493 494
f 497 402 487
f 497 487 489
f 497 496 402
f 497 495 496
f 498 395 485
f 498 493 495
f 498 485 493
f 499 489 395
f 499 498 495
f 499 395 498
f 499 495 497
f 499 497 489
f 500 490 488
f 500 488 404
f 500 404 501
f 502 501 503
f 502 500 501
f 504 394 491
f 504 491 492
f 504 503 394
f 504 502 503
f 505 396 490
f 505 500 502
f 505 490 500
f 506 492 396
f 506 505 502
f 506 396 505
f 506 502 504
f 506 504 492
f 507 375 382
f 507 397 375
f 508 382 384
f 508 507 382
f 400 384 383
f 400 508 384
f 509 402 496
f 509 403 402
f 510 496 494
f 510 509 496
f 397 494 398
f 397 510 494
f 501 404 401
f 501 401 511
f 503 511 512
f 503 501 511
f 394 512 393
f 394 503 512
f 399 388 392
f 513 392 391
f 513 399 392
f 514 391 390
f 514 513 391
f 393 514 390
f 515 507 508
f 515 508 400
f 516 515 400
f 517 518 519
f 517 400 518
f 517 516 400
f 520 510 397
f 520 397 507
f 520 515 516
f 520 507 515
f 521 403 509
f 521 509 510
f 521 519 403
f 521 520 516
f 521 510 520
f 521 517 519
f 521 516 517
f 522 523 399
f 522 524 523
f 525 522 399
f 526 399 513
f 526 513 514
f 526 525 399
f 527 511 401
f 527 401 524
f 527 522 525
f 527 524 522
f 528 514 393
f 528 393 512
f 528 512 511
f 528 527 525
f 528 511 527
f 528 526 514
f 528 525 526
f 524 403 519
f 524 401 403
f 523 519 518
f 523 524 519
f 399 518 400
f 399 523 518
f 385 361 415
f 385 362 361
f 378 415 414
f 378 385 415
f 360 414 358
f 360 378 414
f 409 366 368
f 409 368 373
f 410 373 374
f 410 409 373
f 359 374 357
f 359 410 374
f 377 365 367
f 377 367 413
f 379 413 419
f 379 377 413
f 354 419 356
f 354 379 419
f 425 363 389
f 425 364 363
f 424 389 387
f 424 425 389
f 355 387 353
f 355 424 387

g Solid_3
usemtl Solid_3
f 529 530 531
f 529 531 532
f 533 532 534
f 535 533 536
f 535 537 533
f 529 533 537
f 529 532 533
f 538 529 537
f 539 536 540
f 539 535 536
f 541 542 543
f 544 539 540
f 544 540 541
f 545 546 544
f 545 544 541
f 545 541 543
f 545 543 547
f 545 547 548
f 549 548 547
f 549 547 550
f 551 549 550
f 551 550 552
f 530 551 552
f 530 552 531
f 532 542 534
f 543 542 532
f 531 552 550
f 547 531 550
f 547 543 531
f 531 543 532
f 546 529 538
f 546 545 529
f 551 530 549
f 530 548 549
f 545 548 530
f 545 530 529
f 544 546 537
f 537 546 538
f 544 537 539
f 539 537 535
f 542 541 534
f 534 541 533
f 536 533 540
f 540 533 541

g Solid_4
usemtl Solid_4
f 553 554 555
f 555 554 556
f 554 557 556
f 558 557 554
f 557 558 559
f 559 558 560
f 555 559 553
f 553 559 560
f 557 555 556
f 557 559 555
f 560 558 553
f 553 558 554

g Solid_5
usemtl Solid_5
f 561 562 563
f 564 561 565
f 564 565 566
f 567 564 568
f 567 562 561
f 567 561 564
f 562 567 569
f 562 569 570
f 571 570 569
f 571 569 572
f 571 572 573
f 571 573 574
f 575 576 574
f 575 574 573
f 577 576 575
f 577 575 578
f 579 578 580
f 577 578 579
f 577 579 581
f 582 579 583
f 582 581 579
f 584 577 581
f 582 583 566
f 582 566 565
f 580 578 567
f 568 580 567
f 569 578 575
f 569 567 578
f 573 572 569
f 573 569 575
f 577 584 562
f 584 563 562
f 577 570 576
f 562 570 577
f 571 574 570
f 570 574 576
f 561 584 581
f 563 584 561
f 582 565 581
f 581 565 561
f 568 579 580
f 564 579 568
f 564 566 579
f 579 566 583

g Solid_6
usemtl Solid_6
f 585 586 587
f 585 587 588
f 589 588 590
f 591 589 592
f 591 593 589
f 585 589 593
f 585 588 589
f 594 585 593
f 595 592 596
f 595 591 592
f 597 598 599
f 600 595 596
f 600 596 597
f 601 602 600
f 601 597 599
f 601 600 597
f 601 599 603
f 601 603 604
f 605 604 603
f 605 603 606
f 607 605 606
f 607 606 608
f 586 607 608
f 586 608 587
f 588 598 590
f 599 598 588
f 587 608 606
f 603 587 606
f 603 599 587
f 587 599 588
f 602 585 594
f 602 601 585
f 607 586 605
f 586 604 605
f 601 604 586
f 601 586 585
f 600 602 593
f 593 602 594
f 600 593 595
f 595 593 591
f 598 597 590
f 590 597 589
f 592 589 596
f 596 589 597

g Solid_7
usemtl Solid_7
f 609 610 611
f 611 610 612
f 610 613 612
f 614 613 610
f 613 614 615
f 615 614 616
f 611 615 609
f 609 615 616
f 613 611 612
f 613 615 611
f 616 614 609
f 609 614 610

g Solid_8
usemtl Solid_8
f 617 618 619
f 620 617 621
f 620 621 622
f 623 620 624
f 623 618 617
f 623 617 620
f 618 623 625
f 618 625 626
f 627 626 625
f 627 625 628
f 627 628 629
f 627 629 630
f 631 632 630
f 631 630 629
f 633 632 631
f 633 631 634
f 635 634 636
f 637 635 638
f 637 639 635
f 633 634 635
f 633 635 639
f 640 633 639
f 637 638 622
f 637 622 621
f 636 634 623
f 624 636 623
f 625 634 631
f 625 623 634
f 629 628 625
f 629 625 631
f 633 640 618
f 640 619 618
f 626 632 618
f 618 632 633
f 627 630 626
f 626 630 632
f 617 640 639
f 619 640 617
f 637 621 639
f 639 621 617
f 624 635 636
f 620 635 624
f 620 622 635
f 635 622 638

g Solid_9
usemtl Solid_9
f 641 642 643
f 641 643 644
f 645 644 646
f 647 645 648
f 647 649 645
f 641 645 649
f 641 644 645
f 650 641 649
f 651 648 652
f 651 647 648
f 653 654 655
f 656 651 652
f 656 652 653
f 657 658 656
f 657 653 655
f 657 656 653
f 657 655 659
f 657 659 660
f 661 660 659
f 661 659 662
f 663 661 662
f 663 662 664
f 642 663 664
f 642 664 643
f 644 654 646
f 644 655 654
f 643 664 662
f 659 643 662
f 659 655 643
f 643 655 644
f 657 641 658
f 658 641 650
f 663 642 661
f 642 660 661
f 657 660 642
f 657 642 641
f 656 658 649
f 649 658 650
f 656 649 651
f 651 649 647
f 654 653 646
f 646 653 645
f 648 645 652
f 652 645 653

g Solid_10
usemtl Solid_10
f 665 666 667
f 667 666 668
f 666 669 668
f 670 669 666
f 669 670 671
f 671 670 672
f 667 671 665
f 665 671 672
f 669 667 668
f 669 671 667
f 672 670 665
f 665 670 666

g Solid_11
usemtl Solid_11
f 673 674 675
f 676 673 677
f 676 677 678
f 679 676 680
f 679 674 673
f 679 673 676
f 674 679 681
f 674 681 682
f 683 682 681
f 683 681 684
f 683 684 685
f 683 685 686
f 687 688 686
f 687 686 685
f 689 688 687
f 689 687 690
f 691 690 692
f 693 691 694
f 693 695 691
f 689 690 691
f 689 691 695
f 696 689 695
f 693 694 678
f 693 678 677
f 692 690 679
f 680 692 679
f 681 690 687
f 681 679 690
f 685 684 681
f 685 681 687
f 689 696 674
f 696 675 674
f 682 688 674
f 674 688 689
f 683 686 682
f 682 686 688
f 673 696 695
f 675 696 673
f 693 677 695
f 695 677 673
f 680 691 692
f 676 691 680
f 676 678 691
f 691 678 694

g Solid_12
usemtl Solid_12
f 697 698 699
f 697 699 700
f 701 700 702
f 703 701 704
f 703 705 701
f 697 701 705
f 697 700 701
f 706 697 705
f 707 704 708
f 707 703 704
f 709 710 711
f 712 707 708
f 712 708 709
f 713 714 712
f 713 709 711
f 713 712 709
f 713 711 715
f 713 715 716
f 717 716 715
f 717 715 718
f 719 717 718
f 719 718 720
f 698 719 720
f 698 720 699
f 700 710 702
f 700 711 710
f 699 720 718
f 715 699 718
f 715 711 699
f 699 711 700
f 713 697 714
f 714 697 706
f 719 698 717
f 698 716 717
f 713 716 698
f 713 698 697
f 712 714 705
f 705 714 706
f 712 705 707
f 707 705 703
f 710 709 702
f 702 709 701
f 704 701 708
f 708 701 709

g Solid_13
usemtl Solid_13
f 721 722 723
f 723 722 724
f 722 725 724
f 726 725 722
f 725 726 727
f 727 726 728
f 723 727 721
f 721 727 728
f 725 723 724
f 725 727 723
f 728 726 721
f 721 726 722

g Solid_14
usemtl Solid_14
f 729 730 731
f 732 729 733
f 732 733 734
f 735 732 736
f 735 730 729
f 735 729 732
f 730 735 737
f 730 737 738
f 739 738 737
f 739 737 740
f 739 740 741
f 739 741 742
f 743 744 742
f 743 742 741
f 745 744 743
f 745 743 746
f 747 746 748
f 749 747 750
f 749 751 747
f 745 746 747
f 745 747 751
f 752 745 751
f 749 750 734
f 749 734 733
f 748 746 735
f 736 748 735
f 737 746 743
f 737 735 746
f 741 740 737
f 741 737 743
f 745 752 730
f 752 731 730
f 738 744 730
f 730 744 745
f 739 742 738
f 738 742 744
f 729 752 751
f 731 752 729
f 749 733 751
f 751 733 729
f 736 747 748
f 732 747 736
f 732 734 747
f 747 734 750

g Solid_15
usemtl Solid_15
f 753 754 755
f 753 755 756
f 757 756 758
f 759 757 760
f 759 761 757
f 753 757 761
f 753 756 757
f 762 753 761
f 763 760 764
f 763 759 760
f 765 766 767
f 768 763 764
f 768 764 765
f 769 770 768
f 769 768 765
f 769 765 767
f 769 767 771
f 769 771 772
f 773 772 771
f 773 771 774
f 775 773 774
f 775 774 776
f 754 775 776
f 754 776 755
f 756 766 758
f 767 766 756
f 755 776 774
f 771 755 774
f 771 767 755
f 755 767 756
f 770 753 762
f 770 769 753
f 775 754 773
f 754 772 773
f 769 772 754
f 769 754 753
f 768 770 761
f 761 770 762
f 768 761 763
f 763 761 759
f 766 765 758
f 758 765 757
f 760 757 764
f 764 757 765

g Solid_16
usemtl Solid_16
f 777 778 779
f 779 778 780
f 778 781 780
f 782 781 778
f 781 782 783
f 783 782 784
f 779 783 777
f 777 783 784
f 781 779 780
f 781 783 779
f 784 782 777
f 777 782 778

g Solid_17
usemtl Solid_17
f 785 786 787
f 788 785 789
f 788 789 790
f 791 788 792
f 791 786 785
f 791 785 788
f 786 791 793
f 786 793 794
f 795 794 793
f 795 793 796
f 795 796 797
f 795 797 798
f 799 800 798
f 799 798 797
f 801 800 799
f 801 799 802
f 803 802 804
f 801 802 803
f 801 803 805
f 806 803 807
f 806 805 803
f 808 801 805
f 806 807 790
f 806 790 789
f 804 802 791
f 792 804 791
f 793 802 799
f 793 791 802
f 797 796 793
f 797 793 799
f 801 808 786
f 808 787 786
f 801 794 800
f 786 794 801
f 795 798 794
f 794 798 800
f 785 808 805
f 787 808 785
f 806 789 805
f 805 789 785
f 792 803 804
f 788 803 792
f 788 790 803
f 803 790 807

g Solid_18
usemtl Solid_18
f 809 810 811
f 809 811 812
f 813 812 814
f 815 813 816
f 815 817 813
f 809 813 817
f 809 812 813
f 818 809 817
f 819 816 820
f 819 815 816
f 821 822 823
f 824 819 820
f 824 820 821
f 825 826 824
f 825 824 821
f 825 821 823
f 825 823 827
f 825 827 828
f 829 828 827
f 829 827 830
f 831 829 830
f 831 830 832
f 810 831 832
f 810 832 811
f 812 822 814
f 823 822 812
f 811 832 830
f 827 811 830
f 827 823 811
f 811 823 812
f 826 809 818
f 826 825 809
f 831 810 829
f 810 828 829
f 825 828 810
f 825 810 809
f 824 826 817
f 817 826 818
f 824 817 819
f 819 817 815
f 822 821 814
f 814 821 813
f 816 813 820
f 820 813 821

g Solid_19
usemtl Solid_19
f 833 834 835
f 835 834 836
f 834 837 836
f 838 837 834
f 837 838 839
f 839 838 840
f 835 839 833
f 833 839 840
f 837 835 836
f 837 839 835
f 840 838 833
f 833 838 834

g Solid_20
usemtl Solid_20
f 841 842 843
f 844 841 845
f 844 845 846
f 847 844 848
f 847 842 841
f 847 841 844
f 842 847 849
f 842 849 850
f 851 850 849
f 851 849 852
f 851 852 853
f 851 853 854
f 855 856 854
f 855 854 853
f 857 856 855
f 857 855 858
f 859 858 860
f 857 858 859
f 857 859 861
f 862 859 863
f 862 861 859
f 864 857 861
f 862 863 846
f 862 846 845
f 860 858 847
f 848 860 847
f 849 858 855
f 849 847 858
f 853 852 849
f 853 849 855
f 857 864 842
f 864 843 842
f 857 850 856
f 842 850 857
f 851 854 850
f 850 854 856
f 841 864 861
f 843 864 841
f 862 845 861
f 861 845 841
f 848 859 860
f 844 859 848
f 844 846 859
f 859 846 863

g Solid_21
usemtl Solid_21
f 865 866 867
f 865 867 868
f 869 868 870
f 871 869 872
f 871 873 869
f 865 869 873
f 865 868 869
f 874 865 873
f 875 872 876
f 875 871 872
f 877 878 879
f 880 875 876
f 880 876 877
f 881 882 880
f 881 880 877
f 881 877 879
f 881 879 883
f 881 883 884
f 885 884 883
f 885 883 886
f 887 885 886
f 887 886 888
f 866 887 888
f 866 888 867
f 868 878 870
f 879 878 868
f 867 888 886
f 883 867 886
f 883 879 867
f 867 879 868
f 882 865 874
f 882 881 865
f 887 866 885
f 866 884 885
f 881 884 866
f 881 866 865
f 880 882 873
f 873 882 874
f 880 873 875
f 875 873 871
f 878 877 870
f 870 877 869
f 872 869 876
f 876 869 877

g Solid_22
usemtl Solid_22
f 889 890 891
f 891 890 892
f 890 893 892
f 894 893 890
f 893 894 895
f 895 894 896
f 891 895 889
f 889 895 896
f 893 891 892
f 893 895 891
f 896 894 889
f 889 894 890

g Solid_23
usemtl Solid_23
f 897 898 899
f 900 897 901
f 900 901 902
f 903 900 904
f 903 898 897
f 903 897 900
f 898 903 905
f 898 905 906
f 907 906 905
f 907 905 908
f 907 908 909
f 907 909 910
f 911 912 910
f 911 910 909
f 913 912 911
f 913 911 914
f 915 914 916
f 913 914 915
f 913 915 917
f 918 915 919
f 918 917 915
f 920 913 917
f 918 919 902
f 918 902 901
f 916 914 903
f 904 916 903
f 905 914 911
f 905 903 914
f 909 908 905
f 909 905 911
f 913 920 898
f 920 899 898
f 913 906 912
f 898 906 913
f 907 910 906
f 906 910 912
f 897 920 917
f 899 920 897
f 918 901 917
f 917 901 897
f 904 915 916
f 900 915 904
f 900 902 915
f 915 902 919

g Solid_24
usemtl Solid_24
f 921 922 923
f 921 923 924
f 925 924 926
f 927 925 928
f 927 929 925
f 921 925 929
f 921 924 925
f 930 921 929
f 931 928 932
f 931 927 928
f 933 934 935
f 936 931 932
f 936 932 933
f 937 938 936
f 937 933 935
f 937 936 933
f 937 935 939
f 937 939 940
f 941 940 939
f 941 939 942
f 943 941 942
f 943 942 944
f 922 943 944
f 922 944 923
f 924 934 926
f 924 935 934
f 923 944 942
f 939 923 942
f 939 935 923
f 923 935 924
f 937 921 938
f 938 921 930
f 943 922 941
f 922 940 941
f 937 940 922
f 937 922 921
f 936 938 929
f 929 938 930
f 936 929 931
f 931 929 927
f 934 933 926
f 926 933 925
f 928 925 932
f 932 925 933

g Solid_25
usemtl Solid_25
f 945 946 947
f 947 946 948
f 946 949 948
f 950 949 946
f 949 950 951
f 951 950 952
f 947 951 945
f 945 951 952
f 949 947 948
f 949 951 947
f 952 950 945
f 945 950 946

g Solid_26
usemtl Solid_26
f 953 954 955
f 956 953 957
f 956 957 958
f 959 956 960
f 959 954 953
f 959 953 956
f 954 959 961
f 954 961 962
f 963 962 961
f 963 961 964
f 963 964 965
f 963 965 966
f 967 968 966
f 967 966 965
f 969 968 967
f 969 967 970
f 971 970 972
f 973 971 974
f 973 975 971
f 969 970 971
f 969 971 975
f 976 969 975
f 973 974 958
f 973 958 957
f 972 970 959
f 960 972 959
f 961 970 967
f 961 959 970
f 965 964 961
f 965 961 967
f 969 976 954
f 976 955 954
f 962 968 954
f 954 968 969
f 963 966 962
f 962 966 968
f 953 976 975
f 955 976 953
f 973 957 975
f 975 957 953
f 960 971 972
f 956 971 960
f 956 958 971
f 971 958 974

g Solid_27
usemtl Solid_27
f 977 978 979
f 979 978 980
f 981 982 983
f 984 982 981
f 985 986 987
f 985 987 988
f 989 990 991
f 992 990 989
f 993 994 995
f 996 994 993
f 996 997 994
f 994 997 998
f 996 981 997
f 998 992 994
f 981 999 984
f 996 999 981
f 989 1000 992
f 992 1000 994
f 999 1001 984
f 989 1002 1000
f 1003 1004 999
f 1005 1004 1003
f 1001 1004 1006
f 999 1004 1001
f 1004 986 1006
f 1007 1008 1009
f 1000 1008 1007
f 1010 1008 1002
f 978 1008 1010
f 1002 1008 1000
f 987 1011 1012
f 1013 1014 977
f 1012 1014 1013
f 977 1014 978
f 978 1014 1008
f 1011 1014 1012
f 1015 1016 1011
f 1011 1016 1014
f 1004 1011 986
f 986 1011 987
f 1011 1004 1017
f 1017 1004 1018
f 1019 999 996
f 1020 999 1019
f 1021 994 1000
f 1022 994 1021
f 1023 1024 1014
f 1014 1024 1008
f 1025 1026 1027
f 1025 1028 1026
f 1029 1030 1031
f 1032 1030 1029
f 1032 1033 1030
f 1034 1033 1032
f 1032 990 1034
f 1033 983 1030
f 1035 991 1032
f 1032 991 990
f 982 1036 983
f 983 1036 1030
f 1035 1037 991
f 982 1038 1036
f 1038 1039 1036
f 1040 1041 1035
f 1042 1041 1040
f 1037 1041 1043
f 1035 1041 1037
f 1041 980 1043
f 1044 1045 1046
f 1036 1045 1044
f 1039 1045 1036
f 1039 985 1045
f 979 1047 1048
f 1049 1050 988
f 1048 1050 1049
f 988 1050 985
f 985 1050 1045
f 1047 1050 1048
f 1051 1052 1047
f 1047 1052 1050
f 1041 1047 980
f 980 1047 979
f 1053 1045 1050
f 1053 1050 1054
f 1055 1047 1041
f 1055 1041 1056
f 1057 1035 1032
f 1057 1058 1035
f 1030 1059 1060
f 1030 1036 1059
f 1061 1062 1063
f 1061 1063 1064
f 1065 1050 1052
f 1065 1054 1050
f 1066 1052 1051
f 1066 1065 1052
f 1055 1051 1047
f 1055 1066 1051
f 1067 1041 1042
f 1067 1056 1041
f 1068 1042 1040
f 1068 1067 1042
f 1058 1040 1035
f 1058 1068 1040
f 1069 1061 1070
f 1069 1062 1061
f 1071 1070 1072
f 1071 1069 1070
f 1056 1072 1055
f 1056 1071 1072
f 1073 1065 1066
f 1073 1066 1055
f 1074 1073 1055
f 1075 1055 1072
f 1075 1072 1070
f 1075 1074 1055
f 1076 1054 1065
f 1076 1077 1054
f 1076 1073 1074
f 1076 1065 1073
f 1078 1070 1061
f 1078 1079 1077
f 1078 1061 1079
f 1078 1077 1076
f 1078 1076 1074
f 1078 1075 1070
f 1078 1074 1075
f 1080 1069 1071
f 1080 1071 1056
f 1081 1080 1056
f 1082 1056 1067
f 1082 1067 1068
f 1082 1081 1056
f 1083 1062 1069
f 1083 1084 1062
f 1083 1080 1081
f 1083 1069 1080
f 1085 1068 1058
f 1085 1086 1084
f 1085 1058 1086
f 1085 1084 1083
f 1085 1083 1081
f 1085 1082 1068
f 1085 1081 1082
f 1079 1061 1064
f 1079 1064 1087
f 1077 1087 1088
f 1077 1079 1087
f 1054 1088 1053
f 1054 1077 1088
f 1089 1036 1044
f 1089 1059 1036
f 1090 1044 1046
f 1090 1089 1044
f 1053 1046 1045
f 1053 1090 1046
f 1091 1032 1029
f 1091 1057 1032
f 1092 1029 1031
f 1092 1091 1029
f 1060 1031 1030
f 1060 1092 1031
f 1093 1062 1084
f 1093 1063 1062
f 1094 1084 1086
f 1094 1093 1084
f 1057 1086 1058
f 1057 1094 1086
f 1095 1089 1090
f 1095 1090 1053
f 1095 1053 1088
f 1096 1088 1087
f 1096 1095 1088
f 1097 1087 1064
f 1097 1098 1099
f 1097 1064 1098
f 1097 1096 1087
f 1100 1059 1089
f 1100 1095 1096
f 1100 1089 1095
f 1101 1099 1059
f 1101 1100 1096
f 1101 1059 1100
f 1101 1096 1097
f 1101 1097 1099
f 1102 1063 1093
f 1102 1103 1063
f 1102 1104 1103
f 1105 1093 1094
f 1105 1102 1093
f 1106 1094 1057
f 1106 1057 1091
f 1106 1091 1092
f 1106 1105 1094
f 1107 1060 1104
f 1107 1102 1105
f 1107 1104 1102
f 1108 1092 1060
f 1108 1107 1105
f 1108 1105 1106
f 1108 1106 1092
f 1108 1060 1107
f 1098 1064 1063
f 1098 1063 1103
f 1099 1103 1104
f 1099 1098 1103
f 1059 1104 1060
f 1059 1099 1104
f 1109 996 993
f 1109 1019 996
f 1110 993 995
f 1110 1109 993
f 1022 995 994
f 1022 1110 995
f 1111 1028 1112
f 1111 1026 1028
f 1113 1112 1114
f 1113 1111 1112
f 1019 1114 1020
f 1019 1113 1114
f 1115 1004 1005
f 1115 1018 1004
f 1116 1005 1003
f 1116 1115 1005
f 1020 1003 999
f 1020 1116 1003
f 1117 1109 1110
f 1117 1110 1022
f 1117 1022 1118
f 1119 1118 1120
f 1119 1117 1118
f 1121 1026 1111
f 1121 1111 1113
f 1121 1120 1026
f 1121 1119 1120
f 1122 1019 1109
f 1122 1117 1119
f 1122 1109 1117
f 1123 1113 1019
f 1123 1122 1119
f 1123 1019 1122
f 1123 1119 1121
f 1123 1121 1113
f 1124 1114 1112
f 1124 1112 1028
f 1124 1028 1125
f 1126 1125 1127
f 1126 1124 1125
f 1128 1018 1115
f 1128 1115 1116
f 1128 1127 1018
f 1128 1126 1127
f 1129 1020 1114
f 1129 1124 1126
f 1129 1114 1124
f 1130 1116 1020
f 1130 1129 1126
f 1130 1020 1129
f 1130 1126 1128
f 1130 1128 1116
f 1131 1000 1007
f 1131 1021 1000
f 1132 1007 1009
f 1132 1131 1007
f 1024 1009 1008
f 1024 1132 1009
f 1133 1026 1120
f 1133 1027 1026
f 1134 1120 1118
f 1134 1133 1120
f 1021 1118 1022
f 1021 1134 1118
f 1125 1028 1025
f 1125 1025 1135
f 1127 1135 1136
f 1127 1125 1135
f 1018 1136 1017
f 1018 1127 1136
f 1137 1014 1016
f 1137 1023 1014
f 1138 1016 1015
f 1138 1137 1016
f 1017 1015 1011
f 1017 1138 1015
f 1139 1131 1132
f 1139 1132 1024
f 1140 1139 1024
f 1141 1142 1143
f 1141 1024 1142
f 1141 1140 1024
f 1144 1134 1021
f 1144 1021 1131
f 1144 1139 1140
f 1144 1131 1139
f 1145 1027 1133
f 1145 1133 1134
f 1145 1143 1027
f 1145 1144 1140
f 1145 1134 1144
f 1145 1141 1143
f 1145 1140 1141
f 1146 1147 1023
f 1146 1148 1147
f 1149 1146 1023
f 1150 1023 1137
f 1150 1137 1138
f 1150 1149 1023
f 1151 1135 1025
f 1151 1025 1148
f 1151 1146 1149
f 1151 1148 1146
f 1152 1138 1017
f 1152 1017 1136
f 1152 1136 1135
f 1152 1151 1149
f 1152 1135 1151
f 1152 1150 1138
f 1152 1149 1150
f 1148 1027 1143
f 1148 1025 1027
f 1147 1143 1142
f 1147 1148 1143
f 1023 1142 1024
f 1023 1147 1142
f 1006 985 1039
f 1006 986 985
f 1001 1039 1038
f 1001 1006 1039
f 984 1038 982
f 984 1001 1038
f 1034 990 992
f 1034 992 998
f 1033 998 997
f 1033 1034 998
f 983 997 981
f 983 1033 997
f 1002 989 991
f 1002 991 1037
f 1010 1037 1043
f 1010 1002 1037
f 978 1043 980
f 978 1010 1043
f 1049 987 1012
f 1049 988 987
f 1048 1012 1013
f 1048 1049 1012
f 979 1013 977
f 979 1048 1013

g Solid_28
usemtl Solid_28
f 1153 1154 1155
f 1155 1154 1156
f 1157 1158 1159
f 1160 1158 1157
f 1161 1162 1163
f 1161 1163 1164
f 1165 1166 1167
f 1168 1166 1165
f 1169 1170 1171
f 1172 1170 1169
f 1172 1173 1170
f 1170 1173 1174
f 1172 1157 1173
f 1174 1168 1170
f 1157 1175 1160
f 1172 1175 1157
f 1170 1165 1176
f 1168 1165 1170
f 1175 1177 1160
f 1165 1178 1176
f 1175 1179 1177
f 1180 1181 1175
f 1182 1181 1180
f 1175 1181 1179
f 1181 1162 1179
f 1183 1184 1185
f 1176 1184 1183
f 1186 1184 1178
f 1154 1184 1186
f 1178 1184 1176
f 1163 1187 1188
f 1189 1190 1153
f 1188 1190 1189
f 1153 1190 1154
f 1154 1190 1184
f 1187 1190 1188
f 1191 1192 1187
f 1187 1192 1190
f 1181 1187 1162
f 1162 1187 1163
f 1187 1181 1193
f 1193 1181 1194
f 1195 1175 1172
f 1196 1175 1195
f 1197 1170 1176
f 1198 1170 1197
f 1199 1200 1190
f 1190 1200 1184
f 1201 1202 1203
f 1201 1204 1202
f 1205 1206 1207
f 1208 1206 1205
f 1206 1209 1207
f 1207 1209 1210
f 1210 1159 1207
f 1206 1166 1209
f 1158 1211 1159
f 1159 1211 1207
f 1212 1167 1206
f 1206 1167 1166
f 1158 1213 1211
f 1212 1214 1167
f 1213 1215 1211
f 1216 1217 1218
f 1211 1217 1216
f 1215 1217 1211
f 1215 1161 1217
f 1219 1220 1212
f 1221 1220 1219
f 1222 1220 1156
f 1214 1220 1222
f 1212 1220 1214
f 1223 1224 1164
f 1164 1224 1161
f 1161 1224 1217
f 1225 1226 1223
f 1155 1226 1225
f 1223 1226 1224
f 1227 1228 1226
f 1226 1228 1224
f 1220 1226 1156
f 1156 1226 1155
f 1229 1217 1224
f 1229 1224 1230
f 1231 1226 1220
f 1231 1220 1232
f 1233 1212 1206
f 1233 1234 1212
f 1207 1235 1236
f 1207 1211 1235
f 1237 1238 1239
f 1237 1239 1240
f 1241 1224 1228
f 1241 1230 1224
f 1242 1228 1227
f 1242 1241 1228
f 1231 1227 1226
f 1231 1242 1227
f 1243 1220 1221
f 1243 1232 1220
f 1244 1221 1219
f 1244 1243 1221
f 1234 1219 1212
f 1234 1244 1219
f 1245 1237 1246
f 1245 1238 1237
f 1247 1246 1248
f 1247 1245 1246
f 1232 1248 1231
f 1232 1247 1248
f 1249 1241 1242
f 1249 1242 1231
f 1250 1249 1231
f 1251 1231 1248
f 1251 1248 1246
f 1251 1250 1231
f 1252 1230 1241
f 1252 1253 1230
f 1252 1249 1250
f 1252 1241 1249
f 1254 1246 1237
f 1254 1255 1253
f 1254 1237 1255
f 1254 1253 1252
f 1254 1252 1250
f 1254 1251 1246
f 1254 1250 1251
f 1256 1245 1247
f 1256 1247 1232
f 1257 1256 1232
f 1258 1232 1243
f 1258 1243 1244
f 1258 1257 1232
f 1259 1238 1245
f 1259 1260 1238
f 1259 1256 1257
f 1259 1245 1256
f 1261 1244 1234
f 1261 1262 1260
f 1261 1234 1262
f 1261 1260 1259
f 1261 1259 1257
f 1261 1258 1244
f 1261 1257 1258
f 1255 1237 1240
f 1255 1240 1263
f 1253 1263 1264
f 1253 1255 1263
f 1230 1264 1229
f 1230 1253 1264
f 1265 1211 1216
f 1265 1235 1211
f 1266 1216 1218
f 1266 1265 1216
f 1229 1218 1217
f 1229 1266 1218
f 1267 1206 1208
f 1267 1233 1206
f 1268 1208 1205
f 1268 1267 1208
f 1236 1205 1207
f 1236 1268 1205
f 1269 1238 1260
f 1269 1239 1238
f 1270 1260 1262
f 1270 1269 1260
f 1233 1262 1234
f 1233 1270 1262
f 1271 1265 1266
f 1271 1266 1229
f 1271 1229 1264
f 1272 1264 1263
f 1272 1271 1264
f 1273 1263 1240
f 1273 1274 1275
f 1273 1240 1274
f 1273 1272 1263
f 1276 1235 1265
f 1276 1271 1272
f 1276 1265 1271
f 1277 1275 1235
f 1277 1276 1272
f 1277 1235 1276
f 1277 1272 1273
f 1277 1273 1275
f 1278 1239 1269
f 1278 1279 1239
f 1278 1280 1279
f 1281 1269 1270
f 1281 1278 1269
f 1282 1270 1233
f 1282 1233 1267
f 1282 1267 1268
f 1282 1281 1270
f 1283 1236 1280
f 1283 1278 1281
f 1283 1280 1278
f 1284 1268 1236
f 1284 1283 1281
f 1284 1281 1282
f 1284 1282 1268
f 1284 1236 1283
f 1274 1240 1239
f 1274 1239 1279
f 1275 1279 1280
f 1275 1274 1279
f 1235 1280 1236
f 1235 1275 1280
f 1285 1172 1169
f 1285 1195 1172
f 1286 1169 1171
f 1286 1285 1169
f 1198 1171 1170
f 1198 1286 1171
f 1287 1204 1288
f 1287 1202 1204
f 1289 1288 1290
f 1289 1287 1288
f 1195 1290 1196
f 1195 1289 1290
f 1291 1181 1182
f 1291 1194 1181
f 1292 1182 1180
f 1292 1291 1182
f 1196 1180 1175
f 1196 1292 1180
f 1293 1285 1286
f 1293 1286 1198
f 1293 1198 1294
f 1295 1294 1296
f 1295 1293 1294
f 1297 1202 1287
f 1297 1287 1289
f 1297 1296 1202
f 1297 1295 1296
f 1298 1195 1285
f 1298 1293 1295
f 1298 1285 1293
f 1299 1289 1195
f 1299 1298 1295
f 1299 1195 1298
f 1299 1295 1297
f 1299 1297 1289
f 1300 1290 1288
f 1300 1288 1204
f 1300 1204 1301
f 1302 1301 1303
f 1302 1300 1301
f 1304 1194 1291
f 1304 1291 1292
f 1304 1303 1194
f 1304 1302 1303
f 1305 1196 1290
f 1305 1300 1302
f 1305 1290 1300
f 1306 1292 1196
f 1306 1305 1302
f 1306 1196 1305
f 1306 1302 1304
f 1306 1304 1292
f 1307 1176 1183
f 1307 1197 1176
f 1308 1183 1185
f 1308 1307 1183
f 1200 1185 1184
f 1200 1308 1185
f 1309 1202 1296
f 1309 1203 1202
f 1310 1296 1294
f 1310 1309 1296
f 1197 1294 1198
f 1197 1310 1294
f 1301 1204 1201
f 1301 1201 1311
f 1303 1311 1312
f 1303 1301 1311
f 1194 1312 1193
f 1194 1303 1312
f 1313 1190 1192
f 1313 1199 1190
f 1314 1192 1191
f 1314 1313 1192
f 1193 1191 1187
f 1193 1314 1191
f 1315 1307 1308
f 1315 1308 1200
f 1316 1315 1200
f 1317 1318 1319
f 1317 1200 1318
f 1317 1316 1200
f 1320 1310 1197
f 1320 1197 1307
f 1320 1315 1316
f 1320 1307 1315
f 1321 1203 1309
f 1321 1309 1310
f 1321 1319 1203
f 1321 1320 1316
f 1321 1310 1320
f 1321 1317 1319
f 1321 1316 1317
f 1322 1323 1199
f 1322 1324 1323
f 1325 1322 1199
f 1326 1199 1313
f 1326 1313 1314
f 1326 1325 1199
f 1327 1311 1201
f 1327 1201 1324
f 1327 1322 1325
f 1327 1324 1322
f 1328 1314 1193
f 1328 1193 1312
f 1328 1312 1311
f 1328 1327 1325
f 1328 1311 1327
f 1328 1326 1314
f 1328 1325 1326
f 1324 1203 1319
f 1324 1201 1203
f 1323 1319 1318
f 1323 1324 1319
f 1199 1318 1200
f 1199 1323 1318
f 1179 1161 1215
f 1179 1162 1161
f 1177 1215 1213
f 1177 1179 1215
f 1160 1213 1158
f 1160 1177 1213
f 1209 1166 1168
f 1209 1168 1174
f 1210 1174 1173
f 1210 1209 1174
f 1159 1173 1157
f 1159 1210 1173
f 1178 1165 1167
f 1178 1167 1214
f 1186 1214 1222
f 1186 1178 1214
f 1154 1222 1156
f 1154 1186 1222
f 1223 1163 1188
f 1223 1164 1163
f 1225 1188 1189
f 1225 1223 1188
f 1155 1189 1153
f 1155 1225 1189

g Solid_29
usemtl Solid_29
f 1329 1330 1331
f 1331 1330 1332
f 1333 1334 1335
f 1336 1334 1333
f 1337 1338 1339
f 1337 1339 1340
f 1341 1342 1343
f 1344 1342 1341
f 1345 1346 1347
f 1348 1346 1345
f 1348 1349 1346
f 1346 1349 1350
f 1348 1333 1349
f 1350 1344 1346
f 1333 1351 1336
f 1348 1351 1333
f 1346 1341 1352
f 1344 1341 1346
f 1351 1353 1336
f 1341 1354 1352
f 1351 1355 1353
f 1356 1357 1351
f 1358 1357 1356
f 1351 1357 1355
f 1357 1338 1355
f 1359 1360 1361
f 1352 1360 1359
f 1362 1360 1354
f 1330 1360 1362
f 1354 1360 1352
f 1339 1363 1364
f 1365 1366 1329
f 1364 1366 1365
f 1329 1366 1330
f 1330 1366 1360
f 1363 1366 1364
f 1367 1368 1363
f 1363 1368 1366
f 1357 1363 1338
f 1338 1363 1339
f 1363 1357 1369
f 1369 1357 1370
f 1371 1351 1348
f 1372 1351 1371
f 1373 1346 1352
f 1374 1346 1373
f 1375 1376 1366
f 1366 1376 1360
f 1377 1378 1379
f 1377 1380 1378
f 1381 1382 1383
f 1384 1382 1381
f 1382 1385 1383
f 1383 1385 1386
f 1386 1335 1383
f 1382 1342 1385
f 1334 1387 1335
f 1335 1387 1383
f 1388 1343 1382
f 1382 1343 1342
f 1334 1389 1387
f 1388 1390 1343
f 1389 1391 1387
f 1392 1393 1394
f 1387 1393 1392
f 1391 1393 1387
f 1391 1337 1393
f 1395 1396 1388
f 1397 1396 1395
f 1398 1396 1332
f 1390 1396 1398
f 1388 1396 1390
f 1399 1400 1340
f 1340 1400 1337
f 1337 1400 1393
f 1401 1402 1399
f 1331 1402 1401
f 1399 1402 1400
f 1403 1404 1402
f 1402 1404 1400
f 1396 1402 1332
f 1332 1402 1331
f 1405 1393 1400
f 1405 1400 1406
f 1407 1402 1396
f 1407 1396 1408
f 1409 1388 1382
f 1409 1410 1388
f 1383 1411 1412
f 1383 1387 1411
f 1413 1414 1415
f 1413 1415 1416
f 1417 1400 1404
f 1417 1406 1400
f 1418 1404 1403
f 1418 1417 1404
f 1407 1403 1402
f 1407 1418 1403
f 1419 1396 1397
f 1419 1408 1396
f 1420 1397 1395
f 1420 1419 1397
f 1410 1395 1388
f 1410 1420 1395
f 1421 1413 1422
f 1421 1414 1413
f 1423 1422 1424
f 1423 1421 1422
f 1408 1424 1407
f 1408 1423 1424
f 1425 1417 1418
f 1425 1418 1407
f 1426 1425 1407
f 1427 1407 1424
f 1427 1424 1422
f 1427 1426 1407
f 1428 1406 1417
f 1428 1429 1406
f 1428 1425 1426
f 1428 1417 1425
f 1430 1422 1413
f 1430 1431 1429
f 1430 1413 1431
f 1430 1429 1428
f 1430 1428 1426
f 1430 1427 1422
f 1430 1426 1427
f 1432 1421 1423
f 1432 1423 1408
f 1433 1432 1408
f 1434 1408 1419
f 1434 1419 1420
f 1434 1433 1408
f 1435 1414 1421
f 1435 1436 1414
f 1435 1432 1433
f 1435 1421 1432
f 1437 1420 1410
f 1437 1438 1436
f 1437 1410 1438
f 1437 1436 1435
f 1437 1435 1433
f 1437 1434 1420
f 1437 1433 1434
f 1431 1413 1416
f 1431 1416 1439
f 1429 1439 1440
f 1429 1431 1439
f 1406 1440 1405
f 1406 1429 1440
f 1441 1387 1392
f 1441 1411 1387
f 1442 1392 1394
f 1442 1441 1392
f 1405 1394 1393
f 1405 1442 1394
f 1443 1382 1384
f 1443 1409 1382
f 1444 1384 1381
f 1444 1443 1384
f 1412 1381 1383
f 1412 1444 1381
f 1445 1414 1436
f 1445 1415 1414
f 1446 1436 1438
f 1446 1445 1436
f 1409 1438 1410
f 1409 1446 1438
f 1447 1441 1442
f 1447 1442 1405
f 1447 1405 1440
f 1448 1440 1439
f 1448 1447 1440
f 1449 1439 1416
f 1449 1450 1451
f 1449 1416 1450
f 1449 1448 1439
f 1452 1411 1441
f 1452 1447 1448
f 1452 1441 1447
f 1453 1451 1411
f 1453 1452 1448
f 1453 1411 1452
f 1453 1448 1449
f 1453 1449 1451
f 1454 1415 1445
f 1454 1455 1415
f 1454 1456 1455
f 1457 1445 1446
f 1457 1454 1445
f 1458 1446 1409
f 1458 1409 1443
f 1458 1443 1444
f 1458 1457 1446
f 1459 1412 1456
f 1459 1454 1457
f 1459 1456 1454
f 1460 1444 1412
f 1460 1459 1457
f 1460 1457 1458
f 1460 1458 1444
f 1460 1412 1459
f 1450 1416 1415
f 1450 1415 1455
f 1451 1455 1456
f 1451 1450 1455
f 1411 1456 1412
f 1411 1451 1456
f 1461 1348 1345
f 1461 1371 1348
f 1462 1345 1347
f 1462 1461 1345
f 1374 1347 1346
f 1374 1462 1347
f 1463 1380 1464
f 1463 1378 1380
f 1465 1464 1466
f 1465 1463 1464
f 1371 1466 1372
f 1371 1465 1466
f 1467 1357 1358
f 1467 1370 1357
f 1468 1358 1356
f 1468 1467 1358
f 1372 1356 1351
f 1372 1468 1356
f 1469 1461 1462
f 1469 1462 1374
f 1469 1374 1470
f 1471 1470 1472
f 1471 1469 1470
f 1473 1378 1463
f 1473 1463 1465
f 1473 1472 1378
f 1473 1471 1472
f 1474 1371 1461
f 1474 1469 1471
f 1474 1461 1469
f 1475 1465 1371
f 1475 1474 1471
f 1475 1371 1474
f 1475 1471 1473
f 1475 1473 1465
f 1476 1466 1464
f 1476 1464 1380
f 1476 1380 1477
f 1478 1477 1479
f 1478 1476 1477
f 1480 1370 1467
f 1480 1467 1468
f 1480 1479 1370
f 1480 1478 1479
f 1481 1372 1466
f 1481 1476 1478
f 1481 1466 1476
f 1482 1468 1372
f 1482 1481 1478
f 1482 1372 1481
f 1482 1478 1480
f 1482 1480 1468
f 1483 1352 1359
f 1483 1373 1352
f 1484 1359 1361
f 1484 1483 1359
f 1376 1361 1360
f 1376 1484 1361
f 1485 1378 1472
f 1485 1379 1378
f 1486 1472 1470
f 1486 1485 1472
f 1373 1470 1374
f 1373 1486 1470
f 1477 1380 1377
f 1477 1377 1487
f 1479 1487 1488
f 1479 1477 1487
f 1370 1488 1369
f 1370 1479 1488
f 1489 1366 1368
f 1489 1375 1366
f 1490 1368 1367
f 1490 1489 1368
f 1369 1367 1363
f 1369 1490 1367
f 1491 1483 1484
f 1491 1484 1376
f 1492 1491 1376
f 1493 1494 1495
f 1493 1376 1494
f 1493 1492 1376
f 1496 1486 1373
f 1496 1373 1483
f 1496 1491 1492
f 1496 1483 1491
f 1497 1379 1485
f 1497 1485 1486
f 1497 1495 1379
f 1497 1496 1492
f 1497 1486 1496
f 1497 1493 1495
f 1497 1492 1493
f 1498 1499 1375
f 1498 1500 1499
f 1501 1498 1375
f 1502 1375 1489
f 1502 1489 1490
f 1502 1501 1375
f 1503 1487 1377
f 1503 1377 1500
f 1503 1498 1501
f 1503 1500 1498
f 1504 1490 1369
f 1504 1369 1488
f 1504 1488 1487
f 1504 1503 1501
f 1504 1487 1503
f 1504 1502 1490
f 1504 1501 1502
f 1500 1379 1495
f 1500 1377 1379
f 1499 1495 1494
f 1499 1500 1495
f 1375 1494 1376
f 1375 1499 1494
f 1355 1337 1391
f 1355 1338 1337
f 1353 1391 1389
f 1353 1355 1391
f 1336 1389 1334
f 1336 1353 1389
f 1385 1342 1344
f 1385 1344 1350
f 1386 1350 1349
f 1386 1385 1350
f 1335 1349 1333
f 1335 1386 1349
f 1354 1341 1343
f 1354 1343 1390
f 1362 1390 1398
f 1362 1354 1390
f 1330 1398 1332
f 1330 1362 1398
f 1399 1339 1364
f 1399 1340 1339
f 1401 1364 1365
f 1401 1399 1364
f 1331 1365 1329
f 1331 1401 1365

g Solid_30
usemtl Solid_30
f 1505 1506 1507
f 1507 1506 1508
f 1509 1510 1511
f 1512 1510 1509
f 1513 1514 1515
f 1513 1515 1516
f 1517 1518 1519
f 1520 1518 1517
f 1521 1522 1523
f 1524 1522 1521
f 1522 1525 1523
f 1523 1525 1526
f 1526 1520 1523
f 1522 1509 1525
f 1523 1517 1527
f 1520 1517 1523
f 1509 1528 1512
f 1522 1528 1509
f 1517 1529 1527
f 1528 1530 1512
f 1528 1531 1530
f 1532 1533 1534
f 1527 1533 1532
f 1535 1533 1529
f 1529 1533 1527
f 1535 1506 1533
f 1536 1537 1528
f 1538 1537 1536
f 1528 1537 1531
f 1537 1514 1531
f 1515 1539 1540
f 1541 1542 1505
f 1540 1542 1541
f 1505 1542 1506
f 1506 1542 1533
f 1539 1542 1540
f 1543 1544 1539
f 1539 1544 1542
f 1537 1539 1514
f 1514 1539 1515
f 1539 1537 1545
f 1545 1537 1546
f 1547 1528 1522
f 1548 1528 1547
f 1549 1523 1527
f 1550 1523 1549
f 1551 1552 1542
f 1542 1552 1533
f 1553 1554 1555
f 1553 1556 1554
f 1557 1558 1559
f 1560 1558 1557
f 1560 1561 1558
f 1562 1561 1560
f 1560 1518 1562
f 1561 1511 1558
f 1563 1519 1560
f 1560 1519 1518
f 1510 1564 1511
f 1511 1564 1558
f 1563 1565 1519
f 1510 1566 1564
f 1567 1568 1563
f 1569 1568 1567
f 1565 1568 1570
f 1563 1568 1565
f 1568 1508 1570
f 1571 1572 1573
f 1564 1572 1571
f 1574 1572 1566
f 1566 1572 1564
f 1574 1513 1572
f 1507 1575 1576
f 1577 1578 1516
f 1576 1578 1577
f 1516 1578 1513
f 1513 1578 1572
f 1575 1578 1576
f 1579 1580 1575
f 1575 1580 1578
f 1568 1575 1508
f 1508 1575 1507
f 1581 1572 1578
f 1581 1578 1582
f 1583 1575 1568
f 1583 1568 1584
f 1585 1563 1560
f 1585 1586 1563
f 1558 1587 1588
f 1558 1564 1587
f 1589 1590 1591
f 1589 1591 1592
f 1593 1578 1580
f 1593 1582 1578
f 1594 1580 1579
f 1594 1593 1580
f 1583 1579 1575
f 1583 1594 1579
f 1595 1568 1569
f 1595 1584 1568
f 1596 1569 1567
f 1596 1595 1569
f 1586 1567 1563
f 1586 1596 1567
f 1597 1589 1598
f 1597 1590 1589
f 1599 1598 1600
f 1599 1597 1598
f 1584 1600 1583
f 1584 1599 1600
f 1601 1593 1594
f 1601 1594 1583
f 1602 1601 1583
f 1603 1583 1600
f 1603 1600 1598
f 1603 1602 1583
f 1604 1582 1593
f 1604 1605 1582
f 1604 1601 1602
f 1604 1593 1601
f 1606 1598 1589
f 1606 1607 1605
f 1606 1589 1607
f 1606 1605 1604
f 1606 1604 1602
f 1606 1603 1598
f 1606 1602 1603
f 1608 1597 1599
f 1608 1599 1584
f 1609 1608 1584
f 1610 1584 1595
f 1610 1595 1596
f 1610 1609 1584
f 1611 1590 1597
f 1611 1612 1590
f 1611 1608 1609
f 1611 1597 1608
f 1613 1596 1586
f 1613 1614 1612
f 1613 1586 1614
f 1613 1612 1611
f 1613 1611 1609
f 1613 1610 1596
f 1613 1609 1610
f 1607 1589 1592
f 1607 1592 1615
f 1605 1615 1616
f 1605 1607 1615
f 1582 1616 1581
f 1582 1605 1616
f 1617 1564 1571
f 1617 1587 1564
f 1618 1571 1573
f 1618 1617 1571
f 1581 1573 1572
f 1581 1618 1573
f 1619 1560 1557
f 1619 1585 1560
f 1620 1557 1559
f 1620 1619 1557
f 1588 1559 1558
f 1588 1620 1559
f 1621 1590 1612
f 1621 1591 1590
f 1622 1612 1614
f 1622 1621 1612
f 1585 1614 1586
f 1585 1622 1614
f 1623 1617 1618
f 1623 1618 1581
f 1623 1581 1616
f 1624 1616 1615
f 1624 1623 1616
f 1625 1615 1592
f 1625 1626 1627
f 1625 1592 1626
f 1625 1624 1615
f 1628 1587 1617
f 1628 1623 1624
f 1628 1617 1623
f 1629 1627 1587
f 1629 1628 1624
f 1629 1587 1628
f 1629 1624 1625
f 1629 1625 1627
f 1630 1591 1621
f 1630 1631 1591
f 1630 1632 1631
f 1633 1621 1622
f 1633 1630 1621
f 1634 1622 1585
f 1634 1585 1619
f 1634 1619 1620
f 1634 1633 1622
f 1635 1588 1632
f 1635 1630 1633
f 1635 1632 1630
f 1636 1620 1588
f 1636 1635 1633
f 1636 1633 1634
f 1636 1634 1620
f 1636 1588 1635
f 1626 1592 1591
f 1626 1591 1631
f 1627 1631 1632
f 1627 1626 1631
f 1587 1632 1588
f 1587 1627 1632
f 1637 1522 1524
f 1637 1547 1522
f 1638 1524 1521
f 1638 1637 1524
f 1550 1521 1523
f 1550 1638 1521
f 1639 1556 1640
f 1639 1554 1556
f 1641 1640 1642
f 1641 1639 1640
f 1547 1642 1548
f 1547 1641 1642
f 1643 1537 1538
f 1643 1546 1537
f 1644 1538 1536
f 1644 1643 1538
f 1548 1536 1528
f 1548 1644 1536
f 1645 1637 1638
f 1645 1638 1550
f 1645 1550 1646
f 1647 1646 1648
f 1647 1645 1646
f 1649 1554 1639
f 1649 1639 1641
f 1649 1648 1554
f 1649 1647 1648
f 1650 1547 1637
f 1650 1645 1647
f 1650 1637 1645
f 1651 1641 1547
f 1651 1650 1647
f 1651 1547 1650
f 1651 1647 1649
f 1651 1649 1641
f 1652 1642 1640
f 1652 1640 1556
f 1652 1556 1653
f 1654 1653 1655
f 1654 1652 1653
f 1656 1546 1643
f 1656 1643 1644
f 1656 1655 1546
f 1656 1654 1655
f 1657 1548 1642
f 1657 1652 1654
f 1657 1642 1652
f 1658 1644 1548
f 1658 1657 1654
f 1658 1548 1657
f 1658 1654 1656
f 1658 1656 1644
f 1659 1527 1532
f 1659 1549 1527
f 1660 1532 1534
f 1660 1659 1532
f 1552 1534 1533
f 1552 1660 1534
f 1661 1554 1648
f 1661 1555 1554
f 1662 1648 1646
f 1662 1661 1648
f 1549 1646 1550
f 1549 1662 1646
f 1653 1556 1553
f 1653 1553 1663
f 1655 1663 1664
f 1655 1653 1663
f 1546 1664 1545
f 1546 1655 1664
f 1665 1542 1544
f 1665 1551 1542
f 1666 1544 1543
f 1666 1665 1544
f 1545 1543 1539
f 1545 1666 1543
f 1667 1659 1660
f 1667 1660 1552
f 1668 1667 1552
f 1669 1670 1671
f 1669 1552 1670
f 1669 1668 1552
f 1672 1662 1549
f 1672 1549 1659
f 1672 1667 1668
f 1672 1659 1667
f 1673 1555 1661
f 1673 1661 1662
f 1673 1671 1555
f 1673 1672 1668
f 1673 1662 1672
f 1673 1669 1671
f 1673 1668 1669
f 1674 1675 1551
f 1674 1676 1675
f 1677 1674 1551
f 1678 1551 1665
f 1678 1665 1666
f 1678 1677 1551
f 1679 1663 1553
f 1679 1553 1676
f 1679 1674 1677
f 1679 1676 1674
f 1680 1666 1545
f 1680 1545 1664
f 1680 1664 1663
f 1680 1679 1677
f 1680 1663 1679
f 1680 1678 1666
f 1680 1677 1678
f 1676 1555 1671
f 1676 1553 1555
f 1675 1671 1670
f 1675 1676 1671
f 1551 1670 1552
f 1551 1675 1670
f 1531 1513 1574
f 1531 1514 1513
f 1530 1574 1566
f 1530 1531 1574
f 1512 1566 1510
f 1512 1530 1566
f 1562 1518 1520
f 1562 1520 1526
f 1561 1526 1525
f 1561 1562 1526
f 1511 1525 1509
f 1511 1561 1525
f 1529 1517 1519
f 1529 1519 1565
f 1535 1565 1570
f 1535 1529 1565
f 1506 1570 1508
f 1506 1535 1570
f 1577 1515 1540
f 1577 1516 1515
f 1576 1540 1541
f 1576 1577 1540
f 1507 1541 1505
f 1507 1576 1541

g Solid_31
usemtl Solid_31
f 1681 1682 1683
f 1683 1682 1684
f 1685 1686 1687
f 1688 1686 1685
f 1689 1690 1691
f 1689 1691 1692
f 1693 1694 1695
f 1696 1694 1693
f 1697 1698 1699
f 1700 1698 1697
f 1698 1701 1699
f 1699 1701 1702
f 1702 1696 1699
f 1698 1685 1701
f 1699 1693 1703
f 1696 1693 1699
f 1685 1704 1688
f 1698 1704 1685
f 1693 1705 1703
f 1704 1706 1688
f 1704 1707 1706
f 1708 1709 1710
f 1703 1709 1708
f 1711 1709 1705
f 1705 1709 1703
f 1711 1682 1709
f 1712 1713 1704
f 1714 1713 1712
f 1704 1713 1707
f 1713 1690 1707
f 1691 1715 1716
f 1717 1718 1681
f 1716 1718 1717
f 1681 1718 1682
f 1682 1718 1709
f 1715 1718 1716
f 1719 1720 1715
f 1715 1720 1718
f 1713 1715 1690
f 1690 1715 1691
f 1715 1713 1721
f 1721 1713 1722
f 1723 1704 1698
f 1724 1704 1723
f 1725 1699 1703
f 1726 1699 1725
f 1727 1728 1718
f 1718 1728 1709
f 1729 1730 1731
f 1729 1732 1730
f 1733 1734 1735
f 1736 1734 1733
f 1736 1737 1734
f 1738 1737 1736
f 1736 1694 1738
f 1737 1687 1734
f 1739 1695 1736
f 1736 1695 1694
f 1686 1740 1687
f 1687 1740 1734
f 1739 1741 1695
f 1686 1742 1740
f 1743 1744 1739
f 1745 1744 1743
f 1741 1744 1746
f 1739 1744 1741
f 1744 1684 1746
f 1747 1748 1749
f 1740 1748 1747
f 1750 1748 1742
f 1742 1748 1740
f 1750 1689 1748
f 1683 1751 1752
f 1753 1754 1692
f 1752 1754 1753
f 1692 1754 1689
f 1689 1754 1748
f 1751 1754 1752
f 1755 1756 1751
f 1751 1756 1754
f 1744 1751 1684
f 1684 1751 1683
f 1757 1748 1754
f 1757 1754 1758
f 1759 1751 1744
f 1759 1744 1760
f 1761 1739 1736
f 1761 1762 1739
f 1734 1763 1764
f 1734 1740 1763
f 1765 1766 1767
f 1765 1767 1768
f 1769 1754 1756
f 1769 1758 1754
f 1770 1756 1755
f 1770 1769 1756
f 1759 1755 1751
f 1759 1770 1755
f 1771 1744 1745
f 1771 1760 1744
f 1772 1745 1743
f 1772 1771 1745
f 1762 1743 1739
f 1762 1772 1743
f 1773 1765 1774
f 1773 1766 1765
f 1775 1774 1776
f 1775 1773 1774
f 1760 1776 1759
f 1760 1775 1776
f 1777 1769 1770
f 1777 1770 1759
f 1778 1777 1759
f 1779 1759 1776
f 1779 1776 1774
f 1779 1778 1759
f 1780 1758 1769
f 1780 1781 1758
f 1780 1777 1778
f 1780 1769 1777
f 1782 1774 1765
f 1782 1783 1781
f 1782 1765 1783
f 1782 1781 1780
f 1782 1780 1778
f 1782 1779 1774
f 1782 1778 1779
f 1784 1773 1775
f 1784 1775 1760
f 1785 1784 1760
f 1786 1760 1771
f 1786 1771 1772
f 1786 1785 1760
f 1787 1766 1773
f 1787 1788 1766
f 1787 1784 1785
f 1787 1773 1784
f 1789 1772 1762
f 1789 1790 1788
f 1789 1762 1790
f 1789 1788 1787
f 1789 1787 1785
f 1789 1786 1772
f 1789 1785 1786
f 1783 1765 1768
f 1783 1768 1791
f 1781 1791 1792
f 1781 1783 1791
f 1758 1792 1757
f 1758 1781 1792
f 1793 1740 1747
f 1793 1763 1740
f 1794 1747 1749
f 1794 1793 1747
f 1757 1749 1748
f 1757 1794 1749
f 1795 1736 1733
f 1795 1761 1736
f 1796 1733 1735
f 1796 1795 1733
f 1764 1735 1734
f 1764 1796 1735
f 1797 1766 1788
f 1797 1767 1766
f 1798 1788 1790
f 1798 1797 1788
f 1761 1790 1762
f 1761 1798 1790
f 1799 1793 1794
f 1799 1794 1757
f 1799 1757 1792
f 1800 1792 1791
f 1800 1799 1792
f 1801 1791 1768
f 1801 1802 1803
f 1801 1768 1802
f 1801 1800 1791
f 1804 1763 1793
f 1804 1799 1800
f 1804 1793 1799
f 1805 1803 1763
f 1805 1804 1800
f 1805 1763 1804
f 1805 1800 1801
f 1805 1801 1803
f 1806 1767 1797
f 1806 1807 1767
f 1806 1808 1807
f 1809 1797 1798
f 1809 1806 1797
f 1810 1798 1761
f 1810 1761 1795
f 1810 1795 1796
f 1810 1809 1798
f 1811 1764 1808
f 1811 1806 1809
f 1811 1808 1806
f 1812 1796 1764
f 1812 1811 1809
f 1812 1809 1810
f 1812 1810 1796
f 1812 1764 1811
f 1802 1768 1767
f 1802 1767 1807
f 1803 1807 1808
f 1803 1802 1807
f 1763 1808 1764
f 1763 1803 1808
f 1813 1698 1700
f 1813 1723 1698
f 1814 1700 1697
f 1814 1813 1700
f 1726 1697 1699
f 1726 1814 1697
f 1815 1732 1816
f 1815 1730 1732
f 1817 1816 1818
f 1817 1815 1816
f 1723 1818 1724
f 1723 1817 1818
f 1819 1713 1714
f 1819 1722 1713
f 1820 1714 1712
f 1820 1819 1714
f 1724 1712 1704
f 1724 1820 1712
f 1821 1813 1814
f 1821 1814 1726
f 1821 1726 1822
f 1823 1822 1824
f 1823 1821 1822
f 1825 1730 1815
f 1825 1815 1817
f 1825 1824 1730
f 1825 1823 1824
f 1826 1723 1813
f 1826 1821 1823
f 1826 1813 1821
f 1827 1817 1723
f 1827 1826 1823
f 1827 1723 1826
f 1827 1823 1825
f 1827 1825 1817
f 1828 1818 1816
f 1828 1816 1732
f 1828 1732 1829
f 1830 1829 1831
f 1830 1828 1829
f 1832 1722 1819
f 1832 1819 1820
f 1832 1831 1722
f 1832 1830 1831
f 1833 1724 1818
f 1833 1828 1830
f 1833 1818 1828
f 1834 1820 1724
f 1834 1833 1830
f 1834 1724 1833
f 1834 1830 1832
f 1834 1832 1820
f 1835 1703 1708
f 1835 1725 1703
f 1836 1708 1710
f 1836 1835 1708
f 1728 1710 1709
f 1728 1836 1710
f 1837 1730 1824
f 1837 1731 1730
f 1838 1824 1822
f 1838 1837 1824
f 1725 1822 1726
f 1725 1838 1822
f 1829 1732 1729
f 1829 1729 1839
f 1831 1839 1840
f 1831 1829 1839
f 1722 1840 1721
f 1722 1831 1840
f 1841 1718 1720
f 1841 1727 1718
f 1842 1720 1719
f 1842 1841 1720
f 1721 1719 1715
f 1721 1842 1719
f 1843 1835 1836
f 1843 1836 1728
f 1844 1843 1728
f 1845 1846 1847
f 1845 1728 1846
f 1845 1844 1728
f 1848 1838 1725
f 1848 1725 1835
f 1848 1843 1844
f 1848 1835 1843
f 1849 1731 1837
f 1849 1837 1838
f 1849 1847 1731
f 1849 1848 1844
f 1849 1838 1848
f 1849 1845 1847
f 1849 1844 1845
f 1850 1851 1727
f 1850 1852 1851
f 1853 1850 1727
f 1854 1727 1841
f 1854 1841 1842
f 1854 1853 1727
f 1855 1839 1729
f 1855 1729 1852
f 1855 1850 1853
f 1855 1852 1850
f 1856 1842 1721
f 1856 1721 1840
f 1856 1840 1839
f 1856 1855 1853
f 1856 1839 1855
f 1856 1854 1842
f 1856 1853 1854
f 1852 1731 1847
f 1852 1729 1731
f 1851 1847 1846
f 1851 1852 1847
f 1727 1846 1728
f 1727 1851 1846
f 1707 1689 1750
f 1707 1690 1689
f 1706 1750 1742
f 1706 1707 1750
f 1688 1742 1686
f 1688 1706 1742
f 1738 1694 1696
f 1738 1696 1702
f 1737 1702 1701
f 1737 1738 1702
f 1687 1701 1685
f 1687 1737 1701
f 1705 1693 1695
f 1705 1695 1741
f 1711 1741 1746
f 1711 1705 1741
f 1682 1746 1684
f 1682 1711 1746
f 1753 1691 1716
f 1753 1692 1691
f 1752 1716 1717
f 1752 1753 1716
f 1683 1717 1681
f 1683 1752 1717

g Solid_32
usemtl Solid_32
f 1857 1858 1859
f 1859 1858 1860
f 1861 1862 1863
f 1864 1862 1861
f 1865 1866 1867
f 1865 1867 1868
f 1869 1870 1871
f 1872 1870 1869
f 1873 1874 1875
f 1876 1874 1873
f 1876 1877 1874
f 1874 1877 1878
f 1876 1861 1877
f 1878 1872 1874
f 1861 1879 1864
f 1876 1879 1861
f 1874 1869 1880
f 1872 1869 1874
f 1879 1881 1864
f 1869 1882 1880
f 1883 1884 1879
f 1881 1885 1886
f 1879 1885 1881
f 1884 1885 1879
f 1885 1866 1886
f 1887 1888 1889
f 1880 1888 1887
f 1890 1888 1882
f 1858 1888 1890
f 1882 1888 1880
f 1867 1891 1892
f 1893 1894 1857
f 1892 1894 1893
f 1857 1894 1858
f 1858 1894 1888
f 1891 1894 1892
f 1895 1896 1891
f 1891 1896 1894
f 1885 1891 1866
f 1866 1891 1867
f 1891 1885 1897
f 1897 1885 1898
f 1899 1879 1876
f 1900 1879 1899
f 1901 1874 1880
f 1902 1874 1901
f 1903 1904 1894
f 1894 1904 1888
f 1905 1906 1907
f 1905 1908 1906
f 1909 1910 1911
f 1912 1910 1909
f 1910 1913 1911
f 1911 1913 1914
f 1914 1863 1911
f 1910 1870 1913
f 1862 1915 1863
f 1863 1915 1911
f 1916 1871 1910
f 1910 1871 1870
f 1862 1917 1915
f 1916 1918 1871
f 1919 1920 1921
f 1915 1920 1919
f 1922 1920 1917
f 1917 1920 1915
f 1922 1865 1920
f 1923 1924 1916
f 1925 1924 1923
f 1918 1924 1926
f 1916 1924 1918
f 1924 1860 1926
f 1927 1928 1929
f 1859 1928 1927
f 1929 1930 1868
f 1868 1930 1865
f 1865 1930 1920
f 1928 1930 1929
f 1931 1932 1928
f 1928 1932 1930
f 1924 1928 1860
f 1860 1928 1859
f 1933 1920 1930
f 1933 1930 1934
f 1935 1928 1924
f 1935 1924 1936
f 1937 1916 1910
f 1937 1938 1916
f 1911 1939 1940
f 1911 1915 1939
f 1941 1942 1943
f 1941 1943 1944
f 1945 1930 1932
f 1945 1934 1930
f 1946 1932 1931
f 1946 1945 1932
f 1935 1931 1928
f 1935 1946 1931
f 1947 1924 1925
f 1947 1936 1924
f 1948 1925 1923
f 1948 1947 1925
f 1938 1923 1916
f 1938 1948 1923
f 1949 1941 1950
f 1949 1942 1941
f 1951 1950 1952
f 1951 1949 1950
f 1936 1952 1935
f 1936 1951 1952
f 1953 1945 1946
f 1953 1946 1935
f 1954 1953 1935
f 1955 1935 1952
f 1955 1952 1950
f 1955 1954 1935
f 1956 1934 1945
f 1956 1957 1934
f 1956 1953 1954
f 1956 1945 1953
f 1958 1950 1941
f 1958 1959 1957
f 1958 1941 1959
f 1958 1957 1956
f 1958 1956 1954
f 1958 1955 1950
f 1958 1954 1955
f 1960 1949 1951
f 1960 1951 1936
f 1961 1960 1936
f 1962 1936 1947
f 1962 1947 1948
f 1962 1961 1936
f 1963 1942 1949
f 1963 1964 1942
f 1963 1960 1961
f 1963 1949 1960
f 1965 1948 1938
f 1965 1966 1964
f 1965 1938 1966
f 1965 1964 1963
f 1965 1963 1961
f 1965 1962 1948
f 1965 1961 1962
f 1959 1941 1944
f 1959 1944 1967
f 1957 1967 1968
f 1957 1959 1967
f 1934 1968 1933
f 1934 1957 1968
f 1969 1915 1919
f 1969 1939 1915
f 1970 1919 1921
f 1970 1969 1919
f 1933 1921 1920
f 1933 1970 1921
f 1971 1910 1912
f 1971 1937 1910
f 1972 1912 1909
f 1972 1971 1912
f 1940 1909 1911
f 1940 1972 1909
f 1973 1942 1964
f 1973 1943 1942
f 1974 1964 1966
f 1974 1973 1964
f 1937 1966 1938
f 1937 1974 1966
f 1975 1969 1970
f 1975 1970 1933
f 1975 1933 1968
f 1976 1968 1967
f 1976 1975 1968
f 1977 1967 1944
f 1977 1978 1979
f 1977 1944 1978
f 1977 1976 1967
f 1980 1939 1969
f 1980 1975 1976
f 1980 1969 1975
f 1981 1979 1939
f 1981 1980 1976
f 1981 1939 1980
f 1981 1976 1977
f 1981 1977 1979
f 1982 1943 1973
f 1982 1983 1943
f 1982 1984 1983
f 1985 1973 1974
f 1985 1982 1973
f 1986 1974 1937
f 1986 1937 1971
f 1986 1971 1972
f 1986 1985 1974
f 1987 1940 1984
f 1987 1982 1985
f 1987 1984 1982
f 1988 1972 1940
f 1988 1987 1985
f 1988 1985 1986
f 1988 1986 1972
f 1988 1940 1987
f 1978 1944 1943
f 1978 1943 1983
f 1979 1983 1984
f 1979 1978 1983
f 1939 1984 1940
f 1939 1979 1984
f 1989 1876 1873
f 1989 1899 1876
f 1990 1873 1875
f 1990 1989 1873
f 1902 1875 1874
f 1902 1990 1875
f 1991 1908 1992
f 1991 1906 1908
f 1993 1992 1994
f 1993 1991 1992
f 1899 1994 1900
f 1899 1993 1994
f 1995 1885 1884
f 1995 1898 1885
f 1996 1884 1883
f 1996 1995 1884
f 1900 1883 1879
f 1900 1996 1883
f 1997 1989 1990
f 1997 1990 1902
f 1997 1902 1998
f 1999 1998 2000
f 1999 1997 1998
f 2001 1906 1991
f 2001 1991 1993
f 2001 2000 1906
f 2001 1999 2000
f 2002 1899 1989
f 2002 1997 1999
f 2002 1989 1997
f 2003 1993 1899
f 2003 2002 1999
f 2003 1899 2002
f 2003 1999 2001
f 2003 2001 1993
f 2004 1994 1992
f 2004 1992 1908
f 2004 1908 2005
f 2006 2005 2007
f 2006 2004 2005
f 2008 1898 1995
f 2008 1995 1996
f 2008 2007 1898
f 2008 2006 2007
f 2009 1900 1994
f 2009 2004 2006
f 2009 1994 2004
f 2010 1996 1900
f 2010 2009 2006
f 2010 1900 2009
f 2010 2006 2008
f 2010 2008 1996
f 2011 1880 1887
f 2011 1901 1880
f 2012 1887 1889
f 2012 2011 1887
f 1904 1889 1888
f 1904 2012 1889
f 2013 1906 2000
f 2013 1907 1906
f 2014 2000 1998
f 2014 2013 2000
f 1901 1998 1902
f 1901 2014 1998
f 2005 1908 1905
f 2005 1905 2015
f 2007 2015 2016
f 2007 2005 2015
f 1898 2016 1897
f 1898 2007 2016
f 2017 1894 1896
f 2017 1903 1894
f 2018 1896 1895
f 2018 2017 1896
f 1897 1895 1891
f 1897 2018 1895
f 2019 2011 2012
f 2019 2012 1904
f 2020 2019 1904
f 2021 2022 2023
f 2021 1904 2022
f 2021 2020 1904
f 2024 2014 1901
f 2024 1901 2011
f 2024 2019 2020
f 2024 2011 2019
f 2025 1907 2013
f 2025 2013 2014
f 2025 2023 1907
f 2025 2024 2020
f 2025 2014 2024
f 2025 2021 2023
f 2025 2020 2021
f 2026 2027 1903
f 2026 2028 2027
f 2029 2026 1903
f 2030 1903 2017
f 2030 2017 2018
f 2030 2029 1903
f 2031 2015 1905
f 2031 1905 2028
f 2031 2026 2029
f 2031 2028 2026
f 2032 2018 1897
f 2032 1897 2016
f 2032 2016 2015
f 2032 2031 2029
f 2032 2015 2031
f 2032 2030 2018
f 2032 2029 2030
f 2028 1907 2023
f 2028 1905 1907
f 2027 2023 2022
f 2027 2028 2023
f 1903 2022 1904
f 1903 2027 2022
f 1886 1865 1922
f 1886 1866 1865
f 1881 1922 1917
f 1881 1886 1922
f 1864 1917 1862
f 1864 1881 1917
f 1913 1870 1872
f 1913 1872 1878
f 1914 1878 1877
f 1914 1913 1878
f 1863 1877 1861
f 1863 1914 1877
f 1882 1869 1871
f 1882 1871 1918
f 1890 1918 1926
f 1890 1882 1918
f 1858 1926 1860
f 1858 1890 1926
f 1929 1867 1892
f 1929 1868 1867
f 1927 1892 1893
f 1927 1929 1892
f 1859 1893 1857
f 1859 1927 1893

g Solid_33
usemtl Solid_33
f 2033 2034 2035
f 2035 2034 2036
f 2037 2038 2039
f 2040 2038 2037
f 2041 2042 2043
f 2041 2043 2044
f 2045 2046 2047
f 2048 2046 2045
f 2049 2050 2051
f 2052 2050 2049
f 2052 2053 2050
f 2050 2053 2054
f 2052 2037 2053
f 2054 2048 2050
f 2037 2055 2040
f 2052 2055 2037
f 2045 2056 2048
f 2048 2056 2050
f 2055 2057 2040
f 2045 2058 2056
f 2059 2060 2055
f 2061 2060 2059
f 2057 2060 2062
f 2055 2060 2057
f 2060 2042 2062
f 2063 2064 2065
f 2056 2064 2063
f 2066 2064 2058
f 2034 2064 2066
f 2058 2064 2056
f 2043 2067 2068
f 2069 2070 2033
f 2068 2070 2069
f 2033 2070 2034
f 2034 2070 2064
f 2067 2070 2068
f 2071 2072 2067
f 2067 2072 2070
f 2060 2067 2042
f 2042 2067 2043
f 2067 2060 2073
f 2073 2060 2074
f 2075 2055 2052
f 2076 2055 2075
f 2077 2050 2056
f 2078 2050 2077
f 2079 2080 2070
f 2070 2080 2064
f 2081 2082 2083
f 2081 2084 2082
f 2085 2086 2087
f 2088 2086 2085
f 2088 2089 2086
f 2090 2089 2088
f 2088 2046 2090
f 2089 2039 2086
f 2091 2047 2088
f 2088 2047 2046
f 2038 2092 2039
f 2039 2092 2086
f 2091 2093 2047
f 2038 2094 2092
f 2094 2095 2092
f 2096 2097 2091
f 2098 2097 2096
f 2093 2097 2099
f 2091 2097 2093
f 2097 2036 2099
f 2100 2101 2102
f 2092 2101 2100
f 2095 2101 2092
f 2095 2041 2101
f 2035 2103 2104
f 2105 2106 2044
f 2104 2106 2105
f 2044 2106 2041
f 2041 2106 2101
f 2103 2106 2104
f 2107 2108 2103
f 2103 2108 2106
f 2097 2103 2036
f 2036 2103 2035
f 2109 2101 2106
f 2109 2106 2110
f 2111 2103 2097
f 2111 2097 2112
f 2113 2091 2088
f 2113 2114 2091
f 2086 2115 2116
f 2086 2092 2115
f 2117 2118 2119
f 2117 2119 2120
f 2121 2106 2108
f 2121 2110 2106
f 2122 2108 2107
f 2122 2121 2108
f 2111 2107 2103
f 2111 2122 2107
f 2123 2097 2098
f 2123 2112 2097
f 2124 2098 2096
f 2124 2123 2098
f 2114 2096 2091
f 2114 2124 2096
f 2125 2117 2126
f 2125 2118 2117
f 2127 2126 2128
f 2127 2125 2126
f 2112 2128 2111
f 2112 2127 2128
f 2129 2121 2122
f 2129 2122 2111
f 2130 2129 2111
f 2131 2111 2128
f 2131 2128 2126
f 2131 2130 2111
f 2132 2110 2121
f 2132 2133 2110
f 2132 2129 2130
f 2132 2121 2129
f 2134 2126 2117
f 2134 2135 2133
f 2134 2117 2135
f 2134 2133 2132
f 2134 2132 2130
f 2134 2131 2126
f 2134 2130 2131
f 2136 2125 2127
f 2136 2127 2112
f 2137 2136 2112
f 2138 2112 2123
f 2138 2123 2124
f 2138 2137 2112
f 2139 2118 2125
f 2139 2140 2118
f 2139 2136 2137
f 2139 2125 2136
f 2141 2124 2114
f 2141 2142 2140
f 2141 2114 2142
f 2141 2140 2139
f 2141 2139 2137
f 2141 2138 2124
f 2141 2137 2138
f 2135 2117 2120
f 2135 2120 2143
f 2133 2143 2144
f 2133 2135 2143
f 2110 2144 2109
f 2110 2133 2144
f 2145 2092 2100
f 2145 2115 2092
f 2146 2100 2102
f 2146 2145 2100
f 2109 2102 2101
f 2109 2146 2102
f 2147 2088 2085
f 2147 2113 2088
f 2148 2085 2087
f 2148 2147 2085
f 2116 2087 2086
f 2116 2148 2087
f 2149 2118 2140
f 2149 2119 2118
f 2150 2140 2142
f 2150 2149 2140
f 2113 2142 2114
f 2113 2150 2142
f 2151 2145 2146
f 2151 2146 2109
f 2151 2109 2144
f 2152 2144 2143
f 2152 2151 2144
f 2153 2143 2120
f 2153 2154 2155
f 2153 2120 2154
f 2153 2152 2143
f 2156 2115 2145
f 2156 2151 2152
f 2156 2145 2151
f 2157 2155 2115
f 2157 2156 2152
f 2157 2115 2156
f 2157 2152 2153
f 2157 2153 2155
f 2158 2119 2149
f 2158 2159 2119
f 2158 2160 2159
f 2161 2149 2150
f 2161 2158 2149
f 2162 2150 2113
f 2162 2113 2147
f 2162 2147 2148
f 2162 2161 2150
f 2163 2116 2160
f 2163 2158 2161
f 2163 2160 2158
f 2164 2148 2116
f 2164 2163 2161
f 2164 2161 2162
f 2164 2162 2148
f 2164 2116 2163
f 2154 2120 2119
f 2154 2119 2159
f 2155 2159 2160
f 2155 2154 2159
f 2115 2160 2116
f 2115 2155 2160
f 2165 2052 2049
f 2165 2075 2052
f 2166 2049 2051
f 2166 2165 2049
f 2078 2051 2050
f 2078 2166 2051
f 2167 2084 2168
f 2167 2082 2084
f 2169 2168 2170
f 2169 2167 2168
f 2075 2170 2076
f 2075 2169 2170
f 2171 2060 2061
f 2171 2074 2060
f 2172 2061 2059
f 2172 2171 2061
f 2076 2059 2055
f 2076 2172 2059
f 2173 2165 2166
f 2173 2166 2078
f 2173 2078 2174
f 2175 2174 2176
f 2175 2173 2174
f 2177 2082 2167
f 2177 2167 2169
f 2177 2176 2082
f 2177 2175 2176
f 2178 2075 2165
f 2178 2173 2175
f 2178 2165 2173
f 2179 2169 2075
f 2179 2178 2175
f 2179 2075 2178
f 2179 2175 2177
f 2179 2177 2169
f 2180 2170 2168
f 2180 2168 2084
f 2180 2084 2181
f 2182 2181 2183
f 2182 2180 2181
f 2184 2074 2171
f 2184 2171 2172
f 2184 2183 2074
f 2184 2182 2183
f 2185 2076 2170
f 2185 2180 2182
f 2185 2170 2180
f 2186 2172 2076
f 2186 2185 2182
f 2186 2076 2185
f 2186 2182 2184
f 2186 2184 2172
f 2187 2056 2063
f 2187 2077 2056
f 2188 2063 2065
f 2188 2187 2063
f 2080 2065 2064
f 2080 2188 2065
f 2189 2082 2176
f 2189 2083 2082
f 2190 2176 2174
f 2190 2189 2176
f 2077 2174 2078
f 2077 2190 2174
f 2181 2084 2081
f 2181 2081 2191
f 2183 2191 2192
f 2183 2181 2191
f 2074 2192 2073
f 2074 2183 2192
f 2193 2070 2072
f 2193 2079 2070
f 2194 2072 2071
f 2194 2193 2072
f 2073 2071 2067
f 2073 2194 2071
f 2195 2187 2188
f 2195 2188 2080
f 2196 2195 2080
f 2197 2198 2199
f 2197 2080 2198
f 2197 2196 2080
f 2200 2190 2077
f 2200 2077 2187
f 2200 2195 2196
f 2200 2187 2195
f 2201 2083 2189
f 2201 2189 2190
f 2201 2199 2083
f 2201 2200 2196
f 2201 2190 2200
f 2201 2197 2199
f 2201 2196 2197
f 2202 2203 2079
f 2202 2204 2203
f 2205 2202 2079
f 2206 2079 2193
f 2206 2193 2194
f 2206 2205 2079
f 2207 2191 2081
f 2207 2081 2204
f 2207 2202 2205
f 2207 2204 2202
f 2208 2194 2073
f 2208 2073 2192
f 2208 2192 2191
f 2208 2207 2205
f 2208 2191 2207
f 2208 2206 2194
f 2208 2205 2206
f 2204 2083 2199
f 2204 2081 2083
f 2203 2199 2198
f 2203 2204 2199
f 2079 2198 2080
f 2079 2203 2198
f 2062 2041 2095
f 2062 2042 2041
f 2057 2095 2094
f 2057 2062 2095
f 2040 2094 2038
f 2040 2057 2094
f 2090 2046 2048
f 2090 2048 2054
f 2089 2054 2053
f 2089 2090 2054
f 2039 2053 2037
f 2039 2089 2053
f 2058 2045 2047
f 2058 2047 2093
f 2066 2093 2099
f 2066 2058 2093
f 2034 2099 2036
f 2034 2066 2099
f 2105 2043 2068
f 2105 2044 2043
f 2104 2068 2069
f 2104 2105 2068
f 2035 2069 2033
f 2035 2104 2069

g Solid_34
usemtl Solid_34
f 2209 2210 2211
f 2211 2210 2212
f 2213 2214 2215
f 2216 2214 2213
f 2217 2218 2219
f 2217 2219 2220
f 2221 2222 2223
f 2224 2222 2221
f 2225 2226 2227
f 2228 2226 2225
f 2226 2229 2227
f 2227 2229 2230
f 2230 2224 2227
f 2226 2213 2229
f 2227 2221 2231
f 2224 2221 2227
f 2213 2232 2216
f 2226 2232 2213
f 2221 2233 2231
f 2232 2234 2216
f 2232 2235 2234
f 2236 2237 2238
f 2231 2237 2236
f 2239 2237 2233
f 2233 2237 2231
f 2239 2210 2237
f 2240 2241 2232
f 2242 2241 2240
f 2232 2241 2235
f 2241 2218 2235
f 2219 2243 2244
f 2245 2246 2209
f 2244 2246 2245
f 2209 2246 2210
f 2210 2246 2237
f 2243 2246 2244
f 2247 2248 2243
f 2243 2248 2246
f 2241 2243 2218
f 2218 2243 2219
f 2243 2241 2249
f 2249 2241 2250
f 2251 2232 2226
f 2252 2232 2251
f 2253 2227 2231
f 2254 2227 2253
f 2255 2256 2246
f 2246 2256 2237
f 2257 2258 2259
f 2257 2260 2258
f 2261 2262 2263
f 2264 2262 2261
f 2264 2265 2262
f 2266 2265 2264
f 2264 2222 2266
f 2265 2215 2262
f 2267 2223 2264
f 2264 2223 2222
f 2214 2268 2215
f 2215 2268 2262
f 2267 2269 2223
f 2214 2270 2268
f 2271 2272 2267
f 2273 2272 2271
f 2269 2272 2274
f 2267 2272 2269
f 2272 2212 2274
f 2275 2276 2277
f 2268 2276 2275
f 2278 2276 2270
f 2270 2276 2268
f 2278 2217 2276
f 2211 2279 2280
f 2281 2282 2220
f 2280 2282 2281
f 2220 2282 2217
f 2217 2282 2276
f 2279 2282 2280
f 2283 2284 2279
f 2279 2284 2282
f 2272 2279 2212
f 2212 2279 2211
f 2285 2276 2282
f 2285 2282 2286
f 2287 2279 2272
f 2287 2272 2288
f 2289 2267 2264
f 2289 2290 2267
f 2262 2291 2292
f 2262 2268 2291
f 2293 2294 2295
f 2293 2295 2296
f 2297 2282 2284
f 2297 2286 2282
f 2298 2284 2283
f 2298 2297 2284
f 2287 2283 2279
f 2287 2298 2283
f 2299 2272 2273
f 2299 2288 2272
f 2300 2273 2271
f 2300 2299 2273
f 2290 2271 2267
f 2290 2300 2271
f 2301 2293 2302
f 2301 2294 2293
f 2303 2302 2304
f 2303 2301 2302
f 2288 2304 2287
f 2288 2303 2304
f 2305 2297 2298
f 2305 2298 2287
f 2306 2305 2287
f 2307 2287 2304
f 2307 2304 2302
f 2307 2306 2287
f 2308 2286 2297
f 2308 2309 2286
f 2308 2305 2306
f 2308 2297 2305
f 2310 2302 2293
f 2310 2311 2309
f 2310 2293 2311
f 2310 2309 2308
f 2310 2308 2306
f 2310 2307 2302
f 2310 2306 2307
f 2312 2301 2303
f 2312 2303 2288
f 2313 2312 2288
f 2314 2288 2299
f 2314 2299 2300
f 2314 2313 2288
f 2315 2294 2301
f 2315 2316 2294
f 2315 2312 2313
f 2315 2301 2312
f 2317 2300 2290
f 2317 2318 2316
f 2317 2290 2318
f 2317 2316 2315
f 2317 2315 2313
f 2317 2314 2300
f 2317 2313 2314
f 2311 2293 2296
f 2311 2296 2319
f 2309 2319 2320
f 2309 2311 2319
f 2286 2320 2285
f 2286 2309 2320
f 2321 2268 2275
f 2321 2291 2268
f 2322 2275 2277
f 2322 2321 2275
f 2285 2277 2276
f 2285 2322 2277
f 2323 2264 2261
f 2323 2289 2264
f 2324 2261 2263
f 2324 2323 2261
f 2292 2263 2262
f 2292 2324 2263
f 2325 2294 2316
f 2325 2295 2294
f 2326 2316 2318
f 2326 2325 2316
f 2289 2318 2290
f 2289 2326 2318
f 2327 2321 2322
f 2327 2322 2285
f 2327 2285 2320
f 2328 2320 2319
f 2328 2327 2320
f 2329 2319 2296
f 2329 2330 2331
f 2329 2296 2330
f 2329 2328 2319
f 2332 2291 2321
f 2332 2327 2328
f 2332 2321 2327
f 2333 2331 2291
f 2333 2332 2328
f 2333 2291 2332
f 2333 2328 2329
f 2333 2329 2331
f 2334 2295 2325
f 2334 2335 2295
f 2334 2336 2335
f 2337 2325 2326
f 2337 2334 2325
f 2338 2326 2289
f 2338 2289 2323
f 2338 2323 2324
f 2338 2337 2326
f 2339 2292 2336
f 2339 2334 2337
f 2339 2336 2334
f 2340 2324 2292
f 2340 2339 2337
f 2340 2337 2338
f 2340 2338 2324
f 2340 2292 2339
f 2330 2296 2295
f 2330 2295 2335
f 2331 2335 2336
f 2331 2330 2335
f 2291 2336 2292
f 2291 2331 2336
f 2341 2226 2228
f 2341 2251 2226
f 2342 2228 2225
f 2342 2341 2228
f 2254 2225 2227
f 2254 2342 2225
f 2343 2260 2344
f 2343 2258 2260
f 2345 2344 2346
f 2345 2343 2344
f 2251 2346 2252
f 2251 2345 2346
f 2347 2241 2242
f 2347 2250 2241
f 2348 2242 2240
f 2348 2347 2242
f 2252 2240 2232
f 2252 2348 2240
f 2349 2341 2342
f 2349 2342 2254
f 2349 2254 2350
f 2351 2350 2352
f 2351 2349 2350
f 2353 2258 2343
f 2353 2343 2345
f 2353 2352 2258
f 2353 2351 2352
f 2354 2251 2341
f 2354 2349 2351
f 2354 2341 2349
f 2355 2345 2251
f 2355 2354 2351
f 2355 2251 2354
f 2355 2351 2353
f 2355 2353 2345
f 2356 2346 2344
f 2356 2344 2260
f 2356 2260 2357
f 2358 2357 2359
f 2358 2356 2357
f 2360 2250 2347
f 2360 2347 2348
f 2360 2359 2250
f 2360 2358 2359
f 2361 2252 2346
f 2361 2356 2358
f 2361 2346 2356
f 2362 2348 2252
f 2362 2361 2358
f 2362 2252 2361
f 2362 2358 2360
f 2362 2360 2348
f 2363 2231 2236
f 2363 2253 2231
f 2364 2236 2238
f 2364 2363 2236
f 2256 2238 2237
f 2256 2364 2238
f 2365 2258 2352
f 2365 2259 2258
f 2366 2352 2350
f 2366 2365 2352
f 2253 2350 2254
f 2253 2366 2350
f 2357 2260 2257
f 2357 2257 2367
f 2359 2367 2368
f 2359 2357 2367
f 2250 2368 2249
f 2250 2359 2368
f 2369 2246 2248
f 2369 2255 2246
f 2370 2248 2247
f 2370 2369 2248
f 2249 2247 2243
f 2249 2370 2247
f 2371 2363 2364
f 2371 2364 2256
f 2372 2371 2256
f 2373 2374 2375
f 2373 2256 2374
f 2373 2372 2256
f 2376 2366 2253
f 2376 2253 2363
f 2376 2371 2372
f 2376 2363 2371
f 2377 2259 2365
f 2377 2365 2366
f 2377 2375 2259
f 2377 2376 2372
f 2377 2366 2376
f 2377 2373 2375
f 2377 2372 2373
f 2378 2379 2255
f 2378 2380 2379
f 2381 2378 2255
f 2382 2255 2369
f 2382 2369 2370
f 2382 2381 2255
f 2383 2367 2257
f 2383 2257 2380
f 2383 2378 2381
f 2383 2380 2378
f 2384 2370 2249
f 2384 2249 2368
f 2384 2368 2367
f 2384 2383 2381
f 2384 2367 2383
f 2384 2382 2370
f 2384 2381 2382
f 2380 2259 2375
f 2380 2257 2259
f 2379 2375 2374
f 2379 2380 2375
f 2255 2374 2256
f 2255 2379 2374
f 2235 2217 2278
f 2235 2218 2217
f 2234 2278 2270
f 2234 2235 2278
f 2216 2270 2214
f 2216 2234 2270
f 2266 2222 2224
f 2266 2224 2230
f 2265 2230 2229
f 2265 2266 2230
f 2215 2229 2213
f 2215 2265 2229
f 2233 2221 2223
f 2233 2223 2269
f 2239 2269 2274
f 2239 2233 2269
f 2210 2274 2212
f 2210 2239 2274
f 2281 2219 2244
f 2281 2220 2219
f 2280 2244 2245
f 2280 2281 2244
f 2211 2245 2209
f 2211 2280 2245

g Solid_35
usemtl Solid_35
f 2385 2386 2387
f 2387 2386 2388
f 2389 2390 2391
f 2392 2390 2389
f 2393 2394 2395
f 2393 2395 2396
f 2397 2398 2399
f 2400 2398 2397
f 2401 2402 2403
f 2404 2402 2401
f 2404 2405 2402
f 2402 2405 2406
f 2404 2389 2405
f 2406 2400 2402
f 2389 2407 2392
f 2404 2407 2389
f 2402 2397 2408
f 2400 2397 2402
f 2407 2409 2392
f 2397 2410 2408
f 2411 2412 2407
f 2409 2413 2414
f 2407 2413 2409
f 2412 2413 2407
f 2413 2394 2414
f 2415 2416 2417
f 2408 2416 2415
f 2418 2416 2410
f 2386 2416 2418
f 2410 2416 2408
f 2395 2419 2420
f 2421 2422 2385
f 2420 2422 2421
f 2385 2422 2386
f 2386 2422 2416
f 2419 2422 2420
f 2423 2424 2419
f 2419 2424 2422
f 2413 2419 2394
f 2394 2419 2395
f 2419 2413 2425
f 2425 2413 2426
f 2427 2407 2404
f 2428 2407 2427
f 2429 2402 2408
f 2430 2402 2429
f 2431 2432 2422
f 2422 2432 2416
f 2433 2434 2435
f 2433 2436 2434
f 2437 2438 2439
f 2440 2438 2437
f 2438 2441 2439
f 2439 2441 2442
f 2442 2391 2439
f 2438 2398 2441
f 2390 2443 2391
f 2391 2443 2439
f 2444 2399 2438
f 2438 2399 2398
f 2390 2445 2443
f 2444 2446 2399
f 2447 2448 2449
f 2443 2448 2447
f 2450 2448 2445
f 2445 2448 2443
f 2450 2393 2448
f 2451 2452 2444
f 2453 2452 2451
f 2446 2452 2454
f 2444 2452 2446
f 2452 2388 2454
f 2455 2456 2457
f 2387 2456 2455
f 2457 2458 2396
f 2396 2458 2393
f 2393 2458 2448
f 2456 2458 2457
f 2459 2460 2456
f 2456 2460 2458
f 2452 2456 2388
f 2388 2456 2387
f 2461 2448 2458
f 2461 2458 2462
f 2463 2456 2452
f 2463 2452 2464
f 2465 2444 2438
f 2465 2466 2444
f 2439 2467 2468
f 2439 2443 2467
f 2469 2470 2471
f 2469 2471 2472
f 2473 2458 2460
f 2473 2462 2458
f 2474 2460 2459
f 2474 2473 2460
f 2463 2459 2456
f 2463 2474 2459
f 2475 2452 2453
f 2475 2464 2452
f 2476 2453 2451
f 2476 2475 2453
f 2466 2451 2444
f 2466 2476 2451
f 2477 2469 2478
f 2477 2470 2469
f 2479 2478 2480
f 2479 2477 2478
f 2464 2480 2463
f 2464 2479 2480
f 2481 2473 2474
f 2481 2474 2463
f 2482 2481 2463
f 2483 2463 2480
f 2483 2480 2478
f 2483 2482 2463
f 2484 2462 2473
f 2484 2485 2462
f 2484 2481 2482
f 2484 2473 2481
f 2486 2478 2469
f 2486 2487 2485
f 2486 2469 2487
f 2486 2485 2484
f 2486 2484 2482
f 2486 2483 2478
f 2486 2482 2483
f 2488 2477 2479
f 2488 2479 2464
f 2489 2488 2464
f 2490 2464 2475
f 2490 2475 2476
f 2490 2489 2464
f 2491 2470 2477
f 2491 2492 2470
f 2491 2488 2489
f 2491 2477 2488
f 2493 2476 2466
f 2493 2494 2492
f 2493 2466 2494
f 2493 2492 2491
f 2493 2491 2489
f 2493 2490 2476
f 2493 2489 2490
f 2487 2469 2472
f 2487 2472 2495
f 2485 2495 2496
f 2485 2487 2495
f 2462 2496 2461
f 2462 2485 2496
f 2497 2443 2447
f 2497 2467 2443
f 2498 2447 2449
f 2498 2497 2447
f 2461 2449 2448
f 2461 2498 2449
f 2499 2438 2440
f 2499 2465 2438
f 2500 2440 2437
f 2500 2499 2440
f 2468 2437 2439
f 2468 2500 2437
f 2501 2470 2492
f 2501 2471 2470
f 2502 2492 2494
f 2502 2501 2492
f 2465 2494 2466
f 2465 2502 2494
f 2503 2497 2498
f 2503 2498 2461
f 2503 2461 2496
f 2504 2496 2495
f 2504 2503 2496
f 2505 2495 2472
f 2505 2506 2507
f 2505 2472 2506
f 2505 2504 2495
f 2508 2467 2497
f 2508 2503 2504
f 2508 2497 2503
f 2509 2507 2467
f 2509 2508 2504
f 2509 2467 2508
f 2509 2504 2505
f 2509 2505 2507
f 2510 2471 2501
f 2510 2511 2471
f 2510 2512 2511
f 2513 2501 2502
f 2513 2510 2501
f 2514 2502 2465
f 2514 2465 2499
f 2514 2499 2500
f 2514 2513 2502
f 2515 2468 2512
f 2515 2510 2513
f 2515 2512 2510
f 2516 2500 2468
f 2516 2515 2513
f 2516 2513 2514
f 2516 2514 2500
f 2516 2468 2515
f 2506 2472 2471
f 2506 2471 2511
f 2507 2511 2512
f 2507 2506 2511
f 2467 2512 2468
f 2467 2507 2512
f 2517 2404 2401
f 2517 2427 2404
f 2518 2401 2403
f 2518 2517 2401
f 2430 2403 2402
f 2430 2518 2403
f 2519 2436 2520
f 2519 2434 2436
f 2521 2520 2522
f 2521 2519 2520
f 2427 2522 2428
f 2427 2521 2522
f 2523 2413 2412
f 2523 2426 2413
f 2524 2412 2411
f 2524 2523 2412
f 2428 2411 2407
f 2428 2524 2411
f 2525 2517 2518
f 2525 2518 2430
f 2525 2430 2526
f 2527 2526 2528
f 2527 2525 2526
f 2529 2434 2519
f 2529 2519 2521
f 2529 2528 2434
f 2529 2527 2528
f 2530 2427 2517
f 2530 2525 2527
f 2530 2517 2525
f 2531 2521 2427
f 2531 2530 2527
f 2531 2427 2530
f 2531 2527 2529
f 2531 2529 2521
f 2532 2522 2520
f 2532 2520 2436
f 2532 2436 2533
f 2534 2533 2535
f 2534 2532 2533
f 2536 2426 2523
f 2536 2523 2524
f 2536 2535 2426
f 2536 2534 2535
f 2537 2428 2522
f 2537 2532 2534
f 2537 2522 2532
f 2538 2524 2428
f 2538 2537 2534
f 2538 2428 2537
f 2538 2534 2536
f 2538 2536 2524
f 2539 2408 2415
f 2539 2429 2408
f 2540 2415 2417
f 2540 2539 2415
f 2432 2417 2416
f 2432 2540 2417
f 2541 2434 2528
f 2541 2435 2434
f 2542 2528 2526
f 2542 2541 2528
f 2429 2526 2430
f 2429 2542 2526
f 2533 2436 2433
f 2533 2433 2543
f 2535 2543 2544
f 2535 2533 2543
f 2426 2544 2425
f 2426 2535 2544
f 2545 2422 2424
f 2545 2431 2422
f 2546 2424 2423
f 2546 2545 2424
f 2425 2423 2419
f 2425 2546 2423
f 2547 2539 2540
f 2547 2540 2432
f 2548 2547 2432
f 2549 2550 2551
f 2549 2432 2550
f 2549 2548 2432
f 2552 2542 2429
f 2552 2429 2539
f 2552 2547 2548
f 2552 2539 2547
f 2553 2435 2541
f 2553 2541 2542
f 2553 2551 2435
f 2553 2552 2548
f 2553 2542 2552
f 2553 2549 2551
f 2553 2548 2549
f 2554 2555 2431
f 2554 2556 2555
f 2557 2554 2431
f 2558 2431 2545
f 2558 2545 2546
f 2558 2557 2431
f 2559 2543 2433
f 2559 2433 2556
f 2559 2554 2557
f 2559 2556 2554
f 2560 2546 2425
f 2560 2425 2544
f 2560 2544 2543
f 2560 2559 2557
f 2560 2543 2559
f 2560 2558 2546
f 2560 2557 2558
f 2556 2435 2551
f 2556 2433 2435
f 2555 2551 2550
f 2555 2556 2551
f 2431 2550 2432
f 2431 2555 2550
f 2414 2393 2450
f 2414 2394 2393
f 2409 2450 2445
f 2409 2414 2450
f 2392 2445 2390
f 2392 2409 2445
f 2441 2398 2400
f 2441 2400 2406
f 2442 2406 2405
f 2442 2441 2406
f 2391 2405 2389
f 2391 2442 2405
f 2410 2397 2399
f 2410 2399 2446
f 2418 2446 2454
f 2418 2410 2446
f 2386 2454 2388
f 2386 2418 2454
f 2457 2395 2420
f 2457 2396 2395
f 2455 2420 2421
f 2455 2457 2420
f 2387 2421 2385
f 2387 2455 2421

g Solid_36
usemtl Solid_36
f 2561 2562 2563
f 2563 2562 2564
f 2565 2566 2567
f 2568 2566 2565
f 2569 2570 2571
f 2569 2571 2572
f 2573 2574 2575
f 2576 2574 2573
f 2577 2578 2579
f 2580 2578 2577
f 2580 2581 2578
f 2578 2581 2582
f 2580 2565 2581
f 2582 2576 2578
f 2565 2583 2568
f 2580 2583 2565
f 2578 2573 2584
f 2576 2573 2578
f 2583 2585 2568
f 2573 2586 2584
f 2587 2588 2583
f 2585 2589 2590
f 2583 2589 2585
f 2588 2589 2583
f 2589 2570 2590
f 2591 2592 2593
f 2584 2592 2591
f 2594 2592 2586
f 2562 2592 2594
f 2586 2592 2584
f 2571 2595 2596
f 2597 2598 2561
f 2596 2598 2597
f 2561 2598 2562
f 2562 2598 2592
f 2595 2598 2596
f 2599 2600 2595
f 2595 2600 2598
f 2589 2595 2570
f 2570 2595 2571
f 2595 2589 2601
f 2601 2589 2602
f 2603 2583 2580
f 2604 2583 2603
f 2605 2578 2584
f 2606 2578 2605
f 2607 2608 2598
f 2598 2608 2592
f 2609 2610 2611
f 2609 2612 2610
f 2613 2614 2615
f 2616 2614 2613
f 2614 2617 2615
f 2615 2617 2618
f 2618 2567 2615
f 2614 2574 2617
f 2566 2619 2567
f 2567 2619 2615
f 2620 2575 2614
f 2614 2575 2574
f 2566 2621 2619
f 2620 2622 2575
f 2623 2624 2625
f 2619 2624 2623
f 2626 2624 2621
f 2621 2624 2619
f 2626 2569 2624
f 2627 2628 2620
f 2629 2628 2627
f 2622 2628 2630
f 2620 2628 2622
f 2628 2564 2630
f 2631 2632 2633
f 2563 2632 2631
f 2633 2634 2572
f 2572 2634 2569
f 2569 2634 2624
f 2632 2634 2633
f 2635 2636 2632
f 2632 2636 2634
f 2628 2632 2564
f 2564 2632 2563
f 2637 2624 2634
f 2637 2634 2638
f 2639 2632 2628
f 2639 2628 2640
f 2641 2620 2614
f 2641 2642 2620
f 2615 2643 2644
f 2615 2619 2643
f 2645 2646 2647
f 2645 2647 2648
f 2649 2634 2636
f 2649 2638 2634
f 2650 2636 2635
f 2650 2649 2636
f 2639 2635 2632
f 2639 2650 2635
f 2651 2628 2629
f 2651 2640 2628
f 2652 2629 2627
f 2652 2651 2629
f 2642 2627 2620
f 2642 2652 2627
f 2653 2645 2654
f 2653 2646 2645
f 2655 2654 2656
f 2655 2653 2654
f 2640 2656 2639
f 2640 2655 2656
f 2657 2649 2650
f 2657 2650 2639
f 2658 2657 2639
f 2659 2639 2656
f 2659 2656 2654
f 2659 2658 2639
f 2660 2638 2649
f 2660 2661 2638
f 2660 2657 2658
f 2660 2649 2657
f 2662 2654 2645
f 2662 2663 2661
f 2662 2645 2663
f 2662 2661 2660
f 2662 2660 2658
f 2662 2659 2654
f 2662 2658 2659
f 2664 2653 2655
f 2664 2655 2640
f 2665 2664 2640
f 2666 2640 2651
f 2666 2651 2652
f 2666 2665 2640
f 2667 2646 2653
f 2667 2668 2646
f 2667 2664 2665
f 2667 2653 2664
f 2669 2652 2642
f 2669 2670 2668
f 2669 2642 2670
f 2669 2668 2667
f 2669 2667 2665
f 2669 2666 2652
f 2669 2665 2666
f 2663 2645 2648
f 2663 2648 2671
f 2661 2671 2672
f 2661 2663 2671
f 2638 2672 2637
f 2638 2661 2672
f 2673 2619 2623
f 2673 2643 2619
f 2674 2623 2625
f 2674 2673 2623
f 2637 2625 2624
f 2637 2674 2625
f 2675 2614 2616
f 2675 2641 2614
f 2676 2616 2613
f 2676 2675 2616
f 2644 2613 2615
f 2644 2676 2613
f 2677 2646 2668
f 2677 2647 2646
f 2678 2668 2670
f 2678 2677 2668
f 2641 2670 2642
f 2641 2678 2670
f 2679 2673 2674
f 2679 2674 2637
f 2679 2637 2672
f 2680 2672 2671
f 2680 2679 2672
f 2681 2671 2648
f 2681 2682 2683
f 2681 2648 2682
f 2681 2680 2671
f 2684 2643 2673
f 2684 2679 2680
f 2684 2673 2679
f 2685 2683 2643
f 2685 2684 2680
f 2685 2643 2684
f 2685 2680 2681
f 2685 2681 2683
f 2686 2647 2677
f 2686 2687 2647
f 2686 2688 2687
f 2689 2677 2678
f 2689 2686 2677
f 2690 2678 2641
f 2690 2641 2675
f 2690 2675 2676
f 2690 2689 2678
f 2691 2644 2688
f 2691 2686 2689
f 2691 2688 2686
f 2692 2676 2644
f 2692 2691 2689
f 2692 2689 2690
f 2692 2690 2676
f 2692 2644 2691
f 2682 2648 2647
f 2682 2647 2687
f 2683 2687 2688
f 2683 2682 2687
f 2643 2688 2644
f 2643 2683 2688
f 2693 2580 2577
f 2693 2603 2580
f 2694 2577 2579
f 2694 2693 2577
f 2606 2579 2578
f 2606 2694 2579
f 2695 2612 2696
f 2695 2610 2612
f 2697 2696 2698
f 2697 2695 2696
f 2603 2698 2604
f 2603 2697 2698
f 2699 2589 2588
f 2699 2602 2589
f 2700 2588 2587
f 2700 2699 2588
f 2604 2587 2583
f 2604 2700 2587
f 2701 2693 2694
f 2701 2694 2606
f 2701 2606 2702
f 2703 2702 2704
f 2703 2701 2702
f 2705 2610 2695
f 2705 2695 2697
f 2705 2704 2610
f 2705 2703 2704
f 2706 2603 2693
f 2706 2701 2703
f 2706 2693 2701
f 2707 2697 2603
f 2707 2706 2703
f 2707 2603 2706
f 2707 2703 2705
f 2707 2705 2697
f 2708 2698 2696
f 2708 2696 2612
f 2708 2612 2709
f 2710 2709 2711
f 2710 2708 2709
f 2712 2602 2699
f 2712 2699 2700
f 2712 2711 2602
f 2712 2710 2711
f 2713 2604 2698
f 2713 2708 2710
f 2713 2698 2708
f 2714 2700 2604
f 2714 2713 2710
f 2714 2604 2713
f 2714 2710 2712
f 2714 2712 2700
f 2715 2584 2591
f 2715 2605 2584
f 2716 2591 2593
f 2716 2715 2591
f 2608 2593 2592
f 2608 2716 2593
f 2717 2610 2704
f 2717 2611 2610
f 2718 2704 2702
f 2718 2717 2704
f 2605 2702 2606
f 2605 2718 2702
f 2709 2612 2609
f 2709 2609 2719
f 2711 2719 2720
f 2711 2709 2719
f 2602 2720 2601
f 2602 2711 2720
f 2721 2598 2600
f 2721 2607 2598
f 2722 2600 2599
f 2722 2721 2600
f 2601 2599 2595
f 2601 2722 2599
f 2723 2715 2716
f 2723 2716 2608
f 2724 2723 2608
f 2725 2726 2727
f 2725 2608 2726
f 2725 2724 2608
f 2728 2718 2605
f 2728 2605 2715
f 2728 2723 2724
f 2728 2715 2723
f 2729 2611 2717
f 2729 2717 2718
f 2729 2727 2611
f 2729 2728 2724
f 2729 2718 2728
f 2729 2725 2727
f 2729 2724 2725
f 2730 2731 2607
f 2730 2732 2731
f 2733 2730 2607
f 2734 2607 2721
f 2734 2721 2722
f 2734 2733 2607
f 2735 2719 2609
f 2735 2609 2732
f 2735 2730 2733
f 2735 2732 2730
f 2736 2722 2601
f 2736 2601 2720
f 2736 2720 2719
f 2736 2735 2733
f 2736 2719 2735
f 2736 2734 2722
f 2736 2733 2734
f 2732 2611 2727
f 2732 2609 2611
f 2731 2727 2726
f 2731 2732 2727
f 2607 2726 2608
f 2607 2731 2726
f 2590 2569 2626
f 2590 2570 2569
f 2585 2626 2621
f 2585 2590 2626
f 2568 2621 2566
f 2568 2585 2621
f 2617 2574 2576
f 2617 2576 2582
f 2618 2582 2581
f 2618 2617 2582
f 2567 2581 2565
f 2567 2618 2581
f 2586 2573 2575
f 2586 2575 2622
f 2594 2622 2630
f 2594 2586 2622
f 2562 2630 2564
f 2562 2594 2630
f 2633 2571 2596
f 2633 2572 2571
f 2631 2596 2597
f 2631 2633 2596
f 2563 2597 2561
f 2563 2631 2597

g Solid_37
usemtl Solid_37
f 2737 2738 2739
f 2739 2738 2740
f 2741 2742 2743
f 2744 2742 2741
f 2745 2746 2747
f 2745 2747 2748
f 2749 2750 2751
f 2752 2750 2749
f 2753 2754 2755
f 2756 2754 2753
f 2754 2757 2755
f 2755 2757 2758
f 2758 2752 2755
f 2754 2741 2757
f 2755 2749 2759
f 2752 2749 2755
f 2741 2760 2744
f 2754 2760 2741
f 2749 2761 2759
f 2760 2762 2744
f 2760 2763 2762
f 2764 2765 2766
f 2759 2765 2764
f 2767 2765 2761
f 2761 2765 2759
f 2767 2738 2765
f 2768 2769 2760
f 2770 2769 2768
f 2760 2769 2763
f 2769 2746 2763
f 2747 2771 2772
f 2773 2774 2737
f 2772 2774 2773
f 2737 2774 2738
f 2738 2774 2765
f 2771 2774 2772
f 2775 2776 2771
f 2771 2776 2774
f 2769 2771 2746
f 2746 2771 2747
f 2771 2769 2777
f 2777 2769 2778
f 2779 2760 2754
f 2780 2760 2779
f 2781 2755 2759
f 2782 2755 2781
f 2783 2784 2774
f 2774 2784 2765
f 2785 2786 2787
f 2785 2788 2786
f 2789 2790 2791
f 2792 2790 2789
f 2792 2793 2790
f 2794 2793 2792
f 2792 2750 2794
f 2793 2743 2790
f 2795 2751 2792
f 2792 2751 2750
f 2742 2796 2743
f 2743 2796 2790
f 2795 2797 2751
f 2742 2798 2796
f 2799 2800 2795
f 2801 2800 2799
f 2797 2800 2802
f 2795 2800 2797
f 2800 2740 2802
f 2803 2804 2805
f 2796 2804 2803
f 2806 2804 2798
f 2798 2804 2796
f 2806 2745 2804
f 2739 2807 2808
f 2809 2810 2748
f 2808 2810 2809
f 2748 2810 2745
f 2745 2810 2804
f 2807 2810 2808
f 2811 2812 2807
f 2807 2812 2810
f 2800 2807 2740
f 2740 2807 2739
f 2813 2804 2810
f 2813 2810 2814
f 2815 2807 2800
f 2815 2800 2816
f 2817 2795 2792
f 2817 2818 2795
f 2790 2819 2820
f 2790 2796 2819
f 2821 2822 2823
f 2821 2823 2824
f 2825 2810 2812
f 2825 2814 2810
f 2826 2812 2811
f 2826 2825 2812
f 2815 2811 2807
f 2815 2826 2811
f 2827 2800 2801
f 2827 2816 2800
f 2828 2801 2799
f 2828 2827 2801
f 2818 2799 2795
f 2818 2828 2799
f 2829 2821 2830
f 2829 2822 2821
f 2831 2830 2832
f 2831 2829 2830
f 2816 2832 2815
f 2816 2831 2832
f 2833 2825 2826
f 2833 2826 2815
f 2834 2833 2815
f 2835 2815 2832
f 2835 2832 2830
f 2835 2834 2815
f 2836 2814 2825
f 2836 2837 2814
f 2836 2833 2834
f 2836 2825 2833
f 2838 2830 2821
f 2838 2839 2837
f 2838 2821 2839
f 2838 2837 2836
f 2838 2836 2834
f 2838 2835 2830
f 2838 2834 2835
f 2840 2829 2831
f 2840 2831 2816
f 2841 2840 2816
f 2842 2816 2827
f 2842 2827 2828
f 2842 2841 2816
f 2843 2822 2829
f 2843 2844 2822
f 2843 2840 2841
f 2843 2829 2840
f 2845 2828 2818
f 2845 2846 2844
f 2845 2818 2846
f 2845 2844 2843
f 2845 2843 2841
f 2845 2842 2828
f 2845 2841 2842
f 2839 2821 2824
f 2839 2824 2847
f 2837 2847 2848
f 2837 2839 2847
f 2814 2848 2813
f 2814 2837 2848
f 2849 2796 2803
f 2849 2819 2796
f 2850 2803 2805
f 2850 2849 2803
f 2813 2805 2804
f 2813 2850 2805
f 2851 2792 2789
f 2851 2817 2792
f 2852 2789 2791
f 2852 2851 2789
f 2820 2791 2790
f 2820 2852 2791
f 2853 2822 2844
f 2853 2823 2822
f 2854 2844 2846
f 2854 2853 2844
f 2817 2846 2818
f 2817 2854 2846
f 2855 2849 2850
f 2855 2850 2813
f 2855 2813 2848
f 2856 2848 2847
f 2856 2855 2848
f 2857 2847 2824
f 2857 2858 2859
f 2857 2824 2858
f 2857 2856 2847
f 2860 2819 2849
f 2860 2855 2856
f 2860 2849 2855
f 2861 2859 2819
f 2861 2860 2856
f 2861 2819 2860
f 2861 2856 2857
f 2861 2857 2859
f 2862 2823 2853
f 2862 2863 2823
f 2862 2864 2863
f 2865 2853 2854
f 2865 2862 2853
f 2866 2854 2817
f 2866 2817 2851
f 2866 2851 2852
f 2866 2865 2854
f 2867 2820 2864
f 2867 2862 2865
f 2867 2864 2862
f 2868 2852 2820
f 2868 2867 2865
f 2868 2865 2866
f 2868 2866 2852
f 2868 2820 2867
f 2858 2824 2823
f 2858 2823 2863
f 2859 2863 2864
f 2859 2858 2863
f 2819 2864 2820
f 2819 2859 2864
f 2869 2754 2756
f 2869 2779 2754
f 2870 2756 2753
f 2870 2869 2756
f 2782 2753 2755
f 2782 2870 2753
f 2871 2788 2872
f 2871 2786 2788
f 2873 2872 2874
f 2873 2871 2872
f 2779 2874 2780
f 2779 2873 2874
f 2875 2769 2770
f 2875 2778 2769
f 2876 2770 2768
f 2876 2875 2770
f 2780 2768 2760
f 2780 2876 2768
f 2877 2869 2870
f 2877 2870 2782
f 2877 2782 2878
f 2879 2878 2880
f 2879 2877 2878
f 2881 2786 2871
f 2881 2871 2873
f 2881 2880 2786
f 2881 2879 2880
f 2882 2779 2869
f 2882 2877 2879
f 2882 2869 2877
f 2883 2873 2779
f 2883 2882 2879
f 2883 2779 2882
f 2883 2879 2881
f 2883 2881 2873
f 2884 2874 2872
f 2884 2872 2788
f 2884 2788 2885
f 2886 2885 2887
f 2886 2884 2885
f 2888 2778 2875
f 2888 2875 2876
f 2888 2887 2778
f 2888 2886 2887
f 2889 2780 2874
f 2889 2884 2886
f 2889 2874 2884
f 2890 2876 2780
f 2890 2889 2886
f 2890 2780 2889
f 2890 2886 2888
f 2890 2888 2876
f 2891 2759 2764
f 2891 2781 2759
f 2892 2764 2766
f 2892 2891 2764
f 2784 2766 2765
f 2784 2892 2766
f 2893 2786 2880
f 2893 2787 2786
f 2894 2880 2878
f 2894 2893 2880
f 2781 2878 2782
f 2781 2894 2878
f 2885 2788 2785
f 2885 2785 2895
f 2887 2895 2896
f 2887 2885 2895
f 2778 2896 2777
f 2778 2887 2896
f 2897 2774 2776
f 2897 2783 2774
f 2898 2776 2775
f 2898 2897 2776
f 2777 2775 2771
f 2777 2898 2775
f 2899 2891 2892
f 2899 2892 2784
f 2900 2899 2784
f 2901 2902 2903
f 2901 2784 2902
f 2901 2900 2784
f 2904 2894 2781
f 2904 2781 2891
f 2904 2899 2900
f 2904 2891 2899
f 2905 2787 2893
f 2905 2893 2894
f 2905 2903 2787
f 2905 2904 2900
f 2905 2894 2904
f 2905 2901 2903
f 2905 2900 2901
f 2906 2907 2783
f 2906 2908 2907
f 2909 2906 2783
f 2910 2783 2897
f 2910 2897 2898
f 2910 2909 2783
f 2911 2895 2785
f 2911 2785 2908
f 2911 2906 2909
f 2911 2908 2906
f 2912 2898 2777
f 2912 2777 2896
f 2912 2896 2895
f 2912 2911 2909
f 2912 2895 2911
f 2912 2910 2898
f 2912 2909 2910
f 2908 2787 2903
f 2908 2785 2787
f 2907 2903 2902
f 2907 2908 2903
f 2783 2902 2784
f 2783 2907 2902
f 2763 2745 2806
f 2763 2746 2745
f 2762 2806 2798
f 2762 2763 2806
f 2744 2798 2742
f 2744 2762 2798
f 2794 2750 2752
f 2794 2752 2758
f 2793 2758 2757
f 2793 2794 2758
f 2743 2757 2741
f 2743 2793 2757
f 2761 2749 2751
f 2761 2751 2797
f 2767 2797 2802
f 2767 2761 2797
f 2738 2802 2740
f 2738 2767 2802
f 2809 2747 2772
f 2809 2748 2747
f 2808 2772 2773
f 2808 2809 2772
f 2739 2773 2737
f 2739 2808 2773

g Solid_38
usemtl Solid_38
f 2913 2914 2915
f 2915 2914 2916
f 2917 2918 2919
f 2920 2918 2917
f 2921 2922 2923
f 2921 2923 2924
f 2925 2926 2927
f 2928 2926 2925
f 2929 2930 2931
f 2932 2930 2929
f 2932 2933 2930
f 2930 2933 2934
f 2932 2917 2933
f 2934 2928 2930
f 2917 2935 2920
f 2932 2935 2917
f 2930 2925 2936
f 2928 2925 2930
f 2935 2937 2920
f 2925 2938 2936
f 2939 2940 2935
f 2937 2941 2942
f 2935 2941 2937
f 2940 2941 2935
f 2941 2922 2942
f 2943 2944 2945
f 2936 2944 2943
f 2946 2944 2938
f 2914 2944 2946
f 2938 2944 2936
f 2923 2947 2948
f 2949 2950 2913
f 2948 2950 2949
f 2913 2950 2914
f 2914 2950 2944
f 2947 2950 2948
f 2951 2952 2947
f 2947 2952 2950
f 2941 2947 2922
f 2922 2947 2923
f 2947 2941 2953
f 2953 2941 2954
f 2955 2935 2932
f 2956 2935 2955
f 2957 2930 2936
f 2958 2930 2957
f 2959 2960 2950
f 2950 2960 2944
f 2961 2962 2963
f 2961 2964 2962
f 2965 2966 2967
f 2968 2966 2965
f 2966 2969 2967
f 2967 2969 2970
f 2970 2919 2967
f 2966 2926 2969
f 2918 2971 2919
f 2919 2971 2967
f 2972 2927 2966
f 2966 2927 2926
f 2918 2973 2971
f 2972 2974 2927
f 2975 2976 2977
f 2971 2976 2975
f 2978 2976 2973
f 2973 2976 2971
f 2978 2921 2976
f 2979 2980 2972
f 2981 2980 2979
f 2974 2980 2982
f 2972 2980 2974
f 2980 2916 2982
f 2983 2984 2985
f 2915 2984 2983
f 2985 2986 2924
f 2924 2986 2921
f 2921 2986 2976
f 2984 2986 2985
f 2987 2988 2984
f 2984 2988 2986
f 2980 2984 2916
f 2916 2984 2915
f 2989 2976 2986
f 2989 2986 2990
f 2991 2984 2980
f 2991 2980 2992
f 2993 2972 2966
f 2993 2994 2972
f 2967 2995 2996
f 2967 2971 2995
f 2997 2998 2999
f 2997 2999 3000
f 3001 2986 2988
f 3001 2990 2986
f 3002 2988 2987
f 3002 3001 2988
f 2991 2987 2984
f 2991 3002 2987
f 3003 2980 2981
f 3003 2992 2980
f 3004 2981 2979
f 3004 3003 2981
f 2994 2979 2972
f 2994 3004 2979
f 3005 2997 3006
f 3005 2998 2997
f 3007 3006 3008
f 3007 3005 3006
f 2992 3008 2991
f 2992 3007 3008
f 3009 3001 3002
f 3009 3002 2991
f 3010 3009 2991
f 3011 2991 3008
f 3011 3008 3006
f 3011 3010 2991
f 3012 2990 3001
f 3012 3013 2990
f 3012 3009 3010
f 3012 3001 3009
f 3014 3006 2997
f 3014 3015 3013
f 3014 2997 3015
f 3014 3013 3012
f 3014 3012 3010
f 3014 3011 3006
f 3014 3010 3011
f 3016 3005 3007
f 3016 3007 2992
f 3017 3016 2992
f 3018 2992 3003
f 3018 3003 3004
f 3018 3017 2992
f 3019 2998 3005
f 3019 3020 2998
f 3019 3016 3017
f 3019 3005 3016
f 3021 3004 2994
f 3021 3022 3020
f 3021 2994 3022
f 3021 3020 3019
f 3021 3019 3017
f 3021 3018 3004
f 3021 3017 3018
f 3015 2997 3000
f 3015 3000 3023
f 3013 3023 3024
f 3013 3015 3023
f 2990 3024 2989
f 2990 3013 3024
f 3025 2971 2975
f 3025 2995 2971
f 3026 2975 2977
f 3026 3025 2975
f 2989 2977 2976
f 2989 3026 2977
f 3027 2966 2968
f 3027 2993 2966
f 3028 2968 2965
f 3028 3027 2968
f 2996 2965 2967
f 2996 3028 2965
f 3029 2998 3020
f 3029 2999 2998
f 3030 3020 3022
f 3030 3029 3020
f 2993 3022 2994
f 2993 3030 3022
f 3031 3025 3026
f 3031 3026 2989
f 3031 2989 3024
f 3032 3024 3023
f 3032 3031 3024
f 3033 3023 3000
f 3033 3034 3035
f 3033 3000 3034
f 3033 3032 3023
f 3036 2995 3025
f 3036 3031 3032
f 3036 3025 3031
f 3037 3035 2995
f 3037 3036 3032
f 3037 2995 3036
f 3037 3032 3033
f 3037 3033 3035
f 3038 2999 3029
f 3038 3039 2999
f 3038 3040 3039
f 3041 3029 3030
f 3041 3038 3029
f 3042 3030 2993
f 3042 2993 3027
f 3042 3027 3028
f 3042 3041 3030
f 3043 2996 3040
f 3043 3038 3041
f 3043 3040 3038
f 3044 3028 2996
f 3044 3043 3041
f 3044 3041 3042
f 3044 3042 3028
f 3044 2996 3043
f 3034 3000 2999
f 3034 2999 3039
f 3035 3039 3040
f 3035 3034 3039
f 2995 3040 2996
f 2995 3035 3040
f 3045 2932 2929
f 3045 2955 2932
f 3046 2929 2931
f 3046 3045 2929
f 2958 2931 2930
f 2958 3046 2931
f 3047 2964 3048
f 3047 2962 2964
f 3049 3048 3050
f 3049 3047 3048
f 2955 3050 2956
f 2955 3049 3050
f 3051 2941 2940
f 3051 2954 2941
f 3052 2940 2939
f 3052 3051 2940
f 2956 2939 2935
f 2956 3052 2939
f 3053 3045 3046
f 3053 3046 2958
f 3053 2958 3054
f 3055 3054 3056
f 3055 3053 3054
f 3057 2962 3047
f 3057 3047 3049
f 3057 3056 2962
f 3057 3055 3056
f 3058 2955 3045
f 3058 3053 3055
f 3058 3045 3053
f 3059 3049 2955
f 3059 3058 3055
f 3059 2955 3058
f 3059 3055 3057
f 3059 3057 3049
f 3060 3050 3048
f 3060 3048 2964
f 3060 2964 3061
f 3062 3061 3063
f 3062 3060 3061
f 3064 2954 3051
f 3064 3051 3052
f 3064 3063 2954
f 3064 3062 3063
f 3065 2956 3050
f 3065 3060 3062
f 3065 3050 3060
f 3066 3052 2956
f 3066 3065 3062
f 3066 2956 3065
f 3066 3062 3064
f 3066 3064 3052
f 3067 2936 2943
f 3067 2957 2936
f 3068 2943 2945
f 3068 3067 2943
f 2960 2945 2944
f 2960 3068 2945
f 3069 2962 3056
f 3069 2963 2962
f 3070 3056 3054
f 3070 3069 3056
f 2957 3054 2958
f 2957 3070 3054
f 3061 2964 2961
f 3061 2961 3071
f 3063 3071 3072
f 3063 3061 3071
f 2954 3072 2953
f 2954 3063 3072
f 3073 2950 2952
f 3073 2959 2950
f 3074 2952 2951
f 3074 3073 2952
f 2953 2951 2947
f 2953 3074 2951
f 3075 3067 3068
f 3075 3068 2960
f 3076 3075 2960
f 3077 3078 3079
f 3077 2960 3078
f 3077 3076 2960
f 3080 3070 2957
f 3080 2957 3067
f 3080 3075 3076
f 3080 3067 3075
f 3081 2963 3069
f 3081 3069 3070
f 3081 3079 2963
f 3081 3080 3076
f 3081 3070 3080
f 3081 3077 3079
f 3081 3076 3077
f 3082 3083 2959
f 3082 3084 3083
f 3085 3082 2959
f 3086 2959 3073
f 3086 3073 3074
f 3086 3085 2959
f 3087 3071 2961
f 3087 2961 3084
f 3087 3082 3085
f 3087 3084 3082
f 3088 3074 2953
f 3088 2953 3072
f 3088 3072 3071
f 3088 3087 3085
f 3088 3071 3087
f 3088 3086 3074
f 3088 3085 3086
f 3084 2963 3079
f 3084 2961 2963
f 3083 3079 3078
f 3083 3084 3079
f 2959 3078 2960
f 2959 3083 3078
f 2942 2921 2978
f 2942 2922 2921
f 2937 2978 2973
f 2937 2942 2978
f 2920 2973 2918
f 2920 2937 2973
f 2969 2926 2928
f 2969 2928 2934
f 2970 2934 2933
f 2970 2969 2934
f 2919 2933 2917
f 2919 2970 2933
f 2938 2925 2927
f 2938 2927 2974
f 2946 2974 2982
f 2946 2938 2974
f 2914 2982 2916
f 2914 2946 2982
f 2985 2923 2948
f 2985 2924 2923
f 2983 2948 2949
f 2983 2985 2948
f 2915 2949 2913
f 2915 2983 2949

g Solid_39
usemtl Solid_39
f 3089 3090 3091
f 3091 3090 3092
f 3093 3094 3095
f 3096 3094 3093
f 3097 3098 3099
f 3097 3099 3100
f 3101 3102 3103
f 3104 3102 3101
f 3105 3106 3107
f 3108 3106 3105
f 3106 3109 3107
f 3107 3109 3110
f 3110 3104 3107
f 3106 3093 3109
f 3107 3101 3111
f 3104 3101 3107
f 3093 3112 3096
f 3106 3112 3093
f 3101 3113 3111
f 3112 3114 3096
f 3112 3115 3114
f 3116 3117 3118
f 3111 3117 3116
f 3119 3117 3113
f 3113 3117 3111
f 3119 3090 3117
f 3120 3121 3112
f 3122 3121 3120
f 3112 3121 3115
f 3121 3098 3115
f 3099 3123 3124
f 3125 3126 3089
f 3124 3126 3125
f 3089 3126 3090
f 3090 3126 3117
f 3123 3126 3124
f 3127 3128 3123
f 3123 3128 3126
f 3121 3123 3098
f 3098 3123 3099
f 3123 3121 3129
f 3129 3121 3130
f 3131 3112 3106
f 3132 3112 3131
f 3133 3107 3111
f 3134 3107 3133
f 3135 3136 3126
f 3126 3136 3117
f 3137 3138 3139
f 3137 3140 3138
f 3141 3142 3143
f 3144 3142 3141
f 3144 3145 3142
f 3146 3145 3144
f 3144 3102 3146
f 3145 3095 3142
f 3147 3103 3144
f 3144 3103 3102
f 3094 3148 3095
f 3095 3148 3142
f 3147 3149 3103
f 3094 3150 3148
f 3151 3152 3147
f 3153 3152 3151
f 3149 3152 3154
f 3147 3152 3149
f 3152 3092 3154
f 3155 3156 3157
f 3148 3156 3155
f 3158 3156 3150
f 3150 3156 3148
f 3158 3097 3156
f 3091 3159 3160
f 3161 3162 3100
f 3160 3162 3161
f 3100 3162 3097
f 3097 3162 3156
f 3159 3162 3160
f 3163 3164 3159
f 3159 3164 3162
f 3152 3159 3092
f 3092 3159 3091
f 3165 3156 3162
f 3165 3162 3166
f 3167 3159 3152
f 3167 3152 3168
f 3169 3147 3144
f 3169 3170 3147
f 3142 3171 3172
f 3142 3148 3171
f 3173 3174 3175
f 3173 3175 3176
f 3177 3162 3164
f 3177 3166 3162
f 3178 3164 3163
f 3178 3177 3164
f 3167 3163 3159
f 3167 3178 3163
f 3179 3152 3153
f 3179 3168 3152
f 3180 3153 3151
f 3180 3179 3153
f 3170 3151 3147
f 3170 3180 3151
f 3181 3173 3182
f 3181 3174 3173
f 3183 3182 3184
f 3183 3181 3182
f 3168 3184 3167
f 3168 3183 3184
f 3185 3177 3178
f 3185 3178 3167
f 3186 3185 3167
f 3187 3167 3184
f 3187 3184 3182
f 3187 3186 3167
f 3188 3166 3177
f 3188 3189 3166
f 3188 3185 3186
f 3188 3177 3185
f 3190 3182 3173
f 3190 3191 3189
f 3190 3173 3191
f 3190 3189 3188
f 3190 3188 3186
f 3190 3187 3182
f 3190 3186 3187
f 3192 3181 3183
f 3192 3183 3168
f 3193 3192 3168
f 3194 3168 3179
f 3194 3179 3180
f 3194 3193 3168
f 3195 3174 3181
f 3195 3196 3174
f 3195 3192 3193
f 3195 3181 3192
f 3197 3180 3170
f 3197 3198 3196
f 3197 3170 3198
f 3197 3196 3195
f 3197 3195 3193
f 3197 3194 3180
f 3197 3193 3194
f 3191 3173 3176
f 3191 3176 3199
f 3189 3199 3200
f 3189 3191 3199
f 3166 3200 3165
f 3166 3189 3200
f 3201 3148 3155
f 3201 3171 3148
f 3202 3155 3157
f 3202 3201 3155
f 3165 3157 3156
f 3165 3202 3157
f 3203 3144 3141
f 3203 3169 3144
f 3204 3141 3143
f 3204 3203 3141
f 3172 3143 3142
f 3172 3204 3143
f 3205 3174 3196
f 3205 3175 3174
f 3206 3196 3198
f 3206 3205 3196
f 3169 3198 3170
f 3169 3206 3198
f 3207 3201 3202
f 3207 3202 3165
f 3207 3165 3200
f 3208 3200 3199
f 3208 3207 3200
f 3209 3199 3176
f 3209 3210 3211
f 3209 3176 3210
f 3209 3208 3199
f 3212 3171 3201
f 3212 3207 3208
f 3212 3201 3207
f 3213 3211 3171
f 3213 3212 3208
f 3213 3171 3212
f 3213 3208 3209
f 3213 3209 3211
f 3214 3175 3205
f 3214 3215 3175
f 3214 3216 3215
f 3217 3205 3206
f 3217 3214 3205
f 3218 3206 3169
f 3218 3169 3203
f 3218 3203 3204
f 3218 3217 3206
f 3219 3172 3216
f 3219 3214 3217
f 3219 3216 3214
f 3220 3204 3172
f 3220 3219 3217
f 3220 3217 3218
f 3220 3218 3204
f 3220 3172 3219
f 3210 3176 3175
f 3210 3175 3215
f 3211 3215 3216
f 3211 3210 3215
f 3171 3216 3172
f 3171 3211 3216
f 3221 3106 3108
f 3221 3131 3106
f 3222 3108 3105
f 3222 3221 3108
f 3134 3105 3107
f 3134 3222 3105
f 3223 3140 3224
f 3223 3138 3140
f 3225 3224 3226
f 3225 3223 3224
f 3131 3226 3132
f 3131 3225 3226
f 3227 3121 3122
f 3227 3130 3121
f 3228 3122 3120
f 3228 3227 3122
f 3132 3120 3112
f 3132 3228 3120
f 3229 3221 3222
f 3229 3222 3134
f 3229 3134 3230
f 3231 3230 3232
f 3231 3229 3230
f 3233 3138 3223
f 3233 3223 3225
f 3233 3232 3138
f 3233 3231 3232
f 3234 3131 3221
f 3234 3229 3231
f 3234 3221 3229
f 3235 3225 3131
f 3235 3234 3231
f 3235 3131 3234
f 3235 3231 3233
f 3235 3233 3225
f 3236 3226 3224
f 3236 3224 3140
f 3236 3140 3237
f 3238 3237 3239
f 3238 3236 3237
f 3240 3130 3227
f 3240 3227 3228
f 3240 3239 3130
f 3240 3238 3239
f 3241 3132 3226
f 3241 3236 3238
f 3241 3226 3236
f 3242 3228 3132
f 3242 3241 3238
f 3242 3132 3241
f 3242 3238 3240
f 3242 3240 3228
f 3243 3111 3116
f 3243 3133 3111
f 3244 3116 3118
f 3244 3243 3116
f 3136 3118 3117
f 3136 3244 3118
f 3245 3138 3232
f 3245 3139 3138
f 3246 3232 3230
f 3246 3245 3232
f 3133 3230 3134
f 3133 3246 3230
f 3237 3140 3137
f 3237 3137 3247
f 3239 3247 3248
f 3239 3237 3247
f 3130 3248 3129
f 3130 3239 3248
f 3249 3126 3128
f 3249 3135 3126
f 3250 3128 3127
f 3250 3249 3128
f 3129 3127 3123
f 3129 3250 3127
f 3251 3243 3244
f 3251 3244 3136
f 3252 3251 3136
f 3253 3254 3255
f 3253 3136 3254
f 3253 3252 3136
f 3256 3246 3133
f 3256 3133 3243
f 3256 3251 3252
f 3256 3243 3251
f 3257 3139 3245
f 3257 3245 3246
f 3257 3255 3139
f 3257 3256 3252
f 3257 3246 3256
f 3257 3253 3255
f 3257 3252 3253
f 3258 3259 3135
f 3258 3260 3259
f 3261 3258 3135
f 3262 3135 3249
f 3262 3249 3250
f 3262 3261 3135
f 3263 3247 3137
f 3263 3137 3260
f 3263 3258 3261
f 3263 3260 3258
f 3264 3250 3129
f 3264 3129 3248
f 3264 3248 3247
f 3264 3263 3261
f 3264 3247 3263
f 3264 3262 3250
f 3264 3261 3262
f 3260 3139 3255
f 3260 3137 3139
f 3259 3255 3254
f 3259 3260 3255
f 3135 3254 3136
f 3135 3259 3254
f 3115 3097 3158
f 3115 3098 3097
f 3114 3158 3150
f 3114 3115 3158
f 3096 3150 3094
f 3096 3114 3150
f 3146 3102 3104
f 3146 3104 3110
f 3145 3110 3109
f 3145 3146 3110
f 3095 3109 3093
f 3095 3145 3109
f 3113 3101 3103
f 3113 3103 3149
f 3119 3149 3154
f 3119 3113 3149
f 3090 3154 3092
f 3090 3119 3154
f 3161 3099 3124
f 3161 3100 3099
f 3160 3124 3125
f 3160 3161 3124
f 3091 3125 3089
f 3091 3160 3125

g Solid_40
usemtl Solid_40
f 3265 3266 3267
f 3267 3266 3268
f 3269 3270 3271
f 3272 3270 3269
f 3273 3274 3275
f 3273 3275 3276
f 3277 3278 3279
f 3280 3278 3277
f 3281 3282 3283
f 3284 3282 3281
f 3282 3285 3283
f 3283 3285 3286
f 3286 3280 3283
f 3282 3269 3285
f 3283 3277 3287
f 3280 3277 3283
f 3269 3288 3272
f 3282 3288 3269
f 3277 3289 3287
f 3288 3290 3272
f 3288 3291 3290
f 3292 3293 3294
f 3287 3293 3292
f 3295 3293 3289
f 3289 3293 3287
f 3295 3266 3293
f 3296 3297 3288
f 3298 3297 3296
f 3288 3297 3291
f 3297 3274 3291
f 3275 3299 3300
f 3301 3302 3265
f 3300 3302 3301
f 3265 3302 3266
f 3266 3302 3293
f 3299 3302 3300
f 3303 3304 3299
f 3299 3304 3302
f 3297 3299 3274
f 3274 3299 3275
f 3299 3297 3305
f 3305 3297 3306
f 3307 3288 3282
f 3308 3288 3307
f 3309 3283 3287
f 3310 3283 3309
f 3311 3312 3302
f 3302 3312 3293
f 3313 3314 3315
f 3313 3316 3314
f 3317 3318 3319
f 3320 3318 3317
f 3320 3321 3318
f 3322 3321 3320
f 3320 3278 3322
f 3321 3271 3318
f 3323 3279 3320
f 3320 3279 3278
f 3270 3324 3271
f 3271 3324 3318
f 3323 3325 3279
f 3270 3326 3324
f 3327 3328 3323
f 3329 3328 3327
f 3325 3328 3330
f 3323 3328 3325
f 3328 3268 3330
f 3331 3332 3333
f 3324 3332 3331
f 3334 3332 3326
f 3326 3332 3324
f 3334 3273 3332
f 3267 3335 3336
f 3337 3338 3276
f 3336 3338 3337
f 3276 3338 3273
f 3273 3338 3332
f 3335 3338 3336
f 3339 3340 3335
f 3335 3340 3338
f 3328 3335 3268
f 3268 3335 3267
f 3341 3332 3338
f 3341 3338 3342
f 3343 3335 3328
f 3343 3328 3344
f 3345 3323 3320
f 3345 3346 3323
f 3318 3347 3348
f 3318 3324 3347
f 3349 3350 3351
f 3349 3351 3352
f 3353 3338 3340
f 3353 3342 3338
f 3354 3340 3339
f 3354 3353 3340
f 3343 3339 3335
f 3343 3354 3339
f 3355 3328 3329
f 3355 3344 3328
f 3356 3329 3327
f 3356 3355 3329
f 3346 3327 3323
f 3346 3356 3327
f 3357 3349 3358
f 3357 3350 3349
f 3359 3358 3360
f 3359 3357 3358
f 3344 3360 3343
f 3344 3359 3360
f 3361 3353 3354
f 3361 3354 3343
f 3362 3361 3343
f 3363 3343 3360
f 3363 3360 3358
f 3363 3362 3343
f 3364 3342 3353
f 3364 3365 3342
f 3364 3361 3362
f 3364 3353 3361
f 3366 3358 3349
f 3366 3367 3365
f 3366 3349 3367
f 3366 3365 3364
f 3366 3364 3362
f 3366 3363 3358
f 3366 3362 3363
f 3368 3357 3359
f 3368 3359 3344
f 3369 3368 3344
f 3370 3344 3355
f 3370 3355 3356
f 3370 3369 3344
f 3371 3350 3357
f 3371 3372 3350
f 3371 3368 3369
f 3371 3357 3368
f 3373 3356 3346
f 3373 3374 3372
f 3373 3346 3374
f 3373 3372 3371
f 3373 3371 3369
f 3373 3370 3356
f 3373 3369 3370
f 3367 3349 3352
f 3367 3352 3375
f 3365 3375 3376
f 3365 3367 3375
f 3342 3376 3341
f 3342 3365 3376
f 3377 3324 3331
f 3377 3347 3324
f 3378 3331 3333
f 3378 3377 3331
f 3341 3333 3332
f 3341 3378 3333
f 3379 3320 3317
f 3379 3345 3320
f 3380 3317 3319
f 3380 3379 3317
f 3348 3319 3318
f 3348 3380 3319
f 3381 3350 3372
f 3381 3351 3350
f 3382 3372 3374
f 3382 3381 3372
f 3345 3374 3346
f 3345 3382 3374
f 3383 3377 3378
f 3383 3378 3341
f 3383 3341 3376
f 3384 3376 3375
f 3384 3383 3376
f 3385 3375 3352
f 3385 3386 3387
f 3385 3352 3386
f 3385 3384 3375
f 3388 3347 3377
f 3388 3383 3384
f 3388 3377 3383
f 3389 3387 3347
f 3389 3388 3384
f 3389 3347 3388
f 3389 3384 3385
f 3389 3385 3387
f 3390 3351 3381
f 3390 3391 3351
f 3390 3392 3391
f 3393 3381 3382
f 3393 3390 3381
f 3394 3382 3345
f 3394 3345 3379
f 3394 3379 3380
f 3394 3393 3382
f 3395 3348 3392
f 3395 3390 3393
f 3395 3392 3390
f 3396 3380 3348
f 3396 3395 3393
f 3396 3393 3394
f 3396 3394 3380
f 3396 3348 3395
f 3386 3352 3351
f 3386 3351 3391
f 3387 3391 3392
f 3387 3386 3391
f 3347 3392 3348
f 3347 3387 3392
f 3397 3282 3284
f 3397 3307 3282
f 3398 3284 3281
f 3398 3397 3284
f 3310 3281 3283
f 3310 3398 3281
f 3399 3316 3400
f 3399 3314 3316
f 3401 3400 3402
f 3401 3399 3400
f 3307 3402 3308
f 3307 3401 3402
f 3403 3297 3298
f 3403 3306 3297
f 3404 3298 3296
f 3404 3403 3298
f 3308 3296 3288
f 3308 3404 3296
f 3405 3397 3398
f 3405 3398 3310
f 3405 3310 3406
f 3407 3406 3408
f 3407 3405 3406
f 3409 3314 3399
f 3409 3399 3401
f 3409 3408 3314
f 3409 3407 3408
f 3410 3307 3397
f 3410 3405 3407
f 3410 3397 3405
f 3411 3401 3307
f 3411 3410 3407
f 3411 3307 3410
f 3411 3407 3409
f 3411 3409 3401
f 3412 3402 3400
f 3412 3400 3316
f 3412 3316 3413
f 3414 3413 3415
f 3414 3412 3413
f 3416 3306 3403
f 3416 3403 3404
f 3416 3415 3306
f 3416 3414 3415
f 3417 3308 3402
f 3417 3412 3414
f 3417 3402 3412
f 3418 3404 3308
f 3418 3417 3414
f 3418 3308 3417
f 3418 3414 3416
f 3418 3416 3404
f 3419 3287 3292
f 3419 3309 3287
f 3420 3292 3294
f 3420 3419 3292
f 3312 3294 3293
f 3312 3420 3294
f 3421 3314 3408
f 3421 3315 3314
f 3422 3408 3406
f 3422 3421 3408
f 3309 3406 3310
f 3309 3422 3406
f 3413 3316 3313
f 3413 3313 3423
f 3415 3423 3424
f 3415 3413 3423
f 3306 3424 3305
f 3306 3415 3424
f 3425 3302 3304
f 3425 3311 3302
f 3426 3304 3303
f 3426 3425 3304
f 3305 3303 3299
f 3305 3426 3303
f 3427 3419 3420
f 3427 3420 3312
f 3428 3427 3312
f 3429 3430 3431
f 3429 3312 3430
f 3429 3428 3312
f 3432 3422 3309
f 3432 3309 3419
f 3432 3427 3428
f 3432 3419 3427
f 3433 3315 3421
f 3433 3421 3422
f 3433 3431 3315
f 3433 3432 3428
f 3433 3422 3432
f 3433 3429 3431
f 3433 3428 3429
f 3434 3435 3311
f 3434 3436 3435
f 3437 3434 3311
f 3438 3311 3425
f 3438 3425 3426
f 3438 3437 3311
f 3439 3423 3313
f 3439 3313 3436
f 3439 3434 3437
f 3439 3436 3434
f 3440 3426 3305
f 3440 3305 3424
f 3440 3424 3423
f 3440 3439 3437
f 3440 3423 3439
f 3440 3438 3426
f 3440 3437 3438
f 3436 3315 3431
f 3436 3313 3315
f 3435 3431 3430
f 3435 3436 3431
f 3311 3430 3312
f 3311 3435 3430
f 3291 3273 3334
f 3291 3274 3273
f 3290 3334 3326
f 3290 3291 3334
f 3272 3326 3270
f 3272 3290 3326
f 3322 3278 3280
f 3322 3280 3286
f 3321 3286 3285
f 3321 3322 3286
f 3271 3285 3269
f 3271 3321 3285
f 3289 3277 3279
f 3289 3279 3325
f 3295 3325 3330
f 3295 3289 3325
f 3266 3330 3268
f 3266 3295 3330
f 3337 3275 3300
f 3337 3276 3275
f 3336 3300 3301
f 3336 3337 3300
f 3267 3301 3265
f 3267 3336 3301

g Solid_41
usemtl Solid_41
f 3441 3442 3443
f 3443 3442 3444
f 3445 3446 3447
f 3448 3446 3445
f 3449 3450 3451
f 3449 3451 3452
f 3453 3454 3455
f 3456 3454 3453
f 3457 3458 3459
f 3460 3458 3457
f 3460 3461 3458
f 3458 3461 3462
f 3460 3445 3461
f 3462 3456 3458
f 3445 3463 3448
f 3460 3463 3445
f 3458 3453 3464
f 3456 3453 3458
f 3463 3465 3448
f 3453 3466 3464
f 3463 3467 3465
f 3468 3469 3463
f 3470 3469 3468
f 3463 3469 3467
f 3469 3450 3467
f 3471 3472 3473
f 3464 3472 3471
f 3474 3472 3466
f 3442 3472 3474
f 3466 3472 3464
f 3451 3475 3476
f 3477 3478 3441
f 3476 3478 3477
f 3441 3478 3442
f 3442 3478 3472
f 3475 3478 3476
f 3479 3480 3475
f 3475 3480 3478
f 3469 3475 3450
f 3450 3475 3451
f 3475 3469 3481
f 3481 3469 3482
f 3483 3463 3460
f 3484 3463 3483
f 3485 3458 3464
f 3486 3458 3485
f 3487 3488 3478
f 3478 3488 3472
f 3489 3490 3491
f 3489 3492 3490
f 3493 3494 3495
f 3496 3494 3493
f 3496 3497 3494
f 3498 3497 3496
f 3496 3454 3498
f 3497 3447 3494
f 3499 3455 3496
f 3496 3455 3454
f 3446 3500 3447
f 3447 3500 3494
f 3499 3501 3455
f 3446 3502 3500
f 3502 3503 3500
f 3504 3505 3499
f 3506 3505 3504
f 3501 3505 3507
f 3499 3505 3501
f 3505 3444 3507
f 3508 3509 3510
f 3500 3509 3508
f 3503 3509 3500
f 3503 3449 3509
f 3443 3511 3512
f 3513 3514 3452
f 3512 3514 3513
f 3452 3514 3449
f 3449 3514 3509
f 3511 3514 3512
f 3515 3516 3511
f 3511 3516 3514
f 3505 3511 3444
f 3444 3511 3443
f 3517 3509 3514
f 3517 3514 3518
f 3519 3511 3505
f 3519 3505 3520
f 3521 3499 3496
f 3521 3522 3499
f 3494 3523 3524
f 3494 3500 3523
f 3525 3526 3527
f 3525 3527 3528
f 3529 3514 3516
f 3529 3518 3514
f 3530 3516 3515
f 3530 3529 3516
f 3519 3515 3511
f 3519 3530 3515
f 3531 3505 3506
f 3531 3520 3505
f 3532 3506 3504
f 3532 3531 3506
f 3522 3504 3499
f 3522 3532 3504
f 3533 3525 3534
f 3533 3526 3525
f 3535 3534 3536
f 3535 3533 3534
f 3520 3536 3519
f 3520 3535 3536
f 3537 3529 3530
f 3537 3530 3519
f 3538 3537 3519
f 3539 3519 3536
f 3539 3536 3534
f 3539 3538 3519
f 3540 3518 3529
f 3540 3541 3518
f 3540 3537 3538
f 3540 3529 3537
f 3542 3534 3525
f 3542 3543 3541
f 3542 3525 3543
f 3542 3541 3540
f 3542 3540 3538
f 3542 3539 3534
f 3542 3538 3539
f 3544 3533 3535
f 3544 3535 3520
f 3545 3544 3520
f 3546 3520 3531
f 3546 3531 3532
f 3546 3545 3520
f 3547 3526 3533
f 3547 3548 3526
f 3547 3544 3545
f 3547 3533 3544
f 3549 3532 3522
f 3549 3550 3548
f 3549 3522 3550
f 3549 3548 3547
f 3549 3547 3545
f 3549 3546 3532
f 3549 3545 3546
f 3543 3525 3528
f 3543 3528 3551
f 3541 3551 3552
f 3541 3543 3551
f 3518 3552 3517
f 3518 3541 3552
f 3553 3500 3508
f 3553 3523 3500
f 3554 3508 3510
f 3554 3553 3508
f 3517 3510 3509
f 3517 3554 3510
f 3555 3496 3493
f 3555 3521 3496
f 3556 3493 3495
f 3556 3555 3493
f 3524 3495 3494
f 3524 3556 3495
f 3557 3526 3548
f 3557 3527 3526
f 3558 3548 3550
f 3558 3557 3548
f 3521 3550 3522
f 3521 3558 3550
f 3559 3553 3554
f 3559 3554 3517
f 3559 3517 3552
f 3560 3552 3551
f 3560 3559 3552
f 3561 3551 3528
f 3561 3562 3563
f 3561 3528 3562
f 3561 3560 3551
f 3564 3523 3553
f 3564 3559 3560
f 3564 3553 3559
f 3565 3563 3523
f 3565 3564 3560
f 3565 3523 3564
f 3565 3560 3561
f 3565 3561 3563
f 3566 3527 3557
f 3566 3567 3527
f 3566 3568 3567
f 3569 3557 3558
f 3569 3566 3557
f 3570 3558 3521
f 3570 3521 3555
f 3570 3555 3556
f 3570 3569 3558
f 3571 3524 3568
f 3571 3566 3569
f 3571 3568 3566
f 3572 3556 3524
f 3572 3571 3569
f 3572 3569 3570
f 3572 3570 3556
f 3572 3524 3571
f 3562 3528 3527
f 3562 3527 3567
f 3563 3567 3568
f 3563 3562 3567
f 3523 3568 3524
f 3523 3563 3568
f 3573 3460 3457
f 3573 3483 3460
f 3574 3457 3459
f 3574 3573 3457
f 3486 3459 3458
f 3486 3574 3459
f 3575 3492 3576
f 3575 3490 3492
f 3577 3576 3578
f 3577 3575 3576
f 3483 3578 3484
f 3483 3577 3578
f 3579 3469 3470
f 3579 3482 3469
f 3580 3470 3468
f 3580 3579 3470
f 3484 3468 3463
f 3484 3580 3468
f 3581 3573 3574
f 3581 3574 3486
f 3581 3486 3582
f 3583 3582 3584
f 3583 3581 3582
f 3585 3490 3575
f 3585 3575 3577
f 3585 3584 3490
f 3585 3583 3584
f 3586 3483 3573
f 3586 3581 3583
f 3586 3573 3581
f 3587 3577 3483
f 3587 3586 3583
f 3587 3483 3586
f 3587 3583 3585
f 3587 3585 3577
f 3588 3578 3576
f 3588 3576 3492
f 3588 3492 3589
f 3590 3589 3591
f 3590 3588 3589
f 3592 3482 3579
f 3592 3579 3580
f 3592 3591 3482
f 3592 3590 3591
f 3593 3484 3578
f 3593 3588 3590
f 3593 3578 3588
f 3594 3580 3484
f 3594 3593 3590
f 3594 3484 3593
f 3594 3590 3592
f 3594 3592 3580
f 3595 3464 3471
f 3595 3485 3464
f 3596 3471 3473
f 3596 3595 3471
f 3488 3473 3472
f 3488 3596 3473
f 3597 3490 3584
f 3597 3491 3490
f 3598 3584 3582
f 3598 3597 3584
f 3485 3582 3486
f 3485 3598 3582
f 3589 3492 3489
f 3589 3489 3599
f 3591 3599 3600
f 3591 3589 3599
f 3482 3600 3481
f 3482 3591 3600
f 3601 3478 3480
f 3601 3487 3478
f 3602 3480 3479
f 3602 3601 3480
f 3481 3479 3475
f 3481 3602 3479
f 3603 3595 3596
f 3603 3596 3488
f 3604 3603 3488
f 3605 3606 3607
f 3605 3488 3606
f 3605 3604 3488
f 3608 3598 3485
f 3608 3485 3595
f 3608 3603 3604
f 3608 3595 3603
f 3609 3491 3597
f 3609 3597 3598
f 3609 3607 3491
f 3609 3608 3604
f 3609 3598 3608
f 3609 3605 3607
f 3609 3604 3605
f 3610 3611 3487
f 3610 3612 3611
f 3613 3610 3487
f 3614 3487 3601
f 3614 3601 3602
f 3614 3613 3487
f 3615 3599 3489
f 3615 3489 3612
f 3615 3610 3613
f 3615 3612 3610
f 3616 3602 3481
f 3616 3481 3600
f 3616 3600 3599
f 3616 3615 3613
f 3616 3599 3615
f 3616 3614 3602
f 3616 3613 3614
f 3612 3491 3607
f 3612 3489 3491
f 3611 3607 3606
f 3611 3612 3607
f 3487 3606 3488
f 3487 3611 3606
f 3467 3449 3503
f 3467 3450 3449
f 3465 3503 3502
f 3465 3467 3503
f 3448 3502 3446
f 3448 3465 3502
f 3498 3454 3456
f 3498 3456 3462
f 3497 3462 3461
f 3497 3498 3462
f 3447 3461 3445
f 3447 3497 3461
f 3466 3453 3455
f 3466 3455 3501
f 3474 3501 3507
f 3474 3466 3501
f 3442 3507 3444
f 3442 3474 3507
f 3513 3451 3476
f 3513 3452 3451
f 3512 3476 3477
f 3512 3513 3476
f 3443 3477 3441
f 3443 3512 3477

g Solid_42
usemtl Solid_42
f 3617 3618 3619
f 3617 3620 3618
f 3621 3622 3617
f 3623 3617 3619
f 3623 3621 3617
f 3623 3619 3624
f 3625 3626 3627
f 3625 3628 3626
f 3625 3629 3628
f 3630 3629 3625
f 3630 3625 3631
f 3632 3621 3623
f 3632 3623 3629
f 3632 3629 3630
f 3633 3634 3635
f 3633 3636 3634
f 3633 3637 3636
f 3638 3637 3633
f 3638 3639 3637
f 3638 3640 3639
f 3641 3642 3643
f 3644 3645 3621
f 3644 3621 3632
f 3646 3647 3641
f 3646 3648 3647
f 3646 3641 3643
f 3649 3646 3643
f 3649 3643 3645
f 3649 3645 3644
f 3650 3640 3638
f 3651 3640 3650
f 3651 3649 3644
f 3652 3653 3654
f 3652 3655 3653
f 3656 3650 3638
f 3656 3638 3655
f 3657 3655 3652
f 3657 3652 3658
f 3659 3655 3657
f 3660 3656 3655
f 3660 3655 3659
f 3661 3649 3651
f 3662 3661 3651
f 3662 3651 3650
f 3663 3664 3661
f 3665 3662 3666
f 3667 3661 3662
f 3667 3662 3665
f 3667 3663 3661
f 3667 3668 3663
f 3669 3670 3671
f 3669 3671 3672
f 3673 3670 3669
f 3674 3670 3673
f 3675 3674 3673
f 3676 3674 3675
f 3677 3656 3660
f 3677 3678 3656
f 3679 3680 3678
f 3679 3681 3680
f 3679 3682 3681
f 3679 3683 3682
f 3679 3684 3683
f 3685 3679 3678
f 3685 3678 3677
f 3686 3676 3675
f 3687 3688 3689
f 3687 3690 3688
f 3691 3692 3690
f 3691 3693 3692
f 3691 3694 3693
f 3691 3690 3687
f 3695 3676 3686
f 3696 3697 3698
f 3696 3699 3697
f 3700 3696 3701
f 3702 3703 3704
f 3702 3705 3703
f 3706 3686 3675
f 3706 3675 3705
f 3707 3699 3696
f 3707 3696 3700
f 3707 3691 3699
f 3707 3700 3708
f 3707 3694 3691
f 3709 3705 3702
f 3710 3705 3709
f 3710 3711 3712
f 3710 3709 3711
f 3710 3706 3705
f 3713 3685 3677
f 3713 3677 3695
f 3714 3713 3695
f 3714 3695 3686
f 3715 3714 3716
f 3717 3718 3713
f 3717 3719 3718
f 3717 3720 3719
f 3717 3713 3714
f 3717 3714 3715
f 3721 3722 3723
f 3724 3723 3725
f 3724 3721 3723
f 3726 3721 3724
f 3727 3726 3724
f 3728 3726 3727
f 3729 3730 3731
f 3732 3733 3730
f 3732 3734 3733
f 3732 3730 3729
f 3735 3734 3732
f 3736 3727 3734
f 3736 3728 3727
f 3736 3734 3735
f 3737 3738 3706
f 3737 3706 3710
f 3739 3740 3738
f 3739 3741 3740
f 3739 3742 3741
f 3739 3743 3742
f 3744 3745 3739
f 3744 3738 3737
f 3744 3739 3738
f 3746 3744 3737
f 3747 3744 3746
f 3748 3728 3736
f 3749 3744 3747
f 3749 3747 3748
f 3750 3748 3736
f 3750 3749 3748
f 3751 3749 3750
f 3751 3752 3749
f 3751 3750 3753
f 3754 3753 3755
f 3756 3751 3753
f 3756 3753 3754
f 3746 3694 3707
f 3746 3707 3747
f 3757 3758 3759
f 3757 3759 3760
f 3761 3760 3762
f 3761 3762 3763
f 3761 3763 3764
f 3761 3757 3760
f 3765 3757 3761
f 3766 3757 3765
f 3767 3757 3766
f 3767 3766 3768
f 3769 3767 3768
f 3770 3771 3772
f 3770 3772 3773
f 3774 3770 3773
f 3775 3773 3767
f 3775 3774 3773
f 3776 3775 3767
f 3776 3767 3769
f 3777 3765 3761
f 3778 3779 3780
f 3778 3780 3781
f 3782 3778 3783
f 3782 3779 3778
f 3784 3777 3779
f 3784 3779 3782
f 3785 3784 3786
f 3785 3765 3777
f 3785 3777 3784
f 3787 3788 3785
f 3789 3786 3790
f 3789 3790 3791
f 3789 3792 3787
f 3789 3787 3785
f 3789 3785 3786
f 3793 3794 3795
f 3796 3794 3793
f 3797 3798 3794
f 3799 3794 3796
f 3800 3797 3794
f 3800 3794 3799
f 3801 3802 3803
f 3804 3769 3805
f 3804 3776 3769
f 3806 3802 3801
f 3807 3808 3809
f 3810 3802 3806
f 3810 3806 3811
f 3812 3804 3805
f 3812 3805 3802
f 3812 3802 3810
f 3813 3807 3814
f 3813 3808 3807
f 3815 3813 3816
f 3815 3816 3817
f 3815 3808 3813
f 3818 3800 3799
f 3819 3820 3808
f 3819 3808 3815
f 3821 3819 3822
f 3821 3822 3823
f 3821 3824 3825
f 3821 3825 3826
f 3821 3826 3820
f 3821 3820 3819
f 3827 3818 3799
f 3828 3800 3818
f 3829 3830 3828
f 3831 3828 3818
f 3832 3833 3834
f 3835 3832 3834
f 3836 3834 3829
f 3836 3829 3828
f 3836 3828 3831
f 3836 3835 3834
f 3837 3818 3827
f 3838 3827 3804
f 3838 3804 3812
f 3838 3837 3827
f 3839 3837 3838
f 3839 3838 3840
f 3839 3840 3841
f 3839 3842 3843
f 3839 3843 3844
f 3839 3844 3837
f 3845 3846 3847
f 3848 3846 3845
f 3848 3849 3850
f 3848 3850 3851
f 3848 3851 3846
f 3852 3848 3845
f 3853 3836 3831
f 3853 3831 3854
f 3855 3854 3856
f 3855 3856 3857
f 3855 3857 3858
f 3859 3854 3855
f 3859 3853 3854
f 3859 3855 3860
f 3859 3860 3861
f 3862 3848 3852
f 3863 3862 3852
f 3864 3848 3862
f 3865 3866 3864
f 3867 3864 3862
f 3868 3869 3870
f 3871 3865 3864
f 3871 3868 3870
f 3871 3870 3865
f 3872 3864 3867
f 3872 3871 3864
f 3873 3862 3863
f 3874 3863 3853
f 3874 3853 3859
f 3874 3873 3863
f 3875 3874 3876
f 3877 3875 3878
f 3877 3879 3880
f 3877 3880 3873
f 3877 3873 3874
f 3877 3874 3875
f 3881 3882 3883
f 3884 3885 3882
f 3884 3881 3886
f 3884 3886 3887
f 3884 3887 3888
f 3884 3882 3881
f 3889 3872 3867
f 3889 3867 3885
f 3890 3885 3884
f 3890 3889 3885
f 3891 3890 3892
f 3893 3889 3890
f 3893 3890 3891
f 3893 3891 3894
f 3893 3895 3896
f 3893 3896 3889
f 3820 3768 3766
f 3820 3766 3808
f 3786 3784 3727
f 3727 3784 3734
f 3726 3728 3785
f 3726 3785 3788
f 3721 3788 3787
f 3721 3726 3788
f 3722 3787 3792
f 3722 3721 3787
f 3723 3792 3789
f 3723 3722 3792
f 3725 3789 3791
f 3725 3723 3789
f 3724 3791 3790
f 3724 3725 3791
f 3727 3790 3786
f 3727 3724 3790
f 3728 3748 3785
f 3785 3748 3765
f 3766 3765 3747
f 3747 3765 3748
f 3808 3766 3707
f 3707 3766 3747
f 3697 3699 3815
f 3697 3815 3817
f 3698 3817 3816
f 3698 3697 3817
f 3696 3816 3813
f 3696 3698 3816
f 3701 3813 3814
f 3701 3696 3813
f 3700 3814 3807
f 3700 3701 3814
f 3708 3807 3809
f 3708 3700 3807
f 3707 3809 3808
f 3707 3708 3809
f 3819 3815 3691
f 3691 3815 3699
f 3693 3694 3820
f 3693 3820 3826
f 3692 3826 3825
f 3692 3693 3826
f 3690 3825 3824
f 3690 3692 3825
f 3688 3824 3821
f 3688 3690 3824
f 3689 3821 3823
f 3689 3688 3821
f 3687 3823 3822
f 3687 3689 3823
f 3691 3822 3819
f 3691 3687 3822
f 3694 3746 3820
f 3820 3746 3768
f 3769 3768 3737
f 3737 3768 3746
f 3805 3769 3710
f 3710 3769 3737
f 3703 3705 3812
f 3703 3812 3810
f 3704 3810 3811
f 3704 3703 3810
f 3702 3811 3806
f 3702 3704 3811
f 3709 3806 3801
f 3709 3702 3806
f 3711 3801 3803
f 3711 3709 3801
f 3712 3803 3802
f 3712 3711 3803
f 3710 3802 3805
f 3710 3712 3802
f 3838 3812 3675
f 3675 3812 3705
f 3674 3676 3837
f 3674 3837 3844
f 3670 3844 3843
f 3670 3674 3844
f 3671 3843 3842
f 3671 3670 3843
f 3672 3842 3839
f 3672 3671 3842
f 3669 3839 3841
f 3669 3672 3839
f 3673 3841 3840
f 3673 3669 3841
f 3675 3840 3838
f 3675 3673 3840
f 3676 3695 3837
f 3837 3695 3818
f 3831 3818 3677
f 3677 3818 3695
f 3854 3831 3660
f 3660 3831 3677
f 3653 3655 3859
f 3653 3859 3861
f 3654 3861 3860
f 3654 3653 3861
f 3652 3860 3855
f 3652 3654 3860
f 3658 3855 3858
f 3658 3652 3855
f 3657 3858 3857
f 3657 3658 3858
f 3659 3857 3856
f 3659 3657 3857
f 3660 3856 3854
f 3660 3659 3856
f 3874 3859 3638
f 3638 3859 3655
f 3639 3640 3873
f 3639 3873 3880
f 3637 3880 3879
f 3637 3639 3880
f 3636 3879 3877
f 3636 3637 3879
f 3634 3877 3878
f 3634 3636 3877
f 3635 3878 3875
f 3635 3634 3878
f 3633 3875 3876
f 3633 3635 3875
f 3638 3876 3874
f 3638 3633 3876
f 3640 3651 3873
f 3873 3651 3862
f 3867 3862 3644
f 3644 3862 3651
f 3885 3867 3632
f 3632 3867 3644
f 3628 3629 3884
f 3628 3884 3888
f 3626 3888 3887
f 3626 3628 3888
f 3627 3887 3886
f 3627 3626 3887
f 3625 3886 3881
f 3625 3627 3886
f 3631 3881 3883
f 3631 3625 3881
f 3630 3883 3882
f 3630 3631 3883
f 3632 3882 3885
f 3632 3630 3882
f 3890 3884 3623
f 3623 3884 3629
f 3622 3621 3889
f 3622 3889 3896
f 3617 3896 3895
f 3617 3622 3896
f 3620 3895 3893
f 3620 3617 3895
f 3618 3893 3894
f 3618 3620 3893
f 3619 3894 3891
f 3619 3618 3894
f 3624 3891 3892
f 3624 3619 3891
f 3623 3892 3890
f 3623 3624 3892
f 3621 3645 3889
f 3889 3645 3872
f 3646 3649 3864
f 3646 3864 3866
f 3648 3866 3865
f 3648 3646 3866
f 3647 3865 3870
f 3647 3648 3865
f 3641 3870 3869
f 3641 3647 3870
f 3642 3869 3868
f 3642 3641 3869
f 3643 3868 3871
f 3643 3642 3868
f 3645 3871 3872
f 3645 3643 3871
f 3848 3864 3661
f 3661 3864 3649
f 3666 3662 3852
f 3666 3852 3845
f 3665 3845 3847
f 3665 3666 3845
f 3667 3847 3846
f 3667 3665 3847
f 3668 3846 3851
f 3668 3667 3846
f 3663 3851 3850
f 3663 3668 3851
f 3664 3850 3849
f 3664 3663 3850
f 3661 3849 3848
f 3661 3664 3849
f 3863 3852 3650
f 3650 3852 3662
f 3853 3863 3656
f 3656 3863 3650
f 3656 3678 3853
f 3853 3678 3836
f 3679 3685 3828
f 3679 3828 3830
f 3684 3830 3829
f 3684 3679 3830
f 3683 3829 3834
f 3683 3684 3829
f 3682 3834 3833
f 3682 3683 3834
f 3681 3833 3832
f 3681 3682 3833
f 3680 3832 3835
f 3680 3681 3832
f 3678 3835 3836
f 3678 3680 3835
f 3800 3828 3713
f 3713 3828 3685
f 3716 3714 3799
f 3716 3799 3796
f 3715 3796 3793
f 3715 3716 3796
f 3717 3793 3795
f 3717 3715 3793
f 3720 3795 3794
f 3720 3717 3795
f 3719 3794 3798
f 3719 3720 3794
f 3718 3798 3797
f 3718 3719 3798
f 3713 3797 3800
f 3713 3718 3797
f 3827 3799 3686
f 3686 3799 3714
f 3804 3827 3706
f 3706 3827 3686
f 3706 3738 3804
f 3804 3738 3776
f 3745 3744 3767
f 3745 3767 3773
f 3739 3773 3772
f 3739 3745 3773
f 3743 3772 3771
f 3743 3739 3772
f 3742 3771 3770
f 3742 3743 3771
f 3741 3770 3774
f 3741 3742 3770
f 3740 3774 3775
f 3740 3741 3774
f 3738 3775 3776
f 3738 3740 3775
f 3757 3767 3749
f 3749 3767 3744
f 3753 3750 3761
f 3753 3761 3764
f 3755 3764 3763
f 3755 3753 3764
f 3754 3763 3762
f 3754 3755 3763
f 3756 3762 3760
f 3756 3754 3762
f 3751 3760 3759
f 3751 3756 3760
f 3752 3759 3758
f 3752 3751 3759
f 3749 3758 3757
f 3749 3752 3758
f 3777 3750 3736
f 3777 3761 3750
f 3733 3734 3784
f 3733 3784 3782
f 3730 3782 3783
f 3730 3733 3782
f 3731 3783 3778
f 3731 3730 3783
f 3729 3778 3781
f 3729 3731 3778
f 3732 3781 3780
f 3732 3729 3781
f 3735 3780 3779
f 3735 3732 3780
f 3736 3779 3777
f 3736 3735 3779

g Solid_43
usemtl Solid_43
f 3897 3898 3899
f 3898 3900 3899
f 3899 3901 3897
f 3900 3902 3899
f 3899 3903 3901
f 3902 3904 3899
f 3899 3905 3903
f 3904 3906 3899
f 3906 3907 3899
f 3908 3909 3910
f 3911 3909 3908
f 3912 3909 3911
f 3905 3909 3912
f 3899 3909 3905
f 3909 3913 3910
f 3909 3914 3913
f 3909 3915 3914
f 3909 3916 3915
f 3909 3917 3916
f 3918 3919 3920
f 3920 3919 3921
f 3920 3922 3923
f 3921 3922 3920
f 3924 3925 3918
f 3918 3925 3919
f 3923 3926 3907
f 3922 3926 3923
f 3924 3927 3925
f 3928 3927 3924
f 3929 3930 3928
f 3928 3930 3927
f 3931 3932 3933
f 3934 3932 3931
f 3935 3932 3934
f 3933 3932 3936
f 3926 3932 3907
f 3936 3932 3926
f 3907 3932 3899
f 3935 3937 3932
f 3937 3938 3932
f 3938 3939 3932
f 3939 3940 3932
f 3941 3942 3929
f 3929 3942 3930
f 3943 3944 3941
f 3941 3944 3942
f 3945 3946 3943
f 3943 3946 3944
f 3947 3948 3945
f 3945 3948 3946
f 3949 3950 3947
f 3947 3950 3948
f 3951 3952 3949
f 3949 3952 3950
f 3953 3954 3955
f 3956 3954 3957
f 3958 3954 3956
f 3959 3954 3958
f 3960 3954 3959
f 3961 3954 3960
f 3962 3954 3961
f 3955 3954 3962
f 3957 3954 3940
f 3940 3954 3932
f 3909 3954 3917
f 3917 3954 3963
f 3963 3954 3951
f 3951 3954 3953
f 3951 3953 3964
f 3951 3964 3952
f 3965 3966 3932
f 3932 3966 3899
f 3967 3965 3954
f 3954 3965 3932
f 3968 3967 3909
f 3909 3967 3954
f 3909 3966 3968
f 3899 3966 3909
f 3967 3966 3965
f 3967 3968 3966
f 3969 3905 3912
f 3970 3905 3969
f 3916 3917 3971
f 3971 3917 3972
f 3941 3929 3973
f 3973 3929 3974
f 3904 3975 3906
f 3906 3975 3976
f 3970 3975 3977
f 3970 3977 3978
f 3970 3978 3979
f 3970 3979 3980
f 3970 3980 3981
f 3970 3981 3982
f 3974 3983 3984
f 3974 3984 3985
f 3974 3985 3986
f 3974 3986 3987
f 3974 3987 3988
f 3974 3988 3976
f 3974 3976 3975
f 3974 3975 3970
f 3971 3969 3989
f 3971 3989 3990
f 3971 3990 3991
f 3971 3991 3992
f 3971 3992 3993
f 3971 3993 3994
f 3973 3971 3972
f 3973 3970 3969
f 3973 3974 3970
f 3973 3969 3971
f 3995 3972 3996
f 3997 3998 3999
f 3997 3999 4000
f 3997 4000 3973
f 3997 3973 3972
f 3997 3972 3995
f 3957 3940 4001
f 4001 3940 4002
f 3936 4003 3933
f 3933 4003 4004
f 4005 3930 3942
f 4006 3930 4005
f 3953 3955 4007
f 4007 3955 4008
f 4009 4006 4003
f 4010 4006 4009
f 4011 4006 4010
f 4012 4006 4011
f 4013 4006 4012
f 4014 4006 4013
f 4003 4002 4004
f 4015 4002 4016
f 4017 4002 4015
f 4018 4002 4017
f 4019 4002 4018
f 4020 4002 4019
f 4004 4002 4020
f 4006 4002 4003
f 4021 4022 4023
f 4024 4007 4005
f 4023 4007 4024
f 4025 4007 4022
f 4026 4007 4025
f 4022 4007 4023
f 4008 4001 4007
f 4005 4001 4006
f 4006 4001 4002
f 4007 4001 4005
f 4027 4028 4008
f 4029 4030 4031
f 4032 4030 4029
f 4001 4030 4032
f 4008 4030 4001
f 4028 4030 4008
f 4016 4002 3940
f 4016 3940 3939
f 4015 3939 3938
f 4015 4016 3939
f 4017 3938 3937
f 4017 4015 3938
f 4018 3937 3935
f 4018 4017 3937
f 4019 3935 3934
f 4019 4018 3935
f 4020 3934 3931
f 4020 4019 3934
f 4004 3931 3933
f 4004 4020 3931
f 4009 4003 3936
f 4009 3936 3926
f 4010 3926 3922
f 4010 4009 3926
f 4011 3922 3921
f 4011 4010 3922
f 4012 3921 3919
f 4012 4011 3921
f 4013 3919 3925
f 4013 4012 3919
f 4014 3925 3927
f 4014 4013 3925
f 4006 3927 3930
f 4006 4014 3927
f 4024 4005 3942
f 4024 3942 3944
f 4023 3944 3946
f 4023 4024 3944
f 4021 3946 3948
f 4021 4023 3946
f 4022 3948 3950
f 4022 4021 3948
f 4025 3950 3952
f 4025 4022 3950
f 4026 3952 3964
f 4026 4025 3952
f 4007 3964 3953
f 4007 4026 3964
f 4027 4008 3955
f 4027 3955 3962
f 4028 3962 3961
f 4028 4027 3962
f 4030 3961 3960
f 4030 4028 3961
f 4031 3960 3959
f 4031 4030 3960
f 4029 3959 3958
f 4029 4031 3959
f 4032 3958 3956
f 4032 4029 3958
f 4001 3956 3957
f 4001 4032 3956
f 3996 3972 3917
f 3996 3917 3963
f 3995 3963 3951
f 3995 3996 3963
f 3997 3951 3949
f 3997 3995 3951
f 3998 3949 3947
f 3998 3997 3949
f 3999 3947 3945
f 3999 3998 3947
f 4000 3945 3943
f 4000 3999 3945
f 3973 3943 3941
f 3973 4000 3943
f 3983 3974 3929
f 3983 3929 3928
f 3984 3928 3924
f 3984 3983 3928
f 3985 3924 3918
f 3985 3984 3924
f 3986 3918 3920
f 3986 3985 3918
f 3987 3920 3923
f 3987 3986 3920
f 3988 3923 3907
f 3988 3987 3923
f 3976 3907 3906
f 3976 3988 3907
f 3977 3975 3904
f 3977 3904 3902
f 3978 3902 3900
f 3978 3977 3902
f 3979 3900 3898
f 3979 3978 3900
f 3980 3898 3897
f 3980 3979 3898
f 3981 3897 3901
f 3981 3980 3897
f 3982 3901 3903
f 3982 3981 3901
f 3970 3903 3905
f 3970 3982 3903
f 3989 3969 3912
f 3989 3912 3911
f 3990 3911 3908
f 3990 3989 3911
f 3991 3908 3910
f 3991 3990 3908
f 3992 3910 3913
f 3992 3991 3910
f 3993 3913 3914
f 3993 3992 3913
f 3994 3914 3915
f 3994 3993 3914
f 3971 3915 3916
f 3971 3994 3915

g Solid_44
usemtl Solid_44
f 4033 4034 4035
f 4035 4034 4036
f 4036 4037 4038
f 4034 4037 4036
f 4038 4039 4040
f 4037 4039 4038
f 4040 4041 4042
f 4039 4041 4040
f 4042 4043 4044
f 4041 4043 4042
f 4044 4045 4046
f 4043 4045 4044
f 4046 4047 4048
f 4045 4047 4046
f 4048 4049 4050
f 4047 4049 4048
f 4050 4051 4052
f 4049 4051 4050
f 4052 4053 4054
f 4051 4053 4052
f 4054 4055 4056
f 4053 4055 4054
f 4056 4057 4058
f 4055 4057 4056
f 4058 4059 4060
f 4057 4059 4058
f 4061 4062 4063
f 4064 4065 4061
f 4061 4065 4062
f 4063 4066 4067
f 4062 4066 4063
f 4064 4068 4065
f 4069 4070 4071
f 4067 4070 4069
f 4066 4070 4067
f 4072 4073 4064
f 4064 4073 4068
f 4070 4074 4071
f 4071 4075 4076
f 4074 4075 4071
f 4077 4078 4079
f 4079 4078 4080
f 4081 4082 4072
f 4072 4082 4073
f 4080 4083 4084
f 4084 4083 4085
f 4078 4083 4080
f 4086 4087 4081
f 4081 4087 4082
f 4085 4088 4089
f 4083 4088 4085
f 4090 4091 4086
f 4086 4091 4087
f 4089 4092 4090
f 4090 4092 4091
f 4088 4092 4089
f 4075 4093 4076
f 4094 4093 4075
f 4095 4096 4097
f 4098 4099 4096
f 4098 4096 4095
f 4100 4097 4101
f 4100 4095 4097
f 4102 4103 4099
f 4102 4099 4098
f 4104 4101 4105
f 4104 4100 4101
f 4106 4103 4102
f 4107 4105 4108
f 4107 4104 4105
f 4109 4110 4111
f 4094 4108 4093
f 4094 4107 4108
f 4112 4109 4113
f 4112 4110 4109
f 4114 4115 4116
f 4114 4116 4103
f 4114 4103 4106
f 4117 4113 4118
f 4117 4112 4113
f 4119 4115 4114
f 4120 4118 4121
f 4120 4117 4118
f 4122 4123 4115
f 4122 4115 4119
f 4124 4121 4123
f 4124 4123 4122
f 4124 4120 4121
f 4125 4126 4127
f 4128 4129 4125
f 4125 4129 4126
f 4127 4130 4131
f 4126 4130 4127
f 4128 4132 4129
f 4133 4134 4135
f 4131 4134 4133
f 4130 4134 4131
f 4136 4137 4128
f 4128 4137 4132
f 4134 4138 4135
f 4139 4140 4141
f 4135 4142 4143
f 4138 4142 4135
f 4139 4144 4140
f 4145 4146 4136
f 4136 4146 4137
f 4140 4147 4148
f 4148 4147 4149
f 4144 4147 4140
f 4150 4151 4145
f 4145 4151 4146
f 4149 4152 4153
f 4147 4152 4149
f 4154 4155 4150
f 4150 4155 4151
f 4153 4156 4154
f 4154 4156 4155
f 4152 4156 4153
f 4142 4157 4143
f 4158 4157 4142
f 4159 4160 4161
f 4162 4163 4160
f 4162 4160 4159
f 4164 4161 4165
f 4164 4159 4161
f 4166 4167 4163
f 4166 4163 4162
f 4168 4169 4170
f 4168 4165 4169
f 4168 4164 4165
f 4171 4167 4166
f 4172 4168 4170
f 4158 4170 4157
f 4158 4172 4170
f 4173 4174 4175
f 4173 4175 4176
f 4173 4176 4177
f 4178 4179 4167
f 4178 4167 4171
f 4180 4177 4181
f 4180 4173 4177
f 4182 4183 4179
f 4182 4179 4178
f 4184 4181 4185
f 4184 4180 4181
f 4186 4187 4183
f 4186 4183 4182
f 4188 4185 4187
f 4188 4187 4186
f 4188 4184 4185
f 4189 4190 4191
f 4190 4192 4191
f 4193 4194 4190
f 4195 4194 4193
f 4190 4194 4192
f 4195 4196 4194
f 4197 4198 4195
f 4195 4198 4196
f 4198 4199 4200
f 4197 4199 4198
f 4200 4201 4202
f 4199 4201 4200
f 4202 4203 4204
f 4201 4203 4202
f 4203 4205 4204
f 4203 4206 4205
f 4205 4207 4208
f 4206 4207 4205
f 4207 4209 4208
f 4207 4210 4209
f 4211 4212 4210
f 4210 4212 4209
f 4213 4214 4211
f 4211 4214 4212
f 4215 4216 4213
f 4213 4216 4214
f 4217 4218 4215
f 4215 4218 4216
f 4219 4220 4217
f 4217 4220 4218
f 4191 4221 4189
f 4222 4221 4191
f 4223 4224 4225
f 4226 4227 4224
f 4226 4224 4223
f 4228 4225 4229
f 4228 4223 4225
f 4230 4231 4227
f 4230 4227 4226
f 4232 4233 4234
f 4232 4229 4233
f 4232 4228 4229
f 4235 4231 4230
f 4236 4232 4234
f 4222 4234 4221
f 4222 4236 4234
f 4237 4238 4239
f 4237 4239 4240
f 4237 4240 4241
f 4242 4243 4231
f 4242 4231 4235
f 4244 4241 4245
f 4244 4237 4241
f 4246 4247 4243
f 4246 4243 4242
f 4248 4245 4249
f 4248 4244 4245
f 4250 4251 4247
f 4250 4247 4246
f 4252 4249 4251
f 4252 4251 4250
f 4252 4248 4249
f 4253 4254 4255
f 4254 4256 4255
f 4257 4258 4254
f 4259 4258 4257
f 4254 4258 4256
f 4259 4260 4258
f 4261 4262 4259
f 4259 4262 4260
f 4262 4263 4264
f 4261 4263 4262
f 4264 4265 4266
f 4263 4265 4264
f 4266 4267 4268
f 4265 4267 4266
f 4267 4269 4268
f 4267 4270 4269
f 4269 4271 4272
f 4270 4271 4269
f 4271 4273 4272
f 4271 4274 4273
f 4275 4276 4274
f 4274 4276 4273
f 4277 4278 4275
f 4275 4278 4276
f 4279 4280 4277
f 4277 4280 4278
f 4281 4282 4279
f 4279 4282 4280
f 4283 4284 4281
f 4281 4284 4282
f 4255 4285 4253
f 4286 4285 4255
f 4287 4285 4286
f 4288 4287 4286
f 4289 4290 4287
f 4289 4287 4288
f 4291 4292 4290
f 4291 4290 4289
f 4293 4292 4291
f 4294 4293 4291
f 4295 4294 4296
f 4295 4293 4294
f 4297 4296 4298
f 4297 4295 4296
f 4299 4298 4300
f 4299 4297 4298
f 4301 4299 4300
f 4302 4299 4301
f 4303 4301 4304
f 4303 4302 4301
f 4305 4303 4304
f 4306 4303 4305
f 4307 4308 4306
f 4307 4306 4305
f 4309 4310 4308
f 4309 4308 4307
f 4311 4312 4310
f 4311 4310 4309
f 4313 4314 4312
f 4313 4312 4311
f 4315 4316 4314
f 4315 4314 4313
f 4284 4283 4317
f 4317 4283 4318
f 4315 4220 4316
f 4220 4219 4316
f 4238 4139 4239
f 4139 4141 4239
f 4174 4077 4175
f 4077 4079 4175
f 4319 4320 4321
f 4319 4321 4322
f 4323 4324 4325
f 4323 4325 4326
f 4327 4328 4329
f 4327 4329 4330
f 4331 4332 4333
f 4331 4333 4334
f 4318 4334 4333
f 4318 4333 4317
f 4335 4336 4110
f 4110 4336 4111
f 4336 4335 4319
f 4319 4335 4320
f 4337 4338 4339
f 4340 4337 4339
f 4341 4342 4343
f 4344 4342 4341
f 4052 4054 4345
f 4056 4345 4054
f 4050 4052 4345
f 4058 4345 4056
f 4048 4050 4345
f 4060 4345 4058
f 4046 4048 4345
f 4346 4345 4060
f 4044 4046 4345
f 4347 4345 4346
f 4348 4349 4350
f 4348 4351 4349
f 4348 4352 4351
f 4348 4353 4352
f 4348 4354 4353
f 4348 4355 4354
f 4348 4347 4355
f 4348 4345 4347
f 4356 4357 4035
f 4356 4358 4357
f 4356 4042 4044
f 4356 4040 4042
f 4356 4038 4040
f 4356 4036 4038
f 4356 4035 4036
f 4356 4044 4345
f 4359 4360 4358
f 4359 4350 4360
f 4359 4348 4350
f 4359 4358 4356
f 4320 4335 4359
f 4320 4359 4356
f 4348 4333 4345
f 4317 4333 4348
f 4343 4336 4319
f 4343 4342 4336
f 4344 4341 4334
f 4318 4344 4334
f 4336 4342 4111
f 4111 4342 4079
f 4342 4175 4079
f 4342 4141 4175
f 4239 4344 4219
f 4219 4344 4316
f 4316 4344 4283
f 4283 4344 4318
f 4342 4344 4141
f 4141 4344 4239
f 4341 4339 4331
f 4341 4331 4334
f 4340 4339 4341
f 4330 4340 4341
f 4327 4330 4341
f 4343 4319 4322
f 4343 4322 4323
f 4343 4323 4326
f 4343 4326 4327
f 4343 4327 4341
f 4284 4317 4348
f 4315 4284 4348
f 4220 4315 4348
f 4238 4220 4348
f 4359 4174 4139
f 4359 4139 4238
f 4359 4238 4348
f 4077 4174 4359
f 4110 4077 4359
f 4335 4110 4359
f 4320 4356 4321
f 4321 4356 4324
f 4356 4325 4324
f 4356 4328 4325
f 4329 4345 4337
f 4337 4345 4338
f 4338 4345 4332
f 4332 4345 4333
f 4356 4345 4329
f 4356 4329 4328
f 4361 4362 4363
f 4364 4365 4361
f 4361 4365 4362
f 4363 4366 4367
f 4362 4366 4363
f 4368 4369 4364
f 4364 4369 4365
f 4366 4370 4367
f 4371 4372 4368
f 4368 4372 4369
f 4367 4373 4374
f 4370 4373 4367
f 4374 4339 4338
f 4373 4339 4374
f 4375 4376 4377
f 4377 4376 4378
f 4379 4380 4381
f 4381 4380 4371
f 4371 4380 4372
f 4378 4382 4383
f 4376 4382 4378
f 4384 4385 4379
f 4379 4385 4380
f 4383 4386 4387
f 4382 4386 4383
f 4388 4389 4384
f 4384 4389 4385
f 4387 4390 4388
f 4386 4390 4387
f 4388 4390 4389
f 4375 4377 4391
f 4375 4391 4392
f 4393 4394 4395
f 4396 4397 4394
f 4396 4394 4393
f 4398 4395 4399
f 4398 4393 4395
f 4400 4401 4397
f 4400 4397 4396
f 4402 4398 4399
f 4403 4404 4401
f 4403 4401 4400
f 4405 4399 4406
f 4405 4402 4399
f 4332 4405 4406
f 4331 4405 4332
f 4407 4392 4391
f 4407 4391 4408
f 4409 4410 4411
f 4409 4411 4404
f 4409 4404 4403
f 4412 4408 4413
f 4412 4407 4408
f 4414 4415 4410
f 4414 4410 4409
f 4416 4413 4417
f 4416 4412 4413
f 4418 4419 4415
f 4418 4415 4414
f 4420 4417 4419
f 4420 4416 4417
f 4420 4419 4418
f 4338 4406 4374
f 4338 4332 4406
f 4421 4422 4423
f 4424 4425 4422
f 4422 4425 4423
f 4426 4427 4424
f 4424 4427 4425
f 4426 4428 4427
f 4426 4429 4428
f 4429 4430 4428
f 4430 4431 4432
f 4429 4431 4430
f 4432 4433 4434
f 4431 4433 4432
f 4434 4435 4436
f 4433 4435 4434
f 4435 4437 4436
f 4437 4438 4439
f 4435 4438 4437
f 4438 4440 4439
f 4440 4441 4439
f 4440 4442 4441
f 4443 4444 4442
f 4442 4444 4441
f 4445 4446 4443
f 4443 4446 4444
f 4447 4448 4445
f 4445 4448 4446
f 4449 4450 4447
f 4447 4450 4448
f 4330 4329 4449
f 4449 4329 4450
f 4421 4423 4451
f 4421 4451 4452
f 4453 4454 4455
f 4456 4457 4454
f 4456 4454 4453
f 4458 4455 4459
f 4458 4453 4455
f 4460 4461 4457
f 4460 4457 4456
f 4462 4458 4459
f 4463 4464 4461
f 4463 4461 4460
f 4465 4459 4466
f 4465 4462 4459
f 4337 4465 4466
f 4340 4465 4337
f 4467 4452 4451
f 4467 4451 4468
f 4469 4470 4471
f 4469 4471 4464
f 4469 4464 4463
f 4472 4468 4473
f 4472 4467 4468
f 4474 4475 4470
f 4474 4470 4469
f 4476 4473 4477
f 4476 4472 4473
f 4478 4479 4475
f 4478 4475 4474
f 4480 4477 4479
f 4480 4476 4477
f 4480 4479 4478
f 4329 4466 4450
f 4329 4337 4466
f 4481 4482 4483
f 4484 4485 4482
f 4482 4485 4483
f 4486 4487 4484
f 4484 4487 4485
f 4486 4488 4487
f 4486 4489 4488
f 4489 4490 4488
f 4490 4491 4492
f 4489 4491 4490
f 4492 4493 4494
f 4491 4493 4492
f 4494 4495 4496
f 4493 4495 4494
f 4495 4497 4496
f 4497 4498 4499
f 4495 4498 4497
f 4498 4500 4499
f 4500 4501 4499
f 4500 4502 4501
f 4503 4504 4502
f 4502 4504 4501
f 4505 4506 4503
f 4503 4506 4504
f 4507 4508 4505
f 4505 4508 4506
f 4509 4510 4507
f 4507 4510 4508
f 4326 4325 4509
f 4509 4325 4510
f 4481 4483 4511
f 4481 4511 4512
f 4513 4512 4511
f 4514 4515 4513
f 4514 4513 4511
f 4516 4517 4515
f 4516 4515 4514
f 4518 4517 4516
f 4519 4517 4518
f 4520 4519 4518
f 4521 4520 4522
f 4521 4519 4520
f 4523 4522 4524
f 4523 4521 4522
f 4525 4524 4526
f 4525 4523 4524
f 4527 4525 4526
f 4528 4527 4529
f 4528 4525 4527
f 4530 4528 4529
f 4531 4530 4529
f 4532 4530 4531
f 4533 4534 4532
f 4533 4532 4531
f 4535 4536 4534
f 4535 4534 4533
f 4537 4538 4536
f 4537 4536 4535
f 4539 4540 4538
f 4539 4538 4537
f 4328 4327 4540
f 4328 4540 4539
f 4325 4539 4510
f 4325 4328 4539
f 4541 4542 4543
f 4544 4545 4542
f 4542 4545 4543
f 4546 4547 4544
f 4544 4547 4545
f 4546 4548 4547
f 4546 4549 4548
f 4549 4550 4548
f 4550 4551 4552
f 4549 4551 4550
f 4552 4553 4554
f 4551 4553 4552
f 4554 4555 4556
f 4553 4555 4554
f 4555 4557 4556
f 4557 4558 4559
f 4555 4558 4557
f 4558 4560 4559
f 4560 4561 4559
f 4560 4562 4561
f 4563 4564 4562
f 4562 4564 4561
f 4565 4566 4563
f 4563 4566 4564
f 4567 4568 4565
f 4565 4568 4566
f 4569 4570 4567
f 4567 4570 4568
f 4322 4321 4569
f 4569 4321 4570
f 4541 4543 4571
f 4541 4571 4572
f 4573 4572 4571
f 4574 4575 4573
f 4574 4573 4571
f 4576 4577 4575
f 4576 4575 4574
f 4578 4577 4576
f 4579 4577 4578
f 4580 4579 4578
f 4581 4580 4582
f 4581 4579 4580
f 4583 4582 4584
f 4583 4581 4582
f 4585 4584 4586
f 4585 4583 4584
f 4587 4585 4586
f 4588 4587 4589
f 4588 4585 4587
f 4590 4588 4589
f 4591 4590 4589
f 4592 4590 4591
f 4593 4594 4592
f 4593 4592 4591
f 4595 4596 4594
f 4595 4594 4593
f 4597 4598 4596
f 4597 4596 4595
f 4599 4600 4598
f 4599 4598 4597
f 4324 4323 4600
f 4324 4600 4599
f 4321 4599 4570
f 4321 4324 4599
f 4112 4078 4077
f 4112 4077 4110
f 4173 4144 4139
f 4173 4139 4174
f 4237 4218 4220
f 4237 4220 4238
f 4313 4282 4284
f 4313 4284 4315
f 4060 4601 4346
f 4059 4601 4060
f 4346 4602 4347
f 4601 4602 4346
f 4347 4603 4355
f 4602 4603 4347
f 4355 4604 4354
f 4603 4604 4355
f 4354 4605 4353
f 4604 4605 4354
f 4353 4606 4352
f 4605 4606 4353
f 4352 4607 4351
f 4606 4607 4352
f 4351 4608 4349
f 4607 4608 4351
f 4349 4609 4350
f 4608 4609 4349
f 4350 4610 4360
f 4609 4610 4350
f 4360 4611 4358
f 4610 4611 4360
f 4358 4612 4357
f 4611 4612 4358
f 4357 4033 4035
f 4612 4033 4357
f 4610 4033 4612
f 4610 4612 4611
f 4610 4609 4608
f 4610 4608 4607
f 4610 4607 4606
f 4610 4606 4605
f 4610 4605 4604
f 4610 4604 4603
f 4610 4603 4602
f 4610 4602 4601
f 4610 4601 4059
f 4610 4059 4057
f 4610 4057 4055
f 4610 4055 4053
f 4610 4053 4051
f 4610 4051 4049
f 4610 4049 4047
f 4610 4047 4045
f 4610 4045 4043
f 4610 4043 4041
f 4610 4041 4039
f 4610 4039 4037
f 4610 4037 4034
f 4610 4034 4033
f 4589 4587 4557
f 4589 4557 4559
f 4591 4559 4561
f 4591 4589 4559
f 4593 4561 4564
f 4593 4591 4561
f 4595 4564 4566
f 4595 4593 4564
f 4597 4566 4568
f 4597 4595 4566
f 4599 4568 4570
f 4599 4597 4568
f 4545 4574 4543
f 4543 4574 4571
f 4586 4584 4556
f 4556 4584 4554
f 4554 4582 4552
f 4584 4582 4554
f 4552 4580 4550
f 4582 4580 4552
f 4550 4578 4548
f 4580 4578 4550
f 4548 4576 4547
f 4578 4576 4548
f 4547 4574 4545
f 4576 4574 4547
f 4586 4556 4557
f 4586 4557 4587
f 4529 4527 4497
f 4529 4497 4499
f 4531 4499 4501
f 4531 4529 4499
f 4533 4501 4504
f 4533 4531 4501
f 4535 4504 4506
f 4535 4533 4504
f 4537 4506 4508
f 4537 4535 4506
f 4539 4508 4510
f 4539 4537 4508
f 4485 4514 4483
f 4483 4514 4511
f 4496 4524 4494
f 4526 4524 4496
f 4494 4522 4492
f 4524 4522 4494
f 4492 4520 4490
f 4522 4520 4492
f 4490 4518 4488
f 4520 4518 4490
f 4488 4516 4487
f 4518 4516 4488
f 4487 4514 4485
f 4516 4514 4487
f 4526 4496 4497
f 4526 4497 4527
f 4461 4464 4437
f 4461 4437 4439
f 4457 4439 4441
f 4457 4461 4439
f 4454 4441 4444
f 4454 4457 4441
f 4455 4444 4446
f 4455 4454 4444
f 4459 4446 4448
f 4459 4455 4446
f 4466 4448 4450
f 4466 4459 4448
f 4425 4451 4423
f 4425 4468 4451
f 4436 4470 4434
f 4471 4470 4436
f 4434 4475 4432
f 4470 4475 4434
f 4432 4479 4430
f 4475 4479 4432
f 4430 4477 4428
f 4479 4477 4430
f 4428 4473 4427
f 4477 4473 4428
f 4427 4468 4425
f 4473 4468 4427
f 4471 4436 4437
f 4471 4437 4464
f 4411 4381 4371
f 4411 4371 4404
f 4381 4410 4379
f 4411 4410 4381
f 4379 4415 4384
f 4410 4415 4379
f 4384 4419 4388
f 4415 4419 4384
f 4388 4417 4387
f 4419 4417 4388
f 4387 4413 4383
f 4417 4413 4387
f 4383 4408 4378
f 4413 4408 4383
f 4378 4391 4377
f 4378 4408 4391
f 4401 4404 4371
f 4401 4371 4368
f 4397 4368 4364
f 4397 4401 4368
f 4394 4364 4361
f 4394 4397 4364
f 4395 4361 4363
f 4395 4394 4361
f 4399 4363 4367
f 4399 4395 4363
f 4406 4367 4374
f 4406 4399 4367
f 4573 4542 4541
f 4573 4541 4572
f 4600 4322 4569
f 4323 4322 4600
f 4588 4590 4558
f 4558 4590 4560
f 4560 4592 4562
f 4590 4592 4560
f 4562 4594 4563
f 4592 4594 4562
f 4563 4596 4565
f 4594 4596 4563
f 4565 4598 4567
f 4596 4598 4565
f 4567 4600 4569
f 4598 4600 4567
f 4588 4558 4555
f 4588 4555 4585
f 4583 4585 4555
f 4583 4555 4553
f 4581 4553 4551
f 4581 4583 4553
f 4579 4551 4549
f 4579 4581 4551
f 4577 4549 4546
f 4577 4579 4549
f 4575 4546 4544
f 4575 4577 4546
f 4573 4544 4542
f 4573 4575 4544
f 4513 4482 4481
f 4513 4481 4512
f 4327 4326 4540
f 4540 4326 4509
f 4498 4530 4500
f 4528 4530 4498
f 4500 4532 4502
f 4530 4532 4500
f 4502 4534 4503
f 4532 4534 4502
f 4503 4536 4505
f 4534 4536 4503
f 4505 4538 4507
f 4536 4538 4505
f 4507 4540 4509
f 4538 4540 4507
f 4528 4498 4495
f 4528 4495 4525
f 4523 4495 4493
f 4523 4525 4495
f 4521 4493 4491
f 4521 4523 4493
f 4519 4491 4489
f 4519 4521 4491
f 4517 4489 4486
f 4517 4519 4489
f 4515 4486 4484
f 4515 4517 4486
f 4513 4484 4482
f 4513 4515 4484
f 4452 4422 4421
f 4467 4422 4452
f 4340 4449 4465
f 4340 4330 4449
f 4438 4460 4440
f 4463 4460 4438
f 4440 4456 4442
f 4460 4456 4440
f 4442 4453 4443
f 4456 4453 4442
f 4443 4458 4445
f 4453 4458 4443
f 4445 4462 4447
f 4458 4462 4445
f 4447 4465 4449
f 4462 4465 4447
f 4463 4438 4435
f 4463 4435 4469
f 4474 4435 4433
f 4474 4469 4435
f 4478 4433 4431
f 4478 4474 4433
f 4480 4431 4429
f 4480 4478 4431
f 4476 4429 4426
f 4476 4480 4429
f 4472 4426 4424
f 4472 4476 4426
f 4467 4424 4422
f 4467 4472 4424
f 4414 4380 4385
f 4414 4409 4380
f 4418 4385 4389
f 4418 4414 4385
f 4420 4389 4390
f 4420 4418 4389
f 4416 4390 4386
f 4416 4420 4390
f 4412 4386 4382
f 4412 4416 4386
f 4407 4382 4376
f 4407 4412 4382
f 4403 4372 4380
f 4403 4380 4409
f 4372 4400 4369
f 4403 4400 4372
f 4369 4396 4365
f 4400 4396 4369
f 4365 4393 4362
f 4396 4393 4365
f 4362 4398 4366
f 4393 4398 4362
f 4366 4402 4370
f 4398 4402 4366
f 4370 4405 4373
f 4402 4405 4370
f 4331 4373 4405
f 4331 4339 4373
f 4392 4376 4375
f 4407 4376 4392
f 4253 4285 4254
f 4254 4285 4287
f 4257 4254 4287
f 4257 4287 4290
f 4259 4290 4292
f 4259 4257 4290
f 4261 4292 4293
f 4261 4259 4292
f 4263 4293 4295
f 4263 4261 4293
f 4265 4295 4297
f 4265 4263 4295
f 4267 4297 4299
f 4267 4265 4297
f 4267 4299 4270
f 4270 4299 4302
f 4283 4281 4314
f 4283 4314 4316
f 4281 4279 4314
f 4314 4279 4312
f 4312 4277 4310
f 4279 4277 4312
f 4310 4275 4308
f 4277 4275 4310
f 4308 4274 4306
f 4275 4274 4308
f 4306 4271 4303
f 4274 4271 4306
f 4303 4270 4302
f 4271 4270 4303
f 4189 4221 4190
f 4190 4221 4234
f 4193 4190 4234
f 4193 4234 4233
f 4195 4233 4229
f 4195 4193 4233
f 4197 4229 4225
f 4197 4195 4229
f 4199 4225 4224
f 4199 4197 4225
f 4201 4224 4227
f 4201 4199 4224
f 4203 4227 4231
f 4203 4201 4227
f 4203 4231 4206
f 4206 4231 4243
f 4219 4217 4240
f 4219 4240 4239
f 4217 4215 4240
f 4240 4215 4241
f 4241 4213 4245
f 4215 4213 4241
f 4245 4211 4249
f 4213 4211 4245
f 4249 4210 4251
f 4211 4210 4249
f 4251 4207 4247
f 4210 4207 4251
f 4247 4206 4243
f 4207 4206 4247
f 4143 4157 4135
f 4135 4157 4170
f 4133 4135 4170
f 4133 4170 4169
f 4131 4169 4165
f 4131 4133 4169
f 4127 4165 4161
f 4127 4131 4165
f 4125 4161 4160
f 4125 4127 4161
f 4128 4160 4163
f 4128 4125 4160
f 4136 4163 4167
f 4136 4128 4163
f 4136 4167 4145
f 4145 4167 4179
f 4141 4140 4176
f 4141 4176 4175
f 4140 4148 4176
f 4176 4148 4177
f 4177 4149 4181
f 4148 4149 4177
f 4181 4153 4185
f 4149 4153 4181
f 4185 4154 4187
f 4153 4154 4185
f 4187 4150 4183
f 4154 4150 4187
f 4183 4145 4179
f 4150 4145 4183
f 4080 4084 4109
f 4109 4084 4113
f 4113 4085 4118
f 4084 4085 4113
f 4118 4089 4121
f 4085 4089 4118
f 4121 4090 4123
f 4089 4090 4121
f 4123 4086 4115
f 4090 4086 4123
f 4115 4081 4116
f 4086 4081 4115
f 4072 4103 4081
f 4081 4103 4116
f 4069 4071 4108
f 4069 4108 4105
f 4067 4105 4101
f 4067 4069 4105
f 4063 4101 4097
f 4063 4067 4101
f 4061 4097 4096
f 4061 4063 4097
f 4064 4096 4099
f 4064 4061 4096
f 4072 4099 4103
f 4072 4064 4099
f 4079 4080 4109
f 4079 4109 4111
f 4076 4093 4071
f 4071 4093 4108
f 4280 4282 4313
f 4280 4313 4311
f 4278 4311 4309
f 4278 4280 4311
f 4276 4309 4307
f 4276 4278 4309
f 4273 4307 4305
f 4273 4276 4307
f 4272 4305 4304
f 4272 4273 4305
f 4269 4304 4301
f 4269 4272 4304
f 4269 4300 4268
f 4301 4300 4269
f 4286 4255 4256
f 4286 4256 4288
f 4256 4258 4288
f 4288 4258 4289
f 4289 4260 4291
f 4258 4260 4289
f 4291 4262 4294
f 4260 4262 4291
f 4294 4264 4296
f 4262 4264 4294
f 4296 4266 4298
f 4264 4266 4296
f 4298 4268 4300
f 4266 4268 4298
f 4216 4218 4237
f 4216 4237 4244
f 4214 4244 4248
f 4214 4216 4244
f 4212 4248 4252
f 4212 4214 4248
f 4209 4252 4250
f 4209 4212 4252
f 4208 4250 4246
f 4208 4209 4250
f 4205 4246 4242
f 4205 4208 4246
f 4205 4235 4204
f 4242 4235 4205
f 4222 4191 4192
f 4222 4192 4236
f 4192 4194 4236
f 4236 4194 4232
f 4232 4196 4228
f 4194 4196 4232
f 4228 4198 4223
f 4196 4198 4228
f 4223 4200 4226
f 4198 4200 4223
f 4226 4202 4230
f 4200 4202 4226
f 4230 4204 4235
f 4202 4204 4230
f 4147 4144 4173
f 4147 4173 4180
f 4152 4180 4184
f 4152 4147 4180
f 4156 4184 4188
f 4156 4152 4184
f 4155 4188 4186
f 4155 4156 4188
f 4151 4186 4182
f 4151 4155 4186
f 4146 4182 4178
f 4146 4151 4182
f 4146 4171 4137
f 4178 4171 4146
f 4158 4142 4138
f 4158 4138 4172
f 4138 4134 4172
f 4172 4134 4168
f 4168 4130 4164
f 4134 4130 4168
f 4164 4126 4159
f 4130 4126 4164
f 4159 4129 4162
f 4126 4129 4159
f 4162 4132 4166
f 4129 4132 4162
f 4166 4137 4171
f 4132 4137 4166
f 4074 4070 4107
f 4107 4070 4104
f 4104 4066 4100
f 4070 4066 4104
f 4100 4062 4095
f 4066 4062 4100
f 4095 4065 4098
f 4062 4065 4095
f 4098 4068 4102
f 4065 4068 4098
f 4102 4073 4106
f 4068 4073 4102
f 4082 4106 4073
f 4114 4106 4082
f 4094 4075 4074
f 4094 4074 4107
f 4083 4078 4112
f 4083 4112 4117
f 4088 4117 4120
f 4088 4083 4117
f 4092 4120 4124
f 4092 4088 4120
f 4091 4124 4122
f 4091 4092 4124
f 4087 4122 4119
f 4087 4091 4122
f 4082 4119 4114
f 4082 4087 4119

g Solid_45
usemtl Solid_45
f 4613 4614 4615
f 4615 4614 4616
f 4617 4615 4618
f 4618 4615 4616
f 4618 4619 4617
f 4620 4619 4618
f 4621 4619 4622
f 4622 4619 4620
f 4622 4613 4621
f 4614 4613 4622
f 4615 4617 4613
f 4613 4619 4621
f 4617 4619 4613
f 4618 4616 4614
f 4620 4614 4622
f 4620 4618 4614

g Solid_46
usemtl Solid_46
f 4623 4624 4625
f 4625 4624 4626
f 4627 4623 4628
f 4628 4623 4625
f 4628 4629 4627
f 4630 4629 4628
f 4629 4630 4624
f 4624 4630 4626
f 4623 4627 4629
f 4623 4629 4624
f 4628 4625 4630
f 4630 4625 4626

g Solid_47
usemtl Solid_47
f 4631 4632 4633
f 4633 4632 4634
f 4635 4631 4636
f 4636 4631 4633
f 4636 4637 4635
f 4638 4637 4636
f 4637 4638 4632
f 4632 4638 4634
f 4631 4635 4637
f 4631 4637 4632
f 4636 4633 4638
f 4638 4633 4634

g Solid_48
usemtl Solid_48
f 4639 4640 4641
f 4641 4640 4642
f 4643 4641 4644
f 4644 4641 4642
f 4645 4643 4646
f 4646 4643 4644
f 4646 4639 4645
f 4640 4639 4646
f 4639 4643 4645
f 4641 4643 4639
f 4644 4642 4640
f 4644 4640 4646

g Solid_49
usemtl Solid_49
f 4647 4648 4649
f 4650 4648 4647
f 4651 4648 4650
f 4652 4648 4651
f 4653 4648 4652
f 4654 4648 4653
f 4648 4655 4649
f 4648 4656 4655
f 4657 4658 4659
f 4660 4661 4649
f 4648 4662 4656
f 4658 4663 4659
f 4648 4664 4662
f 4665 4666 4667
f 4661 4666 4665
f 4666 4668 4669
f 4666 4670 4668
f 4668 4670 4671
f 4672 4670 4673
f 4673 4670 4663
f 4659 4670 4660
f 4674 4670 4672
f 4660 4670 4661
f 4663 4670 4659
f 4661 4670 4666
f 4675 4676 4674
f 4648 4677 4664
f 4677 4678 4664
f 4676 4679 4674
f 4677 4680 4678
f 4681 4682 4683
f 4683 4684 4677
f 4685 4684 4682
f 4682 4684 4683
f 4677 4686 4680
f 4687 4686 4684
f 4684 4686 4677
f 4688 4689 4690
f 4689 4691 4690
f 4686 4692 4693
f 4674 4694 4670
f 4679 4694 4674
f 4693 4694 4691
f 4695 4694 4696
f 4690 4694 4695
f 4696 4694 4679
f 4691 4694 4690
f 4692 4694 4693
f 4692 4697 4694
f 4698 4699 4692
f 4700 4701 4699
f 4697 4701 4702
f 4699 4701 4692
f 4692 4701 4697
f 4693 4680 4686
f 4655 4660 4649
f 4673 4656 4672
f 4672 4656 4662
f 4696 4664 4695
f 4695 4664 4678
f 4703 4704 4705
f 4703 4705 4706
f 4707 4706 4708
f 4707 4703 4706
f 4709 4708 4710
f 4709 4707 4708
f 4711 4710 4712
f 4711 4709 4710
f 4713 4712 4714
f 4713 4711 4712
f 4715 4714 4716
f 4715 4713 4714
f 4717 4716 4718
f 4717 4715 4716
f 4704 4719 4705
f 4720 4719 4704
f 4721 4722 4723
f 4721 4723 4724
f 4725 4724 4726
f 4725 4721 4724
f 4727 4726 4728
f 4727 4725 4726
f 4729 4728 4730
f 4729 4727 4728
f 4731 4730 4732
f 4731 4729 4730
f 4733 4732 4734
f 4733 4731 4732
f 4720 4734 4719
f 4720 4733 4734
f 4723 4722 4735
f 4735 4722 4736
f 4737 4738 4739
f 4737 4739 4740
f 4741 4740 4742
f 4741 4737 4740
f 4743 4742 4744
f 4743 4741 4742
f 4745 4744 4746
f 4745 4743 4744
f 4747 4746 4748
f 4747 4745 4746
f 4749 4748 4750
f 4749 4747 4748
f 4736 4750 4735
f 4736 4749 4750
f 4751 4739 4752
f 4752 4739 4738
f 4753 4754 4755
f 4756 4755 4757
f 4756 4753 4755
f 4758 4757 4759
f 4758 4756 4757
f 4760 4759 4761
f 4760 4758 4759
f 4762 4761 4763
f 4762 4760 4761
f 4764 4762 4763
f 4765 4763 4766
f 4765 4764 4763
f 4752 4766 4751
f 4752 4765 4766
f 4718 4754 4717
f 4717 4754 4753
f 4767 4768 4661
f 4767 4661 4665
f 4769 4770 4768
f 4769 4768 4767
f 4771 4772 4770
f 4771 4770 4769
f 4773 4774 4772
f 4773 4772 4771
f 4775 4776 4774
f 4775 4774 4773
f 4777 4706 4705
f 4777 4778 4776
f 4777 4705 4778
f 4777 4776 4775
f 4779 4665 4667
f 4779 4767 4665
f 4780 4769 4767
f 4780 4767 4779
f 4781 4769 4780
f 4781 4771 4769
f 4782 4771 4781
f 4782 4773 4771
f 4783 4775 4773
f 4783 4773 4782
f 4784 4708 4706
f 4784 4775 4783
f 4784 4777 4775
f 4784 4706 4777
f 4785 4667 4666
f 4785 4779 4667
f 4786 4780 4779
f 4786 4779 4785
f 4787 4781 4780
f 4787 4780 4786
f 4788 4782 4781
f 4788 4781 4787
f 4789 4783 4782
f 4789 4782 4788
f 4790 4710 4708
f 4790 4708 4784
f 4790 4783 4789
f 4790 4784 4783
f 4791 4666 4669
f 4791 4785 4666
f 4792 4785 4791
f 4792 4786 4785
f 4793 4786 4792
f 4793 4787 4786
f 4794 4788 4787
f 4794 4787 4793
f 4795 4789 4788
f 4795 4788 4794
f 4796 4710 4790
f 4796 4790 4789
f 4796 4712 4710
f 4796 4789 4795
f 4797 4669 4668
f 4797 4791 4669
f 4798 4792 4791
f 4798 4791 4797
f 4799 4792 4798
f 4799 4793 4792
f 4800 4793 4799
f 4800 4794 4793
f 4801 4794 4800
f 4801 4795 4794
f 4802 4714 4712
f 4802 4712 4796
f 4802 4796 4795
f 4802 4795 4801
f 4803 4670 4804
f 4803 4671 4670
f 4803 4668 4671
f 4803 4797 4668
f 4805 4804 4806
f 4805 4803 4804
f 4805 4798 4797
f 4805 4797 4803
f 4807 4806 4808
f 4807 4799 4798
f 4807 4805 4806
f 4807 4798 4805
f 4809 4808 4810
f 4809 4807 4808
f 4809 4799 4807
f 4809 4800 4799
f 4811 4810 4812
f 4811 4801 4800
f 4811 4809 4810
f 4811 4800 4809
f 4813 4814 4718
f 4813 4812 4814
f 4813 4716 4714
f 4813 4718 4716
f 4813 4714 4802
f 4813 4802 4801
f 4813 4811 4812
f 4813 4801 4811
f 4815 4661 4768
f 4815 4649 4661
f 4816 4768 4770
f 4816 4815 4768
f 4817 4770 4772
f 4817 4816 4770
f 4818 4772 4774
f 4818 4817 4772
f 4819 4774 4776
f 4819 4818 4774
f 4820 4776 4778
f 4820 4819 4776
f 4719 4778 4705
f 4719 4820 4778
f 4804 4670 4694
f 4804 4694 4821
f 4806 4821 4822
f 4806 4804 4821
f 4808 4823 4824
f 4808 4822 4823
f 4808 4806 4822
f 4810 4808 4824
f 4812 4824 4825
f 4812 4810 4824
f 4814 4826 4754
f 4814 4825 4826
f 4814 4812 4825
f 4718 4814 4754
f 4827 4828 4648
f 4827 4648 4654
f 4829 4830 4828
f 4829 4828 4827
f 4831 4832 4830
f 4831 4830 4829
f 4833 4834 4832
f 4833 4832 4831
f 4835 4836 4834
f 4835 4834 4833
f 4837 4724 4723
f 4837 4838 4836
f 4837 4723 4838
f 4837 4836 4835
f 4839 4654 4653
f 4839 4827 4654
f 4840 4829 4827
f 4840 4827 4839
f 4841 4829 4840
f 4841 4831 4829
f 4842 4831 4841
f 4842 4833 4831
f 4843 4835 4833
f 4843 4833 4842
f 4844 4726 4724
f 4844 4835 4843
f 4844 4837 4835
f 4844 4724 4837
f 4845 4653 4652
f 4845 4839 4653
f 4846 4840 4839
f 4846 4839 4845
f 4847 4841 4840
f 4847 4840 4846
f 4848 4842 4841
f 4848 4841 4847
f 4849 4843 4842
f 4849 4842 4848
f 4850 4728 4726
f 4850 4726 4844
f 4850 4843 4849
f 4850 4844 4843
f 4851 4652 4651
f 4851 4845 4652
f 4852 4845 4851
f 4852 4846 4845
f 4853 4846 4852
f 4853 4847 4846
f 4854 4848 4847
f 4854 4847 4853
f 4855 4849 4848
f 4855 4848 4854
f 4856 4728 4850
f 4856 4850 4849
f 4856 4730 4728
f 4856 4849 4855
f 4857 4651 4650
f 4857 4851 4651
f 4858 4852 4851
f 4858 4851 4857
f 4859 4852 4858
f 4859 4853 4852
f 4860 4854 4853
f 4860 4853 4859
f 4861 4855 4854
f 4861 4854 4860
f 4862 4855 4861
f 4862 4732 4730
f 4862 4730 4856
f 4862 4856 4855
f 4863 4649 4815
f 4863 4647 4649
f 4863 4650 4647
f 4863 4857 4650
f 4864 4815 4816
f 4864 4858 4857
f 4864 4863 4815
f 4864 4857 4863
f 4865 4816 4817
f 4865 4858 4864
f 4865 4859 4858
f 4865 4864 4816
f 4866 4817 4818
f 4866 4860 4859
f 4866 4859 4865
f 4866 4865 4817
f 4867 4818 4819
f 4867 4861 4860
f 4867 4866 4818
f 4867 4860 4866
f 4868 4819 4820
f 4868 4820 4719
f 4868 4734 4732
f 4868 4719 4734
f 4868 4862 4861
f 4868 4732 4862
f 4868 4867 4819
f 4868 4861 4867
f 4869 4698 4692
f 4870 4821 4694
f 4870 4694 4697
f 4871 4822 4821
f 4871 4821 4870
f 4872 4823 4822
f 4872 4822 4871
f 4873 4824 4823
f 4873 4823 4872
f 4874 4825 4824
f 4874 4824 4873
f 4875 4754 4826
f 4875 4826 4825
f 4875 4755 4754
f 4875 4825 4874
f 4876 4697 4702
f 4876 4870 4697
f 4877 4870 4876
f 4877 4871 4870
f 4878 4872 4871
f 4878 4871 4877
f 4879 4872 4878
f 4879 4873 4872
f 4880 4874 4873
f 4880 4873 4879
f 4881 4757 4755
f 4881 4874 4880
f 4881 4755 4875
f 4881 4875 4874
f 4882 4702 4701
f 4882 4876 4702
f 4883 4877 4876
f 4883 4876 4882
f 4884 4878 4877
f 4884 4877 4883
f 4885 4879 4878
f 4885 4878 4884
f 4886 4880 4879
f 4886 4879 4885
f 4887 4880 4886
f 4887 4759 4757
f 4887 4757 4881
f 4887 4881 4880
f 4888 4701 4700
f 4888 4882 4701
f 4889 4882 4888
f 4889 4883 4882
f 4890 4883 4889
f 4890 4884 4883
f 4891 4885 4884
f 4891 4884 4890
f 4892 4886 4885
f 4892 4885 4891
f 4893 4886 4892
f 4893 4761 4759
f 4893 4759 4887
f 4893 4887 4886
f 4894 4700 4699
f 4894 4888 4700
f 4895 4889 4888
f 4895 4888 4894
f 4896 4890 4889
f 4896 4889 4895
f 4897 4891 4890
f 4897 4890 4896
f 4898 4891 4897
f 4898 4892 4891
f 4899 4893 4892
f 4899 4761 4893
f 4899 4763 4761
f 4899 4892 4898
f 4900 4699 4698
f 4900 4894 4699
f 4900 4698 4869
f 4901 4869 4902
f 4901 4895 4894
f 4901 4894 4900
f 4901 4900 4869
f 4903 4902 4904
f 4903 4896 4895
f 4903 4901 4902
f 4903 4895 4901
f 4905 4904 4906
f 4905 4897 4896
f 4905 4896 4903
f 4905 4903 4904
f 4907 4906 4908
f 4907 4898 4897
f 4907 4897 4905
f 4907 4905 4906
f 4909 4910 4751
f 4909 4908 4910
f 4909 4766 4763
f 4909 4751 4766
f 4909 4763 4899
f 4909 4899 4898
f 4909 4898 4907
f 4909 4907 4908
f 4911 4648 4828
f 4911 4677 4648
f 4912 4828 4830
f 4912 4911 4828
f 4913 4830 4832
f 4913 4912 4830
f 4914 4832 4834
f 4914 4913 4832
f 4915 4834 4836
f 4915 4914 4834
f 4916 4836 4838
f 4916 4915 4836
f 4735 4838 4723
f 4735 4916 4838
f 4869 4692 4686
f 4869 4686 4917
f 4902 4917 4918
f 4902 4869 4917
f 4904 4918 4919
f 4904 4902 4918
f 4906 4919 4920
f 4906 4904 4919
f 4908 4920 4921
f 4908 4906 4920
f 4910 4921 4922
f 4910 4908 4921
f 4751 4922 4739
f 4751 4910 4922
f 4923 4917 4686
f 4923 4686 4687
f 4924 4918 4917
f 4924 4917 4923
f 4925 4919 4918
f 4925 4918 4924
f 4926 4920 4919
f 4926 4919 4925
f 4927 4921 4920
f 4927 4920 4926
f 4928 4740 4739
f 4928 4739 4922
f 4928 4922 4921
f 4928 4921 4927
f 4929 4687 4684
f 4929 4923 4687
f 4930 4924 4923
f 4930 4923 4929
f 4931 4924 4930
f 4931 4925 4924
f 4932 4925 4931
f 4932 4926 4925
f 4933 4927 4926
f 4933 4926 4932
f 4934 4742 4740
f 4934 4927 4933
f 4934 4928 4927
f 4934 4740 4928
f 4935 4684 4685
f 4935 4929 4684
f 4936 4930 4929
f 4936 4929 4935
f 4937 4931 4930
f 4937 4930 4936
f 4938 4932 4931
f 4938 4931 4937
f 4939 4932 4938
f 4939 4933 4932
f 4940 4933 4939
f 4940 4744 4742
f 4940 4742 4934
f 4940 4934 4933
f 4941 4685 4682
f 4941 4935 4685
f 4942 4935 4941
f 4942 4936 4935
f 4943 4936 4942
f 4943 4937 4936
f 4944 4938 4937
f 4944 4937 4943
f 4945 4939 4938
f 4945 4938 4944
f 4946 4939 4945
f 4946 4746 4744
f 4946 4744 4940
f 4946 4940 4939
f 4947 4682 4681
f 4947 4941 4682
f 4948 4942 4941
f 4948 4941 4947
f 4949 4942 4948
f 4949 4943 4942
f 4950 4943 4949
f 4950 4944 4943
f 4951 4944 4950
f 4951 4945 4944
f 4952 4746 4946
f 4952 4748 4746
f 4952 4946 4945
f 4952 4945 4951
f 4953 4677 4911
f 4953 4683 4677
f 4953 4681 4683
f 4953 4947 4681
f 4954 4911 4912
f 4954 4948 4947
f 4954 4953 4911
f 4954 4947 4953
f 4955 4912 4913
f 4955 4949 4948
f 4955 4948 4954
f 4955 4954 4912
f 4956 4913 4914
f 4956 4950 4949
f 4956 4955 4913
f 4956 4949 4955
f 4957 4914 4915
f 4957 4956 4914
f 4957 4951 4950
f 4957 4950 4956
f 4958 4915 4916
f 4958 4916 4735
f 4958 4750 4748
f 4958 4735 4750
f 4958 4748 4952
f 4958 4952 4951
f 4958 4951 4957
f 4958 4957 4915
f 4959 4960 4961
f 4961 4960 4962
f 4962 4963 4964
f 4960 4963 4962
f 4964 4965 4966
f 4963 4965 4964
f 4966 4967 4968
f 4965 4967 4966
f 4968 4969 4970
f 4967 4969 4968
f 4970 4971 4972
f 4969 4971 4970
f 4972 4973 4974
f 4971 4973 4972
f 4973 4975 4974
f 4976 4975 4973
f 4976 4977 4975
f 4975 4977 4978
f 4978 4979 4980
f 4977 4979 4978
f 4980 4981 4982
f 4979 4981 4980
f 4982 4983 4984
f 4981 4983 4982
f 4984 4985 4986
f 4983 4985 4984
f 4986 4987 4988
f 4985 4987 4986
f 4988 4989 4990
f 4987 4989 4988
f 4990 4989 4991
f 4991 4989 4992
f 4992 4993 4991
f 4991 4993 4994
f 4994 4995 4996
f 4993 4995 4994
f 4996 4997 4998
f 4995 4997 4996
f 4998 4999 5000
f 4997 4999 4998
f 5000 5001 5002
f 4999 5001 5000
f 5002 5003 5004
f 5001 5003 5002
f 5004 5005 5006
f 5003 5005 5004
f 5007 5006 5008
f 5008 5006 5005
f 5008 5009 5007
f 5007 5009 5010
f 5010 5011 5012
f 5009 5011 5010
f 5012 5013 5014
f 5011 5013 5012
f 5014 5015 5016
f 5013 5015 5014
f 5016 5017 5018
f 5015 5017 5016
f 5018 5019 5020
f 5017 5019 5018
f 5020 5021 5022
f 5019 5021 5020
f 4961 5022 4959
f 4959 5022 5021
f 4986 4727 4984
f 4982 4729 4980
f 4984 4729 4982
f 4727 4729 4984
f 4988 4725 4986
f 4990 4725 4988
f 4986 4725 4727
f 4978 4731 4975
f 4980 4731 4978
f 4729 4731 4980
f 4990 4721 4725
f 4731 4733 4975
f 4990 4722 4721
f 4733 4720 4975
f 4704 4974 4720
f 4707 4974 4703
f 4703 4974 4704
f 4720 4974 4975
f 4707 4972 4974
f 4707 4970 4972
f 4707 4709 4970
f 4709 4968 4970
f 4709 4711 4968
f 4968 4711 4966
f 4711 4964 4966
f 4711 4713 4964
f 4962 4713 4961
f 4964 4713 4962
f 4713 4715 4961
f 4715 4717 4961
f 4722 4991 4736
f 4736 4991 4749
f 4749 4991 4747
f 4990 4991 4722
f 4991 4994 4747
f 4994 4996 4747
f 4996 4745 4747
f 4996 4998 4745
f 5000 4743 4998
f 4998 4743 4745
f 5000 5002 4743
f 5004 4741 5002
f 5006 4741 5004
f 5002 4741 4743
f 5006 4737 4741
f 5006 4738 4737
f 4717 4753 4961
f 4762 5016 4760
f 4762 5014 5016
f 4764 5012 4762
f 4762 5012 5014
f 4760 5018 4758
f 5016 5018 4760
f 4764 5010 5012
f 5018 5020 4758
f 4753 5022 4961
f 4758 5022 4756
f 4756 5022 4753
f 5020 5022 4758
f 4752 5007 4765
f 4765 5007 4764
f 4764 5007 5010
f 5006 5007 4738
f 4738 5007 4752
f 4971 4977 4976
f 4971 4976 4973
f 4969 4979 4977
f 4969 4977 4971
f 4967 4981 4979
f 4967 4979 4969
f 4965 4983 4981
f 4965 4981 4967
f 4993 4992 4989
f 4993 4989 4987
f 4995 4987 4985
f 4995 4993 4987
f 4997 4985 4983
f 4997 4995 4985
f 5015 4983 4965
f 5015 4997 4983
f 5013 4999 4997
f 5013 4997 5015
f 5017 4965 4963
f 5017 5015 4965
f 5011 5001 4999
f 5011 5003 5001
f 5011 4999 5013
f 5009 5003 5011
f 5019 4963 4960
f 5019 5017 4963
f 5008 5005 5003
f 5008 5003 5009
f 5021 4960 4959
f 5021 5019 4960
f 5023 5024 5025
f 5026 5023 5025
f 5027 5024 5023
f 5028 5024 5027
f 5028 5027 5029
f 5030 5028 5029
f 5031 5026 5025
f 5032 5027 5031
f 5032 5029 5027
f 5033 5034 5032
f 5033 5032 5031
f 5033 5031 5025
f 4655 4656 5024
f 5024 4656 5025
f 5028 4660 5024
f 5024 4660 4655
f 4659 5028 5030
f 4660 5028 4659
f 4657 5030 5029
f 4659 5030 4657
f 4658 5029 5032
f 4657 5029 4658
f 4663 4658 5034
f 5034 4658 5032
f 4673 5034 5033
f 4663 5034 4673
f 4656 5033 5025
f 4673 5033 4656
f 5035 5036 5027
f 5027 5036 5031
f 5036 5037 5031
f 5031 5037 5026
f 5037 5023 5026
f 5038 5023 5037
f 5038 5027 5023
f 5035 5027 5038
f 5039 5040 5041
f 5042 5039 5041
f 5043 5040 5039
f 5044 5040 5043
f 5044 5043 5045
f 5046 5044 5045
f 5047 5042 5041
f 5048 5043 5047
f 5048 5045 5043
f 5049 5050 5048
f 5049 5048 5047
f 5049 5047 5041
f 4662 4664 5040
f 5040 4664 5041
f 5044 4672 5040
f 5040 4672 4662
f 4674 5044 5046
f 4672 5044 4674
f 4675 5046 5045
f 4674 5046 4675
f 4676 5045 5048
f 4675 5045 4676
f 4679 4676 5050
f 5050 4676 5048
f 4696 5050 5049
f 4679 5050 4696
f 4664 5049 5041
f 4696 5049 4664
f 5051 5052 5043
f 5043 5052 5047
f 5052 5053 5047
f 5047 5053 5042
f 5053 5039 5042
f 5054 5039 5053
f 5054 5043 5039
f 5051 5043 5054
f 5055 5056 5057
f 5058 5055 5057
f 5059 5056 5055
f 5060 5056 5059
f 5060 5059 5061
f 5062 5060 5061
f 5063 5058 5057
f 5064 5059 5063
f 5064 5061 5059
f 5065 5066 5064
f 5065 5064 5063
f 5065 5063 5057
f 4678 4680 5056
f 5056 4680 5057
f 5060 4695 5056
f 5056 4695 4678
f 4690 5060 5062
f 4695 5060 4690
f 4688 5062 5061
f 4690 5062 4688
f 4689 5061 5064
f 4688 5061 4689
f 4691 4689 5066
f 5066 4689 5064
f 4693 5066 5065
f 4691 5066 4693
f 4680 4693 5057
f 4693 5065 5057
f 5067 5068 5059
f 5059 5068 5063
f 5068 5069 5063
f 5063 5069 5058
f 5069 5055 5058
f 5070 5055 5069
f 5070 5059 5055
f 5067 5059 5070
f 5037 5035 5038
f 5037 5036 5035
f 5053 5051 5054
f 5053 5052 5051
f 5069 5067 5070
f 5069 5068 5067
f 5071 5072 5073
f 5073 5074 5075
f 5072 5074 5073
f 5076 5077 5071
f 5071 5077 5072
f 5075 5078 5079
f 5074 5078 5075
f 5080 5081 5076
f 5076 5081 5077
f 5079 5082 5083
f 5078 5082 5079
f 5084 5085 5080
f 5080 5085 5081
f 5082 5086 5083
f 5084 5087 5085
f 5086 5088 5083
f 5084 5089 5087
f 5088 5090 5083
f 5090 5091 5083
f 5092 5091 5093
f 5093 5091 5094
f 5094 5091 5095
f 5095 5091 5096
f 5096 5091 5097
f 5097 5091 5090
f 5098 5099 5100
f 5091 5099 5098
f 5101 5102 5103
f 5099 5104 5101
f 5092 5104 5091
f 5091 5104 5099
f 5101 5104 5102
f 5105 5104 5092
f 5084 5106 5089
f 5089 5106 5107
f 5107 5106 5108
f 5108 5106 5109
f 5109 5106 5110
f 5110 5106 5111
f 5111 5106 5112
f 5112 5106 5113
f 5114 5115 5116
f 5117 5118 5106
f 5116 5118 5117
f 5115 5118 5116
f 5119 5120 5118
f 5118 5120 5106
f 5120 5121 5106
f 5121 5122 5106
f 5106 5122 5113
f 5113 5122 5105
f 5105 5122 5104
f 5123 5124 5121
f 5125 5124 5123
f 5122 5124 5126
f 5121 5124 5122
f 5127 5128 5125
f 5125 5128 5124
f 5129 5130 5131
f 5132 5131 5133
f 5132 5129 5131
f 5134 5135 5130
f 5134 5130 5129
f 5136 5133 5137
f 5136 5132 5133
f 5138 5139 5135
f 5138 5135 5134
f 5140 5137 5141
f 5140 5136 5137
f 5142 5143 5139
f 5142 5139 5138
f 5144 5140 5141
f 5145 5143 5142
f 5146 5144 5141
f 5147 5143 5145
f 5148 5146 5141
f 5149 5148 5141
f 5149 5150 5151
f 5149 5152 5150
f 5149 5153 5148
f 5149 5154 5153
f 5149 5155 5154
f 5149 5151 5155
f 5156 5157 5158
f 5159 5157 5156
f 5160 5157 5159
f 5161 5152 5149
f 5161 5149 5162
f 5161 5162 5157
f 5161 5163 5152
f 5161 5157 5160
f 5164 5165 5166
f 5164 5167 5165
f 5164 5168 5167
f 5164 5169 5168
f 5164 5170 5169
f 5164 5171 5170
f 5164 5147 5171
f 5164 5143 5147
f 5172 5173 5174
f 5172 5174 5164
f 5175 5172 5164
f 5176 5177 5175
f 5178 5175 5164
f 5178 5176 5175
f 5179 5178 5164
f 5180 5164 5166
f 5180 5179 5164
f 5180 5166 5163
f 5180 5163 5161
f 5181 5179 5180
f 5181 5182 5179
f 5181 5183 5182
f 5181 5184 5183
f 5181 5185 5186
f 5181 5180 5185
f 5081 5142 5138
f 5081 5085 5142
f 5077 5138 5134
f 5077 5081 5138
f 5072 5134 5129
f 5072 5077 5134
f 5074 5129 5132
f 5074 5072 5129
f 5078 5132 5136
f 5078 5136 5140
f 5078 5074 5132
f 5082 5078 5140
f 5086 5140 5144
f 5086 5144 5146
f 5086 5082 5140
f 5088 5146 5148
f 5088 5086 5146
f 5090 5148 5153
f 5090 5088 5148
f 5097 5153 5154
f 5097 5090 5153
f 5096 5154 5155
f 5096 5097 5154
f 5095 5096 5155
f 5094 5155 5151
f 5094 5095 5155
f 5084 5143 5164
f 5084 5164 5106
f 5143 5080 5139
f 5084 5080 5143
f 5139 5076 5135
f 5080 5076 5139
f 5135 5071 5130
f 5076 5071 5135
f 5130 5073 5131
f 5071 5073 5130
f 5131 5075 5133
f 5073 5075 5131
f 5133 5079 5137
f 5075 5079 5133
f 5137 5083 5141
f 5079 5083 5137
f 5141 5083 5091
f 5141 5091 5149
f 5149 5098 5162
f 5091 5098 5149
f 5162 5100 5157
f 5098 5100 5162
f 5157 5099 5158
f 5100 5099 5157
f 5158 5101 5156
f 5099 5101 5158
f 5156 5103 5159
f 5101 5103 5156
f 5159 5102 5160
f 5103 5102 5159
f 5160 5104 5161
f 5102 5104 5160
f 5180 5161 5104
f 5180 5104 5122
f 5180 5126 5185
f 5122 5126 5180
f 5185 5124 5186
f 5126 5124 5185
f 5186 5128 5181
f 5124 5128 5186
f 5181 5127 5184
f 5128 5127 5181
f 5184 5125 5183
f 5127 5125 5184
f 5183 5123 5182
f 5125 5123 5183
f 5182 5121 5179
f 5123 5121 5182
f 5178 5179 5121
f 5178 5121 5120
f 5178 5119 5176
f 5120 5119 5178
f 5176 5118 5177
f 5119 5118 5176
f 5177 5115 5175
f 5118 5115 5177
f 5175 5114 5172
f 5115 5114 5175
f 5172 5116 5173
f 5114 5116 5172
f 5173 5117 5174
f 5116 5117 5173
f 5174 5106 5164
f 5117 5106 5174
f 5093 5094 5151
f 5093 5151 5150
f 5093 5150 5152
f 5092 5152 5163
f 5092 5093 5152
f 5105 5163 5166
f 5105 5092 5163
f 5113 5166 5165
f 5113 5105 5166
f 5112 5165 5167
f 5112 5113 5165
f 5111 5167 5168
f 5111 5112 5167
f 5110 5111 5168
f 5109 5168 5169
f 5109 5169 5170
f 5109 5110 5168
f 5108 5109 5170
f 5107 5170 5171
f 5107 5108 5170
f 5089 5171 5147
f 5089 5147 5145
f 5089 5107 5171
f 5087 5089 5145
f 5085 5145 5142
f 5085 5087 5145

g Solid_50
usemtl Solid_50
f 5187 5188 5189
f 5190 5188 5187
f 5191 5188 5190
f 5192 5193 5188
f 5193 5194 5188
f 5188 5195 5189
f 5194 5195 5188
f 5196 5197 5198
f 5198 5197 5199
f 5199 5200 5201
f 5197 5200 5199
f 5201 5202 5203
f 5200 5202 5201
f 5203 5204 5205
f 5202 5204 5203
f 5205 5206 5207
f 5204 5206 5205
f 5207 5208 5209
f 5206 5208 5207
f 5209 5210 5211
f 5208 5210 5209
f 5211 5212 5213
f 5210 5212 5211
f 5213 5214 5215
f 5212 5214 5213
f 5215 5216 5217
f 5214 5216 5215
f 5217 5218 5219
f 5216 5218 5217
f 5219 5220 5221
f 5218 5220 5219
f 5221 5222 5223
f 5220 5222 5221
f 5224 5225 5226
f 5226 5225 5227
f 5227 5228 5229
f 5225 5228 5227
f 5229 5230 5231
f 5228 5230 5229
f 5231 5232 5233
f 5230 5232 5231
f 5233 5234 5235
f 5232 5234 5233
f 5235 5236 5237
f 5234 5236 5235
f 5237 5238 5239
f 5236 5238 5237
f 5239 5240 5241
f 5238 5240 5239
f 5241 5242 5243
f 5240 5242 5241
f 5243 5244 5245
f 5242 5244 5243
f 5245 5246 5247
f 5244 5246 5245
f 5247 5248 5249
f 5246 5248 5247
f 5249 5250 5251
f 5248 5250 5249
f 5252 5253 5254
f 5254 5253 5255
f 5255 5256 5257
f 5253 5256 5255
f 5257 5258 5259
f 5256 5258 5257
f 5259 5260 5261
f 5258 5260 5259
f 5261 5262 5263
f 5260 5262 5261
f 5263 5264 5265
f 5262 5264 5263
f 5266 5267 5268
f 5266 5268 5269
f 5270 5269 5271
f 5270 5266 5269
f 5272 5271 5273
f 5272 5270 5271
f 5274 5275 5276
f 5277 5278 5274
f 5277 5274 5279
f 5280 5279 5274
f 5281 5276 5275
f 5282 5278 5277
f 5283 5280 5274
f 5284 5278 5282
f 5285 5283 5274
f 5286 5287 5288
f 5286 5288 5278
f 5289 5286 5278
f 5289 5278 5284
f 5290 5274 5276
f 5290 5285 5274
f 5291 5290 5276
f 5292 5293 5294
f 5295 5286 5289
f 5296 5292 5286
f 5296 5286 5295
f 5297 5295 5289
f 5297 5289 5298
f 5299 5292 5296
f 5300 5292 5299
f 5301 5302 5303
f 5301 5304 5302
f 5301 5305 5304
f 5301 5306 5305
f 5301 5307 5306
f 5301 5308 5307
f 5301 5298 5308
f 5301 5297 5298
f 5309 5292 5300
f 5310 5293 5292
f 5310 5292 5309
f 5311 5310 5309
f 5312 5313 5314
f 5315 5316 5317
f 5315 5318 5316
f 5319 5310 5311
f 5320 5312 5314
f 5320 5314 5321
f 5322 5320 5321
f 5323 5324 5291
f 5323 5325 5324
f 5323 5326 5325
f 5323 5327 5326
f 5323 5328 5327
f 5323 5291 5276
f 5329 5330 5310
f 5329 5310 5319
f 5331 5301 5303
f 5331 5318 5315
f 5331 5303 5332
f 5331 5333 5318
f 5331 5334 5333
f 5331 5335 5334
f 5331 5332 5335
f 5336 5331 5315
f 5336 5315 5337
f 5338 5339 5340
f 5338 5337 5339
f 5338 5336 5337
f 5341 5328 5323
f 5342 5341 5323
f 5343 5344 5322
f 5343 5322 5321
f 5345 5330 5329
f 5346 5343 5321
f 5347 5323 5276
f 5348 5346 5321
f 5348 5321 5349
f 5350 5330 5345
f 5351 5348 5349
f 5352 5330 5350
f 5353 5351 5349
f 5354 5355 5356
f 5354 5349 5355
f 5357 5349 5354
f 5358 5353 5349
f 5359 5349 5357
f 5360 5359 5361
f 5360 5358 5349
f 5360 5349 5359
f 5362 5361 5363
f 5362 5360 5361
f 5364 5365 5366
f 5364 5356 5365
f 5364 5354 5356
f 5367 5368 5347
f 5369 5367 5347
f 5370 5371 5347
f 5372 5373 5374
f 5372 5375 5373
f 5372 5376 5364
f 5372 5377 5376
f 5372 5378 5377
f 5372 5374 5378
f 5379 5369 5347
f 5379 5347 5371
f 5380 5370 5347
f 5381 5380 5347
f 5382 5383 5369
f 5382 5369 5379
f 5384 5381 5347
f 5384 5347 5276
f 5385 5386 5383
f 5385 5383 5382
f 5387 5384 5276
f 5388 5389 5390
f 5391 5386 5385
f 5392 5393 5389
f 5392 5389 5388
f 5394 5391 5385
f 5395 5394 5385
f 5396 5397 5394
f 5396 5398 5397
f 5396 5399 5398
f 5396 5394 5395
f 5400 5401 5402
f 5400 5395 5401
f 5400 5396 5395
f 5403 5404 5399
f 5403 5399 5396
f 5405 5406 5387
f 5405 5407 5406
f 5405 5408 5407
f 5405 5409 5408
f 5410 5411 5412
f 5413 5392 5414
f 5413 5415 5393
f 5413 5402 5415
f 5413 5416 5417
f 5413 5414 5416
f 5413 5400 5402
f 5413 5393 5392
f 5418 5404 5403
f 5419 5396 5400
f 5420 5419 5400
f 5421 5422 5411
f 5421 5423 5422
f 5421 5411 5410
f 5424 5425 5423
f 5424 5417 5425
f 5424 5421 5426
f 5424 5423 5421
f 5424 5413 5417
f 5427 5409 5405
f 5427 5428 5409
f 5427 5429 5428
f 5430 5426 5431
f 5430 5424 5426
f 5432 5430 5431
f 5433 5434 5404
f 5433 5404 5418
f 5435 5420 5436
f 5435 5436 5437
f 5435 5419 5420
f 5438 5430 5432
f 5439 5438 5432
f 5440 5429 5427
f 5440 5441 5429
f 5442 5435 5437
f 5443 5434 5433
f 5443 5444 5434
f 5443 5445 5444
f 5446 5442 5437
f 5447 5448 5449
f 5450 5451 5445
f 5450 5445 5443
f 5452 5446 5437
f 5453 5441 5440
f 5453 5454 5455
f 5453 5455 5441
f 5456 5448 5447
f 5456 5447 5457
f 5458 5459 5460
f 5461 5462 5463
f 5464 5465 5451
f 5464 5451 5450
f 5466 5452 5437
f 5466 5437 5467
f 5466 5468 5452
f 5469 5456 5457
f 5469 5457 5470
f 5471 5472 5462
f 5471 5462 5461
f 5473 5466 5467
f 5474 5458 5460
f 5475 5454 5453
f 5475 5476 5454
f 5477 5467 5478
f 5477 5473 5467
f 5479 5478 5472
f 5479 5472 5471
f 5480 5465 5464
f 5481 5469 5470
f 5482 5477 5478
f 5482 5478 5479
f 5483 5482 5479
f 5484 5482 5483
f 5485 5486 5487
f 5485 5483 5486
f 5485 5484 5483
f 5488 5485 5487
f 5489 5490 5481
f 5489 5491 5490
f 5489 5481 5470
f 5489 5492 5476
f 5489 5470 5492
f 5489 5476 5475
f 5493 5494 5491
f 5493 5491 5489
f 5495 5496 5474
f 5497 5496 5495
f 5498 5494 5493
f 5498 5499 5494
f 5500 5475 5501
f 5500 5489 5475
f 5502 5500 5501
f 5503 5499 5498
f 5503 5504 5499
f 5505 5497 5495
f 5506 5500 5502
f 5507 5504 5503
f 5507 5508 5504
f 5509 5500 5506
f 5509 5510 5500
f 5511 5508 5507
f 5511 5512 5508
f 5513 5510 5509
f 5514 5505 5495
f 5514 5515 5505
f 5514 5495 5516
f 5517 5512 5511
f 5517 5518 5512
f 5519 5510 5513
f 5519 5520 5510
f 5521 5522 5523
f 5524 5523 5525
f 5524 5521 5523
f 5526 5525 5520
f 5526 5524 5525
f 5527 5520 5519
f 5528 5518 5517
f 5529 5515 5514
f 5529 5530 5515
f 5529 5531 5530
f 5532 5526 5520
f 5532 5527 5533
f 5532 5520 5527
f 5534 5533 5535
f 5536 5532 5533
f 5537 5536 5533
f 5537 5533 5534
f 5538 5536 5537
f 5539 5531 5529
f 5540 5281 5330
f 5541 5542 5375
f 5541 5543 5542
f 5541 5540 5330
f 5541 5352 5543
f 5541 5330 5352
f 5544 5539 5529
f 5545 5281 5540
f 5546 5516 5547
f 5548 5547 5516
f 5549 5372 5550
f 5549 5541 5375
f 5549 5550 5551
f 5549 5375 5372
f 5552 5516 5546
f 5553 5516 5552
f 5553 5514 5516
f 5554 5548 5516
f 5555 5553 5552
f 5556 5554 5516
f 5557 5553 5555
f 5558 5553 5557
f 5559 5556 5516
f 5243 5245 5560
f 5247 5560 5245
f 5241 5243 5561
f 5217 5276 5281
f 5215 5217 5281
f 5562 5281 5545
f 5219 5276 5217
f 5249 5560 5247
f 5213 5215 5281
f 5239 5241 5561
f 5251 5560 5249
f 5251 5563 5560
f 5211 5213 5281
f 5211 5281 5562
f 5237 5239 5561
f 5564 5565 5465
f 5564 5551 5565
f 5564 5549 5551
f 5564 5480 5566
f 5564 5465 5480
f 5567 5563 5251
f 5235 5237 5561
f 5568 5563 5567
f 5569 5558 5557
f 5570 5558 5569
f 5571 5557 5572
f 5571 5569 5557
f 5573 5558 5570
f 5574 5558 5573
f 5575 5576 5577
f 5575 5578 5576
f 5575 5579 5578
f 5575 5580 5579
f 5575 5581 5580
f 5575 5582 5581
f 5575 5572 5582
f 5575 5571 5572
f 5273 5235 5561
f 5273 5233 5235
f 5273 5561 5583
f 5584 5563 5568
f 5585 5544 5529
f 5585 5558 5574
f 5585 5529 5558
f 5586 5273 5583
f 5587 5588 5544
f 5587 5544 5585
f 5589 5590 5591
f 5592 5593 5594
f 5592 5595 5593
f 5596 5597 5588
f 5596 5588 5587
f 5598 5387 5276
f 5598 5599 5559
f 5598 5405 5387
f 5598 5516 5405
f 5598 5559 5516
f 5600 5276 5219
f 5600 5601 5602
f 5600 5603 5601
f 5600 5223 5603
f 5600 5221 5223
f 5600 5219 5221
f 5604 5589 5591
f 5604 5591 5605
f 5271 5231 5233
f 5271 5233 5273
f 5606 5211 5562
f 5606 5209 5211
f 5606 5207 5209
f 5607 5604 5605
f 5608 5597 5596
f 5608 5609 5597
f 5610 5577 5611
f 5610 5612 5595
f 5610 5613 5612
f 5610 5614 5613
f 5610 5611 5614
f 5610 5575 5577
f 5610 5595 5592
f 5615 5600 5602
f 5616 5610 5592
f 5616 5592 5617
f 5618 5619 5620
f 5618 5617 5619
f 5618 5616 5617
f 5621 5607 5605
f 5621 5622 5607
f 5623 5624 5625
f 5626 5625 5627
f 5626 5623 5625
f 5269 5231 5271
f 5269 5229 5231
f 5628 5609 5608
f 5628 5629 5609
f 5630 5586 5631
f 5632 5633 5624
f 5632 5634 5633
f 5632 5624 5623
f 5635 5626 5627
f 5636 5564 5566
f 5636 5528 5637
f 5636 5638 5518
f 5636 5639 5638
f 5636 5566 5639
f 5636 5518 5528
f 5640 5600 5615
f 5641 5621 5605
f 5642 5643 5563
f 5644 5627 5645
f 5644 5635 5627
f 5646 5647 5634
f 5646 5648 5647
f 5646 5634 5632
f 5649 5563 5584
f 5649 5642 5563
f 5650 5643 5642
f 5651 5605 5652
f 5651 5641 5605
f 5653 5654 5629
f 5653 5629 5628
f 5655 5645 5599
f 5655 5599 5598
f 5655 5644 5645
f 5656 5600 5640
f 5657 5630 5631
f 5268 5227 5229
f 5268 5229 5269
f 5658 5659 5648
f 5658 5660 5659
f 5658 5648 5646
f 5661 5655 5598
f 5662 5649 5584
f 5662 5663 5664
f 5662 5584 5663
f 5665 5666 5643
f 5665 5643 5650
f 5667 5651 5652
f 5668 5669 5670
f 5671 5672 5669
f 5671 5669 5668
f 5673 5600 5656
f 5674 5667 5652
f 5675 5661 5598
f 5676 5600 5673
f 5677 5678 5679
f 5677 5652 5678
f 5680 5681 5226
f 5680 5226 5227
f 5680 5227 5268
f 5682 5652 5677
f 5683 5666 5665
f 5684 5674 5652
f 5685 5686 5687
f 5685 5664 5686
f 5685 5662 5664
f 5688 5652 5682
f 5689 5207 5606
f 5689 5205 5207
f 5690 5652 5688
f 5690 5688 5691
f 5690 5684 5652
f 5692 5675 5598
f 5693 5690 5691
f 5693 5691 5694
f 5695 5696 5681
f 5695 5681 5680
f 5697 5687 5698
f 5697 5685 5687
f 5699 5679 5700
f 5699 5677 5679
f 5701 5702 5696
f 5701 5703 5702
f 5701 5696 5695
f 5704 5692 5598
f 5705 5698 5703
f 5705 5697 5698
f 5705 5703 5701
f 5706 5707 5666
f 5706 5666 5683
f 5708 5709 5660
f 5708 5700 5709
f 5708 5699 5700
f 5708 5660 5658
f 5708 5658 5710
f 5711 5704 5598
f 5712 5708 5710
f 5712 5713 5714
f 5712 5710 5713
f 5715 5716 5630
f 5715 5717 5716
f 5715 5630 5657
f 5718 5699 5708
f 5718 5719 5699
f 5720 5721 5722
f 5723 5711 5598
f 5724 5712 5714
f 5724 5671 5725
f 5724 5726 5672
f 5724 5714 5726
f 5724 5672 5671
f 5724 5727 5728
f 5724 5725 5727
f 5729 5719 5718
f 5730 5708 5712
f 5731 5730 5712
f 5732 5733 5721
f 5732 5734 5733
f 5732 5721 5720
f 5735 5636 5637
f 5735 5736 5654
f 5735 5737 5736
f 5735 5637 5737
f 5735 5654 5653
f 5738 5724 5728
f 5738 5739 5734
f 5738 5728 5739
f 5738 5732 5740
f 5738 5734 5732
f 5741 5723 5598
f 5742 5707 5706
f 5743 5740 5744
f 5743 5738 5740
f 5745 5743 5744
f 5746 5747 5719
f 5746 5719 5729
f 5748 5730 5731
f 5748 5731 5749
f 5748 5749 5750
f 5751 5743 5745
f 5752 5751 5745
f 5753 5741 5598
f 5754 5717 5715
f 5755 5753 5598
f 5756 5657 5757
f 5756 5715 5657
f 5758 5748 5750
f 5759 5760 5747
f 5759 5747 5746
f 5761 5755 5598
f 5762 5758 5750
f 5763 5764 5765
f 5254 5766 5767
f 5254 5768 5766
f 5254 5769 5768
f 5770 5203 5205
f 5770 5201 5203
f 5770 5205 5689
f 5771 5769 5254
f 5772 5760 5759
f 5772 5773 5760
f 5774 5762 5750
f 5775 5717 5754
f 5775 5265 5717
f 5776 5763 5777
f 5776 5764 5763
f 5778 5707 5742
f 5779 5707 5778
f 5780 5781 5782
f 5783 5773 5772
f 5783 5784 5773
f 5785 5774 5750
f 5785 5750 5786
f 5785 5787 5774
f 5788 5776 5777
f 5788 5777 5789
f 5790 5791 5781
f 5790 5781 5780
f 5792 5785 5786
f 5793 5792 5786
f 5793 5786 5794
f 5795 5794 5791
f 5795 5791 5790
f 5796 5784 5783
f 5796 5797 5784
f 5798 5789 5799
f 5798 5788 5789
f 5800 5265 5775
f 5801 5794 5795
f 5801 5793 5794
f 5802 5801 5795
f 5803 5801 5802
f 5804 5803 5802
f 5804 5805 5806
f 5804 5802 5805
f 5807 5799 5808
f 5807 5798 5799
f 5809 5804 5806
f 5810 5756 5757
f 5811 5807 5808
f 5811 5808 5761
f 5812 5771 5254
f 5812 5813 5814
f 5812 5815 5813
f 5812 5816 5817
f 5812 5818 5816
f 5812 5819 5818
f 5812 5820 5819
f 5812 5814 5820
f 5812 5817 5771
f 5821 5779 5778
f 5822 5811 5761
f 5822 5761 5598
f 5823 5822 5598
f 5824 5825 5826
f 5824 5653 5825
f 5824 5735 5653
f 5827 5263 5265
f 5827 5265 5800
f 5828 5810 5757
f 5828 5829 5810
f 5830 5254 5255
f 5830 5812 5254
f 5831 5199 5201
f 5831 5201 5770
f 5832 5779 5821
f 5832 5821 5833
f 5834 5263 5827
f 5834 5261 5263
f 5835 5255 5257
f 5835 5830 5255
f 5836 5259 5261
f 5836 5261 5834
f 5837 5257 5259
f 5837 5259 5836
f 5837 5835 5257
f 5838 5829 5828
f 5838 5839 5829
f 5838 5840 5839
f 5841 5840 5838
f 5842 5833 5843
f 5842 5832 5833
f 5844 5842 5843
f 5845 5840 5841
f 5846 5198 5199
f 5846 5199 5831
f 5846 5847 5198
f 5846 5848 5847
f 5846 5849 5848
f 5850 5832 5842
f 5851 5796 5852
f 5851 5797 5796
f 5851 5853 5854
f 5851 5855 5853
f 5851 5852 5855
f 5851 5824 5826
f 5851 5856 5797
f 5851 5826 5856
f 5857 5838 5828
f 5857 5828 5858
f 5859 5850 5842
f 5860 5845 5841
f 5860 5861 5845
f 5862 5844 5843
f 5862 5843 5863
f 5864 5861 5860
f 5864 5865 5861
f 5866 5862 5863
f 5866 5863 5867
f 5868 5865 5864
f 5868 5869 5865
f 5870 5866 5867
f 5870 5869 5868
f 5870 5867 5869
f 5871 5854 5872
f 5871 5851 5854
f 5871 5857 5858
f 5871 5858 5851
f 5873 5849 5846
f 5873 5850 5859
f 5873 5846 5850
f 5874 5875 5871
f 5876 5873 5877
f 5189 5872 5878
f 5189 5874 5871
f 5189 5871 5872
f 5879 5849 5873
f 5879 5880 5849
f 5879 5873 5876
f 5881 5882 5875
f 5883 5877 5884
f 5885 5884 5882
f 5886 5887 5823
f 5886 5878 5887
f 5886 5823 5598
f 5886 5189 5878
f 5886 5888 5191
f 5886 5889 5888
f 5886 5890 5889
f 5886 5891 5890
f 5886 5892 5891
f 5886 5893 5892
f 5886 5187 5189
f 5886 5190 5187
f 5886 5191 5190
f 5886 5600 5676
f 5886 5676 5880
f 5886 5880 5879
f 5886 5879 5893
f 5323 5372 5894
f 5894 5372 5895
f 5895 5372 5896
f 5896 5372 5366
f 5366 5372 5364
f 5323 5894 5342
f 5460 5495 5474
f 5583 5631 5586
f 5560 5561 5243
f 5883 5876 5877
f 5885 5883 5884
f 5881 5885 5882
f 5874 5881 5875
f 5600 5897 5898
f 5897 5899 5898
f 5600 5900 5897
f 5600 5901 5900
f 5900 5902 5903
f 5901 5902 5900
f 5600 5904 5901
f 5600 5905 5904
f 5904 5906 5907
f 5905 5906 5904
f 5600 5908 5905
f 5600 5909 5908
f 5908 5910 5911
f 5909 5910 5908
f 5600 5912 5909
f 5912 5913 5914
f 5600 5913 5912
f 5913 5915 5914
f 5916 5917 5918
f 5918 5917 5919
f 5920 5921 5922
f 5921 5923 5922
f 5924 5925 5926
f 5926 5925 5927
f 5928 5929 5930
f 5929 5931 5930
f 5932 5933 5934
f 5934 5933 5935
f 5936 5937 5938
f 5939 5937 5936
f 5940 5941 5942
f 5943 5941 5940
f 5944 5945 5946
f 5947 5945 5944
f 5948 5949 5950
f 5951 5949 5948
f 5951 5886 5952
f 5932 5886 5936
f 5936 5886 5939
f 5939 5886 5940
f 5943 5886 5944
f 5940 5886 5943
f 5947 5886 5948
f 5944 5886 5947
f 5948 5886 5951
f 5952 5953 5954
f 5886 5953 5952
f 5600 5886 5913
f 5913 5886 5918
f 5918 5886 5916
f 5916 5886 5920
f 5920 5886 5921
f 5921 5886 5926
f 5926 5886 5924
f 5924 5886 5928
f 5928 5886 5929
f 5929 5886 5934
f 5934 5886 5932
f 5955 5956 5957
f 5957 5956 5598
f 5956 5958 5598
f 5959 5960 5958
f 5960 5961 5958
f 5958 5961 5598
f 5961 5962 5598
f 5963 5964 5962
f 5964 5965 5962
f 5962 5965 5598
f 5965 5966 5598
f 5967 5968 5966
f 5968 5969 5966
f 5966 5969 5598
f 5969 5970 5598
f 5971 5972 5970
f 5972 5973 5970
f 5970 5973 5598
f 5974 5975 5976
f 5975 5977 5976
f 5978 5979 5980
f 5980 5979 5981
f 5982 5983 5984
f 5983 5985 5984
f 5986 5987 5988
f 5987 5989 5988
f 5990 5991 5992
f 5991 5993 5992
f 5994 5995 5996
f 5996 5995 5997
f 5998 5999 6000
f 5999 6001 6000
f 6002 6003 6004
f 6004 6003 6005
f 6006 6007 6008
f 6008 6007 6009
f 6010 5953 6011
f 6011 5886 6007
f 6009 5886 6003
f 6005 5886 6001
f 6000 5886 5995
f 5997 5886 5993
f 5995 5886 5997
f 6001 5886 6000
f 6003 5886 6005
f 6007 5886 6009
f 5953 5886 6011
f 5886 5598 5993
f 5993 5598 5992
f 5992 5598 5989
f 5989 5598 5988
f 5988 5598 5985
f 5985 5598 5984
f 5984 5598 5979
f 5979 5598 5981
f 5981 5598 5977
f 5977 5598 5976
f 5976 5598 5973
f 6012 6013 6014
f 6012 6015 6013
f 6016 6015 6012
f 6015 6017 6013
f 6015 6018 6017
f 6018 6019 6017
f 6018 6020 6019
f 6020 6021 6019
f 6020 6022 6021
f 6022 6023 6021
f 6021 6023 6024
f 6023 6025 6024
f 6023 6026 6025
f 6026 6027 6025
f 6026 6028 6027
f 6028 6029 6027
f 6028 6030 6029
f 6030 6031 6029
f 6030 6032 6031
f 6032 6033 6031
f 6031 6033 6034
f 6035 6036 6037
f 6037 6036 6038
f 6039 6040 6041
f 6041 6040 6042
f 6043 6044 6035
f 6035 6044 6036
f 6040 6045 6042
f 6042 6045 6046
f 6047 6048 6043
f 6043 6048 6044
f 6046 6049 6050
f 6045 6049 6046
f 6051 6052 6047
f 6047 6052 6048
f 6050 6053 6054
f 6049 6053 6050
f 6055 6056 6051
f 6051 6056 6052
f 6054 6057 6058
f 6053 6057 6054
f 6059 6060 6055
f 6055 6060 6056
f 6057 6061 6058
f 6058 6061 6062
f 6034 6063 6059
f 6033 6063 6034
f 6059 6063 6060
f 6061 6064 6062
f 6062 6064 6033
f 6033 6064 6063
f 6064 6065 6063
f 6063 6065 6066
f 6065 6067 6066
f 6068 6069 6070
f 6065 6071 6067
f 6071 6072 6067
f 6067 6072 6073
f 6074 6075 6076
f 6076 6075 6077
f 6068 6078 6069
f 6074 6079 6075
f 6080 6079 6074
f 6069 6081 6082
f 6078 6081 6069
f 6080 6083 6079
f 6084 6083 6080
f 6082 6085 6086
f 6081 6085 6082
f 6084 6087 6083
f 6088 6087 6084
f 6089 6090 6091
f 6086 6090 6089
f 6085 6090 6086
f 6088 6092 6087
f 6093 6092 6088
f 6090 6094 6091
f 6093 6095 6092
f 6096 6095 6093
f 6091 6097 6098
f 6094 6097 6091
f 6072 6099 6073
f 6073 6099 6096
f 6096 6099 6095
f 6098 6100 6072
f 6097 6100 6098
f 6072 6100 6099
f 6099 6101 6102
f 6100 6101 6099
f 6101 6103 6102
f 6101 6104 6103
f 6105 6106 6107
f 6107 6106 6108
f 6109 6110 6111
f 6111 6110 6112
f 6105 6113 6106
f 6114 6113 6105
f 6112 6115 6116
f 6110 6115 6112
f 6114 6117 6113
f 6118 6117 6114
f 6116 6119 6120
f 6115 6119 6116
f 6118 6121 6117
f 6122 6121 6118
f 6120 6123 6124
f 6119 6123 6120
f 6122 6125 6121
f 6126 6125 6122
f 6124 6127 6128
f 6123 6127 6124
f 6126 6129 6125
f 6130 6129 6126
f 6127 6131 6128
f 6128 6131 6132
f 6133 6134 6130
f 6130 6134 6129
f 6131 6135 6132
f 6132 6135 6136
f 6103 6137 6133
f 6104 6137 6103
f 6133 6137 6134
f 6104 6138 6137
f 6135 6138 6136
f 6136 6138 6104
f 6137 6139 6140
f 6138 6139 6137
f 6141 6142 6143
f 6144 6145 6146
f 6146 6145 6147
f 6147 6145 6148
f 6141 6149 6142
f 6142 6149 6150
f 6144 6151 6145
f 6149 6152 6150
f 6153 6154 6144
f 6144 6154 6151
f 6152 6155 6150
f 6150 6155 6156
f 6153 6157 6154
f 6158 6157 6153
f 6159 6157 6158
f 6155 6160 6156
f 6156 6160 6161
f 6159 6162 6157
f 6160 6163 6161
f 6161 6163 6164
f 6159 6165 6162
f 6166 6165 6159
f 6167 6165 6166
f 6163 6168 6164
f 6164 6168 6169
f 6167 6170 6165
f 6168 6171 6169
f 6169 6171 6172
f 6140 6173 6167
f 6139 6173 6140
f 6167 6173 6170
f 6139 6174 6173
f 6171 6174 6172
f 6172 6174 6139
f 6174 6175 6173
f 6174 6176 6175
f 6177 6178 6179
f 6180 6181 6182
f 6182 6181 6183
f 6177 6184 6178
f 6185 6186 6180
f 6180 6186 6181
f 6178 6187 6188
f 6184 6187 6178
f 6189 6190 6185
f 6185 6190 6186
f 6188 6191 6192
f 6187 6191 6188
f 6193 6194 6189
f 6189 6194 6190
f 6195 6196 6197
f 6192 6196 6195
f 6191 6196 6192
f 6198 6199 6193
f 6200 6199 6198
f 6193 6199 6194
f 6196 6201 6197
f 6200 6202 6199
f 6201 6203 6197
f 6197 6203 6204
f 6205 6206 6200
f 6175 6206 6205
f 6200 6206 6202
f 6203 6207 6204
f 6204 6207 6208
f 6176 6209 6175
f 6175 6209 6206
f 6176 6210 6209
f 6208 6210 6176
f 6207 6210 6208
f 6209 6211 6212
f 6210 6211 6209
f 6213 6214 6215
f 6215 6214 6216
f 6217 6218 6219
f 6219 6218 6220
f 6218 6221 6220
f 6220 6221 6222
f 6213 6223 6214
f 6224 6223 6213
f 6224 6225 6223
f 6226 6225 6224
f 6227 6225 6226
f 6222 6228 6229
f 6221 6228 6222
f 6227 6230 6225
f 6231 6230 6227
f 6229 6232 6233
f 6228 6232 6229
f 6233 6234 6235
f 6232 6234 6233
f 6231 6236 6230
f 6237 6238 6231
f 6231 6238 6236
f 6235 6239 6240
f 6234 6239 6235
f 6237 6241 6238
f 6242 6241 6237
f 6212 6241 6242
f 6240 6243 6244
f 6239 6243 6240
f 6211 6245 6212
f 6212 6245 6241
f 6243 6246 6244
f 6211 6246 6245
f 6244 6246 6211
f 6246 6247 6245
f 6245 6247 6248
f 6249 6250 6251
f 6251 6250 6252
f 6253 6254 6255
f 6255 6254 6256
f 6257 6258 6249
f 6249 6258 6250
f 6254 6259 6256
f 6256 6259 6260
f 6259 6261 6260
f 6262 6261 6263
f 6260 6261 6262
f 6257 6264 6258
f 6265 6264 6257
f 6261 6266 6263
f 6263 6266 6267
f 6268 6269 6265
f 6270 6269 6268
f 6265 6269 6264
f 6270 6271 6269
f 6266 6272 6267
f 6270 6273 6271
f 6274 6273 6270
f 6275 6276 6277
f 6267 6276 6275
f 6272 6276 6267
f 6278 6279 6274
f 6274 6279 6273
f 6276 6280 6277
f 6278 6281 6279
f 6248 6281 6278
f 6277 6282 6247
f 6280 6282 6277
f 6247 6282 6248
f 6283 6284 6285
f 6286 6287 6288
f 6284 6289 6285
f 6286 6290 6287
f 6287 6291 6292
f 6290 6291 6287
f 6284 6293 6289
f 6294 6293 6284
f 6295 6293 6294
f 6292 6296 6297
f 6291 6296 6292
f 6295 6298 6293
f 6297 6299 6300
f 6296 6299 6297
f 6295 6301 6298
f 6302 6301 6295
f 6303 6304 6305
f 6300 6304 6303
f 6299 6304 6300
f 6306 6307 6302
f 6302 6307 6301
f 6308 6309 6306
f 6306 6309 6307
f 6304 6310 6305
f 6305 6311 6312
f 6310 6311 6305
f 6313 6314 6308
f 6308 6314 6309
f 6313 6315 6314
f 6316 6315 6313
f 6312 6317 6318
f 6311 6317 6312
f 6319 6320 6321
f 6319 6322 6320
f 6323 6324 6325
f 6325 6324 6326
f 6327 6328 6323
f 6323 6328 6324
f 6322 6329 6320
f 6320 6329 6330
f 6331 6332 6327
f 6327 6332 6328
f 6329 6333 6330
f 6330 6333 6334
f 6333 6335 6334
f 6334 6335 6336
f 6337 6338 6331
f 6331 6338 6332
f 6339 6340 6337
f 6337 6340 6338
f 6335 6341 6336
f 6336 6341 6342
f 6343 6344 6339
f 6339 6344 6340
f 6341 6345 6342
f 6346 6345 6347
f 6342 6345 6346
f 6348 6349 6343
f 6343 6349 6344
f 6345 6350 6347
f 6351 6352 6348
f 6348 6352 6349
f 6347 6353 6354
f 6350 6353 6347
f 6355 6356 6357
f 6357 6356 6358
f 6359 6360 6361
f 6361 6360 6362
f 6355 6363 6356
f 6364 6363 6355
f 6365 6363 6364
f 6360 6366 6362
f 6362 6366 6367
f 6366 6368 6367
f 6367 6368 6369
f 6365 6370 6363
f 6371 6372 6365
f 6365 6372 6370
f 6368 6373 6369
f 6369 6373 6374
f 6371 6375 6372
f 6376 6375 6371
f 6373 6377 6374
f 6378 6377 6379
f 6374 6377 6378
f 6380 6381 6376
f 6376 6381 6375
f 6377 6382 6379
f 6379 6382 6383
f 6384 6385 6380
f 6386 6385 6384
f 6380 6385 6381
f 6382 6387 6383
f 6387 6388 6383
f 6383 6388 6389
f 6386 6390 6385
f 6391 6392 6393
f 6394 6395 6396
f 6396 6395 6397
f 6391 6398 6392
f 6398 6399 6392
f 6392 6399 6400
f 6401 6402 6394
f 6394 6402 6395
f 6399 6403 6400
f 6400 6403 6404
f 6405 6406 6401
f 6401 6406 6402
f 6403 6407 6404
f 6404 6407 6408
f 6409 6410 6405
f 6405 6410 6406
f 6411 6412 6409
f 6413 6412 6411
f 6409 6412 6410
f 6407 6414 6408
f 6408 6414 6415
f 6414 6416 6415
f 6417 6416 6418
f 6415 6416 6417
f 6413 6419 6412
f 6416 6420 6418
f 6421 6422 6413
f 6413 6422 6419
f 6421 6423 6422
f 6424 6423 6421
f 6420 6425 6418
f 6418 6425 6426
f 6427 6428 6429
f 6429 6428 6430
f 6431 6432 6433
f 6433 6432 6434
f 6434 6435 6436
f 6432 6435 6434
f 6427 6437 6428
f 6438 6437 6427
f 6438 6439 6437
f 6440 6439 6438
f 6436 6441 6442
f 6435 6441 6436
f 6442 6443 6444
f 6441 6443 6442
f 6445 6446 6440
f 6440 6446 6439
f 6445 6447 6446
f 6448 6447 6445
f 6449 6450 6451
f 6444 6450 6449
f 6443 6450 6444
f 6452 6453 6448
f 6454 6453 6452
f 6448 6453 6447
f 6451 6455 6456
f 6450 6455 6451
f 6454 6457 6453
f 6455 6458 6456
f 6459 6460 6461
f 6462 6463 6464
f 6464 6463 6465
f 6460 6466 6461
f 6465 6467 6468
f 6463 6467 6465
f 6460 6469 6466
f 6470 6469 6460
f 6467 6471 6468
f 6468 6471 6472
f 6470 6473 6469
f 6474 6473 6470
f 6475 6476 6477
f 6472 6476 6475
f 6471 6476 6472
f 6474 6478 6473
f 6479 6478 6474
f 6477 6480 6481
f 6476 6480 6477
f 6479 6482 6478
f 6483 6482 6479
f 6484 6482 6483
f 6481 6485 6486
f 6480 6485 6481
f 6484 6487 6482
f 6485 6488 6486
f 6484 6489 6487
f 6490 6489 6484
f 6491 5957 6492
f 6493 5898 6494
f 6495 6496 6497
f 6497 6496 6498
f 6499 6500 6501
f 6502 6503 6499
f 6499 6503 6500
f 6496 6504 6498
f 6498 6504 6505
f 6497 6506 6495
f 6507 6506 6497
f 6508 6509 6502
f 6510 6509 6508
f 6502 6509 6503
f 6500 6511 6501
f 6507 6512 6506
f 6513 6512 6507
f 6504 6514 6505
f 6505 6514 6515
f 6501 6516 6517
f 6511 6516 6501
f 6510 6518 6509
f 6514 6519 6515
f 6515 6519 6491
f 6491 6519 5957
f 6513 6520 6512
f 6521 6520 6513
f 6517 6522 6523
f 6516 6522 6517
f 6494 6524 6510
f 6510 6524 6518
f 5898 6524 6494
f 6521 6525 6520
f 6526 6525 6521
f 6523 6527 6528
f 6528 6527 6488
f 6522 6527 6523
f 6526 6529 6525
f 6489 6529 6526
f 6527 6530 6488
f 6519 5955 5957
f 5898 5899 6524
f 6531 6532 6533
f 6534 6532 6531
f 6533 6532 6535
f 6536 6537 6538
f 6533 6539 6540
f 6535 6539 6533
f 6534 6541 6532
f 6538 6542 6543
f 6536 6544 6537
f 6545 6544 6536
f 6546 6544 6545
f 6540 6547 6548
f 6539 6547 6540
f 6529 6549 6534
f 6489 6549 6529
f 6534 6549 6541
f 6490 6549 6489
f 6488 6550 6486
f 6530 6550 6488
f 6543 6550 6530
f 6542 6550 6543
f 6546 6551 6544
f 6552 6553 6554
f 6554 6553 6490
f 6490 6553 6549
f 6548 6555 6556
f 6547 6555 6548
f 6486 6557 6558
f 6550 6557 6486
f 6546 6559 6551
f 6560 6559 6546
f 6552 6561 6553
f 6558 6562 6563
f 6557 6562 6558
f 6552 6564 6561
f 6457 6564 6552
f 6563 6565 6458
f 6562 6565 6563
f 6560 5902 6559
f 5903 5902 6560
f 6556 5960 5959
f 6555 5960 6556
f 6566 6567 6568
f 6568 6567 6569
f 6570 6571 6572
f 6568 6573 6574
f 6569 6573 6568
f 6566 6575 6567
f 6576 6575 6566
f 6577 6578 6565
f 6572 6578 6577
f 6570 6579 6571
f 6580 6579 6570
f 6581 6579 6580
f 6574 6582 6583
f 6573 6582 6574
f 6457 6584 6564
f 6576 6584 6575
f 6564 6584 6576
f 6454 6584 6457
f 6565 6585 6458
f 6578 6585 6565
f 6458 6585 6456
f 6581 6586 6579
f 6423 6587 6588
f 6588 6587 6454
f 6454 6587 6584
f 6583 6589 6590
f 6582 6589 6583
f 6581 6591 6586
f 6592 6591 6581
f 6585 6593 6456
f 6456 6593 6594
f 6423 6595 6587
f 6424 6595 6423
f 6594 6596 6425
f 6593 6596 6594
f 6592 5907 6591
f 5907 5906 6591
f 6589 5964 6590
f 6590 5964 5963
f 6597 6598 6599
f 6600 6601 6597
f 6597 6601 6598
f 6602 6603 6604
f 6604 6605 6606
f 6603 6605 6604
f 6598 6607 6599
f 6600 6608 6601
f 6609 6608 6600
f 6610 6608 6609
f 6605 6611 6606
f 6612 6613 6602
f 6602 6613 6603
f 6599 6614 6615
f 6607 6614 6599
f 6610 6616 6608
f 6617 6618 6596
f 6606 6618 6617
f 6611 6618 6606
f 6612 6619 6613
f 6620 6619 6612
f 6610 6621 6616
f 6595 6621 6610
f 6424 6621 6595
f 6614 6622 6615
f 6615 6622 6623
f 6425 6624 6426
f 6596 6624 6425
f 6618 6624 6596
f 6620 6625 6619
f 6626 6625 6620
f 6386 6627 6390
f 6424 6627 6621
f 6390 6627 6424
f 6624 6628 6426
f 6426 6628 6388
f 6622 5967 6623
f 6626 5910 6625
f 5911 5910 6626
f 6622 5968 5967
f 6629 6630 6631
f 6631 6630 6632
f 6633 6634 6635
f 6636 6634 6633
f 6635 6634 6637
f 6638 6639 6640
f 6631 6639 6638
f 6632 6639 6631
f 6641 6642 6629
f 6643 6642 6641
f 6629 6642 6630
f 6636 6644 6634
f 6635 6645 6646
f 6637 6645 6635
f 6639 6647 6640
f 6640 6647 6648
f 6643 6649 6642
f 6646 6650 6651
f 6645 6650 6646
f 6652 6653 6636
f 6636 6653 6644
f 6647 6654 6648
f 6386 6655 6627
f 6643 6655 6649
f 6627 6655 6643
f 6656 6657 6652
f 6652 6657 6653
f 6388 6658 6389
f 6650 6658 6651
f 6651 6658 6628
f 6628 6658 6388
f 6386 6659 6655
f 6352 6659 6386
f 6351 6659 6352
f 6389 6660 6353
f 6658 6660 6389
f 6656 5915 6657
f 5914 5915 6656
f 6654 5972 6648
f 6648 5972 5971
f 6661 6662 6663
f 6664 6662 6661
f 6665 6666 6667
f 6668 6669 6665
f 6670 6669 6668
f 6665 6669 6666
f 6663 6671 6661
f 6672 6671 6673
f 6661 6671 6672
f 6664 6674 6662
f 6675 6674 6664
f 6676 6674 6675
f 6670 6677 6669
f 6666 6678 6667
f 6671 6679 6673
f 6676 6680 6674
f 6659 6680 6676
f 6667 6681 6682
f 6678 6681 6667
f 6683 6684 6670
f 6685 6684 6683
f 6670 6684 6677
f 6351 6686 6659
f 6659 6686 6680
f 6679 6687 6673
f 6673 6687 6688
f 6682 6689 6660
f 6660 6689 6353
f 6681 6689 6682
f 6353 6689 6354
f 6685 6690 6684
f 6315 6691 6351
f 6316 6691 6315
f 6351 6691 6686
f 6689 6692 6354
f 6354 6692 6317
f 5919 5917 6685
f 6685 5917 6690
f 6687 5975 6688
f 6688 5975 5974
f 6693 6694 6695
f 6696 6694 6693
f 6696 6697 6694
f 6698 6699 6700
f 6700 6699 6701
f 6694 6702 6695
f 6703 6704 6705
f 6696 6704 6697
f 6705 6704 6696
f 6706 6707 6708
f 6700 6707 6706
f 6701 6707 6700
f 6709 6710 6698
f 6698 6710 6699
f 6702 6711 6695
f 6695 6711 6712
f 6703 6713 6704
f 6707 6714 6708
f 6708 6714 6715
f 6716 6717 6709
f 6709 6717 6710
f 6317 6718 6318
f 6318 6718 6282
f 6692 6718 6317
f 6711 6718 6712
f 6712 6718 6692
f 6691 6719 6716
f 6316 6719 6691
f 6716 6719 6717
f 6714 6720 6715
f 6721 6722 6703
f 6703 6722 6713
f 6718 6723 6282
f 6316 6724 6719
f 6281 6724 6316
f 6720 5980 6715
f 6721 5923 6722
f 5922 5923 6721
f 6720 5978 5980
f 6725 6726 6727
f 6726 6728 6727
f 6729 6728 6730
f 6727 6728 6729
f 6731 6732 6733
f 6733 6732 6734
f 6728 6735 6730
f 6725 6736 6726
f 6737 6738 6739
f 6733 6738 6737
f 6734 6738 6733
f 6731 6740 6732
f 6741 6740 6731
f 6735 6742 6730
f 6730 6742 6743
f 6744 6745 6725
f 6725 6745 6736
f 6738 6746 6739
f 6747 6748 6741
f 6741 6748 6740
f 6744 6749 6745
f 6750 6749 6744
f 6742 6751 6743
f 6723 6751 6282
f 6743 6751 6723
f 6724 6752 6747
f 6281 6752 6724
f 6248 6752 6281
f 6282 6752 6248
f 6751 6752 6282
f 6747 6752 6748
f 6746 6753 6739
f 6739 6753 6754
f 6751 6755 6752
f 6756 6755 6751
f 6750 5925 6749
f 5927 5925 6750
f 6754 5983 5982
f 6753 5983 6754
f 6757 6758 6759
f 6759 6758 6760
f 6761 6762 6763
f 6763 6762 6764
f 6760 6765 6766
f 6758 6765 6760
f 6759 6767 6757
f 6768 6767 6759
f 6769 6770 6771
f 6763 6770 6769
f 6764 6770 6763
f 6772 6773 6761
f 6761 6773 6762
f 6766 6774 6775
f 6765 6774 6766
f 6776 6777 6768
f 6768 6777 6767
f 6770 6778 6771
f 6779 6780 6772
f 6755 6780 6779
f 6772 6780 6773
f 6775 6781 6756
f 6774 6781 6775
f 6756 6782 6755
f 6755 6782 6780
f 6781 6782 6756
f 6783 6784 6776
f 6776 6784 6777
f 6771 6785 6786
f 6778 6785 6771
f 6781 6787 6782
f 6788 6787 6781
f 6783 5931 6784
f 5930 5931 6783
f 6786 5987 5986
f 6785 5987 6786
f 6789 6790 6791
f 6792 6790 6789
f 6793 6794 6795
f 6796 6794 6793
f 6797 6794 6796
f 6795 6798 6793
f 6793 6798 6799
f 6800 6801 6797
f 6797 6801 6794
f 6791 6802 6789
f 6803 6802 6804
f 6789 6802 6803
f 6792 6805 6790
f 6806 6805 6792
f 6798 6807 6799
f 6799 6807 6808
f 6800 6809 6801
f 6802 6810 6804
f 6806 6811 6805
f 6812 6811 6806
f 6800 6813 6809
f 6814 6813 6800
f 6788 6815 6787
f 6807 6815 6808
f 6808 6815 6788
f 6812 6816 6811
f 6787 6816 6812
f 6815 6816 6787
f 6810 6817 6804
f 6804 6817 6818
f 6819 6820 6815
f 6815 6820 6816
f 6814 5933 6813
f 5935 5933 6814
f 6818 5991 5990
f 6817 5991 6818
f 6821 6822 6823
f 6824 6825 6826
f 6827 6825 6824
f 6828 6825 6827
f 6822 6829 6823
f 6830 6829 6831
f 6823 6829 6830
f 6829 6832 6831
f 6826 6833 6824
f 6834 6833 6835
f 6824 6833 6834
f 6828 6836 6825
f 6821 6837 6822
f 6833 6838 6835
f 6839 6840 6828
f 6828 6840 6836
f 6832 6841 6831
f 6831 6841 6842
f 6821 6843 6837
f 6844 6843 6821
f 6820 6843 6844
f 6838 6845 6835
f 6835 6845 6819
f 6845 6846 6819
f 6820 6846 6843
f 6819 6846 6820
f 6841 6847 6842
f 6842 6847 6848
f 6849 6850 6839
f 6839 6850 6840
f 6851 6852 6845
f 6845 6852 6846
f 6847 5996 6848
f 5938 5937 6849
f 6849 5937 6850
f 6847 5994 5996
f 6853 6854 6855
f 6856 6854 6853
f 6856 6857 6854
f 6858 6859 6860
f 6854 6861 6855
f 6862 6863 6856
f 6856 6863 6857
f 6864 6865 6866
f 6860 6865 6864
f 6859 6865 6860
f 6867 6868 6858
f 6865 6869 6866
f 6867 6870 6868
f 6871 6870 6867
f 6855 6872 6873
f 6861 6872 6855
f 6874 6875 6862
f 6862 6875 6863
f 6873 6876 6851
f 6872 6876 6873
f 6871 6877 6870
f 6876 6877 6851
f 6851 6877 6852
f 6852 6877 6871
f 6869 6878 6866
f 6866 6878 6879
f 6880 6881 6874
f 6874 6881 6875
f 6882 6883 6876
f 6876 6883 6877
f 6882 6884 6883
f 6885 6884 6882
f 6878 5998 6879
f 5942 5941 6880
f 6880 5941 6881
f 6878 5999 5998
f 6886 6887 6888
f 6889 6887 6886
f 6890 6891 6892
f 6893 6894 6890
f 6890 6894 6891
f 6888 6895 6886
f 6896 6895 6885
f 6886 6895 6896
f 6889 6897 6887
f 6898 6897 6889
f 6892 6899 6900
f 6891 6899 6892
f 6901 6902 6893
f 6893 6902 6894
f 6895 6903 6885
f 6898 6904 6897
f 6905 6904 6898
f 6899 6906 6900
f 6884 6907 6901
f 6885 6907 6884
f 6901 6907 6902
f 6903 6907 6885
f 6905 6908 6904
f 6909 6908 6905
f 6903 6910 6907
f 6911 6910 6903
f 6900 6912 6913
f 6906 6912 6900
f 6914 6915 6911
f 6911 6915 6910
f 6916 6917 6914
f 6914 6917 6915
f 6912 6004 6913
f 6909 5945 6908
f 5946 5945 6909
f 6912 6002 6004
f 6918 6919 6920
f 6921 6919 6918
f 6919 6922 6920
f 6923 6924 6925
f 6926 6924 6923
f 6926 6927 6924
f 6922 6928 6920
f 6920 6928 6929
f 6921 6930 6919
f 6924 6931 6925
f 6932 6933 6926
f 6926 6933 6927
f 6928 6934 6929
f 6929 6934 6916
f 6916 6934 6917
f 6921 6935 6930
f 6936 6935 6921
f 6925 6937 6938
f 6931 6937 6925
f 6934 6939 6917
f 6917 6939 6932
f 6932 6939 6933
f 6936 6940 6935
f 6941 6940 6936
f 6934 6942 6939
f 6943 6942 6934
f 6938 6944 6945
f 6937 6944 6938
f 6943 6946 6942
f 6946 6947 6942
f 6948 6949 6946
f 6946 6949 6947
f 6948 6950 6949
f 6950 6951 6949
f 6952 6953 6950
f 6950 6953 6951
f 6952 6954 6953
f 6954 6955 6953
f 6956 6957 6954
f 6954 6957 6955
f 6958 6959 6956
f 6956 6959 6957
f 6958 6960 6959
f 6960 6961 6959
f 6941 5949 6940
f 5950 5949 6941
f 6944 6006 6945
f 6945 6006 6008
f 6961 5953 6010
f 5954 5953 6960
f 6960 5953 6961
f 6868 6962 6858
f 6858 6962 6859
f 6571 6963 6572
f 6572 6963 6578
f 6537 6964 6538
f 6538 6964 6542
f 6012 6965 5276
f 6012 6014 6965
f 6965 6966 5276
f 6966 6967 5276
f 6037 6038 6966
f 6966 6038 6967
f 6967 6968 5276
f 6968 6969 5276
f 6076 6077 6968
f 6968 6077 6969
f 6969 6970 5276
f 6970 6971 5276
f 6107 6108 6970
f 6970 6108 6971
f 6971 6972 5276
f 6972 6973 5276
f 6147 6148 6972
f 6972 6148 6973
f 6973 6974 5276
f 6974 6975 5276
f 6974 6183 6975
f 6182 6183 6974
f 6975 6976 5276
f 6976 6977 5276
f 6976 6216 6977
f 6215 6216 6976
f 6977 6978 5276
f 6978 6979 5276
f 6251 6979 6978
f 6251 6252 6979
f 6283 6285 6980
f 6980 6285 6981
f 6325 6326 6982
f 6982 6326 6983
f 6357 6358 6984
f 6984 6358 6985
f 6396 6397 6986
f 6986 6397 6987
f 6429 6430 6988
f 6988 6430 6989
f 6459 6461 6990
f 6990 6461 6991
f 6990 5598 6989
f 6988 5598 6987
f 6986 5598 6985
f 6984 5598 6983
f 6982 5598 6981
f 6980 5598 6979
f 6979 5598 5276
f 6981 5598 6980
f 6983 5598 6982
f 6985 5598 6984
f 6987 5598 6986
f 6992 5598 6991
f 6989 5598 6988
f 6991 5598 6990
f 6992 5957 5598
f 6492 5957 6992
f 6493 6993 5898
f 5898 6993 5600
f 6993 6994 5600
f 6464 6995 6462
f 6462 6995 6994
f 6994 6995 5600
f 6995 6996 5600
f 6433 6997 6431
f 6431 6997 6996
f 6996 6997 5600
f 6997 6998 5600
f 6393 6999 6391
f 6391 6999 6998
f 6998 6999 5600
f 6999 7000 5600
f 6361 7001 6359
f 6359 7001 7000
f 7000 7001 5600
f 6321 7002 6319
f 6319 7002 7003
f 6288 7004 6286
f 6286 7004 7005
f 6253 6255 7006
f 6255 7007 7006
f 6219 7008 6217
f 6217 7008 7009
f 6179 7010 6177
f 6177 7010 7011
f 6143 7012 6141
f 6141 7012 7013
f 6111 7014 6109
f 6109 7014 7015
f 6070 7016 6068
f 6068 7016 7017
f 6039 7018 7019
f 6041 7018 6039
f 6016 6012 7020
f 7019 5276 7016
f 7017 5276 7014
f 7015 5276 7012
f 7013 5276 7010
f 7012 5276 7013
f 7014 5276 7015
f 7020 5276 7018
f 7016 5276 7017
f 7018 5276 7019
f 6012 5276 7020
f 5276 5600 7003
f 5276 7003 7002
f 5276 7002 7005
f 5276 7005 7004
f 5276 7004 7006
f 5276 7006 7007
f 5276 7007 7009
f 5276 7009 7008
f 5276 7008 7011
f 5276 7011 7010
f 7003 5600 7001
f 7021 5903 6560
f 7021 7022 5903
f 5903 7023 5900
f 7022 7023 5903
f 7024 7025 6522
f 6522 7025 6527
f 5899 7026 7027
f 5899 5897 7026
f 7027 7028 5899
f 7028 6524 5899
f 7029 7030 7031
f 7032 7029 7033
f 7032 7030 7029
f 7025 7021 7030
f 7025 7032 7034
f 7025 7030 7032
f 7028 7027 7022
f 7028 7022 7021
f 7024 7021 7025
f 7024 7028 7021
f 7035 7024 7036
f 7037 7038 7039
f 7037 7039 7040
f 7037 7040 7028
f 7037 7028 7024
f 7037 7024 7035
f 6007 6006 7041
f 7042 6006 6944
f 6006 7043 7041
f 7042 7043 6006
f 6942 6947 7044
f 7044 6947 7045
f 7046 6010 6011
f 6961 6010 7047
f 7046 7048 6010
f 6010 7048 7047
f 7049 7050 7051
f 7052 7049 7051
f 7045 7051 7053
f 7045 7053 7054
f 7045 7054 7047
f 7045 7052 7051
f 7042 7047 7048
f 7042 7048 7043
f 7044 7045 7047
f 7044 7047 7042
f 7055 7042 7056
f 7055 7056 7057
f 7055 7057 7058
f 7055 7059 7060
f 7055 7060 7044
f 7055 7044 7042
f 7061 5907 6592
f 7061 7062 5907
f 5907 7063 5904
f 7062 7063 5907
f 7064 7065 6557
f 6557 7065 6562
f 5902 7066 7067
f 5902 5901 7066
f 7067 7068 5902
f 7068 6559 5902
f 7069 7064 7070
f 7071 7064 7069
f 7072 7064 7071
f 7073 7064 7072
f 7074 7068 7073
f 7073 7068 7064
f 7075 7076 7077
f 7076 7061 7078
f 7079 7061 7075
f 7080 7061 7079
f 7065 7061 7080
f 7064 7061 7065
f 7068 7061 7064
f 7075 7061 7076
f 7067 7062 7068
f 7068 7062 7061
f 6492 7081 7082
f 6492 6992 7081
f 7082 7083 6492
f 7083 6491 6492
f 7084 6461 6466
f 7084 7085 6461
f 6461 7086 6991
f 7085 7086 6461
f 6526 7087 7088
f 6521 7087 6526
f 7089 7090 7091
f 7092 7088 7084
f 7093 7088 7092
f 7091 7088 7093
f 7094 7088 7090
f 7090 7088 7091
f 7084 7083 7085
f 7085 7083 7082
f 7084 7087 7083
f 7088 7087 7084
f 7095 7096 7087
f 7097 7096 7095
f 7098 7096 7099
f 7100 7096 7098
f 7083 7096 7100
f 7087 7096 7083
f 7101 5911 6626
f 7101 7102 5911
f 5911 7103 5908
f 7102 7103 5911
f 7104 7105 6593
f 6593 7105 6596
f 5906 7106 7107
f 5906 5905 7106
f 7107 7108 5906
f 7108 6591 5906
f 7109 7108 7110
f 7111 7108 7109
f 7112 7108 7111
f 7113 7108 7112
f 7110 7104 7114
f 7108 7104 7110
f 7105 7115 7116
f 7117 7118 7119
f 7120 7101 7117
f 7115 7101 7120
f 7104 7101 7105
f 7108 7101 7104
f 7105 7101 7115
f 7117 7101 7118
f 7107 7102 7108
f 7108 7102 7101
f 7121 5914 6656
f 7121 7122 5914
f 5914 7123 5912
f 7122 7123 5914
f 7124 7125 6624
f 6624 7125 6628
f 5910 7126 7127
f 5910 5909 7126
f 7127 7128 5910
f 7128 6625 5910
f 7129 7128 7130
f 7131 7128 7129
f 7132 7124 7133
f 7134 7124 7132
f 7130 7124 7134
f 7128 7124 7130
f 7125 7135 7136
f 7135 7137 7138
f 7137 7139 7140
f 7124 7121 7125
f 7128 7121 7124
f 7125 7121 7135
f 7135 7121 7137
f 7137 7121 7139
f 7127 7122 7128
f 7128 7122 7121
f 7141 5919 6685
f 7141 7142 5919
f 5919 7143 5918
f 7142 7143 5919
f 7144 7145 6658
f 6658 7145 6660
f 5915 7146 7147
f 5915 5913 7146
f 7147 7148 5915
f 7148 6657 5915
f 7149 7148 7150
f 7151 7148 7149
f 7152 7144 7153
f 7154 7144 7152
f 7150 7144 7154
f 7148 7144 7150
f 7155 7156 7157
f 7158 7156 7155
f 7145 7156 7158
f 7159 7141 7160
f 7156 7141 7159
f 7144 7141 7145
f 7148 7141 7144
f 7145 7141 7156
f 7147 7142 7148
f 7148 7142 7141
f 7161 5922 6721
f 7161 7162 5922
f 5922 7163 5920
f 7162 7163 5922
f 7164 7165 6689
f 6689 7165 6692
f 5917 7166 7167
f 5917 5916 7166
f 7167 7168 5917
f 7168 6690 5917
f 7169 7170 7171
f 7172 7168 7169
f 7173 7168 7172
f 7170 7164 7174
f 7169 7164 7170
f 7168 7164 7169
f 7175 7176 7177
f 7178 7176 7175
f 7165 7176 7178
f 7179 7161 7180
f 7176 7161 7179
f 7164 7161 7165
f 7168 7161 7164
f 7165 7161 7176
f 7167 7162 7168
f 7168 7162 7161
f 7181 5927 6750
f 7181 7182 5927
f 5927 7183 5926
f 7182 7183 5927
f 7184 7185 6718
f 6718 7185 6723
f 5923 7186 7187
f 5923 5921 7186
f 7187 7188 5923
f 7188 6722 5923
f 7189 7188 7190
f 7191 7188 7189
f 7192 7184 7193
f 7194 7184 7192
f 7190 7184 7194
f 7188 7184 7190
f 7195 7196 7197
f 7198 7196 7195
f 7185 7196 7198
f 7199 7181 7200
f 7196 7181 7199
f 7184 7181 7185
f 7188 7181 7184
f 7185 7181 7196
f 7187 7182 7188
f 7188 7182 7181
f 7201 5930 6783
f 7201 7202 5930
f 5930 7203 5928
f 7202 7203 5930
f 7204 7205 6751
f 6751 7205 6756
f 5925 7206 7207
f 5925 5924 7206
f 7207 7208 5925
f 7208 6749 5925
f 7209 7208 7210
f 7211 7208 7209
f 7212 7204 7213
f 7214 7204 7212
f 7210 7204 7214
f 7208 7204 7210
f 7215 7216 7217
f 7218 7216 7215
f 7205 7216 7218
f 7219 7201 7220
f 7216 7201 7219
f 7204 7201 7205
f 7208 7201 7204
f 7205 7201 7216
f 7207 7202 7208
f 7208 7202 7201
f 7221 5935 6814
f 7221 7222 5935
f 5935 7223 5934
f 7222 7223 5935
f 7224 7225 6781
f 6781 7225 6788
f 5931 7226 7227
f 5931 5929 7226
f 7227 7228 5931
f 7228 6784 5931
f 7229 7230 7231
f 7232 7228 7229
f 7233 7228 7232
f 7230 7224 7234
f 7229 7224 7230
f 7228 7224 7229
f 7235 7236 7237
f 7238 7236 7235
f 7225 7236 7238
f 7239 7221 7240
f 7236 7221 7239
f 7224 7221 7225
f 7228 7221 7224
f 7225 7221 7236
f 7227 7222 7228
f 7228 7222 7221
f 7241 5938 6849
f 7241 7242 5938
f 5938 7243 5936
f 7242 7243 5938
f 7244 7245 6815
f 6815 7245 6819
f 5933 7246 7247
f 5933 5932 7246
f 7247 7248 5933
f 7248 6813 5933
f 7249 7250 7251
f 7252 7248 7249
f 7253 7248 7252
f 7250 7244 7254
f 7249 7244 7250
f 7248 7244 7249
f 7245 7255 7256
f 7257 7258 7259
f 7260 7241 7257
f 7255 7241 7260
f 7244 7241 7245
f 7248 7241 7244
f 7245 7241 7255
f 7257 7241 7258
f 7247 7242 7248
f 7248 7242 7241
f 7261 5942 6880
f 7261 7262 5942
f 5942 7263 5940
f 7262 7263 5942
f 7264 7265 6845
f 6845 7265 6851
f 5937 7266 7267
f 5937 5939 7266
f 7267 7268 5937
f 7268 6850 5937
f 7269 7268 7270
f 7271 7268 7269
f 7272 7264 7273
f 7274 7264 7272
f 7270 7264 7274
f 7268 7264 7270
f 7265 7275 7276
f 7275 7277 7278
f 7277 7279 7280
f 7264 7261 7265
f 7268 7261 7264
f 7265 7261 7275
f 7275 7261 7277
f 7277 7261 7279
f 7267 7262 7268
f 7268 7262 7261
f 7281 5946 6909
f 7281 7282 5946
f 5946 7283 5944
f 7282 7283 5946
f 7284 7285 6876
f 6876 7285 6882
f 5941 7286 7287
f 5941 5943 7286
f 7287 7288 5941
f 7288 6881 5941
f 7289 7288 7290
f 7291 7288 7289
f 7292 7288 7291
f 7293 7288 7292
f 7290 7284 7294
f 7288 7284 7290
f 7285 7295 7296
f 7297 7281 7298
f 7299 7281 7297
f 7300 7281 7299
f 7295 7281 7300
f 7284 7281 7285
f 7288 7281 7284
f 7285 7281 7295
f 7287 7282 7288
f 7288 7282 7281
f 7301 5950 6941
f 7301 7302 5950
f 5950 7303 5948
f 7302 7303 5950
f 7304 7305 6911
f 6911 7305 6914
f 5945 7306 7307
f 5945 5947 7306
f 7307 7308 5945
f 7308 6908 5945
f 7309 7304 7310
f 7311 7304 7309
f 7312 7304 7311
f 7313 7304 7312
f 7314 7308 7313
f 7313 7308 7304
f 7315 7316 7317
f 7318 7316 7315
f 7316 7301 7319
f 7320 7301 7318
f 7305 7301 7320
f 7304 7301 7305
f 7308 7301 7304
f 7318 7301 7316
f 7307 7302 7308
f 7308 7302 7301
f 7321 5954 6960
f 7321 7322 5954
f 5954 7323 5952
f 7322 7323 5954
f 7324 7325 6943
f 6943 7325 6946
f 5949 7326 7327
f 5949 5951 7326
f 7327 7328 5949
f 7328 6940 5949
f 7329 7324 7330
f 7331 7324 7329
f 7332 7324 7331
f 7333 7324 7332
f 7334 7328 7333
f 7333 7328 7324
f 7335 7336 7337
f 7338 7336 7335
f 7339 7336 7338
f 7340 7336 7339
f 7325 7321 7340
f 7324 7321 7325
f 7328 7321 7324
f 7340 7321 7336
f 7327 7322 7328
f 7328 7322 7321
f 6003 6002 7341
f 7342 6002 6912
f 6002 7343 7341
f 7342 7343 6002
f 6910 6915 7344
f 7344 6915 7345
f 7346 6008 6009
f 6945 6008 7347
f 7346 7348 6008
f 6008 7348 7347
f 7349 7350 7347
f 7351 7352 7353
f 7354 7353 7349
f 7354 7351 7353
f 7345 7349 7347
f 7345 7354 7349
f 7342 7347 7348
f 7342 7348 7343
f 7344 7347 7342
f 7344 7345 7347
f 7355 7342 7356
f 7355 7356 7357
f 7355 7357 7358
f 7355 7359 7360
f 7355 7360 7344
f 7355 7344 7342
f 6001 5999 7361
f 7362 5999 6878
f 5999 7363 7361
f 7362 7363 5999
f 6877 6883 7364
f 7364 6883 7365
f 7366 6004 6005
f 6913 6004 7367
f 7366 7368 6004
f 6004 7368 7367
f 7369 7370 7371
f 7372 7373 7369
f 7374 7371 7367
f 7374 7372 7369
f 7374 7369 7371
f 7365 7374 7367
f 7362 7367 7368
f 7362 7368 7363
f 7364 7367 7362
f 7364 7365 7367
f 7375 7362 7376
f 7375 7376 7377
f 7378 7379 7380
f 7378 7380 7364
f 7378 7362 7375
f 7378 7364 7362
f 5995 5994 7381
f 7382 5994 6847
f 5994 7383 7381
f 7382 7383 5994
f 6846 6852 7384
f 7384 6852 7385
f 7386 5998 6000
f 6879 5998 7387
f 7386 7388 5998
f 5998 7388 7387
f 7389 7390 7391
f 7389 7391 7392
f 7389 7392 7393
f 7394 7393 7387
f 7394 7389 7393
f 7385 7394 7387
f 7382 7384 7385
f 7382 7387 7388
f 7382 7388 7383
f 7382 7385 7387
f 7395 7382 7396
f 7395 7396 7397
f 7395 7397 7398
f 7395 7399 7400
f 7395 7400 7384
f 7395 7384 7382
f 5993 5991 7401
f 7402 5991 6817
f 5991 7403 7401
f 7402 7403 5991
f 6816 6820 7404
f 7404 6820 7405
f 7406 5996 5997
f 6848 5996 7407
f 7406 7408 5996
f 5996 7408 7407
f 7409 7410 7411
f 7412 7411 7413
f 7412 7413 7414
f 7412 7409 7411
f 7405 7414 7407
f 7405 7412 7414
f 7402 7404 7405
f 7402 7407 7408
f 7402 7408 7403
f 7402 7405 7407
f 7415 7402 7416
f 7415 7416 7417
f 7415 7418 7419
f 7415 7419 7420
f 7415 7420 7404
f 7415 7404 7402
f 5989 5987 7421
f 7422 5987 6785
f 5987 7423 7421
f 7422 7423 5987
f 6782 6787 7424
f 7424 6787 7425
f 7426 5990 5992
f 6818 5990 7427
f 7426 7428 5990
f 5990 7428 7427
f 7429 7430 7431
f 7429 7431 7432
f 7429 7432 7433
f 7429 7433 7434
f 7429 7434 7427
f 7425 7429 7427
f 7422 7424 7425
f 7422 7427 7428
f 7422 7428 7423
f 7422 7425 7427
f 7435 7422 7436
f 7435 7437 7424
f 7435 7424 7422
f 7438 7439 7440
f 7438 7440 7437
f 7438 7437 7435
f 5985 5983 7441
f 7442 5983 6753
f 5983 7443 7441
f 7442 7443 5983
f 6752 6755 7444
f 7444 6755 7445
f 7446 5986 5988
f 6786 5986 7447
f 7446 7448 5986
f 5986 7448 7447
f 7449 7450 7451
f 7452 7453 7449
f 7452 7449 7451
f 7454 7451 7447
f 7454 7452 7451
f 7445 7454 7447
f 7442 7444 7445
f 7442 7447 7448
f 7442 7448 7443
f 7442 7445 7447
f 7455 7442 7456
f 7457 7455 7458
f 7457 7459 7460
f 7457 7460 7444
f 7457 7444 7442
f 7457 7442 7455
f 5979 5978 7461
f 7462 5978 6720
f 5978 7463 7461
f 7462 7463 5978
f 6719 6724 7464
f 7464 6724 7465
f 7466 5982 5984
f 6754 5982 7467
f 7466 7468 5982
f 5982 7468 7467
f 7469 7470 7471
f 7472 7473 7474
f 7472 7474 7469
f 7472 7471 7467
f 7472 7469 7471
f 7465 7472 7467
f 7464 7465 7467
f 7462 7467 7468
f 7462 7468 7463
f 7462 7464 7467
f 7475 7462 7476
f 7477 7478 7479
f 7477 7479 7480
f 7477 7480 7464
f 7477 7464 7462
f 7477 7462 7475
f 5977 5975 7481
f 7482 5975 6687
f 5975 7483 7481
f 7482 7483 5975
f 6686 6691 7484
f 7484 6691 7485
f 7486 5980 5981
f 6715 5980 7487
f 7486 7488 5980
f 5980 7488 7487
f 7489 7490 7487
f 7491 7492 7493
f 7491 7493 7489
f 7485 7494 7491
f 7485 7489 7487
f 7485 7491 7489
f 7482 7487 7488
f 7482 7488 7483
f 7484 7487 7482
f 7484 7485 7487
f 7495 7482 7496
f 7495 7496 7497
f 7495 7498 7499
f 7495 7499 7500
f 7495 7500 7484
f 7495 7484 7482
f 5973 5972 7501
f 7502 5972 6654
f 5972 7503 7501
f 7502 7503 5972
f 6655 6659 7504
f 7504 6659 7505
f 7506 5974 5976
f 6688 5974 7507
f 7506 7508 5974
f 5974 7508 7507
f 7509 7510 7507
f 7511 7512 7513
f 7511 7513 7509
f 7514 7509 7507
f 7514 7511 7509
f 7505 7514 7507
f 7504 7505 7507
f 7502 7507 7508
f 7502 7508 7503
f 7502 7504 7507
f 7515 7502 7516
f 7515 7516 7517
f 7515 7518 7519
f 7515 7519 7520
f 7515 7520 7504
f 7515 7504 7502
f 5969 5968 7521
f 7522 5968 6622
f 5968 7523 7521
f 7522 7523 5968
f 6621 6627 7524
f 7524 6627 7525
f 7526 5971 5970
f 6648 5971 7527
f 7526 7528 5971
f 5971 7528 7527
f 7529 7530 7531
f 7529 7531 7532
f 7533 7532 7534
f 7533 7534 7527
f 7533 7529 7532
f 7525 7533 7527
f 7522 7527 7528
f 7522 7528 7523
f 7524 7527 7522
f 7524 7525 7527
f 7535 7522 7536
f 7535 7536 7537
f 7535 7537 7538
f 7535 7539 7540
f 7535 7540 7524
f 7535 7524 7522
f 5965 5964 7541
f 7542 5964 6589
f 5964 7543 7541
f 7542 7543 5964
f 6587 6595 7544
f 7544 6595 7545
f 7546 5967 5966
f 6623 5967 7547
f 7546 7548 5967
f 5967 7548 7547
f 7549 7550 7551
f 7549 7551 7552
f 7549 7552 7553
f 7549 7553 7554
f 7545 7554 7547
f 7545 7549 7554
f 7542 7547 7548
f 7542 7548 7543
f 7544 7547 7542
f 7544 7545 7547
f 7555 7542 7556
f 7555 7556 7557
f 7555 7557 7558
f 7555 7559 7560
f 7555 7560 7544
f 7555 7544 7542
f 5961 5960 7561
f 7562 5960 6555
f 5960 7563 7561
f 7562 7563 5960
f 6553 6561 7564
f 7564 6561 7565
f 7566 5963 5962
f 6590 5963 7567
f 7566 7568 5963
f 5963 7568 7567
f 7569 7570 7571
f 7569 7571 7572
f 7565 7573 7569
f 7565 7572 7574
f 7565 7574 7567
f 7565 7569 7572
f 7562 7567 7568
f 7562 7568 7563
f 7564 7567 7562
f 7564 7565 7567
f 7575 7562 7576
f 7577 7575 7578
f 7577 7579 7580
f 7577 7580 7564
f 7577 7564 7562
f 7577 7562 7575
f 5956 5955 7581
f 7582 5955 6519
f 5955 7583 7581
f 7582 7583 5955
f 6520 6525 7584
f 7584 6525 7585
f 7586 5959 5958
f 6556 5959 7587
f 7586 7588 5959
f 5959 7588 7587
f 7585 7589 7590
f 7585 7590 7591
f 7585 7591 7592
f 7585 7592 7593
f 7585 7593 7594
f 7585 7594 7587
f 7582 7587 7588
f 7582 7588 7583
f 7584 7587 7582
f 7584 7585 7587
f 7595 7596 7597
f 7598 7582 7596
f 7598 7599 7600
f 7598 7600 7584
f 7598 7584 7582
f 7598 7596 7595
f 6459 7601 7602
f 6459 6990 7601
f 7602 7603 6459
f 7603 6460 6459
f 7604 6430 6428
f 7604 7605 6430
f 6430 7606 6989
f 7605 7606 6430
f 6552 7607 7608
f 6554 7607 6552
f 7609 7608 7604
f 7610 7608 7609
f 7611 7608 7610
f 7612 7608 7611
f 7613 7608 7612
f 7614 7608 7613
f 7608 7607 7604
f 7604 7603 7605
f 7605 7603 7602
f 7607 7603 7604
f 7615 7616 7617
f 7618 7619 7607
f 7620 7619 7618
f 7603 7619 7615
f 7607 7619 7603
f 7615 7619 7616
f 6429 7621 7622
f 6429 6988 7621
f 7622 7623 6429
f 7623 6427 6429
f 7624 6397 6395
f 7624 7625 6397
f 6397 7626 6987
f 7625 7626 6397
f 6423 7627 7628
f 6588 7627 6423
f 7629 7630 7631
f 7631 7628 7624
f 7632 7628 7630
f 7633 7628 7632
f 7634 7628 7633
f 7630 7628 7631
f 7624 7623 7625
f 7625 7623 7622
f 7627 7623 7628
f 7628 7623 7624
f 7635 7636 7627
f 7637 7638 7636
f 7639 7638 7640
f 7623 7638 7639
f 7627 7638 7623
f 7636 7638 7627
f 6396 7641 7642
f 6396 6986 7641
f 7642 7643 6396
f 7643 6394 6396
f 7644 6358 6356
f 7644 7645 6358
f 6358 7646 6985
f 7645 7646 6358
f 6390 7647 7648
f 6424 7647 6390
f 7649 7650 7651
f 7651 7652 7644
f 7653 7652 7650
f 7650 7652 7651
f 7654 7648 7652
f 7652 7648 7644
f 7644 7643 7645
f 7645 7643 7642
f 7647 7643 7648
f 7648 7643 7644
f 7655 7656 7647
f 7657 7658 7656
f 7659 7658 7660
f 7643 7658 7659
f 7647 7658 7643
f 7656 7658 7647
f 6357 7661 7662
f 6357 6984 7661
f 7662 7663 6357
f 7663 6355 6357
f 7664 6326 6324
f 7664 7665 6326
f 6326 7666 6983
f 7665 7666 6326
f 6352 7667 7668
f 6386 7667 6352
f 7669 7670 7671
f 7672 7673 7670
f 7671 7668 7664
f 7674 7668 7673
f 7670 7668 7671
f 7673 7668 7670
f 7664 7663 7665
f 7665 7663 7662
f 7667 7663 7668
f 7668 7663 7664
f 7675 7676 7667
f 7677 7678 7676
f 7679 7678 7680
f 7663 7678 7679
f 7667 7678 7663
f 7676 7678 7667
f 6325 7681 7682
f 6325 6982 7681
f 7682 7683 6325
f 7683 6323 6325
f 7684 6285 6289
f 7684 7685 6285
f 6285 7686 6981
f 7685 7686 6285
f 6315 7687 7688
f 6351 7687 6315
f 7689 7690 7691
f 7692 7693 7690
f 7691 7688 7684
f 7694 7688 7693
f 7690 7688 7691
f 7693 7688 7690
f 7684 7683 7685
f 7685 7683 7682
f 7687 7683 7688
f 7688 7683 7684
f 7695 7696 7687
f 7697 7698 7699
f 7683 7700 7697
f 7687 7700 7683
f 7696 7700 7687
f 7697 7700 7698
f 6283 7701 7702
f 6283 6980 7701
f 7702 7703 6283
f 7703 6284 6283
f 7704 6252 6250
f 7704 7705 6252
f 6252 7706 6979
f 7705 7706 6252
f 6281 7707 7708
f 6316 7707 6281
f 7705 7704 7702
f 7709 7710 7711
f 7712 7708 7704
f 7713 7708 7712
f 7711 7708 7713
f 7714 7708 7710
f 7710 7708 7711
f 7707 7703 7708
f 7704 7703 7702
f 7708 7703 7704
f 7715 7716 7707
f 7717 7718 7719
f 7703 7720 7717
f 7707 7720 7703
f 7716 7720 7707
f 7717 7720 7718
f 6251 7721 7722
f 6251 6978 7721
f 7722 7723 6251
f 7723 6249 6251
f 7724 6216 6214
f 7724 7725 6216
f 6216 7726 6977
f 7725 7726 6216
f 6245 7727 7728
f 6248 7727 6245
f 7729 7730 7731
f 7732 7733 7730
f 7731 7728 7724
f 7734 7728 7733
f 7730 7728 7731
f 7733 7728 7730
f 7724 7723 7725
f 7725 7723 7722
f 7727 7723 7728
f 7728 7723 7724
f 7735 7736 7727
f 7737 7738 7739
f 7723 7740 7737
f 7727 7740 7723
f 7736 7740 7727
f 7737 7740 7738
f 6215 7741 7742
f 6215 6976 7741
f 7742 7743 6215
f 7743 6213 6215
f 7744 6183 6181
f 7744 7745 6183
f 6183 7746 6975
f 7745 7746 6183
f 6209 7747 7748
f 6212 7747 6209
f 7749 7750 7751
f 7751 7748 7744
f 7752 7748 7750
f 7753 7748 7752
f 7754 7748 7753
f 7750 7748 7751
f 7744 7743 7745
f 7745 7743 7742
f 7747 7743 7748
f 7748 7743 7744
f 7755 7756 7747
f 7757 7758 7759
f 7743 7760 7757
f 7747 7760 7743
f 7756 7760 7747
f 7757 7760 7758
f 6182 7761 7762
f 6182 6974 7761
f 7762 7763 6182
f 7763 6180 6182
f 7764 6148 6145
f 7764 7765 6148
f 6148 7766 6973
f 7765 7766 6148
f 6173 7767 7768
f 6175 7767 6173
f 7769 7770 7771
f 7771 7772 7764
f 7773 7772 7770
f 7770 7772 7771
f 7774 7768 7772
f 7772 7768 7764
f 7764 7763 7765
f 7765 7763 7762
f 7767 7763 7768
f 7768 7763 7764
f 7763 7775 7776
f 7763 7777 7775
f 7778 7779 7767
f 7780 7779 7778
f 7767 7779 7763
f 7763 7779 7777
f 6147 7781 7782
f 6147 6972 7781
f 7782 7783 6147
f 7783 6146 6147
f 7784 6108 6106
f 7784 7785 6108
f 6108 7786 6971
f 7785 7786 6108
f 6137 7787 7788
f 6140 7787 6137
f 7789 7790 7791
f 7791 7792 7784
f 7793 7792 7790
f 7790 7792 7791
f 7794 7788 7792
f 7792 7788 7784
f 7784 7783 7785
f 7785 7783 7782
f 7787 7783 7788
f 7788 7783 7784
f 7795 7796 7787
f 7797 7798 7796
f 7799 7798 7800
f 7783 7798 7799
f 7787 7798 7783
f 7796 7798 7787
f 6107 7801 7802
f 6107 6970 7801
f 7802 7803 6107
f 7803 6105 6107
f 7804 6077 6075
f 7804 7805 6077
f 6077 7806 6969
f 7805 7806 6077
f 6102 7807 7808
f 6103 7807 6102
f 7809 7810 7811
f 7811 7812 7804
f 7813 7812 7810
f 7810 7812 7811
f 7814 7808 7812
f 7812 7808 7804
f 7804 7803 7805
f 7805 7803 7802
f 7807 7803 7808
f 7808 7803 7804
f 7815 7816 7807
f 7817 7818 7816
f 7819 7818 7820
f 7803 7818 7819
f 7807 7818 7803
f 7816 7818 7807
f 6076 7821 7822
f 6076 6968 7821
f 7822 7823 6076
f 7823 6074 6076
f 7824 6038 6036
f 7824 7825 6038
f 6038 7826 6967
f 7825 7826 6038
f 6066 7827 7828
f 6067 7827 6066
f 7829 7830 7824
f 7831 7828 7830
f 7832 7828 7831
f 7833 7828 7832
f 7834 7828 7833
f 7830 7828 7824
f 7824 7823 7825
f 7825 7823 7822
f 7824 7827 7823
f 7828 7827 7824
f 7835 7836 7827
f 7837 7838 7839
f 7823 7840 7837
f 7827 7840 7823
f 7837 7840 7838
f 7836 7840 7827
f 7841 6014 6013
f 7841 7842 6014
f 6014 7843 6965
f 7842 7843 6014
f 6029 7844 7845
f 6031 7844 6029
f 6037 7846 7847
f 6037 6966 7846
f 7847 7848 6037
f 7848 6035 6037
f 7849 7850 7851
f 7849 7851 7852
f 7849 7852 7853
f 7848 7844 7854
f 7848 7854 7850
f 7848 7850 7849
f 7855 7856 7857
f 7858 7857 7859
f 7858 7855 7857
f 7841 7845 7844
f 7841 7859 7860
f 7841 7860 7845
f 7841 7844 7848
f 7841 7858 7859
f 7842 7848 7847
f 7842 7841 7848
f 7018 6041 7861
f 6041 7862 7861
f 6042 7863 6041
f 6041 7863 7862
f 7864 6032 7865
f 7865 6032 6030
f 7866 6016 7867
f 7867 6016 7020
f 6016 7868 6015
f 7866 7868 6016
f 7869 7870 7871
f 7869 7871 7872
f 7869 7872 7873
f 7864 7873 7874
f 7863 7869 7873
f 7863 7873 7864
f 7875 7865 7876
f 7868 7864 7865
f 7868 7875 7877
f 7868 7877 7878
f 7868 7878 7879
f 7868 7879 7880
f 7868 7863 7864
f 7868 7865 7875
f 7866 7862 7863
f 7866 7863 7868
f 7016 6070 7881
f 6070 7882 7881
f 6069 7883 6070
f 6070 7883 7882
f 7884 6071 7885
f 7885 6071 6065
f 7886 6039 7019
f 7886 7887 6039
f 6039 7888 6040
f 7887 7888 6039
f 7889 7890 7891
f 7889 7891 7892
f 7889 7892 7893
f 7883 7893 7894
f 7883 7894 7884
f 7883 7889 7893
f 7895 7896 7897
f 7895 7897 7898
f 7888 7884 7885
f 7888 7885 7899
f 7888 7899 7896
f 7888 7895 7900
f 7888 7883 7884
f 7888 7896 7895
f 7887 7882 7883
f 7887 7883 7888
f 7014 6111 7901
f 6111 7902 7901
f 6112 7903 6111
f 6111 7903 7902
f 7904 6104 7905
f 7905 6104 6101
f 7906 6068 7017
f 7906 7907 6068
f 6068 7908 6078
f 7907 7908 6068
f 7903 7909 7910
f 7903 7910 7911
f 7903 7911 7912
f 7903 7912 7913
f 7903 7913 7914
f 7903 7914 7904
f 7908 7904 7905
f 7908 7905 7915
f 7908 7915 7916
f 7908 7916 7917
f 7908 7917 7918
f 7908 7918 7919
f 7908 7919 7920
f 7908 7903 7904
f 7907 7902 7903
f 7907 7903 7908
f 7012 6143 7921
f 7921 6143 7922
f 6142 7923 6143
f 6143 7923 7922
f 7924 6139 7925
f 7925 6139 6138
f 7926 6109 7927
f 7927 6109 7015
f 6109 7928 6110
f 7926 7928 6109
f 7923 7929 7930
f 7923 7930 7931
f 7923 7931 7932
f 7923 7932 7933
f 7923 7933 7934
f 7923 7934 7924
f 7928 7924 7925
f 7928 7925 7935
f 7928 7935 7936
f 7928 7936 7937
f 7928 7937 7938
f 7928 7938 7939
f 7928 7939 7940
f 7928 7923 7924
f 7926 7922 7923
f 7926 7923 7928
f 7010 6179 7941
f 7941 6179 7942
f 6178 7943 6179
f 6179 7943 7942
f 7944 6176 7945
f 7945 6176 6174
f 7946 6141 7947
f 7947 6141 7013
f 6141 7948 6149
f 7946 7948 6141
f 7943 7949 7950
f 7943 7950 7951
f 7943 7951 7952
f 7943 7952 7953
f 7943 7953 7954
f 7943 7954 7944
f 7948 7944 7945
f 7948 7945 7955
f 7948 7955 7956
f 7948 7956 7957
f 7948 7957 7958
f 7948 7958 7959
f 7948 7959 7960
f 7948 7943 7944
f 7946 7942 7943
f 7946 7943 7948
f 7008 6219 7961
f 7961 6219 7962
f 6220 7963 6219
f 6219 7963 7962
f 7964 6211 7965
f 7965 6211 6210
f 7966 6177 7967
f 7967 6177 7011
f 6177 7968 6184
f 7966 7968 6177
f 7963 7969 7970
f 7963 7970 7971
f 7963 7971 7972
f 7963 7972 7973
f 7963 7973 7974
f 7963 7974 7964
f 7968 7964 7965
f 7968 7965 7975
f 7968 7975 7976
f 7968 7976 7977
f 7968 7977 7978
f 7968 7978 7979
f 7968 7979 7980
f 7968 7963 7964
f 7966 7962 7963
f 7966 7963 7968
f 7007 6255 7981
f 6255 7982 7981
f 6256 7983 6255
f 6255 7983 7982
f 7984 6247 7985
f 7985 6247 6246
f 7986 6217 7987
f 7987 6217 7009
f 6217 7988 6218
f 7986 7988 6217
f 7983 7989 7990
f 7983 7990 7991
f 7983 7991 7992
f 7983 7992 7993
f 7984 7993 7994
f 7984 7983 7993
f 7988 7984 7985
f 7988 7985 7995
f 7988 7995 7996
f 7988 7996 7997
f 7988 7997 7998
f 7988 7998 7999
f 7988 7999 8000
f 7988 7983 7984
f 7986 7982 7983
f 7986 7983 7988
f 7004 6288 8001
f 6288 8002 8001
f 6287 8003 6288
f 6288 8003 8002
f 8004 6318 8005
f 8005 6318 6282
f 8006 6253 7006
f 8006 8007 6253
f 6253 8008 6254
f 8007 8008 6253
f 8003 8009 8010
f 8003 8010 8011
f 8003 8011 8012
f 8003 8012 8013
f 8004 8013 8014
f 8004 8003 8013
f 8008 8004 8005
f 8008 8005 8015
f 8008 8015 8016
f 8008 8016 8017
f 8008 8017 8018
f 8008 8018 8019
f 8008 8019 8020
f 8008 8003 8004
f 8002 8003 8008
f 8007 8002 8008
f 7002 6321 8021
f 6321 8022 8021
f 6320 8023 6321
f 6321 8023 8022
f 8024 6354 8025
f 8025 6354 6317
f 8026 6286 7005
f 8026 8027 6286
f 6286 8028 6290
f 8027 8028 6286
f 8029 8030 8031
f 8029 8031 8032
f 8029 8032 8033
f 8023 8034 8030
f 8024 8030 8029
f 8024 8023 8030
f 8028 8024 8025
f 8028 8025 8035
f 8028 8035 8036
f 8028 8036 8037
f 8028 8037 8038
f 8028 8038 8039
f 8028 8039 8040
f 8028 8023 8024
f 8027 8022 8023
f 8027 8023 8028
f 7001 6361 8041
f 6361 8042 8041
f 6362 8043 6361
f 6361 8043 8042
f 8044 6389 8045
f 8045 6389 6353
f 8046 6319 7003
f 8046 8047 6319
f 6319 8048 6322
f 8047 8048 6319
f 8043 8049 8050
f 8043 8050 8051
f 8043 8051 8052
f 8043 8052 8053
f 8044 8053 8054
f 8044 8043 8053
f 8048 8044 8045
f 8048 8045 8055
f 8048 8055 8056
f 8048 8056 8057
f 8048 8057 8058
f 8048 8058 8059
f 8048 8059 8060
f 8048 8043 8044
f 8047 8042 8043
f 8047 8043 8048
f 6999 6393 8061
f 6393 8062 8061
f 6392 8063 6393
f 6393 8063 8062
f 8064 6426 8065
f 8065 6426 6388
f 8066 6359 8067
f 8067 6359 7000
f 6359 8068 6360
f 8066 8068 6359
f 8063 8069 8070
f 8063 8070 8071
f 8063 8071 8072
f 8063 8072 8073
f 8064 8073 8074
f 8064 8063 8073
f 8068 8064 8065
f 8068 8065 8075
f 8068 8075 8076
f 8068 8076 8077
f 8068 8077 8078
f 8068 8078 8079
f 8068 8079 8080
f 8068 8063 8064
f 8066 8062 8063
f 8066 8063 8068
f 6997 6433 8081
f 6433 8082 8081
f 6434 8083 6433
f 6433 8083 8082
f 8084 6594 8085
f 8085 6594 6425
f 8086 6391 6998
f 8086 8087 6391
f 6391 8088 6398
f 8087 8088 6391
f 8089 8090 8091
f 8089 8091 8092
f 8083 8093 8094
f 8083 8094 8090
f 8083 8089 8084
f 8083 8090 8089
f 8088 8084 8085
f 8088 8085 8095
f 8088 8095 8096
f 8088 8096 8097
f 8088 8097 8098
f 8088 8098 8099
f 8088 8099 8100
f 8088 8083 8084
f 8082 8083 8088
f 8087 8082 8088
f 6995 6464 8101
f 6464 8102 8101
f 6465 8103 6464
f 6464 8103 8102
f 8104 6558 8105
f 8105 6558 6563
f 8106 6431 8107
f 8107 6431 6996
f 6431 8108 6432
f 8106 8108 6431
f 8109 8110 8111
f 8109 8111 8112
f 8109 8112 8113
f 8103 8114 8110
f 8103 8109 8104
f 8103 8110 8109
f 8108 8104 8105
f 8108 8105 8115
f 8108 8115 8116
f 8108 8116 8117
f 8108 8117 8118
f 8108 8118 8119
f 8108 8119 8120
f 8108 8103 8104
f 8106 8102 8103
f 8106 8103 8108
f 6993 6493 8121
f 6493 8122 8121
f 6494 8123 6493
f 6493 8123 8122
f 8124 6523 8125
f 8125 6523 6528
f 8126 6462 8127
f 8127 6462 6994
f 6462 8128 6463
f 8126 8128 6462
f 8129 8130 8131
f 8129 8131 8132
f 8129 8132 8133
f 8123 8133 8134
f 8123 8134 8124
f 8123 8129 8133
f 8128 8124 8125
f 8128 8125 8135
f 8128 8135 8136
f 8128 8136 8137
f 8128 8137 8138
f 8128 8138 8139
f 8128 8139 8140
f 8128 8123 8124
f 8126 8122 8123
f 8126 8123 8128
f 7046 6011 7041
f 7041 6011 6007
f 7043 7046 7041
f 7048 7046 7043
f 7346 6009 7341
f 7341 6009 6003
f 7346 7341 7343
f 7346 7343 7348
f 7366 6005 7361
f 7361 6005 6001
f 7366 7361 7363
f 7366 7363 7368
f 7386 6000 7381
f 7381 6000 5995
f 7386 7381 7383
f 7386 7383 7388
f 7406 5997 7401
f 7401 5997 5993
f 7406 7401 7403
f 7406 7403 7408
f 7426 5992 7421
f 7421 5992 5989
f 7426 7421 7423
f 7426 7423 7428
f 7446 5988 7441
f 7441 5988 5985
f 7446 7441 7443
f 7446 7443 7448
f 7466 5984 7461
f 7461 5984 5979
f 7466 7461 7463
f 7466 7463 7468
f 7486 5981 7481
f 7481 5981 5977
f 7486 7481 7483
f 7486 7483 7488
f 7506 5976 7501
f 7501 5976 5973
f 7506 7501 7503
f 7506 7503 7508
f 7526 5970 7521
f 7521 5970 5969
f 7526 7521 7523
f 7526 7523 7528
f 7546 5966 7541
f 7541 5966 5965
f 7546 7541 7543
f 7546 7543 7548
f 7566 5962 7561
f 7561 5962 5961
f 7566 7561 7563
f 7566 7563 7568
f 7586 5958 7581
f 7581 5958 5956
f 7581 7588 7586
f 7581 7583 7588
f 7026 5897 7023
f 7023 5897 5900
f 7022 7027 7026
f 7022 7026 7023
f 7066 5901 7063
f 7063 5901 5904
f 7063 7062 7066
f 7066 7062 7067
f 7106 5905 7103
f 7103 5905 5908
f 7103 7102 7106
f 7106 7102 7107
f 7126 5909 7123
f 7123 5909 5912
f 7123 7122 7126
f 7126 7122 7127
f 7146 5913 7143
f 7143 5913 5918
f 7143 7142 7146
f 7146 7142 7147
f 7166 5916 7163
f 7163 5916 5920
f 7163 7162 7166
f 7166 7162 7167
f 7186 5921 7183
f 7183 5921 5926
f 7183 7182 7186
f 7186 7182 7187
f 7206 5924 7203
f 7203 5924 5928
f 7203 7202 7206
f 7206 7202 7207
f 7226 5929 7223
f 7223 5929 5934
f 7223 7222 7226
f 7226 7222 7227
f 7246 5932 7243
f 7243 5932 5936
f 7243 7242 7246
f 7246 7242 7247
f 7266 5939 7263
f 7263 5939 5940
f 7263 7262 7266
f 7266 7262 7267
f 7286 5943 7283
f 7283 5943 5944
f 7283 7282 7286
f 7286 7282 7287
f 7306 5947 7303
f 7303 5947 5948
f 7303 7302 7306
f 7306 7302 7307
f 7326 5951 7323
f 7323 5951 5952
f 7323 7322 7326
f 7326 7322 7327
f 6966 6965 7843
f 6966 7843 7846
f 7847 7843 7842
f 7847 7846 7843
f 6968 6967 7826
f 6968 7826 7821
f 7825 7822 7826
f 7826 7822 7821
f 6970 6969 7806
f 6970 7806 7801
f 7805 7802 7806
f 7806 7802 7801
f 6972 6971 7786
f 6972 7786 7781
f 7785 7782 7786
f 7786 7782 7781
f 6974 6973 7766
f 6974 7766 7761
f 7765 7762 7766
f 7766 7762 7761
f 6976 6975 7746
f 6976 7746 7741
f 7745 7742 7746
f 7746 7742 7741
f 6978 6977 7726
f 6978 7726 7721
f 7725 7722 7726
f 7726 7722 7721
f 6980 6979 7706
f 6980 7706 7701
f 7705 7702 7706
f 7706 7702 7701
f 6982 6981 7686
f 6982 7686 7681
f 7685 7682 7686
f 7686 7682 7681
f 6984 6983 7666
f 6984 7666 7661
f 7665 7662 7666
f 7666 7662 7661
f 6986 6985 7646
f 6986 7646 7641
f 7645 7642 7646
f 7646 7642 7641
f 6988 6987 7626
f 6988 7626 7621
f 7625 7622 7626
f 7626 7622 7621
f 6990 6989 7606
f 6990 7606 7601
f 7605 7602 7606
f 7606 7602 7601
f 6992 6991 7086
f 6992 7086 7081
f 7085 7082 7086
f 7086 7082 7081
f 6993 8121 8127
f 6993 8127 6994
f 8122 8127 8121
f 8126 8127 8122
f 6995 8101 8107
f 6995 8107 6996
f 8101 8102 8106
f 8101 8106 8107
f 6997 8081 8086
f 6997 8086 6998
f 8081 8082 8087
f 8081 8087 8086
f 6999 8061 8067
f 6999 8067 7000
f 8061 8062 8066
f 8061 8066 8067
f 7001 8041 8046
f 7001 8046 7003
f 8041 8042 8047
f 8041 8047 8046
f 7002 8021 8026
f 7002 8026 7005
f 8021 8022 8027
f 8021 8027 8026
f 7004 8001 8006
f 7004 8006 7006
f 8001 8002 8007
f 8001 8007 8006
f 7007 7981 7987
f 7007 7987 7009
f 7981 7982 7986
f 7981 7986 7987
f 7008 7961 7967
f 7008 7967 7011
f 7961 7962 7966
f 7961 7966 7967
f 7010 7941 7947
f 7010 7947 7013
f 7941 7942 7946
f 7941 7946 7947
f 7012 7921 7927
f 7012 7927 7015
f 7921 7922 7926
f 7921 7926 7927
f 7014 7901 7906
f 7014 7906 7017
f 7901 7902 7907
f 7901 7907 7906
f 7016 7881 7886
f 7016 7886 7019
f 7881 7882 7887
f 7881 7887 7886
f 7018 7861 7867
f 7018 7867 7020
f 7862 7866 7867
f 7862 7867 7861
f 7618 7607 6554
f 7618 6554 6490
f 7620 6490 6484
f 7620 7618 6490
f 7619 6484 6483
f 7619 7620 6484
f 7616 6483 6479
f 7616 7619 6483
f 7617 6479 6474
f 7617 7616 6479
f 7615 6474 6470
f 7615 7617 6474
f 7603 6470 6460
f 7603 7615 6470
f 7609 7604 6428
f 7609 6428 6437
f 7610 6437 6439
f 7610 7609 6437
f 7611 6439 6446
f 7611 7610 6439
f 7612 6446 6447
f 7612 7611 6446
f 7613 6447 6453
f 7613 7612 6447
f 7614 6453 6457
f 7614 7613 6453
f 7608 6457 6552
f 7608 7614 6457
f 7095 7087 6521
f 7095 6521 6513
f 7097 6513 6507
f 7097 7095 6513
f 7096 6507 6497
f 7096 7097 6507
f 7099 6497 6498
f 7099 7096 6497
f 7098 6498 6505
f 7098 7099 6498
f 7100 6505 6515
f 7100 7098 6505
f 7083 6515 6491
f 7083 7100 6515
f 7092 7084 6466
f 7092 6466 6469
f 7093 6469 6473
f 7093 7092 6469
f 7091 6473 6478
f 7091 7093 6473
f 7089 6478 6482
f 7089 7091 6478
f 7090 6482 6487
f 7090 7089 6482
f 7094 6487 6489
f 7094 7090 6487
f 7088 6489 6526
f 7088 7094 6489
f 7635 7627 6588
f 7635 6588 6454
f 7636 6454 6452
f 7636 7635 6454
f 7637 6452 6448
f 7637 7636 6452
f 7638 6448 6445
f 7638 7637 6448
f 7640 6445 6440
f 7640 7638 6445
f 7639 6440 6438
f 7639 7640 6440
f 7623 6438 6427
f 7623 7639 6438
f 7631 7624 6395
f 7631 6395 6402
f 7629 6402 6406
f 7629 7631 6402
f 7630 6406 6410
f 7630 7629 6406
f 7632 6410 6412
f 7632 7630 6410
f 7633 6412 6419
f 7633 7632 6412
f 7634 6419 6422
f 7634 7633 6419
f 7628 6422 6423
f 7628 7634 6422
f 7655 7647 6424
f 7655 6424 6421
f 7656 6421 6413
f 7656 7655 6421
f 7657 6413 6411
f 7657 7656 6413
f 7658 6411 6409
f 7658 7657 6411
f 7660 6409 6405
f 7660 7658 6409
f 7659 6405 6401
f 7659 7660 6405
f 7643 6401 6394
f 7643 7659 6401
f 7651 7644 6356
f 7651 6356 6363
f 7649 6363 6370
f 7649 7651 6363
f 7650 6370 6372
f 7650 7649 6370
f 7653 6372 6375
f 7653 7650 6372
f 7652 6375 6381
f 7652 7653 6375
f 7654 6381 6385
f 7654 7652 6381
f 7648 6385 6390
f 7648 7654 6385
f 7675 7667 6386
f 7675 6386 6384
f 7676 6384 6380
f 7676 7675 6384
f 7677 6380 6376
f 7677 7676 6380
f 7678 6376 6371
f 7678 7677 6376
f 7680 6371 6365
f 7680 7678 6371
f 7679 6365 6364
f 7679 7680 6365
f 7663 6364 6355
f 7663 7679 6364
f 7671 7664 6324
f 7671 6324 6328
f 7669 6328 6332
f 7669 7671 6328
f 7670 6332 6338
f 7670 7669 6332
f 7672 6338 6340
f 7672 7670 6338
f 7673 6340 6344
f 7673 7672 6340
f 7674 6344 6349
f 7674 7673 6344
f 7668 6349 6352
f 7668 7674 6349
f 7695 7687 6351
f 7695 6351 6348
f 7696 6348 6343
f 7696 7695 6348
f 7700 6343 6339
f 7700 7696 6343
f 7698 6339 6337
f 7698 7700 6339
f 7699 6337 6331
f 7699 7698 6337
f 7697 6331 6327
f 7697 7699 6331
f 7683 6327 6323
f 7683 7697 6327
f 7691 7684 6289
f 7691 6289 6293
f 7689 6293 6298
f 7689 7691 6293
f 7690 6298 6301
f 7690 7689 6298
f 7692 6301 6307
f 7692 7690 6301
f 7693 6307 6309
f 7693 7692 6307
f 7694 6309 6314
f 7694 7693 6309
f 7688 6314 6315
f 7688 7694 6314
f 7715 7707 6316
f 7715 6316 6313
f 7716 6313 6308
f 7716 7715 6313
f 7720 6308 6306
f 7720 7716 6308
f 7718 6306 6302
f 7718 7720 6306
f 7719 6302 6295
f 7719 7718 6302
f 7717 6295 6294
f 7717 7719 6295
f 7703 6294 6284
f 7703 7717 6294
f 7712 7704 6250
f 7712 6250 6258
f 7713 6258 6264
f 7713 7712 6258
f 7711 6264 6269
f 7711 7713 6264
f 7709 6269 6271
f 7709 7711 6269
f 7710 6271 6273
f 7710 7709 6271
f 7714 6273 6279
f 7714 7710 6273
f 7708 6279 6281
f 7708 7714 6279
f 7735 7727 6248
f 7735 6248 6278
f 7736 6278 6274
f 7736 7735 6278
f 7740 6274 6270
f 7740 7736 6274
f 7738 6270 6268
f 7738 7740 6270
f 7739 6268 6265
f 7739 7738 6268
f 7737 6265 6257
f 7737 7739 6265
f 7723 6257 6249
f 7723 7737 6257
f 7731 7724 6214
f 7731 6214 6223
f 7729 6223 6225
f 7729 7731 6223
f 7730 6225 6230
f 7730 7729 6225
f 7732 6230 6236
f 7732 7730 6230
f 7733 6236 6238
f 7733 7732 6236
f 7734 6238 6241
f 7734 7733 6238
f 7728 6241 6245
f 7728 7734 6241
f 7755 7747 6212
f 7755 6212 6242
f 7756 6242 6237
f 7756 7755 6242
f 7760 6237 6231
f 7760 7756 6237
f 7758 6231 6227
f 7758 7760 6231
f 7759 6227 6226
f 7759 7758 6227
f 7757 6226 6224
f 7757 7759 6226
f 7743 6224 6213
f 7743 7757 6224
f 7751 7744 6181
f 7751 6181 6186
f 7749 6186 6190
f 7749 7751 6186
f 7750 6190 6194
f 7750 7749 6190
f 7752 6194 6199
f 7752 7750 6194
f 7753 6199 6202
f 7753 7752 6199
f 7754 6202 6206
f 7754 7753 6202
f 7748 6206 6209
f 7748 7754 6206
f 7778 7767 6175
f 7778 6175 6205
f 7780 6205 6200
f 7780 7778 6205
f 7779 6200 6198
f 7779 7780 6200
f 7777 6198 6193
f 7777 7779 6198
f 7775 6193 6189
f 7775 7777 6193
f 7776 6189 6185
f 7776 7775 6189
f 7763 6185 6180
f 7763 7776 6185
f 7771 7764 6145
f 7771 6145 6151
f 7769 6151 6154
f 7769 7771 6151
f 7770 6154 6157
f 7770 7769 6154
f 7773 6157 6162
f 7773 7770 6157
f 7772 6162 6165
f 7772 7773 6162
f 7774 6165 6170
f 7774 7772 6165
f 7768 6170 6173
f 7768 7774 6170
f 7795 7787 6140
f 7795 6140 6167
f 7796 6167 6166
f 7796 7795 6167
f 7797 6166 6159
f 7797 7796 6166
f 7798 6159 6158
f 7798 7797 6159
f 7800 6158 6153
f 7800 7798 6158
f 7799 6153 6144
f 7799 7800 6153
f 7783 6144 6146
f 7783 7799 6144
f 7791 7784 6106
f 7791 6106 6113
f 7789 6113 6117
f 7789 7791 6113
f 7790 6117 6121
f 7790 7789 6117
f 7793 6121 6125
f 7793 7790 6121
f 7792 6125 6129
f 7792 7793 6125
f 7794 6129 6134
f 7794 7792 6129
f 7788 6134 6137
f 7788 7794 6134
f 7815 7807 6103
f 7815 6103 6133
f 7816 6133 6130
f 7816 7815 6133
f 7817 6130 6126
f 7817 7816 6130
f 7818 6126 6122
f 7818 7817 6126
f 7820 6122 6118
f 7820 7818 6122
f 7819 6118 6114
f 7819 7820 6118
f 7803 6114 6105
f 7803 7819 6114
f 7811 7804 6075
f 7811 6075 6079
f 7809 6079 6083
f 7809 7811 6079
f 7810 6083 6087
f 7810 7809 6083
f 7813 6087 6092
f 7813 7810 6087
f 7812 6092 6095
f 7812 7813 6092
f 7814 6095 6099
f 7814 7812 6095
f 7808 6099 6102
f 7808 7814 6099
f 7835 7827 6067
f 7835 6067 6073
f 7836 6073 6096
f 7836 7835 6073
f 7840 6096 6093
f 7840 7836 6096
f 7838 6093 6088
f 7838 7840 6093
f 7839 6088 6084
f 7839 7838 6088
f 7837 6084 6080
f 7837 7839 6084
f 7823 6080 6074
f 7823 7837 6080
f 7829 7824 6036
f 7829 6036 6044
f 7830 6044 6048
f 7830 7829 6044
f 7831 6048 6052
f 7831 7830 6048
f 7832 6052 6056
f 7832 7831 6052
f 7833 6056 6060
f 7833 7832 6056
f 7834 6060 6063
f 7834 7833 6060
f 7828 6063 6066
f 7828 7834 6063
f 7854 7844 6031
f 7854 6031 6034
f 7850 6034 6059
f 7850 7854 6034
f 7851 6059 6055
f 7851 7850 6059
f 7852 6055 6051
f 7852 7851 6055
f 7853 6051 6047
f 7853 7852 6051
f 7849 6047 6043
f 7849 7853 6047
f 7848 6043 6035
f 7848 7849 6043
f 7858 7841 6013
f 7858 6013 6017
f 7855 6017 6019
f 7855 7858 6017
f 7856 6019 6021
f 7856 7855 6019
f 7857 6021 6024
f 7857 7856 6021
f 7859 6024 6025
f 7859 7857 6024
f 7860 6025 6027
f 7860 7859 6025
f 7845 6027 6029
f 7845 7860 6027
f 7876 7865 6030
f 7876 6030 6028
f 7875 6028 6026
f 7875 7876 6028
f 7877 6026 6023
f 7877 7875 6026
f 7878 6023 6022
f 7878 7877 6023
f 7879 6022 6020
f 7879 7878 6022
f 7880 6020 6018
f 7880 7879 6020
f 7868 6018 6015
f 7868 7880 6018
f 7869 7863 6042
f 7869 6042 6046
f 7870 6046 6050
f 7870 7869 6046
f 7871 6050 6054
f 7871 7870 6050
f 7872 6054 6058
f 7872 7871 6054
f 7873 6058 6062
f 7873 7872 6058
f 7874 6062 6033
f 7874 7873 6062
f 7864 6033 6032
f 7864 7874 6033
f 7899 7885 6065
f 7899 6065 6064
f 7896 6064 6061
f 7896 7899 6064
f 7897 6061 6057
f 7897 7896 6061
f 7898 6057 6053
f 7898 7897 6057
f 7895 6053 6049
f 7895 7898 6053
f 7900 6049 6045
f 7900 7895 6049
f 7888 6045 6040
f 7888 7900 6045
f 7889 7883 6069
f 7889 6069 6082
f 7890 6082 6086
f 7890 7889 6082
f 7891 6086 6089
f 7891 7890 6086
f 7892 6089 6091
f 7892 7891 6089
f 7893 6091 6098
f 7893 7892 6091
f 7894 6098 6072
f 7894 7893 6098
f 7884 6072 6071
f 7884 7894 6072
f 7915 7905 6101
f 7915 6101 6100
f 7916 6100 6097
f 7916 7915 6100
f 7917 6097 6094
f 7917 7916 6097
f 7918 6094 6090
f 7918 7917 6094
f 7919 6090 6085
f 7919 7918 6090
f 7920 6085 6081
f 7920 7919 6085
f 7908 6081 6078
f 7908 7920 6081
f 7909 7903 6112
f 7909 6112 6116
f 7910 6116 6120
f 7910 7909 6116
f 7911 6120 6124
f 7911 7910 6120
f 7912 6124 6128
f 7912 7911 6124
f 7913 6128 6132
f 7913 7912 6128
f 7914 6132 6136
f 7914 7913 6132
f 7904 6136 6104
f 7904 7914 6136
f 7935 7925 6138
f 7935 6138 6135
f 7936 6135 6131
f 7936 7935 6135
f 7937 6131 6127
f 7937 7936 6131
f 7938 6127 6123
f 7938 7937 6127
f 7939 6123 6119
f 7939 7938 6123
f 7940 6119 6115
f 7940 7939 6119
f 7928 6115 6110
f 7928 7940 6115
f 7929 7923 6142
f 7929 6142 6150
f 7930 6150 6156
f 7930 7929 6150
f 7931 6156 6161
f 7931 7930 6156
f 7932 6161 6164
f 7932 7931 6161
f 7933 6164 6169
f 7933 7932 6164
f 7934 6169 6172
f 7934 7933 6169
f 7924 6172 6139
f 7924 7934 6172
f 7955 7945 6174
f 7955 6174 6171
f 7956 6171 6168
f 7956 7955 6171
f 7957 6168 6163
f 7957 7956 6168
f 7958 6163 6160
f 7958 7957 6163
f 7959 6160 6155
f 7959 7958 6160
f 7960 6155 6152
f 7960 7959 6155
f 7948 6152 6149
f 7948 7960 6152
f 7949 7943 6178
f 7949 6178 6188
f 7950 6188 6192
f 7950 7949 6188
f 7951 6192 6195
f 7951 7950 6192
f 7952 6195 6197
f 7952 7951 6195
f 7953 6197 6204
f 7953 7952 6197
f 7954 6204 6208
f 7954 7953 6204
f 7944 6208 6176
f 7944 7954 6208
f 7975 7965 6210
f 7975 6210 6207
f 7976 6207 6203
f 7976 7975 6207
f 7977 6203 6201
f 7977 7976 6203
f 7978 6201 6196
f 7978 7977 6201
f 7979 6196 6191
f 7979 7978 6196
f 7980 6191 6187
f 7980 7979 6191
f 7968 6187 6184
f 7968 7980 6187
f 7969 7963 6220
f 7969 6220 6222
f 7970 6222 6229
f 7970 7969 6222
f 7971 6229 6233
f 7971 7970 6229
f 7972 6233 6235
f 7972 7971 6233
f 7973 6235 6240
f 7973 7972 6235
f 7974 6240 6244
f 7974 7973 6240
f 7964 6244 6211
f 7964 7974 6244
f 7995 7985 6246
f 7995 6246 6243
f 7996 6243 6239
f 7996 7995 6243
f 7997 6239 6234
f 7997 7996 6239
f 7998 6234 6232
f 7998 7997 6234
f 7999 6232 6228
f 7999 7998 6232
f 8000 6228 6221
f 8000 7999 6228
f 7988 6221 6218
f 7988 8000 6221
f 7989 7983 6256
f 7989 6256 6260
f 7990 6260 6262
f 7990 7989 6260
f 7991 6262 6263
f 7991 7990 6262
f 7992 6263 6267
f 7992 7991 6263
f 7993 6267 6275
f 7993 7992 6267
f 7994 6275 6277
f 7994 7993 6275
f 7984 6277 6247
f 7984 7994 6277
f 8015 8005 6282
f 8015 6282 6280
f 8016 6280 6276
f 8016 8015 6280
f 8017 6276 6272
f 8017 8016 6276
f 8018 6272 6266
f 8018 8017 6272
f 8019 6266 6261
f 8019 8018 6266
f 8020 6261 6259
f 8020 8019 6261
f 8008 6259 6254
f 8008 8020 6259
f 8009 8003 6287
f 8009 6287 6292
f 8010 6292 6297
f 8010 8009 6292
f 8011 6297 6300
f 8011 8010 6297
f 8012 6300 6303
f 8012 8011 6300
f 8013 6303 6305
f 8013 8012 6303
f 8014 6305 6312
f 8014 8013 6305
f 8004 6312 6318
f 8004 8014 6312
f 8035 8025 6317
f 8035 6317 6311
f 8036 6311 6310
f 8036 8035 6311
f 8037 6310 6304
f 8037 8036 6310
f 8038 6304 6299
f 8038 8037 6304
f 8039 6299 6296
f 8039 8038 6299
f 8040 6296 6291
f 8040 8039 6296
f 8028 6291 6290
f 8028 8040 6291
f 8034 8023 6320
f 8034 6320 6330
f 8030 6330 6334
f 8030 8034 6330
f 8031 6334 6336
f 8031 8030 6334
f 8032 6336 6342
f 8032 8031 6336
f 8033 6342 6346
f 8033 8032 6342
f 8029 6346 6347
f 8029 8033 6346
f 8024 6347 6354
f 8024 8029 6347
f 8055 8045 6353
f 8055 6353 6350
f 8056 6350 6345
f 8056 8055 6350
f 8057 6345 6341
f 8057 8056 6345
f 8058 6341 6335
f 8058 8057 6341
f 8059 6335 6333
f 8059 8058 6335
f 8060 6333 6329
f 8060 8059 6333
f 8048 6329 6322
f 8048 8060 6329
f 8049 8043 6362
f 8049 6362 6367
f 8050 6367 6369
f 8050 8049 6367
f 8051 6369 6374
f 8051 8050 6369
f 8052 6374 6378
f 8052 8051 6374
f 8053 6378 6379
f 8053 8052 6378
f 8054 6379 6383
f 8054 8053 6379
f 8044 6383 6389
f 8044 8054 6383
f 8075 8065 6388
f 8075 6388 6387
f 8076 6387 6382
f 8076 8075 6387
f 8077 6382 6377
f 8077 8076 6382
f 8078 6377 6373
f 8078 8077 6377
f 8079 6373 6368
f 8079 8078 6373
f 8080 6368 6366
f 8080 8079 6368
f 8068 6366 6360
f 8068 8080 6366
f 8069 8063 6392
f 8069 6392 6400
f 8070 6400 6404
f 8070 8069 6400
f 8071 6404 6408
f 8071 8070 6404
f 8072 6408 6415
f 8072 8071 6408
f 8073 6415 6417
f 8073 8072 6415
f 8074 6417 6418
f 8074 8073 6417
f 8064 6418 6426
f 8064 8074 6418
f 8095 8085 6425
f 8095 6425 6420
f 8096 6420 6416
f 8096 8095 6420
f 8097 6416 6414
f 8097 8096 6416
f 8098 6414 6407
f 8098 8097 6414
f 8099 6407 6403
f 8099 8098 6407
f 8100 6403 6399
f 8100 8099 6403
f 8088 6399 6398
f 8088 8100 6399
f 8093 8083 6434
f 8093 6434 6436
f 8094 6436 6442
f 8094 8093 6436
f 8090 6442 6444
f 8090 8094 6442
f 8091 6444 6449
f 8091 8090 6444
f 8092 6449 6451
f 8092 8091 6449
f 8089 6451 6456
f 8089 8092 6451
f 8084 6456 6594
f 8084 8089 6456
f 8115 8105 6563
f 8115 6563 6458
f 8116 6458 6455
f 8116 8115 6458
f 8117 6455 6450
f 8117 8116 6455
f 8118 6450 6443
f 8118 8117 6450
f 8119 6443 6441
f 8119 8118 6443
f 8120 6441 6435
f 8120 8119 6441
f 8108 6435 6432
f 8108 8120 6435
f 8114 8103 6465
f 8114 6465 6468
f 8110 6468 6472
f 8110 8114 6468
f 8111 6472 6475
f 8111 8110 6472
f 8112 6475 6477
f 8112 8111 6475
f 8113 6477 6481
f 8113 8112 6477
f 8109 6481 6486
f 8109 8113 6481
f 8104 6486 6558
f 8104 8109 6486
f 8135 8125 6528
f 8135 6528 6488
f 8136 6488 6485
f 8136 8135 6488
f 8137 6485 6480
f 8137 8136 6485
f 8138 6480 6476
f 8138 8137 6480
f 8139 6476 6471
f 8139 8138 6476
f 8140 6471 6467
f 8140 8139 6471
f 8128 6467 6463
f 8128 8140 6467
f 8129 8123 6494
f 8129 6494 6510
f 8130 6510 6508
f 8130 8129 6510
f 8131 6508 6502
f 8131 8130 6508
f 8132 6502 6499
f 8132 8131 6502
f 8133 6499 6501
f 8133 8132 6499
f 8134 6501 6517
f 8134 8133 6501
f 8124 6517 6523
f 8124 8134 6517
f 7036 7024 6522
f 7036 6522 6516
f 7035 6516 6511
f 7035 7036 6516
f 7037 6511 6500
f 7037 7035 6511
f 7038 6500 6503
f 7038 7037 6500
f 7039 6503 6509
f 7039 7038 6503
f 7040 6509 6518
f 7040 7039 6509
f 7028 6518 6524
f 7028 7040 6518
f 7030 7021 6560
f 7030 6560 6546
f 7031 6546 6545
f 7031 7030 6546
f 7029 6545 6536
f 7029 7031 6545
f 7033 6536 6538
f 7033 7029 6536
f 7032 6538 6543
f 7032 7033 6538
f 7034 6543 6530
f 7034 7032 6543
f 7025 6530 6527
f 7025 7034 6530
f 7070 7064 6557
f 7070 6557 6550
f 7069 6550 6542
f 7069 7070 6550
f 7071 6542 6964
f 7071 7069 6542
f 7072 6964 6537
f 7072 7071 6964
f 7073 6537 6544
f 7073 7072 6537
f 7074 6544 6551
f 7074 7073 6544
f 7068 6551 6559
f 7068 7074 6551
f 7078 7061 6592
f 7078 6592 6581
f 7076 6581 6580
f 7076 7078 6581
f 7077 6580 6570
f 7077 7076 6580
f 7075 6570 6572
f 7075 7077 6570
f 7079 6572 6577
f 7079 7075 6572
f 7080 6577 6565
f 7080 7079 6577
f 7065 6565 6562
f 7065 7080 6565
f 7114 7104 6593
f 7114 6593 6585
f 7110 6585 6578
f 7110 7114 6585
f 7109 6578 6963
f 7109 7110 6578
f 7111 6963 6571
f 7111 7109 6963
f 7112 6571 6579
f 7112 7111 6571
f 7113 6579 6586
f 7113 7112 6579
f 7108 6586 6591
f 7108 7113 6586
f 7118 7101 6626
f 7118 6626 6620
f 7119 6620 6612
f 7119 7118 6620
f 7117 6612 6602
f 7117 7119 6612
f 7120 6602 6604
f 7120 7117 6602
f 7115 6604 6606
f 7115 7120 6604
f 7116 6606 6617
f 7116 7115 6606
f 7105 6617 6596
f 7105 7116 6617
f 7133 7124 6624
f 7133 6624 6618
f 7132 6618 6611
f 7132 7133 6618
f 7134 6611 6605
f 7134 7132 6611
f 7130 6605 6603
f 7130 7134 6605
f 7129 6603 6613
f 7129 7130 6603
f 7131 6613 6619
f 7131 7129 6613
f 7128 6619 6625
f 7128 7131 6619
f 7139 7121 6656
f 7139 6656 6652
f 7140 6652 6636
f 7140 7139 6652
f 7137 6636 6633
f 7137 7140 6636
f 7138 6633 6635
f 7138 7137 6633
f 7135 6635 6646
f 7135 7138 6635
f 7136 6646 6651
f 7136 7135 6646
f 7125 6651 6628
f 7125 7136 6651
f 7153 7144 6658
f 7153 6658 6650
f 7152 6650 6645
f 7152 7153 6650
f 7154 6645 6637
f 7154 7152 6645
f 7150 6637 6634
f 7150 7154 6637
f 7149 6634 6644
f 7149 7150 6634
f 7151 6644 6653
f 7151 7149 6644
f 7148 6653 6657
f 7148 7151 6653
f 7160 7141 6685
f 7160 6685 6683
f 7159 6683 6670
f 7159 7160 6683
f 7156 6670 6668
f 7156 7159 6670
f 7157 6668 6665
f 7157 7156 6668
f 7155 6665 6667
f 7155 7157 6665
f 7158 6667 6682
f 7158 7155 6667
f 7145 6682 6660
f 7145 7158 6682
f 7174 7164 6689
f 7174 6689 6681
f 7170 6681 6678
f 7170 7174 6681
f 7171 6678 6666
f 7171 7170 6678
f 7169 6666 6669
f 7169 7171 6666
f 7172 6669 6677
f 7172 7169 6669
f 7173 6677 6684
f 7173 7172 6677
f 7168 6684 6690
f 7168 7173 6684
f 7180 7161 6721
f 7180 6721 6703
f 7179 6703 6705
f 7179 7180 6703
f 7176 6705 6696
f 7176 7179 6705
f 7177 6696 6693
f 7177 7176 6696
f 7175 6693 6695
f 7175 7177 6693
f 7178 6695 6712
f 7178 7175 6695
f 7165 6712 6692
f 7165 7178 6712
f 7193 7184 6718
f 7193 6718 6711
f 7192 6711 6702
f 7192 7193 6711
f 7194 6702 6694
f 7194 7192 6702
f 7190 6694 6697
f 7190 7194 6694
f 7189 6697 6704
f 7189 7190 6697
f 7191 6704 6713
f 7191 7189 6704
f 7188 6713 6722
f 7188 7191 6713
f 7200 7181 6750
f 7200 6750 6744
f 7199 6744 6725
f 7199 7200 6744
f 7196 6725 6727
f 7196 7199 6725
f 7197 6727 6729
f 7197 7196 6727
f 7195 6729 6730
f 7195 7197 6729
f 7198 6730 6743
f 7198 7195 6730
f 7185 6743 6723
f 7185 7198 6743
f 7213 7204 6751
f 7213 6751 6742
f 7212 6742 6735
f 7212 7213 6742
f 7214 6735 6728
f 7214 7212 6735
f 7210 6728 6726
f 7210 7214 6728
f 7209 6726 6736
f 7209 7210 6726
f 7211 6736 6745
f 7211 7209 6736
f 7208 6745 6749
f 7208 7211 6745
f 7220 7201 6783
f 7220 6783 6776
f 7219 6776 6768
f 7219 7220 6776
f 7216 6768 6759
f 7216 7219 6768
f 7217 6759 6760
f 7217 7216 6759
f 7215 6760 6766
f 7215 7217 6760
f 7218 6766 6775
f 7218 7215 6766
f 7205 6775 6756
f 7205 7218 6775
f 7234 7224 6781
f 7234 6781 6774
f 7230 6774 6765
f 7230 7234 6774
f 7231 6765 6758
f 7231 7230 6765
f 7229 6758 6757
f 7229 7231 6758
f 7232 6757 6767
f 7232 7229 6757
f 7233 6767 6777
f 7233 7232 6767
f 7228 6777 6784
f 7228 7233 6777
f 7240 7221 6814
f 7240 6814 6800
f 7239 6800 6797
f 7239 7240 6800
f 7236 6797 6796
f 7236 7239 6797
f 7237 6796 6793
f 7237 7236 6796
f 7235 6793 6799
f 7235 7237 6793
f 7238 6799 6808
f 7238 7235 6799
f 7225 6808 6788
f 7225 7238 6808
f 7254 7244 6815
f 7254 6815 6807
f 7250 6807 6798
f 7250 7254 6807
f 7251 6798 6795
f 7251 7250 6798
f 7249 6795 6794
f 7249 7251 6795
f 7252 6794 6801
f 7252 7249 6794
f 7253 6801 6809
f 7253 7252 6801
f 7248 6809 6813
f 7248 7253 6809
f 7258 7241 6849
f 7258 6849 6839
f 7259 6839 6828
f 7259 7258 6839
f 7257 6828 6827
f 7257 7259 6828
f 7260 6827 6824
f 7260 7257 6827
f 7255 6824 6834
f 7255 7260 6824
f 7256 6834 6835
f 7256 7255 6834
f 7245 6835 6819
f 7245 7256 6835
f 7273 7264 6845
f 7273 6845 6838
f 7272 6838 6833
f 7272 7273 6838
f 7274 6833 6826
f 7274 7272 6833
f 7270 6826 6825
f 7270 7274 6826
f 7269 6825 6836
f 7269 7270 6825
f 7271 6836 6840
f 7271 7269 6836
f 7268 6840 6850
f 7268 7271 6840
f 7279 7261 6880
f 7279 6880 6874
f 7280 6874 6862
f 7280 7279 6874
f 7277 6862 6856
f 7277 7280 6862
f 7278 6856 6853
f 7278 7277 6856
f 7275 6853 6855
f 7275 7278 6853
f 7276 6855 6873
f 7276 7275 6855
f 7265 6873 6851
f 7265 7276 6873
f 7294 7284 6876
f 7294 6876 6872
f 7290 6872 6861
f 7290 7294 6872
f 7289 6861 6854
f 7289 7290 6861
f 7291 6854 6857
f 7291 7289 6854
f 7292 6857 6863
f 7292 7291 6857
f 7293 6863 6875
f 7293 7292 6863
f 7288 6875 6881
f 7288 7293 6875
f 7298 7281 6909
f 7298 6909 6905
f 7297 6905 6898
f 7297 7298 6905
f 7299 6898 6889
f 7299 7297 6898
f 7300 6889 6886
f 7300 7299 6889
f 7295 6886 6896
f 7295 7300 6886
f 7296 6896 6885
f 7296 7295 6896
f 7285 6885 6882
f 7285 7296 6885
f 7310 7304 6911
f 7310 6911 6903
f 7309 6903 6895
f 7309 7310 6903
f 7311 6895 6888
f 7311 7309 6895
f 7312 6888 6887
f 7312 7311 6888
f 7313 6887 6897
f 7313 7312 6887
f 7314 6897 6904
f 7314 7313 6897
f 7308 6904 6908
f 7308 7314 6904
f 7319 7301 6941
f 7319 6941 6936
f 7316 6936 6921
f 7316 7319 6936
f 7317 6921 6918
f 7317 7316 6921
f 7315 6918 6920
f 7315 7317 6918
f 7318 6920 6929
f 7318 7315 6920
f 7320 6929 6916
f 7320 7318 6929
f 7305 6916 6914
f 7305 7320 6916
f 7330 7324 6943
f 7330 6943 6934
f 7329 6934 6928
f 7329 7330 6934
f 7331 6928 6922
f 7331 7329 6928
f 7332 6922 6919
f 7332 7331 6922
f 7333 6919 6930
f 7333 7332 6919
f 7334 6930 6935
f 7334 7333 6930
f 7328 6935 6940
f 7328 7334 6935
f 7336 7321 6960
f 7336 6960 6958
f 7337 6958 6956
f 7337 7336 6958
f 7335 6956 6954
f 7335 7337 6956
f 7338 6954 6952
f 7338 7335 6954
f 7339 6952 6950
f 7339 7338 6952
f 7340 6950 6948
f 7340 7339 6950
f 7325 6948 6946
f 7325 7340 6948
f 7052 7045 6947
f 7052 6947 6949
f 7049 6949 6951
f 7049 7052 6949
f 7050 6951 6953
f 7050 7049 6951
f 7051 6953 6955
f 7051 7050 6953
f 7053 6955 6957
f 7053 7051 6955
f 7054 6957 6959
f 7054 7053 6957
f 7047 6959 6961
f 7047 7054 6959
f 7056 7042 6944
f 7056 6944 6937
f 7057 6937 6931
f 7057 7056 6937
f 7058 6931 6924
f 7058 7057 6931
f 7055 6924 6927
f 7055 7058 6924
f 7059 6927 6933
f 7059 7055 6927
f 7060 6933 6939
f 7060 7059 6933
f 7044 6939 6942
f 7044 7060 6939
f 7354 7345 6915
f 7354 6915 6917
f 7351 6917 6932
f 7351 7354 6917
f 7352 6932 6926
f 7352 7351 6932
f 7353 6926 6923
f 7353 7352 6926
f 7349 6923 6925
f 7349 7353 6923
f 7350 6925 6938
f 7350 7349 6925
f 7347 6938 6945
f 7347 7350 6938
f 7356 7342 6912
f 7356 6912 6906
f 7357 6906 6899
f 7357 7356 6906
f 7358 6899 6891
f 7358 7357 6899
f 7355 6891 6894
f 7355 7358 6891
f 7359 6894 6902
f 7359 7355 6894
f 7360 6902 6907
f 7360 7359 6902
f 7344 6907 6910
f 7344 7360 6907
f 7374 7365 6883
f 7374 6883 6884
f 7372 6884 6901
f 7372 7374 6884
f 7373 6901 6893
f 7373 7372 6901
f 7369 6893 6890
f 7369 7373 6893
f 7370 6890 6892
f 7370 7369 6890
f 7371 6892 6900
f 7371 7370 6892
f 7367 6900 6913
f 7367 7371 6900
f 7376 7362 6878
f 7376 6878 6869
f 7377 6869 6865
f 7377 7376 6869
f 7375 6865 6859
f 7375 7377 6865
f 7378 6859 6962
f 7378 7375 6859
f 7379 6962 6868
f 7379 7378 6962
f 7380 6868 6870
f 7380 7379 6868
f 7364 6870 6877
f 7364 7380 6870
f 7394 7385 6852
f 7394 6852 6871
f 7389 6871 6867
f 7389 7394 6871
f 7390 6867 6858
f 7390 7389 6867
f 7391 6858 6860
f 7391 7390 6858
f 7392 6860 6864
f 7392 7391 6860
f 7393 6864 6866
f 7393 7392 6864
f 7387 6866 6879
f 7387 7393 6866
f 7396 7382 6847
f 7396 6847 6841
f 7397 6841 6832
f 7397 7396 6841
f 7398 6832 6829
f 7398 7397 6832
f 7395 6829 6822
f 7395 7398 6829
f 7399 6822 6837
f 7399 7395 6822
f 7400 6837 6843
f 7400 7399 6837
f 7384 6843 6846
f 7384 7400 6843
f 7412 7405 6820
f 7412 6820 6844
f 7409 6844 6821
f 7409 7412 6844
f 7410 6821 6823
f 7410 7409 6821
f 7411 6823 6830
f 7411 7410 6823
f 7413 6830 6831
f 7413 7411 6830
f 7414 6831 6842
f 7414 7413 6831
f 7407 6842 6848
f 7407 7414 6842
f 7416 7402 6817
f 7416 6817 6810
f 7417 6810 6802
f 7417 7416 6810
f 7415 6802 6791
f 7415 7417 6802
f 7418 6791 6790
f 7418 7415 6791
f 7419 6790 6805
f 7419 7418 6790
f 7420 6805 6811
f 7420 7419 6805
f 7404 6811 6816
f 7404 7420 6811
f 7429 7425 6787
f 7429 6787 6812
f 7430 6812 6806
f 7430 7429 6812
f 7431 6806 6792
f 7431 7430 6806
f 7432 6792 6789
f 7432 7431 6792
f 7433 6789 6803
f 7433 7432 6789
f 7434 6803 6804
f 7434 7433 6803
f 7427 6804 6818
f 7427 7434 6804
f 7436 7422 6785
f 7436 6785 6778
f 7435 6778 6770
f 7435 7436 6778
f 7438 6770 6764
f 7438 7435 6770
f 7439 6764 6762
f 7439 7438 6764
f 7440 6762 6773
f 7440 7439 6762
f 7437 6773 6780
f 7437 7440 6773
f 7424 6780 6782
f 7424 7437 6780
f 7454 7445 6755
f 7454 6755 6779
f 7452 6779 6772
f 7452 7454 6779
f 7453 6772 6761
f 7453 7452 6772
f 7449 6761 6763
f 7449 7453 6761
f 7450 6763 6769
f 7450 7449 6763
f 7451 6769 6771
f 7451 7450 6769
f 7447 6771 6786
f 7447 7451 6771
f 7456 7442 6753
f 7456 6753 6746
f 7455 6746 6738
f 7455 7456 6746
f 7458 6738 6734
f 7458 7455 6738
f 7457 6734 6732
f 7457 7458 6734
f 7459 6732 6740
f 7459 7457 6732
f 7460 6740 6748
f 7460 7459 6740
f 7444 6748 6752
f 7444 7460 6748
f 7476 7462 6720
f 7476 6720 6714
f 7475 6714 6707
f 7475 7476 6714
f 7477 6707 6701
f 7477 7475 6707
f 7478 6701 6699
f 7478 7477 6701
f 7479 6699 6710
f 7479 7478 6699
f 7480 6710 6717
f 7480 7479 6710
f 7464 6717 6719
f 7464 7480 6717
f 7472 7465 6724
f 7472 6724 6747
f 7473 6747 6741
f 7473 7472 6747
f 7474 6741 6731
f 7474 7473 6741
f 7469 6731 6733
f 7469 7474 6731
f 7470 6733 6737
f 7470 7469 6733
f 7471 6737 6739
f 7471 7470 6737
f 7467 6739 6754
f 7467 7471 6739
f 7494 7485 6691
f 7494 6691 6716
f 7491 6716 6709
f 7491 7494 6716
f 7492 6709 6698
f 7492 7491 6709
f 7493 6698 6700
f 7493 7492 6698
f 7489 6700 6706
f 7489 7493 6700
f 7490 6706 6708
f 7490 7489 6706
f 7487 6708 6715
f 7487 7490 6708
f 7496 7482 6687
f 7496 6687 6679
f 7497 6679 6671
f 7497 7496 6679
f 7495 6671 6663
f 7495 7497 6671
f 7498 6663 6662
f 7498 7495 6663
f 7499 6662 6674
f 7499 7498 6662
f 7500 6674 6680
f 7500 7499 6674
f 7484 6680 6686
f 7484 7500 6680
f 7516 7502 6654
f 7516 6654 6647
f 7517 6647 6639
f 7517 7516 6647
f 7515 6639 6632
f 7515 7517 6639
f 7518 6632 6630
f 7518 7515 6632
f 7519 6630 6642
f 7519 7518 6630
f 7520 6642 6649
f 7520 7519 6642
f 7504 6649 6655
f 7504 7520 6649
f 7514 7505 6659
f 7514 6659 6676
f 7511 6676 6675
f 7511 7514 6676
f 7512 6675 6664
f 7512 7511 6675
f 7513 6664 6661
f 7513 7512 6664
f 7509 6661 6672
f 7509 7513 6661
f 7510 6672 6673
f 7510 7509 6672
f 7507 6673 6688
f 7507 7510 6673
f 7533 7525 6627
f 7533 6627 6643
f 7529 6643 6641
f 7529 7533 6643
f 7530 6641 6629
f 7530 7529 6641
f 7531 6629 6631
f 7531 7530 6629
f 7532 6631 6638
f 7532 7531 6631
f 7534 6638 6640
f 7534 7532 6638
f 7527 6640 6648
f 7527 7534 6640
f 7536 7522 6622
f 7536 6622 6614
f 7537 6614 6607
f 7537 7536 6614
f 7538 6607 6598
f 7538 7537 6607
f 7535 6598 6601
f 7535 7538 6598
f 7539 6601 6608
f 7539 7535 6601
f 7540 6608 6616
f 7540 7539 6608
f 7524 6616 6621
f 7524 7540 6616
f 7549 7545 6595
f 7549 6595 6610
f 7550 6610 6609
f 7550 7549 6610
f 7551 6609 6600
f 7551 7550 6609
f 7552 6600 6597
f 7552 7551 6600
f 7553 6597 6599
f 7553 7552 6597
f 7554 6599 6615
f 7554 7553 6599
f 7547 6615 6623
f 7547 7554 6615
f 7556 7542 6589
f 7556 6589 6582
f 7557 6582 6573
f 7557 7556 6582
f 7558 6573 6569
f 7558 7557 6573
f 7555 6569 6567
f 7555 7558 6569
f 7559 6567 6575
f 7559 7555 6567
f 7560 6575 6584
f 7560 7559 6575
f 7544 6584 6587
f 7544 7560 6584
f 7573 7565 6561
f 7573 6561 6564
f 7569 6564 6576
f 7569 7573 6564
f 7570 6576 6566
f 7570 7569 6576
f 7571 6566 6568
f 7571 7570 6566
f 7572 6568 6574
f 7572 7571 6568
f 7574 6574 6583
f 7574 7572 6574
f 7567 6583 6590
f 7567 7574 6583
f 7576 7562 6555
f 7576 6555 6547
f 7575 6547 6539
f 7575 7576 6547
f 7578 6539 6535
f 7578 7575 6539
f 7577 6535 6532
f 7577 7578 6535
f 7579 6532 6541
f 7579 7577 6532
f 7580 6541 6549
f 7580 7579 6541
f 7564 6549 6553
f 7564 7580 6549
f 7589 7585 6525
f 7589 6525 6529
f 7590 6529 6534
f 7590 7589 6529
f 7591 6534 6531
f 7591 7590 6534
f 7592 6531 6533
f 7592 7591 6531
f 7593 6533 6540
f 7593 7592 6533
f 7594 6540 6548
f 7594 7593 6540
f 7587 6548 6556
f 7587 7594 6548
f 7596 7582 6519
f 7596 6519 6514
f 7597 6514 6504
f 7597 7596 6514
f 7595 6504 6496
f 7595 7597 6504
f 7598 6496 6495
f 7598 7595 6496
f 7599 6495 6506
f 7599 7598 6495
f 7600 6506 6512
f 7600 7599 6506
f 7584 6512 6520
f 7584 7600 6512
f 8141 5844 5862
f 8141 8142 5844
f 8143 5862 5866
f 8143 8141 5862
f 8144 5866 5870
f 8144 8143 5866
f 8145 5870 5868
f 8145 8144 5870
f 8146 5868 5864
f 8146 8145 5868
f 8147 5864 5860
f 8147 8146 5864
f 8148 5860 5841
f 8148 8147 5860
f 5842 8142 8149
f 5844 8142 5842
f 8150 5859 8149
f 8149 5859 5842
f 8151 5873 8150
f 8150 5873 5859
f 8151 8152 5873
f 5873 8152 5877
f 5877 8153 5884
f 8152 8153 5877
f 5884 8154 5882
f 8153 8154 5884
f 5882 8155 5875
f 8154 8155 5882
f 5875 8156 5871
f 8155 8156 5875
f 5857 8156 8157
f 5871 8156 5857
f 5838 8157 8158
f 5857 8157 5838
f 8148 5841 8158
f 8158 5841 5838
f 8157 8148 8158
f 8150 8149 8142
f 8147 8148 8157
f 8141 8150 8142
f 8156 8147 8157
f 8151 8150 8141
f 8155 8146 8147
f 8155 8147 8156
f 8152 8141 8143
f 8152 8151 8141
f 8154 8145 8146
f 8154 8146 8155
f 8153 8143 8144
f 8153 8144 8145
f 8153 8145 8154
f 8153 8152 8143
f 8159 8160 5662
f 8159 5662 5685
f 8161 5685 5697
f 8161 8159 5685
f 8162 5697 5705
f 8162 8161 5697
f 8163 5705 5701
f 8163 8162 5705
f 8164 5701 5695
f 8164 8163 5701
f 8165 5695 5680
f 8165 8164 5695
f 5267 5680 5268
f 5267 8165 5680
f 8160 8166 5662
f 5662 8166 5649
f 5649 8167 5642
f 8166 8167 5649
f 5642 8168 5650
f 8167 8168 5642
f 5650 8169 5665
f 8168 8169 5650
f 5665 8170 5683
f 8169 8170 5665
f 5683 8171 5706
f 8170 8171 5683
f 5706 8172 5742
f 8171 8172 5706
f 5742 8173 5778
f 8172 8173 5742
f 5778 8174 5821
f 8173 8174 5778
f 5821 8175 5833
f 8174 8175 5821
f 5833 8176 5843
f 8175 8176 5833
f 8176 8177 5843
f 5843 8177 5863
f 5863 8178 5867
f 8177 8178 5863
f 5867 8179 5869
f 8178 8179 5867
f 5869 8180 5865
f 8179 8180 5869
f 5865 8181 5861
f 8180 8181 5865
f 5861 8182 5845
f 8181 8182 5861
f 5845 8183 5840
f 8182 8183 5845
f 8183 8184 5840
f 5840 8184 5839
f 5839 8185 5829
f 8184 8185 5839
f 5829 8186 5810
f 8185 8186 5829
f 5756 8186 8187
f 5810 8186 5756
f 8187 8188 5756
f 5756 8188 5715
f 8189 5800 5775
f 8189 8190 5800
f 8191 5775 5754
f 8191 8189 5775
f 8188 5754 5715
f 8188 8191 5754
f 8192 5812 5830
f 8192 8193 5812
f 8194 5830 5835
f 8194 8192 5830
f 8195 5835 5837
f 8195 8194 5835
f 8196 5837 5836
f 8196 8195 5837
f 8197 5836 5834
f 8197 8196 5836
f 8198 5834 5827
f 8198 8197 5834
f 8190 5827 5800
f 8190 8198 5827
f 8199 5814 5813
f 8199 8200 5814
f 8201 5813 5815
f 8201 8199 5813
f 8193 5815 5812
f 8193 8201 5815
f 8202 5817 5816
f 8202 8203 5817
f 8204 5816 5818
f 8204 8202 5816
f 8205 5818 5819
f 8205 8204 5818
f 8206 5819 5820
f 8206 8205 5819
f 8200 5820 5814
f 8200 8206 5820
f 8207 5767 5766
f 8207 8208 5767
f 8209 5766 5768
f 8209 8207 5766
f 8210 5768 5769
f 8210 8209 5768
f 8211 5769 5771
f 8211 8210 5769
f 8203 5771 5817
f 8203 8211 5771
f 5254 8208 5252
f 5767 8208 5254
f 5265 8212 5717
f 5264 8212 5265
f 5717 8213 5716
f 8212 8213 5717
f 5716 8214 5630
f 8213 8214 5716
f 8214 8215 5630
f 5630 8215 5586
f 8215 5272 5586
f 5586 5272 5273
f 5270 5272 8215
f 8213 5266 5270
f 8213 8215 8214
f 8213 5270 8215
f 8212 5267 5266
f 8212 5266 8213
f 5264 8165 5267
f 5264 5267 8212
f 8187 8191 8188
f 8209 8168 8167
f 8207 8209 8167
f 8207 8167 8166
f 8210 8168 8209
f 8210 8169 8168
f 8208 8207 8166
f 8208 8166 8160
f 5252 8160 8159
f 5252 8208 8160
f 8211 8169 8210
f 8211 8170 8169
f 8203 8170 8211
f 8203 8171 8170
f 8202 8171 8203
f 8202 8172 8171
f 8204 8172 8202
f 8204 8173 8172
f 5262 8165 5264
f 5262 8164 8165
f 8205 8173 8204
f 5253 8159 8161
f 5253 5252 8159
f 8174 8173 8205
f 8174 8205 8206
f 5260 8163 8164
f 5260 8164 5262
f 5256 8161 8162
f 5256 5253 8161
f 5258 8162 8163
f 5258 5256 8162
f 5258 8163 5260
f 8185 8191 8187
f 8185 8189 8191
f 8185 8187 8186
f 8175 8206 8200
f 8175 8200 8199
f 8175 8174 8206
f 8184 8189 8185
f 8184 8190 8189
f 8183 8190 8184
f 8183 8198 8190
f 8176 8199 8201
f 8176 8201 8193
f 8176 8175 8199
f 8182 8197 8198
f 8182 8198 8183
f 8177 8193 8192
f 8177 8176 8193
f 8181 8196 8197
f 8181 8197 8182
f 8178 8192 8194
f 8178 8177 8192
f 8180 8195 8196
f 8180 8196 8181
f 8179 8195 8180
f 8179 8194 8195
f 8179 8178 8194
f 8216 5876 5883
f 8216 8217 5876
f 8218 5883 5885
f 8218 8216 5883
f 8219 5885 5881
f 8219 8218 5885
f 8220 5881 5874
f 8220 8219 5881
f 8221 5879 8217
f 8217 5879 5876
f 8221 8222 5879
f 5879 8222 5893
f 5893 8223 5892
f 8222 8223 5893
f 5892 8224 5891
f 8223 8224 5892
f 5891 8225 5890
f 8224 8225 5891
f 5890 8226 5889
f 8225 8226 5890
f 5889 8227 5888
f 8226 8227 5889
f 5888 8228 5191
f 8227 8228 5888
f 8227 5192 8228
f 5874 5195 8220
f 5189 5195 5874
f 5194 8220 5195
f 5193 8220 5194
f 5192 8219 8220
f 5192 8220 5193
f 8222 8217 8216
f 8222 8221 8217
f 8227 8219 5192
f 8223 8222 8216
f 8226 8218 8219
f 8226 8219 8227
f 8224 8216 8218
f 8224 8223 8216
f 8225 8224 8218
f 8225 8218 8226
f 8229 5666 5707
f 8229 8230 5666
f 8231 5707 5779
f 8231 8229 5707
f 8232 5779 5832
f 8232 8231 5779
f 8233 5832 5850
f 8233 8232 5832
f 8234 5858 5828
f 8234 8235 5858
f 8236 5828 5757
f 8236 8234 5828
f 8237 5757 5657
f 8237 8236 5757
f 8238 5657 5631
f 8238 8237 5657
f 8239 5631 5583
f 8239 8238 5631
f 8240 5583 5561
f 8240 8239 5583
f 8241 5561 5560
f 8241 8240 5561
f 8242 5560 5563
f 8242 8241 5560
f 8243 5563 5643
f 8243 8242 5563
f 8230 5643 5666
f 8230 8243 5643
f 5851 8235 8244
f 5858 8235 5851
f 8244 8245 5851
f 5851 8245 5824
f 5824 8246 5735
f 8245 8246 5824
f 5735 8247 5636
f 8246 8247 5735
f 5636 8248 5564
f 8247 8248 5636
f 5564 8249 5549
f 8248 8249 5564
f 5549 8250 5541
f 8249 8250 5549
f 5541 8251 5540
f 8250 8251 5541
f 5540 8252 5545
f 8251 8252 5540
f 5545 8253 5562
f 8252 8253 5545
f 5562 8254 5606
f 8253 8254 5562
f 8254 8255 5606
f 5606 8255 5689
f 5689 8256 5770
f 8255 8256 5689
f 5770 8257 5831
f 8256 8257 5770
f 5831 8258 5846
f 8257 8258 5831
f 5850 8258 8233
f 5846 8258 5850
f 8241 8251 8250
f 8240 8241 8250
f 8249 8240 8250
f 8242 8252 8251
f 8242 8251 8241
f 8239 8240 8249
f 8248 8239 8249
f 8243 8253 8252
f 8243 8252 8242
f 8238 8239 8248
f 8230 8254 8253
f 8230 8253 8243
f 8247 8238 8248
f 8237 8238 8247
f 8229 8255 8254
f 8229 8254 8230
f 8246 8237 8247
f 8236 8237 8246
f 8231 8256 8255
f 8231 8255 8229
f 8245 8236 8246
f 8234 8236 8245
f 8232 8257 8256
f 8232 8256 8231
f 8258 8257 8232
f 8233 8258 8232
f 8244 8234 8245
f 8235 8234 8244
f 5251 8259 5567
f 5250 8259 5251
f 5567 8260 5568
f 8259 8260 5567
f 5568 8261 5584
f 8260 8261 5568
f 5584 8262 5663
f 8261 8262 5584
f 5663 8263 5664
f 8262 8263 5663
f 5664 8264 5686
f 8263 8264 5664
f 5686 8265 5687
f 8264 8265 5686
f 5687 8266 5698
f 8265 8266 5687
f 5698 8267 5703
f 8266 8267 5698
f 5703 8268 5702
f 8267 8268 5703
f 5702 8269 5696
f 8268 8269 5702
f 5696 8270 5681
f 8269 8270 5696
f 5681 5224 5226
f 8270 5224 5681
f 5225 5230 5228
f 8268 5224 8270
f 8268 8270 8269
f 8268 8267 8266
f 8268 8266 8265
f 8268 8265 8264
f 8268 8264 8263
f 8268 8263 8262
f 8268 8262 8261
f 8268 8261 8260
f 8268 8260 8259
f 8268 8259 5250
f 8268 5250 5248
f 8268 5248 5246
f 8268 5246 5244
f 8268 5244 5242
f 8268 5242 5240
f 8268 5240 5238
f 8268 5238 5236
f 8268 5236 5234
f 8268 5234 5232
f 8268 5232 5230
f 8268 5225 5224
f 8268 5230 5225
f 5223 8271 5603
f 5222 8271 5223
f 5603 8272 5601
f 8271 8272 5603
f 5601 8273 5602
f 8272 8273 5601
f 5602 8274 5615
f 8273 8274 5602
f 5615 8275 5640
f 8274 8275 5615
f 5640 8276 5656
f 8275 8276 5640
f 5656 8277 5673
f 8276 8277 5656
f 5673 8278 5676
f 8277 8278 5673
f 5676 8279 5880
f 8278 8279 5676
f 5880 8280 5849
f 8279 8280 5880
f 5849 8281 5848
f 8280 8281 5849
f 5848 8282 5847
f 8281 8282 5848
f 5847 5196 5198
f 8282 5196 5847
f 8280 5196 8282
f 8280 8282 8281
f 8280 8279 8278
f 8280 8278 8277
f 8280 8277 8276
f 8280 8276 8275
f 8280 8275 8274
f 8280 8274 8273
f 8280 8273 8272
f 8280 8272 8271
f 8280 8271 5222
f 8280 5222 5220
f 8280 5220 5218
f 8280 5218 5216
f 8280 5216 5214
f 8280 5214 5212
f 8280 5212 5210
f 8280 5210 5208
f 8280 5208 5206
f 8280 5206 5204
f 8280 5204 5202
f 8280 5202 5200
f 8280 5200 5197
f 8280 5197 5196
f 8283 8284 5749
f 8285 5749 5731
f 8285 8283 5749
f 8286 8285 5731
f 8284 8287 5749
f 5749 8287 5750
f 5795 5790 8288
f 8288 5790 8289
f 8289 5780 8290
f 5790 5780 8289
f 8290 5782 8291
f 5780 5782 8290
f 8291 5781 8292
f 5782 5781 8291
f 8292 5791 8293
f 5781 5791 8292
f 8293 5794 8294
f 5791 5794 8293
f 8294 5786 8295
f 5794 5786 8294
f 8295 5750 8287
f 5786 5750 8295
f 5793 5801 8296
f 8296 5801 8297
f 8297 5803 8298
f 5801 5803 8297
f 8298 5804 8299
f 5803 5804 8298
f 8299 5809 8300
f 5804 5809 8299
f 8300 5806 8301
f 5809 5806 8300
f 8301 5805 8302
f 5806 5805 8301
f 8302 5802 8303
f 5805 5802 8302
f 8303 5795 8288
f 5802 5795 8303
f 5730 5748 8304
f 8304 5748 8305
f 8305 5758 8306
f 5748 5758 8305
f 8306 5762 8307
f 5758 5762 8306
f 8307 5774 8308
f 5762 5774 8307
f 8308 5787 8309
f 5774 5787 8308
f 8309 5785 8310
f 5787 5785 8309
f 8310 5792 8311
f 5785 5792 8310
f 8311 5793 8296
f 5792 5793 8311
f 5708 8304 8312
f 5730 8304 5708
f 5852 5796 8313
f 8313 5796 8314
f 8314 5783 8315
f 5796 5783 8314
f 8315 5772 8316
f 5783 5772 8315
f 8316 5759 8317
f 5772 5759 8316
f 8317 5746 8318
f 5759 5746 8317
f 8318 5729 8319
f 5746 5729 8318
f 8319 5718 8320
f 5729 5718 8319
f 8320 5708 8312
f 5718 5708 8320
f 5822 5823 8321
f 8321 5823 8322
f 8322 5887 8323
f 5823 5887 8322
f 8323 5878 8324
f 5887 5878 8323
f 8324 5872 8325
f 5878 5872 8324
f 8325 5854 8326
f 5872 5854 8325
f 8326 5853 8327
f 5854 5853 8326
f 8327 5855 8328
f 5853 5855 8327
f 8328 5852 8313
f 5855 5852 8328
f 5764 5776 8329
f 8329 5776 8330
f 8330 5788 8331
f 5776 5788 8330
f 8331 5798 8332
f 5788 5798 8331
f 8332 5807 8333
f 5798 5807 8332
f 8333 5811 8334
f 5807 5811 8333
f 8334 5822 8321
f 5811 5822 8334
f 5765 5764 8335
f 8335 5764 8329
f 5755 5761 8336
f 8336 5761 8337
f 8337 5808 8338
f 5761 5808 8337
f 8338 5799 8339
f 5808 5799 8338
f 8339 5789 8340
f 5799 5789 8339
f 8340 5777 8341
f 5789 5777 8340
f 8341 5763 8342
f 5777 5763 8341
f 8342 5765 8335
f 5763 5765 8342
f 5661 5675 8343
f 8343 5675 8344
f 8344 5692 8345
f 5675 5692 8344
f 8345 5704 8346
f 5692 5704 8345
f 8346 5711 8347
f 5704 5711 8346
f 8347 5723 8348
f 5711 5723 8347
f 8348 5741 8349
f 5723 5741 8348
f 8349 5753 8350
f 5741 5753 8349
f 8350 5755 8336
f 5753 5755 8350
f 5658 5646 8351
f 8351 5646 8352
f 8352 5632 8353
f 5646 5632 8352
f 8353 5623 8354
f 5632 5623 8353
f 8354 5626 8355
f 5623 5626 8354
f 8355 5635 8356
f 5626 5635 8355
f 8356 5644 8357
f 5635 5644 8356
f 8357 5655 8358
f 5644 5655 8357
f 8358 5661 8343
f 5655 5661 8358
f 8351 8359 5658
f 5658 8359 5710
f 5725 5671 8360
f 8360 5671 8361
f 8361 5668 8362
f 5671 5668 8361
f 8362 5670 8363
f 5668 5670 8362
f 8363 5669 8364
f 5670 5669 8363
f 8364 5672 8365
f 5669 5672 8364
f 8365 5726 8366
f 5672 5726 8365
f 8366 5714 8367
f 5726 5714 8366
f 8367 5713 8368
f 5714 5713 8367
f 8368 5710 8359
f 5713 5710 8368
f 5732 5720 8369
f 8369 5720 8370
f 8370 5722 8371
f 5720 5722 8370
f 8371 5721 8372
f 5722 5721 8371
f 8372 5733 8373
f 5721 5733 8372
f 8373 5734 8374
f 5733 5734 8373
f 8374 5739 8375
f 5734 5739 8374
f 8375 5728 8376
f 5739 5728 8375
f 8376 5727 8377
f 5728 5727 8376
f 8377 5725 8360
f 5727 5725 8377
f 5724 5738 8378
f 8378 5738 8379
f 8379 5743 8380
f 5738 5743 8379
f 8380 5751 8381
f 5743 5751 8380
f 8381 5752 8382
f 5751 5752 8381
f 8382 5745 8383
f 5752 5745 8382
f 8383 5744 8384
f 5745 5744 8383
f 8384 5740 8385
f 5744 5740 8384
f 8385 5732 8369
f 5740 5732 8385
f 5712 8378 8386
f 5724 8378 5712
f 8286 5731 8386
f 8386 5731 5712
f 8364 8354 8355
f 8363 8364 8355
f 8363 8355 8356
f 8365 8354 8364
f 8365 8353 8354
f 8362 8363 8356
f 8362 8356 8357
f 8366 8353 8365
f 8366 8352 8353
f 8361 8362 8357
f 8361 8357 8358
f 8367 8352 8366
f 8368 8351 8352
f 8368 8352 8367
f 8360 8361 8358
f 8360 8358 8343
f 8359 8351 8368
f 8377 8343 8344
f 8377 8360 8343
f 8376 8377 8344
f 8375 8344 8345
f 8375 8376 8344
f 8374 8375 8345
f 8346 8374 8345
f 8373 8374 8346
f 8372 8373 8346
f 8347 8372 8346
f 8371 8372 8347
f 8348 8371 8347
f 8304 8320 8312
f 8285 8286 8386
f 8283 8285 8386
f 8284 8283 8386
f 8349 8370 8371
f 8349 8371 8348
f 8287 8386 8378
f 8287 8284 8386
f 8305 8318 8319
f 8305 8319 8320
f 8305 8320 8304
f 8295 8287 8378
f 8295 8378 8379
f 8350 8369 8370
f 8350 8370 8349
f 8294 8295 8379
f 8336 8385 8369
f 8336 8369 8350
f 8306 8318 8305
f 8317 8318 8306
f 8293 8294 8379
f 8337 8384 8385
f 8337 8385 8336
f 8335 8379 8380
f 8335 8380 8381
f 8335 8293 8379
f 8329 8293 8335
f 8307 8317 8306
f 8292 8293 8329
f 8342 8381 8382
f 8342 8335 8381
f 8338 8383 8384
f 8338 8384 8337
f 8341 8342 8382
f 8339 8383 8338
f 8316 8317 8307
f 8340 8382 8383
f 8340 8383 8339
f 8340 8341 8382
f 8308 8316 8307
f 8291 8292 8329
f 8330 8291 8329
f 8290 8291 8330
f 8315 8316 8308
f 8315 8308 8309
f 8331 8290 8330
f 8314 8315 8309
f 8314 8309 8310
f 8314 8310 8311
f 8332 8290 8331
f 8332 8289 8290
f 8333 8289 8332
f 8333 8288 8289
f 8313 8314 8311
f 8313 8311 8296
f 8334 8288 8333
f 8321 8288 8334
f 8321 8303 8288
f 8328 8313 8296
f 8328 8296 8297
f 8327 8328 8297
f 8327 8297 8298
f 8322 8302 8303
f 8322 8303 8321
f 8326 8327 8298
f 8326 8298 8299
f 8323 8302 8322
f 8323 8301 8302
f 8325 8326 8299
f 8325 8299 8300
f 8324 8301 8323
f 8324 8325 8300
f 8324 8300 8301
f 5674 5684 8387
f 8387 5684 8388
f 8388 5690 8389
f 5684 5690 8388
f 8389 5693 8390
f 5690 5693 8389
f 8390 5694 8391
f 5693 5694 8390
f 8391 5691 8392
f 5694 5691 8391
f 8392 5688 8393
f 5691 5688 8392
f 8393 5682 8394
f 5688 5682 8393
f 8394 5677 8395
f 5682 5677 8394
f 5604 5607 8396
f 8396 5607 8397
f 8397 5622 8398
f 5607 5622 8397
f 8398 5621 8399
f 5622 5621 8398
f 8399 5641 8400
f 5621 5641 8399
f 8400 5651 8401
f 5641 5651 8400
f 8401 5667 8402
f 5651 5667 8401
f 8402 5674 8387
f 5667 5674 8402
f 5648 5659 8403
f 8403 5659 8404
f 8404 5660 8405
f 5659 5660 8404
f 8405 5709 8406
f 5660 5709 8405
f 8406 5700 8407
f 5709 5700 8406
f 8407 5679 8408
f 5700 5679 8407
f 8408 5678 8409
f 5679 5678 8408
f 8409 5652 8410
f 5678 5652 8409
f 8410 5605 8411
f 5652 5605 8410
f 5605 8412 8411
f 5605 5591 8412
f 8412 5590 8413
f 5591 5590 8412
f 8413 5589 8414
f 5590 5589 8413
f 8414 5604 8396
f 5589 5604 8414
f 5599 5645 8415
f 8415 5645 8416
f 8416 5627 8417
f 5645 5627 8416
f 8417 5625 8418
f 5627 5625 8417
f 8418 5624 8419
f 5625 5624 8418
f 8419 5633 8420
f 5624 5633 8419
f 8420 5634 8421
f 5633 5634 8420
f 8421 5647 8422
f 5634 5647 8421
f 8422 5648 8403
f 5647 5648 8422
f 5557 5555 8423
f 8423 5555 8424
f 8424 5552 8425
f 5555 5552 8424
f 8425 5546 8426
f 5552 5546 8425
f 8426 5547 8427
f 5546 5547 8426
f 8427 5548 8428
f 5547 5548 8427
f 8428 5554 8429
f 5548 5554 8428
f 8429 5556 8430
f 5554 5556 8429
f 8430 5559 8431
f 5556 5559 8430
f 8431 5599 8415
f 5559 5599 8431
f 8423 8432 5557
f 5557 8432 5572
f 5611 5577 8433
f 8433 5577 8434
f 8434 5576 8435
f 5577 5576 8434
f 8435 5578 8436
f 5576 5578 8435
f 8436 5579 8437
f 5578 5579 8436
f 8437 5580 8438
f 5579 5580 8437
f 8438 5581 8439
f 5580 5581 8438
f 8439 5582 8440
f 5581 5582 8439
f 8440 5572 8432
f 5582 5572 8440
f 5617 5592 8441
f 8441 5592 8442
f 8442 5594 8443
f 5592 5594 8442
f 8443 5593 8444
f 5594 5593 8443
f 8444 5595 8445
f 5593 5595 8444
f 8445 5612 8446
f 5595 5612 8445
f 8446 5613 8447
f 5612 5613 8446
f 8447 5614 8448
f 5613 5614 8447
f 8448 5611 8433
f 5614 5611 8448
f 5585 5574 8449
f 8449 5574 8450
f 8450 5573 8451
f 5574 5573 8450
f 8451 5570 8452
f 5573 5570 8451
f 8452 5569 8453
f 5570 5569 8452
f 8453 5571 8454
f 5569 5571 8453
f 8454 5575 8455
f 5571 5575 8454
f 8455 5610 8456
f 5575 5610 8455
f 8456 5616 8457
f 5610 5616 8456
f 8457 5618 8458
f 5616 5618 8457
f 8458 5620 8459
f 5618 5620 8458
f 8459 5619 8460
f 5620 5619 8459
f 8460 5617 8441
f 5619 5617 8460
f 5826 5825 8461
f 8461 5825 8462
f 8462 5653 8463
f 5825 5653 8462
f 8463 5628 8464
f 5653 5628 8463
f 8464 5608 8465
f 5628 5608 8464
f 8465 5596 8466
f 5608 5596 8465
f 8466 5587 8467
f 5596 5587 8466
f 8467 5585 8449
f 5587 5585 8467
f 5699 5719 8468
f 8468 5719 8469
f 8469 5747 8470
f 5719 5747 8469
f 8470 5760 8471
f 5747 5760 8470
f 8471 5773 8472
f 5760 5773 8471
f 8472 5784 8473
f 5773 5784 8472
f 8473 5797 8474
f 5784 5797 8473
f 8474 5856 8475
f 5797 5856 8474
f 8475 5826 8461
f 5856 5826 8475
f 5677 8468 8395
f 5699 8468 5677
f 8437 8426 8427
f 8437 8427 8428
f 8438 8426 8437
f 8438 8425 8426
f 8436 8437 8428
f 8436 8428 8429
f 8439 8425 8438
f 8439 8424 8425
f 8435 8436 8429
f 8434 8435 8429
f 8434 8429 8430
f 8434 8430 8431
f 8440 8424 8439
f 8440 8423 8424
f 8432 8423 8440
f 8433 8434 8431
f 8433 8431 8415
f 8448 8433 8415
f 8448 8415 8416
f 8447 8448 8416
f 8446 8447 8416
f 8446 8416 8417
f 8445 8446 8417
f 8445 8417 8418
f 8444 8445 8418
f 8419 8444 8418
f 8443 8444 8419
f 8412 8453 8454
f 8413 8451 8452
f 8413 8452 8453
f 8413 8453 8412
f 8411 8454 8455
f 8411 8412 8454
f 8414 8449 8450
f 8414 8450 8451
f 8414 8451 8413
f 8410 8411 8455
f 8396 8467 8449
f 8396 8449 8414
f 8420 8442 8443
f 8420 8443 8419
f 8397 8466 8467
f 8397 8467 8396
f 8456 8410 8455
f 8398 8465 8466
f 8398 8466 8397
f 8421 8442 8420
f 8422 8441 8442
f 8422 8442 8421
f 8399 8465 8398
f 8464 8465 8399
f 8403 8441 8422
f 8403 8460 8441
f 8400 8464 8399
f 8409 8410 8456
f 8404 8460 8403
f 8404 8459 8460
f 8463 8464 8400
f 8463 8400 8401
f 8408 8456 8457
f 8408 8409 8456
f 8405 8459 8404
f 8407 8408 8457
f 8407 8457 8458
f 8406 8459 8405
f 8406 8407 8458
f 8406 8458 8459
f 8462 8463 8401
f 8462 8401 8402
f 8461 8402 8387
f 8461 8462 8402
f 8468 8394 8395
f 8475 8387 8388
f 8475 8461 8387
f 8474 8388 8389
f 8474 8475 8388
f 8469 8392 8393
f 8469 8393 8394
f 8469 8394 8468
f 8473 8474 8389
f 8470 8391 8392
f 8470 8392 8469
f 8472 8389 8390
f 8472 8473 8389
f 8471 8390 8391
f 8471 8391 8470
f 8471 8472 8390
f 8476 8477 5529
f 5529 8477 5558
f 5553 5558 8478
f 8478 5558 8477
f 5514 8478 8479
f 5553 8478 5514
f 8476 5529 8479
f 8479 5529 5514
f 8477 8476 8479
f 8477 8479 8478
f 5637 5528 8480
f 8480 5528 8481
f 8481 5517 8482
f 5528 5517 8481
f 8482 5511 8483
f 5517 5511 8482
f 8483 5507 8484
f 5511 5507 8483
f 8484 5503 8485
f 5507 5503 8484
f 8485 5498 8486
f 5503 5498 8485
f 8486 5493 8487
f 5498 5493 8486
f 8487 5489 8488
f 5493 5489 8487
f 5544 5588 8489
f 8489 5588 8490
f 8490 5597 8491
f 5588 5597 8490
f 8491 5609 8492
f 5597 5609 8491
f 8492 5629 8493
f 5609 5629 8492
f 8493 5654 8494
f 5629 5654 8493
f 8494 5736 8495
f 5654 5736 8494
f 8495 5737 8496
f 5736 5737 8495
f 8496 5637 8480
f 5737 5637 8496
f 5497 5505 8497
f 8497 5505 8498
f 8498 5515 8499
f 5505 5515 8498
f 8499 5530 8500
f 5515 5530 8499
f 8500 5531 8501
f 5530 5531 8500
f 8501 5539 8502
f 5531 5539 8501
f 8502 5544 8489
f 5539 5544 8502
f 5460 5459 8503
f 8503 5459 8504
f 8504 5458 8505
f 5459 5458 8504
f 8505 5474 8506
f 5458 5474 8505
f 8506 5496 8507
f 5474 5496 8506
f 8507 5497 8497
f 5496 5497 8507
f 8503 8508 5460
f 5460 8508 5495
f 5516 5495 8509
f 8509 5495 8508
f 5405 8509 8510
f 5516 8509 5405
f 5501 5475 8511
f 8511 5475 8512
f 8512 5453 8513
f 5475 5453 8512
f 8513 5440 8514
f 5453 5440 8513
f 8514 5427 8515
f 5440 5427 8514
f 8515 5405 8510
f 5427 5405 8515
f 5527 5519 8516
f 8516 5519 8517
f 8517 5513 8518
f 5519 5513 8517
f 8518 5509 8519
f 5513 5509 8518
f 8519 5506 8520
f 5509 5506 8519
f 8520 5502 8521
f 5506 5502 8520
f 8521 5501 8511
f 5502 5501 8521
f 5526 5532 8522
f 8522 5532 8523
f 8523 5536 8524
f 5532 5536 8523
f 8524 5538 8525
f 5536 5538 8524
f 8525 5537 8526
f 5538 5537 8525
f 8526 5534 8527
f 5537 5534 8526
f 8527 5535 8528
f 5534 5535 8527
f 8528 5533 8529
f 5535 5533 8528
f 8529 5527 8516
f 5533 5527 8529
f 5500 5510 8530
f 8530 5510 8531
f 8531 5520 8532
f 5510 5520 8531
f 8532 5525 8533
f 5520 5525 8532
f 8533 5523 8534
f 5525 5523 8533
f 8534 5522 8535
f 5523 5522 8534
f 8535 5521 8536
f 5522 5521 8535
f 8536 5524 8537
f 5521 5524 8536
f 8537 5526 8522
f 5524 5526 8537
f 5489 8530 8488
f 5500 8530 5489
f 8494 8525 8493
f 8493 8526 8492
f 8525 8526 8493
f 8495 8524 8494
f 8494 8524 8525
f 8492 8527 8491
f 8526 8527 8492
f 8491 8528 8490
f 8527 8528 8491
f 8496 8523 8495
f 8480 8523 8496
f 8495 8523 8524
f 8490 8529 8489
f 8528 8529 8490
f 8489 8516 8502
f 8529 8516 8489
f 8480 8522 8523
f 8480 8537 8522
f 8481 8537 8480
f 8481 8536 8537
f 8502 8517 8501
f 8516 8517 8502
f 8517 8500 8501
f 8481 8535 8536
f 8482 8535 8481
f 8517 8518 8500
f 8482 8534 8535
f 8482 8483 8534
f 8518 8499 8500
f 8518 8519 8499
f 8483 8533 8534
f 8483 8484 8533
f 8533 8484 8532
f 8519 8498 8499
f 8520 8498 8519
f 8484 8485 8532
f 8532 8485 8531
f 8520 8521 8498
f 8485 8486 8531
f 8521 8497 8498
f 8531 8487 8530
f 8486 8487 8531
f 8521 8511 8497
f 8487 8488 8530
f 8511 8507 8497
f 8511 8512 8507
f 8512 8506 8507
f 8512 8505 8506
f 8512 8513 8505
f 8513 8504 8505
f 8504 8514 8503
f 8513 8514 8504
f 8514 8515 8503
f 8503 8510 8509
f 8515 8510 8503
f 8508 8503 8509
f 8538 8539 5436
f 8540 5436 5420
f 8540 8538 5436
f 8541 8540 5420
f 8539 8542 5436
f 5436 8542 5437
f 5479 5471 8543
f 8543 5471 8544
f 8544 5461 8545
f 5471 5461 8544
f 8545 5463 8546
f 5461 5463 8545
f 8546 5462 8547
f 5463 5462 8546
f 8547 5472 8548
f 5462 5472 8547
f 8548 5478 8549
f 5472 5478 8548
f 8549 5467 8550
f 5478 5467 8549
f 8550 5437 8542
f 5467 5437 8550
f 5477 5482 8551
f 8551 5482 8552
f 8552 5484 8553
f 5482 5484 8552
f 8553 5485 8554
f 5484 5485 8553
f 8554 5488 8555
f 5485 5488 8554
f 8555 5487 8556
f 5488 5487 8555
f 8556 5486 8557
f 5487 5486 8556
f 8557 5483 8558
f 5486 5483 8557
f 8558 5479 8543
f 5483 5479 8558
f 5419 5435 8559
f 8559 5435 8560
f 8560 5442 8561
f 5435 5442 8560
f 8561 5446 8562
f 5442 5446 8561
f 8562 5452 8563
f 5446 5452 8562
f 8563 5468 8564
f 5452 5468 8563
f 8564 5466 8565
f 5468 5466 8564
f 8565 5473 8566
f 5466 5473 8565
f 8566 5477 8551
f 5473 5477 8566
f 5396 8559 8567
f 5419 8559 5396
f 5566 5480 8568
f 8568 5480 8569
f 8569 5464 8570
f 5480 5464 8569
f 8570 5450 8571
f 5464 5450 8570
f 8571 5443 8572
f 5450 5443 8571
f 8572 5433 8573
f 5443 5433 8572
f 8573 5418 8574
f 5433 5418 8573
f 8574 5403 8575
f 5418 5403 8574
f 8575 5396 8567
f 5403 5396 8575
f 5494 5499 8576
f 8576 5499 8577
f 8577 5504 8578
f 5499 5504 8577
f 8578 5508 8579
f 5504 5508 8578
f 8579 5512 8580
f 5508 5512 8579
f 8580 5518 8581
f 5512 5518 8580
f 8581 5638 8582
f 5518 5638 8581
f 8582 5639 8583
f 5638 5639 8582
f 8583 5566 8568
f 5639 5566 8583
f 5448 5456 8584
f 8584 5456 8585
f 8585 5469 8586
f 5456 5469 8585
f 8586 5481 8587
f 5469 5481 8586
f 8587 5490 8588
f 5481 5490 8587
f 8588 5491 8589
f 5490 5491 8588
f 8589 5494 8576
f 5491 5494 8589
f 5449 5448 8590
f 8590 5448 8584
f 5455 5454 8591
f 8591 5454 8592
f 8592 5476 8593
f 5454 5476 8592
f 8593 5492 8594
f 5476 5492 8593
f 8594 5470 8595
f 5492 5470 8594
f 8595 5457 8596
f 5470 5457 8595
f 8596 5447 8597
f 5457 5447 8596
f 8597 5449 8590
f 5447 5449 8597
f 5387 5406 8598
f 8598 5406 8599
f 8599 5407 8600
f 5406 5407 8599
f 8600 5408 8601
f 5407 5408 8600
f 8601 5409 8602
f 5408 5409 8601
f 8602 5428 8603
f 5409 5428 8602
f 8603 5429 8604
f 5428 5429 8603
f 8604 5441 8605
f 5429 5441 8604
f 8605 5455 8591
f 5441 5455 8605
f 5385 5382 8606
f 8606 5382 8607
f 8607 5379 8608
f 5382 5379 8607
f 8608 5371 8609
f 5379 5371 8608
f 8609 5370 8610
f 5371 5370 8609
f 8610 5380 8611
f 5370 5380 8610
f 8611 5381 8612
f 5380 5381 8611
f 8612 5384 8613
f 5381 5384 8612
f 8613 5387 8598
f 5384 5387 8613
f 8606 8614 5385
f 5385 8614 5395
f 5414 5392 8615
f 8615 5392 8616
f 8616 5388 8617
f 5392 5388 8616
f 8617 5390 8618
f 5388 5390 8617
f 8618 5389 8619
f 5390 5389 8618
f 8619 5393 8620
f 5389 5393 8619
f 8620 5415 8621
f 5393 5415 8620
f 8621 5402 8622
f 5415 5402 8621
f 8622 5401 8623
f 5402 5401 8622
f 8623 5395 8614
f 5401 5395 8623
f 5421 5410 8624
f 8624 5410 8625
f 8625 5412 8626
f 5410 5412 8625
f 8626 5411 8627
f 5412 5411 8626
f 8627 5422 8628
f 5411 5422 8627
f 8628 5423 8629
f 5422 5423 8628
f 8629 5425 8630
f 5423 5425 8629
f 8630 5417 8631
f 5425 5417 8630
f 8631 5416 8632
f 5417 5416 8631
f 8632 5414 8615
f 5416 5414 8632
f 5413 5424 8633
f 8633 5424 8634
f 8634 5430 8635
f 5424 5430 8634
f 8635 5438 8636
f 5430 5438 8635
f 8636 5439 8637
f 5438 5439 8636
f 8637 5432 8638
f 5439 5432 8637
f 8638 5431 8639
f 5432 5431 8638
f 8639 5426 8640
f 5431 5426 8639
f 8640 5421 8624
f 5426 5421 8640
f 5400 8633 8641
f 5413 8633 5400
f 8541 5420 8641
f 8641 5420 5400
f 8619 8609 8610
f 8618 8619 8610
f 8618 8610 8611
f 8620 8609 8619
f 8620 8608 8609
f 8617 8618 8611
f 8617 8611 8612
f 8621 8608 8620
f 8621 8607 8608
f 8616 8617 8612
f 8616 8612 8613
f 8622 8607 8621
f 8623 8606 8607
f 8623 8607 8622
f 8615 8616 8613
f 8615 8613 8598
f 8614 8606 8623
f 8632 8598 8599
f 8632 8615 8598
f 8631 8632 8599
f 8630 8599 8600
f 8630 8631 8599
f 8629 8630 8600
f 8601 8629 8600
f 8628 8629 8601
f 8627 8628 8601
f 8602 8627 8601
f 8626 8627 8602
f 8603 8626 8602
f 8559 8575 8567
f 8540 8541 8641
f 8538 8540 8641
f 8539 8538 8641
f 8604 8625 8626
f 8604 8626 8603
f 8542 8641 8633
f 8542 8539 8641
f 8560 8573 8574
f 8560 8574 8575
f 8560 8575 8559
f 8550 8542 8633
f 8550 8633 8634
f 8605 8624 8625
f 8605 8625 8604
f 8549 8550 8634
f 8591 8640 8624
f 8591 8624 8605
f 8561 8573 8560
f 8572 8573 8561
f 8548 8549 8634
f 8592 8639 8640
f 8592 8640 8591
f 8590 8634 8635
f 8590 8635 8636
f 8590 8548 8634
f 8584 8548 8590
f 8562 8572 8561
f 8547 8548 8584
f 8597 8636 8637
f 8597 8590 8636
f 8593 8638 8639
f 8593 8639 8592
f 8596 8597 8637
f 8594 8638 8593
f 8571 8572 8562
f 8595 8637 8638
f 8595 8638 8594
f 8595 8596 8637
f 8563 8571 8562
f 8546 8547 8584
f 8585 8546 8584
f 8545 8546 8585
f 8570 8571 8563
f 8570 8563 8564
f 8586 8545 8585
f 8569 8570 8564
f 8569 8564 8565
f 8569 8565 8566
f 8587 8545 8586
f 8587 8544 8545
f 8588 8544 8587
f 8588 8543 8544
f 8568 8569 8566
f 8568 8566 8551
f 8589 8543 8588
f 8576 8543 8589
f 8576 8558 8543
f 8583 8568 8551
f 8583 8551 8552
f 8582 8583 8552
f 8582 8552 8553
f 8577 8557 8558
f 8577 8558 8576
f 8581 8582 8553
f 8581 8553 8554
f 8578 8557 8577
f 8578 8556 8557
f 8580 8581 8554
f 8580 8554 8555
f 8579 8556 8578
f 8579 8580 8555
f 8579 8555 8556
f 8642 8643 8644
f 8645 8646 8647
f 8644 8646 8645
f 8643 8646 8644
f 8648 8649 8642
f 8650 8649 8648
f 8642 8649 8643
f 8647 8651 8652
f 8646 8651 8647
f 8651 8653 8652
f 8654 8655 8650
f 8656 8655 8654
f 8650 8655 8649
f 8652 8657 8658
f 8653 8657 8652
f 8658 8659 8660
f 8657 8659 8658
f 8656 8661 8655
f 8660 8662 8663
f 8659 8662 8660
f 8662 8664 8663
f 8663 8665 8666
f 8664 8665 8663
f 8666 8667 8668
f 8665 8667 8666
f 8669 8670 8667
f 8667 8670 8668
f 8671 8672 8669
f 8669 8672 8670
f 8656 8673 8661
f 8656 8674 8673
f 8671 8675 8672
f 8676 8675 8671
f 8677 8675 8676
f 8677 8678 8675
f 8679 8678 8677
f 8674 8680 8673
f 8679 8681 8678
f 8680 8681 8679
f 8681 8682 8683
f 8674 8682 8680
f 8680 8682 8681
f 8674 8656 5372
f 5372 8656 5550
f 5399 5404 8658
f 8658 5404 8652
f 8652 5434 8647
f 5404 5434 8652
f 8647 5444 8645
f 5434 5444 8647
f 8645 5445 8644
f 5444 5445 8645
f 8644 5451 8642
f 5445 5451 8644
f 8642 5465 8648
f 5451 5465 8642
f 8648 5565 8650
f 5465 5565 8648
f 8650 5551 8654
f 5565 5551 8650
f 8654 5550 8656
f 5551 5550 8654
f 5367 5369 8678
f 8678 5369 8675
f 8675 5383 8672
f 5369 5383 8675
f 8672 5386 8670
f 5383 5386 8672
f 8670 5391 8668
f 5386 5391 8670
f 8668 5394 8666
f 5391 5394 8668
f 8666 5397 8663
f 5394 5397 8666
f 8663 5398 8660
f 5397 5398 8663
f 8660 5399 8658
f 5398 5399 8660
f 5368 8678 8681
f 5367 8678 5368
f 5347 5368 8683
f 8683 5368 8681
f 5323 8683 8682
f 5347 8683 5323
f 8674 5372 8682
f 8682 5372 5323
f 8680 8679 8684
f 8684 8679 8685
f 8684 8686 8680
f 8680 8686 8673
f 8686 8661 8673
f 8687 8661 8686
f 8687 8688 8661
f 8661 8688 8655
f 8655 8689 8649
f 8688 8689 8655
f 8649 8690 8643
f 8689 8690 8649
f 8643 8691 8646
f 8690 8691 8643
f 8646 8692 8651
f 8691 8692 8646
f 8651 8693 8653
f 8692 8693 8651
f 8653 8694 8657
f 8693 8694 8653
f 8657 8695 8659
f 8694 8695 8657
f 8695 8696 8659
f 8659 8696 8662
f 8662 8697 8664
f 8696 8697 8662
f 8664 8698 8665
f 8697 8698 8664
f 8665 8699 8667
f 8698 8699 8665
f 8667 8700 8669
f 8699 8700 8667
f 8669 8701 8671
f 8700 8701 8669
f 8671 8702 8676
f 8701 8702 8671
f 8676 8703 8677
f 8702 8703 8676
f 8677 8685 8679
f 8703 8685 8677
f 5353 5358 8704
f 8704 5358 8705
f 8705 5360 8706
f 5358 5360 8705
f 8706 5362 8707
f 5360 5362 8706
f 8707 5363 8708
f 5362 5363 8707
f 8708 5361 8709
f 5363 5361 8708
f 8709 5359 8710
f 5361 5359 8709
f 8710 5357 8711
f 5359 5357 8710
f 8711 5354 8712
f 5357 5354 8711
f 5320 5322 8713
f 8713 5322 8714
f 8714 5344 8715
f 5322 5344 8714
f 8715 5343 8716
f 5344 5343 8715
f 8716 5346 8717
f 5343 5346 8716
f 8717 5348 8718
f 5346 5348 8717
f 8718 5351 8719
f 5348 5351 8718
f 8719 5353 8704
f 5351 5353 8719
f 5894 5895 8720
f 8720 5895 8721
f 8721 5896 8722
f 5895 5896 8721
f 8722 5366 8723
f 5896 5366 8722
f 8723 5365 8724
f 5366 5365 8723
f 8724 5356 8725
f 5365 5356 8724
f 8725 5355 8726
f 5356 5355 8725
f 8726 5349 8727
f 5355 5349 8726
f 8727 5321 8728
f 5349 5321 8727
f 8728 5314 8729
f 5321 5314 8728
f 8729 5313 8730
f 5314 5313 8729
f 8730 5312 8731
f 5313 5312 8730
f 8731 5320 8713
f 5312 5320 8731
f 5291 5324 8732
f 8732 5324 8733
f 8733 5325 8734
f 5324 5325 8733
f 8734 5326 8735
f 5325 5326 8734
f 8735 5327 8736
f 5326 5327 8735
f 8736 5328 8737
f 5327 5328 8736
f 8737 5341 8738
f 5328 5341 8737
f 8738 5342 8739
f 5341 5342 8738
f 8739 5894 8720
f 5342 5894 8739
f 5289 5284 8740
f 8740 5284 8741
f 8741 5282 8742
f 5284 5282 8741
f 8742 5277 8743
f 5282 5277 8742
f 8743 5279 8744
f 5277 5279 8743
f 8744 5280 8745
f 5279 5280 8744
f 8745 5283 8746
f 5280 5283 8745
f 8746 5285 8747
f 5283 5285 8746
f 8747 5290 8748
f 5285 5290 8747
f 8748 5291 8732
f 5290 5291 8748
f 8740 8749 5289
f 5289 8749 5298
f 5332 5303 8750
f 8750 5303 8751
f 8751 5302 8752
f 5303 5302 8751
f 8752 5304 8753
f 5302 5304 8752
f 8753 5305 8754
f 5304 5305 8753
f 8754 5306 8755
f 5305 5306 8754
f 8755 5307 8756
f 5306 5307 8755
f 8756 5308 8757
f 5307 5308 8756
f 8757 5298 8749
f 5308 5298 8757
f 5337 5315 8758
f 8758 5315 8759
f 8759 5317 8760
f 5315 5317 8759
f 8760 5316 8761
f 5317 5316 8760
f 8761 5318 8762
f 5316 5318 8761
f 8762 5333 8763
f 5318 5333 8762
f 8763 5334 8764
f 5333 5334 8763
f 8764 5335 8765
f 5334 5335 8764
f 8765 5332 8750
f 5335 5332 8765
f 5309 5300 8766
f 8766 5300 8767
f 8767 5299 8768
f 5300 5299 8767
f 8768 5296 8769
f 5299 5296 8768
f 8769 5295 8770
f 5296 5295 8769
f 8770 5297 8771
f 5295 5297 8770
f 8771 5301 8772
f 5297 5301 8771
f 8772 5331 8773
f 5301 5331 8772
f 8773 5336 8774
f 5331 5336 8773
f 8774 5338 8775
f 5336 5338 8774
f 8775 5340 8776
f 5338 5340 8775
f 8776 5339 8777
f 5340 5339 8776
f 8777 5337 8758
f 5339 5337 8777
f 5543 5352 8778
f 8778 5352 8779
f 8779 5350 8780
f 5352 5350 8779
f 8780 5345 8781
f 5350 5345 8780
f 8781 5329 8782
f 5345 5329 8781
f 8782 5319 8783
f 5329 5319 8782
f 8783 5311 8784
f 5319 5311 8783
f 8784 5309 8766
f 5311 5309 8784
f 5364 5376 8785
f 8785 5376 8786
f 8786 5377 8787
f 5376 5377 8786
f 8787 5378 8788
f 5377 5378 8787
f 8788 5374 8789
f 5378 5374 8788
f 8789 5373 8790
f 5374 5373 8789
f 8790 5375 8791
f 5373 5375 8790
f 8791 5542 8792
f 5375 5542 8791
f 8792 5543 8778
f 5542 5543 8792
f 5354 8785 8712
f 5364 8785 5354
f 8754 8743 8744
f 8754 8744 8745
f 8755 8743 8754
f 8755 8742 8743
f 8753 8754 8745
f 8753 8745 8746
f 8756 8742 8755
f 8756 8741 8742
f 8752 8753 8746
f 8751 8752 8746
f 8751 8746 8747
f 8751 8747 8748
f 8757 8741 8756
f 8757 8740 8741
f 8749 8740 8757
f 8750 8751 8748
f 8750 8748 8732
f 8765 8750 8732
f 8765 8732 8733
f 8764 8765 8733
f 8763 8764 8733
f 8763 8733 8734
f 8762 8763 8734
f 8762 8734 8735
f 8761 8762 8735
f 8736 8761 8735
f 8760 8761 8736
f 8729 8770 8771
f 8730 8768 8769
f 8730 8769 8770
f 8730 8770 8729
f 8728 8771 8772
f 8728 8729 8771
f 8731 8766 8767
f 8731 8767 8768
f 8731 8768 8730
f 8727 8728 8772
f 8713 8784 8766
f 8713 8766 8731
f 8737 8759 8760
f 8737 8760 8736
f 8714 8783 8784
f 8714 8784 8713
f 8773 8727 8772
f 8715 8782 8783
f 8715 8783 8714
f 8738 8759 8737
f 8739 8758 8759
f 8739 8759 8738
f 8716 8782 8715
f 8781 8782 8716
f 8720 8758 8739
f 8720 8777 8758
f 8717 8781 8716
f 8726 8727 8773
f 8721 8777 8720
f 8721 8776 8777
f 8780 8781 8717
f 8780 8717 8718
f 8725 8773 8774
f 8725 8726 8773
f 8722 8776 8721
f 8724 8725 8774
f 8724 8774 8775
f 8723 8776 8722
f 8723 8724 8775
f 8723 8775 8776
f 8779 8780 8718
f 8779 8718 8719
f 8778 8719 8704
f 8778 8779 8719
f 8785 8711 8712
f 8792 8704 8705
f 8792 8778 8704
f 8791 8705 8706
f 8791 8792 8705
f 8786 8709 8710
f 8786 8710 8711
f 8786 8711 8785
f 8790 8791 8706
f 8787 8708 8709
f 8787 8709 8786
f 8789 8706 8707
f 8789 8790 8706
f 8788 8707 8708
f 8788 8708 8787
f 8788 8789 8707
f 8793 8794 5281
f 5281 8794 5330
f 5310 5330 8795
f 8795 5330 8794
f 5293 8795 8796
f 5310 8795 5293
f 5294 5293 8797
f 8797 5293 8796
f 8797 8798 5294
f 5294 8798 5292
f 5286 5292 8799
f 8799 5292 8798
f 5287 8799 8800
f 5286 8799 5287
f 5288 5287 8801
f 8801 5287 8800
f 8801 8802 5288
f 5288 8802 5278
f 5274 5278 8803
f 8803 5278 8802
f 5275 8803 8804
f 5274 8803 5275
f 8793 5281 8804
f 8804 5281 5275
f 8800 8804 8801
f 8803 8801 8804
f 8802 8801 8803
f 8793 8804 8800
f 8793 8800 8797
f 8796 8793 8797
f 8798 8800 8799
f 8798 8797 8800
f 8794 8796 8795
f 8794 8793 8796
f 8698 8700 8699
f 8698 8701 8700
f 8697 8701 8698
f 8696 8702 8701
f 8696 8701 8697
f 8687 8684 8685
f 8687 8685 8703
f 8687 8686 8684
f 8695 8703 8702
f 8695 8702 8696
f 8688 8695 8694
f 8688 8687 8703
f 8688 8703 8695
f 8693 8688 8694
f 8689 8693 8692
f 8689 8688 8693
f 8691 8689 8692
f 8690 8689 8691

g Solid_51
usemtl Solid_51
f 8805 8806 8807
f 8807 8806 8808
f 8809 8810 8811
f 8811 8810 8812
f 8813 8814 8815
f 8816 8814 8813
f 8817 8818 8819
f 8820 8818 8817
f 8814 8821 8822
f 8814 8822 8823
f 8820 8823 8824
f 8820 8824 8825
f 8820 8825 8826
f 8820 8814 8823
f 8815 8814 8820
f 8827 8828 8815
f 8829 8830 8827
f 8829 8827 8815
f 8817 8815 8820
f 8831 8817 8832
f 8831 8832 8833
f 8831 8833 8834
f 8806 8831 8835
f 8806 8835 8836
f 8806 8817 8831
f 8837 8838 8839
f 8812 8840 8837
f 8812 8839 8829
f 8812 8829 8815
f 8812 8815 8817
f 8812 8817 8806
f 8812 8837 8839
f 8805 8811 8812
f 8805 8812 8806
f 8841 8842 8811
f 8841 8811 8805
f 8843 8841 8844
f 8843 8845 8846
f 8843 8846 8842
f 8843 8842 8841
f 8847 8816 8848
f 8849 8816 8847
f 8850 8818 8851
f 8852 8818 8850
f 8848 8818 8852
f 8816 8818 8848
f 8816 8813 8818
f 8853 8854 8813
f 8855 8856 8854
f 8854 8856 8813
f 8813 8819 8818
f 8857 8858 8859
f 8860 8858 8857
f 8819 8858 8860
f 8861 8808 8862
f 8858 8808 8861
f 8819 8808 8858
f 8863 8864 8865
f 8864 8866 8865
f 8865 8810 8856
f 8856 8810 8813
f 8813 8810 8819
f 8819 8810 8808
f 8866 8810 8865
f 8809 8807 8810
f 8810 8807 8808
f 8867 8868 8809
f 8809 8868 8807
f 8869 8870 8867
f 8871 8870 8872
f 8868 8870 8871
f 8867 8870 8868
f 8865 8829 8839
f 8856 8829 8865
f 8821 8814 8816
f 8821 8816 8849
f 8822 8849 8847
f 8822 8821 8849
f 8823 8847 8848
f 8823 8822 8847
f 8824 8848 8852
f 8824 8823 8848
f 8825 8852 8850
f 8825 8824 8852
f 8826 8850 8851
f 8826 8825 8850
f 8820 8851 8818
f 8820 8826 8851
f 8830 8829 8856
f 8830 8856 8855
f 8827 8855 8854
f 8827 8830 8855
f 8828 8854 8853
f 8828 8827 8854
f 8815 8853 8813
f 8815 8828 8853
f 8863 8865 8839
f 8863 8839 8838
f 8864 8838 8837
f 8864 8863 8838
f 8866 8837 8840
f 8866 8864 8837
f 8810 8840 8812
f 8810 8866 8840
f 8841 8805 8807
f 8841 8807 8868
f 8844 8868 8871
f 8844 8841 8868
f 8843 8871 8872
f 8843 8844 8871
f 8845 8872 8870
f 8845 8843 8872
f 8846 8870 8869
f 8846 8845 8870
f 8842 8869 8867
f 8842 8846 8869
f 8811 8867 8809
f 8811 8842 8867
f 8832 8817 8819
f 8832 8819 8860
f 8833 8860 8857
f 8833 8832 8860
f 8834 8857 8859
f 8834 8833 8857
f 8831 8859 8858
f 8831 8834 8859
f 8835 8858 8861
f 8835 8831 8858
f 8836 8861 8862
f 8836 8835 8861
f 8806 8862 8808
f 8806 8836 8862

g Solid_52
usemtl Solid_52
f 8873 8874 8875
f 8873 8876 8874
f 8877 8878 8879
f 8877 8879 8880
f 8874 8876 8877
f 8877 8876 8878
f 8876 8879 8878
f 8873 8879 8876
f 8879 8873 8880
f 8880 8873 8875
f 8877 8880 8874
f 8874 8880 8875

g Solid_53
usemtl Solid_53
f 8881 8882 8883
f 8881 8884 8882
f 8885 8886 8887
f 8885 8887 8888
f 8882 8884 8885
f 8885 8884 8886
f 8884 8887 8886
f 8881 8887 8884
f 8887 8881 8888
f 8888 8881 8883
f 8885 8888 8882
f 8882 8888 8883

g Solid_54
usemtl Solid_54
f 8889 8890 8891
f 8889 8892 8890
f 8893 8894 8895
f 8893 8895 8896
f 8890 8892 8893
f 8893 8892 8894
f 8892 8895 8894
f 8889 8895 8892
f 8895 8889 8896
f 8896 8889 8891
f 8893 8896 8890
f 8890 8896 8891

g Solid_55
usemtl Solid_55
f 8897 8898 8899
f 8897 8900 8898
f 8901 8902 8903
f 8901 8903 8904
f 8898 8900 8901
f 8901 8900 8902
f 8900 8903 8902
f 8897 8903 8900
f 8903 8897 8904
f 8904 8897 8899
f 8901 8904 8898
f 8898 8904 8899

g Solid_56
usemtl Solid_56
f 8905 8906 8907
f 8905 8908 8906
f 8909 8910 8911
f 8909 8911 8912
f 8906 8908 8909
f 8909 8908 8910
f 8908 8911 8910
f 8905 8911 8908
f 8911 8905 8912
f 8912 8905 8907
f 8909 8912 8906
f 8906 8912 8907

g Solid_57
usemtl Solid_57
f 8913 8914 8915
f 8913 8916 8914
f 8917 8918 8919
f 8917 8919 8920
f 8914 8916 8917
f 8917 8916 8918
f 8916 8919 8918
f 8913 8919 8916
f 8919 8913 8920
f 8920 8913 8915
f 8917 8920 8914
f 8914 8920 8915

g Solid_58
usemtl Solid_58
f 8921 8922 8923
f 8921 8924 8922
f 8925 8926 8927
f 8925 8927 8928
f 8922 8924 8925
f 8925 8924 8926
f 8924 8927 8926
f 8921 8927 8924
f 8927 8921 8928
f 8928 8921 8923
f 8925 8928 8922
f 8922 8928 8923

g Solid_59
usemtl Solid_59
f 8929 8930 8931
f 8929 8932 8930
f 8933 8934 8935
f 8933 8935 8936
f 8930 8932 8933
f 8933 8932 8934
f 8932 8935 8934
f 8929 8935 8932
f 8935 8929 8936
f 8936 8929 8931
f 8933 8936 8930
f 8930 8936 8931

g Solid_60
usemtl Solid_60
f 8937 8938 8939
f 8937 8940 8938
f 8941 8942 8943
f 8941 8943 8944
f 8938 8940 8941
f 8941 8940 8942
f 8940 8943 8942
f 8937 8943 8940
f 8943 8937 8944
f 8944 8937 8939
f 8941 8944 8938
f 8938 8944 8939

g Solid_61
usemtl Solid_61
f 8945 8946 8947
f 8945 8948 8946
f 8949 8950 8951
f 8949 8951 8952
f 8949 8946 8950
f 8950 8946 8948
f 8948 8951 8950
f 8945 8951 8948
f 8951 8945 8952
f 8952 8945 8947
f 8949 8952 8946
f 8946 8952 8947

g Solid_62
usemtl Solid_62
f 8953 8954 8955
f 8953 8956 8954
f 8957 8958 8959
f 8957 8959 8960
f 8957 8954 8958
f 8958 8954 8956
f 8959 8958 8953
f 8953 8958 8956
f 8959 8953 8960
f 8960 8953 8955
f 8957 8960 8954
f 8954 8960 8955

g Solid_63
usemtl Solid_63
f 8961 8962 8963
f 8961 8964 8962
f 8965 8966 8967
f 8965 8967 8968
f 8965 8962 8966
f 8966 8962 8964
f 8967 8966 8961
f 8961 8966 8964
f 8967 8961 8968
f 8968 8961 8963
f 8965 8968 8962
f 8962 8968 8963

g Solid_64
usemtl Solid_64
f 8969 8970 8971
f 8969 8972 8970
f 8969 8973 8972
f 8969 8974 8973
f 8969 8975 8974
f 8969 8976 8975
f 8969 8977 8976
f 8969 8978 8977
f 8969 8979 8978
f 8969 8980 8979
f 8969 8981 8980
f 8969 8982 8981
f 8983 8984 8985
f 8986 8983 8987
f 8988 8989 8984
f 8988 8990 8989
f 8988 8971 8990
f 8988 8969 8971
f 8991 8988 8984
f 8992 8986 8993
f 8992 8993 8994
f 8995 8996 8991
f 8995 8992 8997
f 8995 8984 8983
f 8995 8983 8986
f 8995 8986 8992
f 8995 8991 8984
f 8998 8999 9000
f 9001 9000 9002
f 9001 9002 9003
f 9001 8998 9000
f 9004 9005 9001
f 9006 9007 9004
f 9006 9004 9001
f 9008 9003 9009
f 9008 9010 9011
f 9008 9011 9012
f 9008 9012 9006
f 9008 9001 9003
f 9008 9006 9001
f 9013 9014 9015
f 9016 9014 9013
f 9017 9009 9014
f 9017 9008 9009
f 9018 9019 9020
f 9018 9020 9021
f 9022 9018 9023
f 9024 9016 9019
f 9024 9025 9026
f 9024 9026 9017
f 9024 9014 9016
f 9024 9018 9022
f 9024 9017 9014
f 9024 9019 9018
f 9014 9009 8971
f 8971 9009 8990
f 8982 8969 9017
f 8982 9017 9026
f 8981 9026 9025
f 8981 8982 9026
f 8980 9025 9024
f 8980 8981 9025
f 8979 9024 9022
f 8979 8980 9024
f 8978 9022 9023
f 8978 8979 9022
f 8977 9023 9018
f 8977 8978 9023
f 8976 9018 9021
f 8976 8977 9018
f 8975 9021 9020
f 8975 8976 9021
f 8974 9020 9019
f 8974 8975 9020
f 8973 9019 9016
f 8973 8974 9019
f 8972 9016 9013
f 8972 8973 9016
f 8970 9013 9015
f 8970 8972 9013
f 8971 9015 9014
f 8971 8970 9015
f 8969 9008 9017
f 8988 9008 8969
f 8994 8993 9005
f 8994 9005 9004
f 8992 9004 9007
f 8992 8994 9004
f 8997 9007 9006
f 8997 8992 9007
f 8995 9006 9012
f 8995 8997 9006
f 8996 9012 9011
f 8996 8995 9012
f 8991 9011 9010
f 8991 8996 9011
f 8988 9010 9008
f 8988 8991 9010
f 8989 8990 9009
f 8989 9009 9003
f 8984 9003 9002
f 8984 8989 9003
f 8985 9002 9000
f 8985 8984 9002
f 8983 9000 8999
f 8983 8985 9000
f 8987 8999 8998
f 8987 8983 8999
f 8986 8998 9001
f 8986 8987 8998
f 8993 9001 9005
f 8993 8986 9001

g Solid_65
usemtl Solid_65
f 9027 9028 9029
f 9027 9030 9028
f 9027 9031 9030
f 9032 9033 9031
f 9032 9034 9033
f 9032 9035 9034
f 9032 9036 9035
f 9032 9037 9036
f 9032 9038 9037
f 9032 9039 9038
f 9032 9040 9039
f 9032 9031 9027
f 9041 9042 9043
f 9041 9044 9042
f 9041 9045 9044
f 9046 9045 9041
f 9047 9027 9045
f 9047 9032 9027
f 9048 9049 9050
f 9051 9048 9052
f 9051 9049 9048
f 9053 9046 9049
f 9053 9054 9047
f 9053 9055 9054
f 9053 9045 9046
f 9053 9047 9045
f 9053 9049 9051
f 9056 9057 9058
f 9059 9058 9060
f 9059 9060 9061
f 9059 9056 9058
f 9062 9063 9059
f 9064 9065 9062
f 9064 9062 9059
f 9066 9061 9067
f 9066 9068 9069
f 9066 9069 9070
f 9066 9070 9064
f 9066 9059 9061
f 9066 9064 9059
f 9071 9072 9073
f 9074 9072 9071
f 9075 9067 9072
f 9075 9066 9067
f 9076 9077 9078
f 9076 9078 9079
f 9080 9076 9081
f 9082 9074 9077
f 9082 9083 9084
f 9082 9084 9075
f 9082 9072 9074
f 9082 9076 9080
f 9082 9075 9072
f 9082 9077 9076
f 9072 9067 9027
f 9027 9067 9045
f 9040 9032 9075
f 9040 9075 9084
f 9039 9084 9083
f 9039 9040 9084
f 9038 9083 9082
f 9038 9039 9083
f 9037 9082 9080
f 9037 9038 9082
f 9036 9080 9081
f 9036 9037 9080
f 9035 9081 9076
f 9035 9036 9081
f 9034 9076 9079
f 9034 9035 9076
f 9033 9079 9078
f 9033 9034 9079
f 9031 9078 9077
f 9031 9033 9078
f 9030 9077 9074
f 9030 9031 9077
f 9028 9074 9071
f 9028 9030 9074
f 9029 9071 9073
f 9029 9028 9071
f 9027 9073 9072
f 9027 9029 9073
f 9032 9066 9075
f 9047 9066 9032
f 9048 9050 9063
f 9048 9063 9062
f 9052 9062 9065
f 9052 9048 9062
f 9051 9065 9064
f 9051 9052 9065
f 9053 9064 9070
f 9053 9051 9064
f 9055 9070 9069
f 9055 9053 9070
f 9054 9069 9068
f 9054 9055 9069
f 9047 9068 9066
f 9047 9054 9068
f 9044 9045 9067
f 9044 9067 9061
f 9042 9061 9060
f 9042 9044 9061
f 9043 9060 9058
f 9043 9042 9060
f 9041 9058 9057
f 9041 9043 9058
f 9046 9057 9056
f 9046 9041 9057
f 9049 9056 9059
f 9049 9046 9056
f 9050 9059 9063
f 9050 9049 9059

g Solid_66
usemtl Solid_66
f 9085 9086 9087
f 9085 9088 9086
f 9089 9090 9088
f 9089 9091 9090
f 9089 9092 9091
f 9089 9093 9092
f 9089 9094 9093
f 9089 9095 9094
f 9089 9096 9095
f 9089 9097 9096
f 9089 9098 9097
f 9089 9088 9085
f 9099 9100 9101
f 9102 9103 9100
f 9102 9104 9103
f 9102 9085 9104
f 9102 9089 9085
f 9105 9106 9107
f 9108 9102 9100
f 9109 9110 9106
f 9109 9099 9110
f 9109 9105 9111
f 9109 9100 9099
f 9109 9106 9105
f 9109 9108 9100
f 9112 9111 9113
f 9112 9109 9111
f 9114 9115 9116
f 9114 9116 9117
f 9114 9117 9118
f 9119 9120 9121
f 9119 9121 9115
f 9119 9115 9114
f 9122 9119 9123
f 9122 9123 9124
f 9122 9124 9125
f 9122 9126 9127
f 9122 9127 9120
f 9122 9120 9119
f 9128 9126 9122
f 9129 9130 9131
f 9132 9133 9134
f 9132 9134 9129
f 9132 9129 9131
f 9135 9131 9136
f 9135 9136 9126
f 9135 9126 9128
f 9137 9135 9138
f 9139 9140 9141
f 9139 9141 9132
f 9142 9131 9135
f 9142 9132 9131
f 9142 9135 9137
f 9142 9139 9132
f 9135 9128 9085
f 9085 9128 9104
f 9098 9089 9136
f 9098 9136 9131
f 9097 9131 9130
f 9097 9098 9131
f 9096 9130 9129
f 9096 9097 9130
f 9095 9129 9134
f 9095 9096 9129
f 9094 9134 9133
f 9094 9095 9134
f 9093 9133 9132
f 9093 9094 9133
f 9092 9132 9141
f 9092 9093 9132
f 9091 9141 9140
f 9091 9092 9141
f 9090 9140 9139
f 9090 9091 9140
f 9088 9139 9142
f 9088 9090 9139
f 9086 9142 9137
f 9086 9088 9142
f 9087 9137 9138
f 9087 9086 9137
f 9085 9138 9135
f 9085 9087 9138
f 9089 9126 9136
f 9102 9126 9089
f 9105 9107 9118
f 9105 9118 9117
f 9111 9117 9116
f 9111 9105 9117
f 9113 9116 9115
f 9113 9111 9116
f 9112 9115 9121
f 9112 9113 9115
f 9109 9121 9120
f 9109 9112 9121
f 9108 9120 9127
f 9108 9109 9120
f 9102 9127 9126
f 9102 9108 9127
f 9103 9104 9128
f 9103 9128 9122
f 9100 9122 9125
f 9100 9103 9122
f 9101 9125 9124
f 9101 9100 9125
f 9099 9124 9123
f 9099 9101 9124
f 9110 9123 9119
f 9110 9099 9123
f 9106 9119 9114
f 9106 9110 9119
f 9107 9114 9118
f 9107 9106 9114

g Solid_67
usemtl Solid_67
f 9143 9144 9145
f 9143 9146 9144
f 9147 9148 9149
f 9147 9149 9150
f 9147 9144 9148
f 9148 9144 9146
f 9149 9148 9143
f 9143 9148 9146
f 9149 9143 9150
f 9150 9143 9145
f 9147 9150 9144
f 9144 9150 9145

g Solid_68
usemtl Solid_68
f 9151 9152 9153
f 9151 9154 9152
f 9155 9156 9157
f 9155 9158 9156
f 9157 9152 9155
f 9155 9152 9154
f 9154 9158 9155
f 9151 9158 9154
f 9158 9151 9156
f 9156 9151 9153
f 9157 9156 9152
f 9152 9156 9153

g Solid_69
usemtl Solid_69
f 9159 9160 9161
f 9159 9162 9160
f 9163 9164 9165
f 9163 9165 9166
f 9163 9160 9164
f 9164 9160 9162
f 9165 9164 9159
f 9159 9164 9162
f 9165 9159 9166
f 9166 9159 9161
f 9163 9166 9160
f 9160 9166 9161

g Solid_70
usemtl Solid_70
f 9167 9168 9169
f 9167 9170 9168
f 9171 9172 9173
f 9171 9174 9172
f 9168 9170 9173
f 9173 9170 9171
f 9170 9174 9171
f 9167 9174 9170
f 9172 9174 9169
f 9169 9174 9167
f 9173 9172 9168
f 9168 9172 9169

g Solid_71
usemtl Solid_71
f 9175 9176 9177
f 9178 9175 9177
f 9179 9175 9178
f 9180 9181 9182
f 9183 9180 9182
f 9184 9180 9183
f 9184 9183 9176
f 9176 9183 9177
f 9184 9176 9180
f 9180 9176 9175
f 9181 9180 9179
f 9179 9180 9175
f 9181 9179 9182
f 9182 9179 9178
f 9182 9178 9183
f 9183 9178 9177

g Solid_72
usemtl Solid_72
f 9185 9186 9187
f 9185 9188 9186
f 9189 9190 9191
f 9189 9191 9192
f 9189 9186 9190
f 9190 9186 9188
f 9191 9190 9185
f 9185 9190 9188
f 9191 9185 9192
f 9192 9185 9187
f 9189 9192 9186
f 9186 9192 9187

g Solid_73
usemtl Solid_73
f 9193 9194 9195
f 9196 9194 9193
f 9197 9198 9199
f 9200 9197 9199
f 9195 9197 9200
f 9194 9197 9195
f 9194 9196 9197
f 9196 9198 9197
f 9199 9198 9193
f 9193 9198 9196
f 9199 9193 9200
f 9200 9193 9195

g Solid_74
usemtl Solid_74
f 9201 9202 9203
f 9201 9203 9204
f 9205 9206 9207
f 9208 9205 9207
f 9204 9205 9208
f 9203 9205 9204
f 9203 9206 9205
f 9202 9206 9203
f 9207 9206 9201
f 9201 9206 9202
f 9207 9201 9208
f 9208 9201 9204

g Solid_75
usemtl Solid_75
f 9209 9210 9211
f 9209 9212 9210
f 9213 9214 9215
f 9213 9216 9214
f 9210 9212 9215
f 9215 9212 9213
f 9216 9213 9209
f 9209 9213 9212
f 9214 9216 9211
f 9211 9216 9209
f 9215 9214 9210
f 9210 9214 9211

g Solid_76
usemtl Solid_76
f 9217 9218 9219
f 9217 9220 9218
f 9221 9222 9223
f 9221 9224 9222
f 9218 9220 9223
f 9223 9220 9221
f 9224 9221 9217
f 9217 9221 9220
f 9222 9224 9219
f 9219 9224 9217
f 9223 9222 9218
f 9218 9222 9219

g Solid_77
usemtl Solid_77
f 9225 9226 9227
f 9225 9228 9226
f 9229 9230 9231
f 9229 9231 9232
f 9226 9228 9229
f 9229 9228 9230
f 9231 9230 9225
f 9225 9230 9228
f 9232 9231 9227
f 9227 9231 9225
f 9229 9232 9226
f 9226 9232 9227

g Solid_78
usemtl Solid_78
f 9233 9234 9235
f 9233 9236 9234
f 9237 9238 9239
f 9237 9239 9240
f 9237 9234 9238
f 9238 9234 9236
f 9239 9238 9233
f 9233 9238 9236
f 9239 9233 9240
f 9240 9233 9235
f 9237 9240 9234
f 9234 9240 9235

g Solid_79
usemtl Solid_79
f 9241 9242 9243
f 9241 9244 9242
f 9245 9246 9247
f 9245 9247 9248
f 9245 9242 9246
f 9246 9242 9244
f 9244 9247 9246
f 9241 9247 9244
f 9247 9241 9248
f 9248 9241 9243
f 9245 9248 9242
f 9242 9248 9243

g Solid_80
usemtl Solid_80
f 9249 9250 9251
f 9249 9251 9252
f 9253 9254 9255
f 9253 9255 9256
f 9252 9254 9253
f 9251 9254 9252
f 9251 9255 9254
f 9250 9255 9251
f 9256 9255 9249
f 9249 9255 9250
f 9256 9249 9253
f 9253 9249 9252

g Solid_81
usemtl Solid_81
f 9257 9258 9259
f 9260 9257 9259
f 9261 9262 9263
f 9261 9263 9264
f 9259 9264 9263
f 9258 9264 9259
f 9258 9261 9264
f 9257 9261 9258
f 9262 9261 9260
f 9260 9261 9257
f 9262 9260 9263
f 9263 9260 9259

g Solid_82
usemtl Solid_82
f 9265 9266 9267
f 9265 9268 9266
f 9269 9270 9271
f 9269 9271 9272
f 9269 9266 9270
f 9270 9266 9268
f 9268 9271 9270
f 9265 9271 9268
f 9271 9265 9272
f 9272 9265 9267
f 9269 9272 9266
f 9266 9272 9267

g Solid_83
usemtl Solid_83
f 9273 9274 9275
f 9273 9276 9274
f 9277 9278 9279
f 9277 9279 9280
f 9277 9274 9278
f 9278 9274 9276
f 9276 9279 9278
f 9273 9279 9276
f 9279 9273 9280
f 9280 9273 9275
f 9277 9280 9274
f 9274 9280 9275

g Solid_84
usemtl Solid_84
f 9281 9282 9283
f 9281 9284 9282
f 9285 9286 9287
f 9285 9288 9286
f 9282 9284 9287
f 9287 9284 9285
f 9288 9285 9281
f 9281 9285 9284
f 9286 9288 9283
f 9283 9288 9281
f 9287 9286 9282
f 9282 9286 9283

g Solid_85
usemtl Solid_85
f 9289 9290 9291
f 9289 9292 9290
f 9293 9294 9295
f 9293 9296 9294
f 9290 9292 9295
f 9295 9292 9293
f 9296 9293 9289
f 9289 9293 9292
f 9294 9296 9291
f 9291 9296 9289
f 9295 9294 9290
f 9290 9294 9291

g Solid_86
usemtl Solid_86
f 9297 9298 9299
f 9297 9300 9298
f 9301 9302 9303
f 9301 9303 9304
f 9298 9300 9301
f 9301 9300 9302
f 9303 9302 9297
f 9297 9302 9300
f 9304 9303 9299
f 9299 9303 9297
f 9301 9304 9298
f 9298 9304 9299

g Solid_87
usemtl Solid_87
f 9305 9306 9307
f 9305 9308 9306
f 9309 9310 9311
f 9309 9312 9310
f 9306 9308 9311
f 9311 9308 9309
f 9312 9309 9305
f 9305 9309 9308
f 9310 9312 9307
f 9307 9312 9305
f 9311 9310 9306
f 9306 9310 9307

g Solid_88
usemtl Solid_88
f 9313 9314 9315
f 9313 9316 9314
f 9317 9318 9319
f 9317 9319 9320
f 9314 9316 9317
f 9317 9316 9318
f 9319 9318 9313
f 9313 9318 9316
f 9320 9319 9315
f 9315 9319 9313
f 9317 9320 9314
f 9314 9320 9315

g Solid_89
usemtl Solid_89
f 9321 9322 9323
f 9324 9321 9323
f 9325 9326 9327
f 9325 9327 9328
f 9323 9326 9325
f 9322 9326 9323
f 9322 9327 9326
f 9321 9327 9322
f 9328 9327 9324
f 9324 9327 9321
f 9325 9328 9323
f 9328 9324 9323

g Solid_90
usemtl Solid_90
f 9329 9330 9331
f 9332 9329 9331
f 9333 9334 9335
f 9333 9335 9336
f 9331 9330 9333
f 9330 9334 9333
f 9330 9329 9334
f 9329 9335 9334
f 9336 9335 9332
f 9332 9335 9329
f 9333 9336 9331
f 9336 9332 9331

g Solid_91
usemtl Solid_91
f 9337 9338 9339
f 9337 9340 9338
f 9341 9342 9343
f 9341 9343 9344
f 9338 9344 9343
f 9340 9344 9338
f 9340 9341 9344
f 9337 9341 9340
f 9342 9337 9339
f 9342 9341 9337
f 9342 9339 9343
f 9343 9339 9338

g Solid_92
usemtl Solid_92
f 9345 9346 9347
f 9345 9348 9346
f 9345 9349 9348
f 9345 9350 9349
f 9345 9351 9350
f 9345 9352 9351
f 9345 9353 9352
f 9345 9354 9353
f 9345 9355 9354
f 9345 9356 9355
f 9345 9357 9356
f 9345 9358 9357
f 9359 9360 9361
f 9359 9362 9360
f 9359 9363 9362
f 9364 9365 9363
f 9364 9347 9365
f 9364 9345 9347
f 9366 9367 9368
f 9366 9369 9370
f 9366 9368 9369
f 9371 9359 9367
f 9371 9372 9364
f 9371 9373 9372
f 9371 9363 9359
f 9371 9364 9363
f 9371 9367 9366
f 9374 9375 9376
f 9374 9376 9377
f 9374 9377 9378
f 9374 9378 9379
f 9374 9379 9380
f 9374 9380 9381
f 9374 9381 9382
f 9374 9383 9384
f 9374 9384 9385
f 9374 9385 9386
f 9374 9386 9387
f 9374 9387 9388
f 9374 9388 9375
f 9389 9374 9382
f 9390 9374 9389
f 9391 9389 9392
f 9391 9392 9393
f 9391 9393 9394
f 9391 9394 9395
f 9391 9395 9396
f 9391 9396 9397
f 9391 9397 9398
f 9391 9398 9399
f 9391 9399 9400
f 9391 9401 9402
f 9391 9402 9390
f 9391 9390 9389
f 9389 9382 9347
f 9347 9382 9365
f 9358 9345 9390
f 9358 9390 9402
f 9357 9402 9401
f 9357 9358 9402
f 9356 9401 9391
f 9356 9357 9401
f 9355 9391 9400
f 9355 9356 9391
f 9354 9400 9399
f 9354 9355 9400
f 9353 9399 9398
f 9353 9354 9399
f 9352 9398 9397
f 9352 9353 9398
f 9351 9397 9396
f 9351 9352 9397
f 9350 9396 9395
f 9350 9351 9396
f 9349 9395 9394
f 9349 9350 9395
f 9348 9394 9393
f 9348 9349 9394
f 9346 9393 9392
f 9346 9348 9393
f 9347 9392 9389
f 9347 9346 9392
f 9374 9390 9364
f 9364 9390 9345
f 9369 9368 9375
f 9369 9375 9388
f 9370 9388 9387
f 9370 9369 9388
f 9366 9387 9386
f 9366 9370 9387
f 9371 9386 9385
f 9371 9366 9386
f 9373 9385 9384
f 9373 9371 9385
f 9372 9384 9383
f 9372 9373 9384
f 9364 9383 9374
f 9364 9372 9383
f 9363 9365 9382
f 9363 9382 9381
f 9362 9381 9380
f 9362 9363 9381
f 9360 9380 9379
f 9360 9362 9380
f 9361 9379 9378
f 9361 9360 9379
f 9359 9378 9377
f 9359 9361 9378
f 9367 9377 9376
f 9367 9359 9377
f 9368 9376 9375
f 9368 9367 9376

g Solid_93
usemtl Solid_93
f 9403 9404 9405
f 9403 9406 9404
f 9407 9408 9409
f 9407 9410 9408
f 9404 9406 9409
f 9409 9406 9407
f 9406 9410 9407
f 9403 9410 9406
f 9408 9410 9405
f 9405 9410 9403
f 9409 9408 9404
f 9404 9408 9405

g Solid_94
usemtl Solid_94
f 9411 9412 9413
f 9411 9414 9412
f 9415 9416 9417
f 9415 9417 9418
f 9412 9414 9415
f 9415 9414 9416
f 9417 9416 9411
f 9411 9416 9414
f 9418 9417 9413
f 9413 9417 9411
f 9415 9418 9412
f 9412 9418 9413

g Solid_95
usemtl Solid_95
f 9419 9420 9421
f 9419 9422 9420
f 9423 9424 9425
f 9423 9426 9424
f 9420 9422 9425
f 9425 9422 9423
f 9422 9426 9423
f 9419 9426 9422
f 9424 9426 9421
f 9421 9426 9419
f 9425 9424 9420
f 9420 9424 9421

g Solid_96
usemtl Solid_96
f 9427 9428 9429
f 9427 9430 9428
f 9431 9432 9433
f 9431 9433 9434
f 9428 9430 9431
f 9431 9430 9432
f 9433 9432 9427
f 9427 9432 9430
f 9434 9433 9429
f 9429 9433 9427
f 9431 9434 9428
f 9428 9434 9429

g Solid_97
usemtl Solid_97
f 9435 9436 9437
f 9435 9438 9436
f 9439 9440 9441
f 9439 9441 9442
f 9436 9438 9439
f 9439 9438 9440
f 9441 9440 9435
f 9435 9440 9438
f 9442 9441 9437
f 9437 9441 9435
f 9439 9442 9436
f 9436 9442 9437

g Solid_98
usemtl Solid_98
f 9443 9444 9445
f 9443 9446 9444
f 9447 9448 9449
f 9447 9450 9448
f 9444 9446 9449
f 9449 9446 9447
f 9446 9450 9447
f 9443 9450 9446
f 9448 9450 9445
f 9445 9450 9443
f 9449 9448 9444
f 9444 9448 9445

g Solid_99
usemtl Solid_99
f 9451 9452 9453
f 9451 9454 9452
f 9455 9456 9457
f 9455 9457 9458
f 9452 9454 9455
f 9455 9454 9456
f 9457 9456 9451
f 9451 9456 9454
f 9458 9457 9453
f 9453 9457 9451
f 9455 9458 9452
f 9452 9458 9453

g Solid_100
usemtl Solid_100
f 9459 9460 9461
f 9459 9462 9460
f 9463 9464 9465
f 9463 9466 9464
f 9460 9462 9465
f 9465 9462 9463
f 9462 9466 9463
f 9459 9466 9462
f 9464 9466 9461
f 9461 9466 9459
f 9465 9464 9460
f 9460 9464 9461

g Solid_101
usemtl Solid_101
f 9467 9468 9469
f 9467 9470 9468
f 9471 9472 9473
f 9471 9473 9474
f 9468 9470 9471
f 9471 9470 9472
f 9473 9472 9467
f 9467 9472 9470
f 9474 9473 9469
f 9469 9473 9467
f 9471 9474 9468
f 9468 9474 9469

g Solid_102
usemtl Solid_102
f 9475 9476 9477
f 9475 9478 9476
f 9479 9480 9481
f 9479 9481 9482
f 9476 9478 9479
f 9479 9478 9480
f 9481 9480 9475
f 9475 9480 9478
f 9482 9481 9477
f 9477 9481 9475
f 9479 9482 9476
f 9476 9482 9477

g Solid_103
usemtl Solid_103
f 9483 9484 9485
f 9483 9486 9484
f 9487 9488 9489
f 9487 9490 9488
f 9484 9486 9489
f 9489 9486 9487
f 9486 9490 9487
f 9483 9490 9486
f 9488 9490 9485
f 9485 9490 9483
f 9489 9488 9484
f 9484 9488 9485

g Solid_104
usemtl Solid_104
f 9491 9492 9493
f 9491 9494 9492
f 9495 9496 9497
f 9495 9498 9496
f 9492 9494 9497
f 9497 9494 9495
f 9494 9498 9495
f 9491 9498 9494
f 9496 9498 9493
f 9493 9498 9491
f 9497 9496 9492
f 9492 9496 9493

g Solid_105
usemtl Solid_105
f 9499 9500 9501
f 9499 9502 9500
f 9503 9504 9505
f 9503 9505 9506
f 9500 9502 9503
f 9503 9502 9504
f 9505 9504 9499
f 9499 9504 9502
f 9506 9505 9501
f 9501 9505 9499
f 9503 9506 9500
f 9500 9506 9501

g Solid_106
usemtl Solid_106
f 9507 9508 9509
f 9510 9507 9509
f 9511 9512 9513
f 9511 9513 9514
f 9509 9514 9513
f 9508 9514 9509
f 9508 9511 9514
f 9507 9511 9508
f 9512 9511 9510
f 9510 9511 9507
f 9512 9510 9513
f 9513 9510 9509

g Solid_107
usemtl Solid_107
f 9515 9516 9517
f 9518 9516 9515
f 9519 9520 9521
f 9522 9520 9519
f 9517 9522 9519
f 9516 9522 9517
f 9516 9518 9522
f 9518 9520 9522
f 9521 9518 9515
f 9521 9520 9518
f 9521 9515 9519
f 9519 9515 9517

g Solid_108
usemtl Solid_108
f 9523 9524 9525
f 9526 9524 9523
f 9527 9528 9529
f 9527 9530 9528
f 9525 9527 9529
f 9524 9527 9525
f 9524 9530 9527
f 9526 9530 9524
f 9528 9530 9523
f 9523 9530 9526
f 9529 9528 9525
f 9528 9523 9525

g Solid_109
usemtl Solid_109
f 9531 9532 9533
f 9531 9534 9532
f 9531 9535 9534
f 9531 9536 9535
f 9531 9537 9536
f 9531 9538 9537
f 9531 9539 9538
f 9531 9540 9539
f 9531 9541 9540
f 9531 9542 9541
f 9531 9543 9542
f 9531 9544 9543
f 9545 9546 9547
f 9545 9547 9544
f 9545 9544 9531
f 9548 9549 9546
f 9548 9550 9549
f 9548 9551 9550
f 9548 9552 9551
f 9548 9553 9552
f 9548 9554 9553
f 9548 9555 9554
f 9548 9556 9555
f 9548 9557 9558
f 9548 9545 9557
f 9548 9546 9545
f 9559 9560 9561
f 9559 9561 9562
f 9559 9562 9563
f 9559 9563 9564
f 9559 9564 9565
f 9559 9565 9566
f 9559 9566 9567
f 9559 9567 9568
f 9559 9568 9569
f 9559 9569 9570
f 9559 9570 9571
f 9559 9571 9572
f 9573 9559 9572
f 9574 9575 9576
f 9577 9559 9573
f 9578 9577 9573
f 9579 9573 9580
f 9579 9580 9581
f 9579 9581 9582
f 9579 9582 9575
f 9579 9574 9583
f 9579 9583 9584
f 9579 9584 9585
f 9579 9586 9578
f 9579 9575 9574
f 9579 9578 9573
f 9577 9544 9559
f 9559 9544 9547
f 9557 9545 9572
f 9557 9572 9571
f 9558 9571 9570
f 9558 9557 9571
f 9548 9570 9569
f 9548 9558 9570
f 9556 9569 9568
f 9556 9548 9569
f 9555 9568 9567
f 9555 9556 9568
f 9554 9567 9566
f 9554 9555 9567
f 9553 9566 9565
f 9553 9554 9566
f 9552 9565 9564
f 9552 9553 9565
f 9551 9564 9563
f 9551 9552 9564
f 9550 9563 9562
f 9550 9551 9563
f 9549 9562 9561
f 9549 9550 9562
f 9546 9561 9560
f 9546 9549 9561
f 9547 9560 9559
f 9547 9546 9560
f 9572 9545 9573
f 9573 9545 9531
f 9543 9544 9577
f 9543 9577 9578
f 9542 9578 9586
f 9542 9543 9578
f 9541 9586 9579
f 9541 9542 9586
f 9540 9579 9585
f 9540 9541 9579
f 9539 9585 9584
f 9539 9540 9585
f 9538 9584 9583
f 9538 9539 9584
f 9537 9583 9574
f 9537 9538 9583
f 9536 9574 9576
f 9536 9537 9574
f 9535 9576 9575
f 9535 9536 9576
f 9534 9575 9582
f 9534 9535 9575
f 9532 9582 9581
f 9532 9534 9582
f 9533 9581 9580
f 9533 9532 9581
f 9531 9580 9573
f 9531 9533 9580

g Solid_110
usemtl Solid_110
f 9587 9588 9589
f 9587 9590 9588
f 9591 9592 9593
f 9591 9593 9594
f 9591 9588 9592
f 9592 9588 9590
f 9590 9593 9592
f 9587 9593 9590
f 9593 9587 9594
f 9594 9587 9589
f 9591 9594 9588
f 9588 9594 9589

g Solid_111
usemtl Solid_111
f 9595 9596 9597
f 9595 9598 9596
f 9599 9600 9601
f 9599 9602 9600
f 9596 9598 9601
f 9601 9598 9599
f 9598 9602 9599
f 9595 9602 9598
f 9600 9602 9597
f 9597 9602 9595
f 9601 9600 9596
f 9596 9600 9597

g Solid_112
usemtl Solid_112
f 9603 9604 9605
f 9603 9606 9604
f 9607 9608 9609
f 9607 9610 9608
f 9604 9606 9609
f 9609 9606 9607
f 9606 9610 9607
f 9603 9610 9606
f 9608 9610 9605
f 9605 9610 9603
f 9609 9608 9604
f 9604 9608 9605

g Solid_113
usemtl Solid_113
f 9611 9612 9613
f 9614 9611 9613
f 9615 9616 9617
f 9618 9616 9615
f 9613 9618 9615
f 9612 9618 9613
f 9612 9616 9618
f 9611 9616 9612
f 9617 9616 9614
f 9614 9616 9611
f 9615 9617 9613
f 9617 9614 9613

g Solid_114
usemtl Solid_114
f 9619 9620 9621
f 9619 9622 9620
f 9623 9624 9625
f 9623 9625 9626
f 9620 9622 9623
f 9623 9622 9624
f 9625 9624 9619
f 9619 9624 9622
f 9626 9625 9621
f 9621 9625 9619
f 9623 9626 9620
f 9620 9626 9621

g Solid_115
usemtl Solid_115
f 9627 9628 9629
f 9627 9630 9628
f 9631 9632 9633
f 9631 9634 9632
f 9628 9630 9633
f 9633 9630 9631
f 9634 9631 9627
f 9627 9631 9630
f 9632 9634 9629
f 9629 9634 9627
f 9633 9632 9628
f 9628 9632 9629

g Solid_116
usemtl Solid_116
f 9635 9636 9637
f 9635 9638 9636
f 9639 9640 9641
f 9639 9641 9642
f 9639 9636 9640
f 9640 9636 9638
f 9641 9640 9635
f 9635 9640 9638
f 9641 9635 9642
f 9642 9635 9637
f 9639 9642 9636
f 9636 9642 9637

g Solid_117
usemtl Solid_117
f 9643 9644 9645
f 9643 9646 9644
f 9647 9648 9649
f 9647 9649 9650
f 9647 9644 9648
f 9648 9644 9646
f 9646 9649 9648
f 9643 9649 9646
f 9649 9643 9650
f 9650 9643 9645
f 9647 9650 9644
f 9644 9650 9645

g Solid_118
usemtl Solid_118
f 9651 9652 9653
f 9651 9654 9652
f 9655 9656 9657
f 9655 9658 9656
f 9657 9652 9655
f 9655 9652 9654
f 9654 9658 9655
f 9651 9658 9654
f 9658 9651 9656
f 9656 9651 9653
f 9657 9656 9652
f 9652 9656 9653

g Solid_119
usemtl Solid_119
f 9659 9660 9661
f 9659 9661 9662
f 9663 9664 9665
f 9663 9665 9666
f 9662 9664 9663
f 9661 9664 9662
f 9661 9665 9664
f 9660 9665 9661
f 9666 9660 9659
f 9666 9665 9660
f 9666 9659 9663
f 9663 9659 9662

g Solid_120
usemtl Solid_120
f 9667 9668 9669
f 9667 9670 9668
f 9671 9672 9673
f 9671 9674 9672
f 9668 9670 9673
f 9673 9670 9671
f 9670 9674 9671
f 9667 9674 9670
f 9672 9674 9669
f 9669 9674 9667
f 9673 9672 9668
f 9668 9672 9669

g Solid_121
usemtl Solid_121
f 9675 9676 9677
f 9675 9678 9676
f 9679 9680 9681
f 9679 9682 9680
f 9676 9678 9681
f 9681 9678 9679
f 9678 9682 9679
f 9675 9682 9678
f 9680 9682 9677
f 9677 9682 9675
f 9681 9680 9676
f 9676 9680 9677

g Solid_122
usemtl Solid_122
f 9683 9684 9685
f 9683 9686 9684
f 9687 9688 9689
f 9687 9689 9690
f 9684 9690 9689
f 9686 9690 9684
f 9686 9687 9690
f 9683 9687 9686
f 9688 9683 9685
f 9688 9687 9683
f 9688 9685 9689
f 9689 9685 9684

g Solid_123
usemtl Solid_123
f 9691 9692 9693
f 9691 9694 9692
f 9695 9696 9697
f 9695 9697 9698
f 9695 9692 9696
f 9696 9692 9694
f 9694 9697 9696
f 9691 9697 9694
f 9697 9691 9698
f 9698 9691 9693
f 9695 9698 9692
f 9692 9698 9693

g Solid_124
usemtl Solid_124
f 9699 9700 9701
f 9699 9702 9700
f 9703 9704 9705
f 9703 9706 9704
f 9705 9700 9703
f 9703 9700 9702
f 9702 9706 9703
f 9699 9706 9702
f 9706 9699 9704
f 9704 9699 9701
f 9705 9704 9700
f 9700 9704 9701

g Solid_125
usemtl Solid_125
f 9707 9708 9709
f 9707 9709 9710
f 9711 9712 9713
f 9711 9714 9712
f 9710 9711 9713
f 9709 9711 9710
f 9709 9714 9711
f 9708 9714 9709
f 9712 9714 9707
f 9707 9714 9708
f 9713 9712 9710
f 9712 9707 9710

g Solid_126
usemtl Solid_126
f 9715 9716 9717
f 9715 9718 9716
f 9715 9719 9718
f 9715 9720 9719
f 9715 9721 9720
f 9715 9722 9721
f 9715 9723 9722
f 9715 9724 9723
f 9715 9725 9724
f 9715 9726 9725
f 9715 9727 9726
f 9715 9728 9727
f 9729 9730 9731
f 9732 9729 9733
f 9734 9735 9730
f 9734 9736 9735
f 9734 9717 9736
f 9734 9715 9717
f 9737 9734 9730
f 9738 9732 9739
f 9738 9739 9740
f 9741 9742 9737
f 9741 9738 9743
f 9741 9730 9729
f 9741 9729 9732
f 9741 9732 9738
f 9741 9737 9730
f 9744 9745 9746
f 9747 9746 9748
f 9747 9748 9749
f 9747 9744 9746
f 9750 9751 9747
f 9752 9753 9750
f 9752 9750 9747
f 9754 9749 9755
f 9754 9756 9757
f 9754 9757 9758
f 9754 9758 9752
f 9754 9747 9749
f 9754 9752 9747
f 9759 9760 9761
f 9762 9760 9759
f 9763 9755 9760
f 9763 9754 9755
f 9764 9765 9766
f 9764 9766 9767
f 9768 9764 9769
f 9770 9762 9765
f 9770 9771 9772
f 9770 9772 9763
f 9770 9760 9762
f 9770 9764 9768
f 9770 9763 9760
f 9770 9765 9764
f 9760 9755 9717
f 9717 9755 9736
f 9728 9715 9763
f 9728 9763 9772
f 9727 9772 9771
f 9727 9728 9772
f 9726 9771 9770
f 9726 9727 9771
f 9725 9770 9768
f 9725 9726 9770
f 9724 9768 9769
f 9724 9725 9768
f 9723 9769 9764
f 9723 9724 9769
f 9722 9764 9767
f 9722 9723 9764
f 9721 9767 9766
f 9721 9722 9767
f 9720 9766 9765
f 9720 9721 9766
f 9719 9765 9762
f 9719 9720 9765
f 9718 9762 9759
f 9718 9719 9762
f 9716 9759 9761
f 9716 9718 9759
f 9717 9761 9760
f 9717 9716 9761
f 9715 9754 9763
f 9734 9754 9715
f 9740 9739 9751
f 9740 9751 9750
f 9738 9750 9753
f 9738 9740 9750
f 9743 9753 9752
f 9743 9738 9753
f 9741 9752 9758
f 9741 9743 9752
f 9742 9758 9757
f 9742 9741 9758
f 9737 9757 9756
f 9737 9742 9757
f 9734 9756 9754
f 9734 9737 9756
f 9735 9736 9755
f 9735 9755 9749
f 9730 9749 9748
f 9730 9735 9749
f 9731 9748 9746
f 9731 9730 9748
f 9729 9746 9745
f 9729 9731 9746
f 9733 9745 9744
f 9733 9729 9745
f 9732 9744 9747
f 9732 9733 9744
f 9739 9747 9751
f 9739 9732 9747

g Solid_127
usemtl Solid_127
f 9773 9774 9775
f 9773 9776 9774
f 9773 9777 9776
f 9778 9779 9777
f 9778 9780 9779
f 9778 9781 9780
f 9778 9782 9781
f 9778 9783 9782
f 9778 9784 9783
f 9778 9785 9784
f 9778 9786 9785
f 9778 9777 9773
f 9787 9788 9789
f 9787 9790 9788
f 9787 9791 9790
f 9792 9791 9787
f 9793 9773 9791
f 9793 9778 9773
f 9794 9795 9796
f 9797 9794 9798
f 9797 9795 9794
f 9799 9792 9795
f 9799 9800 9793
f 9799 9801 9800
f 9799 9791 9792
f 9799 9793 9791
f 9799 9795 9797
f 9802 9803 9804
f 9805 9804 9806
f 9805 9806 9807
f 9805 9802 9804
f 9808 9809 9805
f 9810 9811 9808
f 9810 9808 9805
f 9812 9807 9813
f 9812 9814 9815
f 9812 9815 9816
f 9812 9816 9810
f 9812 9805 9807
f 9812 9810 9805
f 9817 9818 9819
f 9820 9818 9817
f 9821 9813 9818
f 9821 9812 9813
f 9822 9823 9824
f 9822 9824 9825
f 9826 9822 9827
f 9828 9820 9823
f 9828 9829 9830
f 9828 9830 9821
f 9828 9818 9820
f 9828 9822 9826
f 9828 9821 9818
f 9828 9823 9822
f 9818 9813 9773
f 9773 9813 9791
f 9786 9778 9821
f 9786 9821 9830
f 9785 9830 9829
f 9785 9786 9830
f 9784 9829 9828
f 9784 9785 9829
f 9783 9828 9826
f 9783 9784 9828
f 9782 9826 9827
f 9782 9783 9826
f 9781 9827 9822
f 9781 9782 9827
f 9780 9822 9825
f 9780 9781 9822
f 9779 9825 9824
f 9779 9780 9825
f 9777 9824 9823
f 9777 9779 9824
f 9776 9823 9820
f 9776 9777 9823
f 9774 9820 9817
f 9774 9776 9820
f 9775 9817 9819
f 9775 9774 9817
f 9773 9819 9818
f 9773 9775 9819
f 9778 9812 9821
f 9793 9812 9778
f 9794 9796 9809
f 9794 9809 9808
f 9798 9808 9811
f 9798 9794 9808
f 9797 9811 9810
f 9797 9798 9811
f 9799 9810 9816
f 9799 9797 9810
f 9801 9816 9815
f 9801 9799 9816
f 9800 9815 9814
f 9800 9801 9815
f 9793 9814 9812
f 9793 9800 9814
f 9790 9791 9813
f 9790 9813 9807
f 9788 9807 9806
f 9788 9790 9807
f 9789 9806 9804
f 9789 9788 9806
f 9787 9804 9803
f 9787 9789 9804
f 9792 9803 9802
f 9792 9787 9803
f 9795 9802 9805
f 9795 9792 9802
f 9796 9805 9809
f 9796 9795 9805

g Solid_128
usemtl Solid_128
f 9831 9832 9833
f 9831 9834 9832
f 9835 9836 9834
f 9835 9837 9836
f 9835 9838 9837
f 9835 9839 9838
f 9835 9840 9839
f 9835 9841 9840
f 9835 9842 9841
f 9835 9843 9842
f 9835 9844 9843
f 9835 9834 9831
f 9845 9846 9847
f 9848 9849 9846
f 9848 9850 9849
f 9848 9831 9850
f 9848 9835 9831
f 9851 9852 9853
f 9854 9848 9846
f 9855 9856 9852
f 9855 9845 9856
f 9855 9851 9857
f 9855 9846 9845
f 9855 9852 9851
f 9855 9854 9846
f 9858 9857 9859
f 9858 9855 9857
f 9860 9861 9862
f 9860 9862 9863
f 9860 9863 9864
f 9865 9866 9867
f 9865 9867 9861
f 9865 9861 9860
f 9868 9865 9869
f 9868 9869 9870
f 9868 9870 9871
f 9868 9872 9873
f 9868 9873 9866
f 9868 9866 9865
f 9874 9872 9868
f 9875 9876 9877
f 9878 9879 9880
f 9878 9880 9875
f 9878 9875 9877
f 9881 9877 9882
f 9881 9882 9872
f 9881 9872 9874
f 9883 9881 9884
f 9885 9886 9887
f 9885 9887 9878
f 9888 9877 9881
f 9888 9878 9877
f 9888 9881 9883
f 9888 9885 9878
f 9881 9874 9831
f 9831 9874 9850
f 9844 9835 9882
f 9844 9882 9877
f 9843 9877 9876
f 9843 9844 9877
f 9842 9876 9875
f 9842 9843 9876
f 9841 9875 9880
f 9841 9842 9875
f 9840 9880 9879
f 9840 9841 9880
f 9839 9879 9878
f 9839 9840 9879
f 9838 9878 9887
f 9838 9839 9878
f 9837 9887 9886
f 9837 9838 9887
f 9836 9886 9885
f 9836 9837 9886
f 9834 9885 9888
f 9834 9836 9885
f 9832 9888 9883
f 9832 9834 9888
f 9833 9883 9884
f 9833 9832 9883
f 9831 9884 9881
f 9831 9833 9884
f 9835 9872 9882
f 9848 9872 9835
f 9851 9853 9864
f 9851 9864 9863
f 9857 9863 9862
f 9857 9851 9863
f 9859 9862 9861
f 9859 9857 9862
f 9858 9861 9867
f 9858 9859 9861
f 9855 9867 9866
f 9855 9858 9867
f 9854 9866 9873
f 9854 9855 9866
f 9848 9873 9872
f 9848 9854 9873
f 9849 9850 9874
f 9849 9874 9868
f 9846 9868 9871
f 9846 9849 9868
f 9847 9871 9870
f 9847 9846 9871
f 9845 9870 9869
f 9845 9847 9870
f 9856 9869 9865
f 9856 9845 9869
f 9852 9865 9860
f 9852 9856 9865
f 9853 9860 9864
f 9853 9852 9860

g Solid_129
usemtl Solid_129
f 9889 9890 9891
f 9889 9892 9890
f 9889 9893 9892
f 9889 9894 9893
f 9889 9895 9894
f 9889 9896 9895
f 9889 9897 9896
f 9889 9898 9897
f 9889 9899 9898
f 9889 9900 9899
f 9889 9901 9900
f 9889 9902 9901
f 9903 9904 9905
f 9906 9903 9907
f 9908 9909 9904
f 9908 9910 9909
f 9908 9891 9910
f 9908 9889 9891
f 9908 9904 9903
f 9908 9903 9906
f 9911 9906 9912
f 9911 9912 9913
f 9914 9915 9908
f 9914 9916 9915
f 9914 9911 9917
f 9914 9908 9906
f 9914 9906 9911
f 9918 9919 9920
f 9918 9920 9921
f 9918 9921 9922
f 9918 9922 9923
f 9924 9925 9919
f 9924 9919 9918
f 9926 9924 9927
f 9926 9927 9928
f 9926 9928 9929
f 9926 9930 9931
f 9926 9931 9925
f 9926 9925 9924
f 9932 9930 9926
f 9933 9934 9935
f 9936 9935 9937
f 9936 9933 9935
f 9938 9936 9937
f 9939 9937 9930
f 9939 9930 9932
f 9940 9939 9941
f 9940 9942 9943
f 9940 9943 9938
f 9940 9937 9939
f 9940 9938 9937
f 9944 9945 9942
f 9946 9942 9940
f 9946 9944 9942
f 9939 9932 9891
f 9891 9932 9910
f 9902 9889 9937
f 9902 9937 9935
f 9901 9935 9934
f 9901 9902 9935
f 9900 9934 9933
f 9900 9901 9934
f 9899 9933 9936
f 9899 9900 9933
f 9898 9936 9938
f 9898 9899 9936
f 9897 9938 9943
f 9897 9898 9938
f 9896 9943 9942
f 9896 9897 9943
f 9895 9942 9945
f 9895 9896 9942
f 9894 9945 9944
f 9894 9895 9945
f 9893 9944 9946
f 9893 9894 9944
f 9892 9946 9940
f 9892 9893 9946
f 9890 9940 9941
f 9890 9892 9940
f 9891 9941 9939
f 9891 9890 9941
f 9930 9937 9908
f 9908 9937 9889
f 9913 9912 9923
f 9913 9923 9922
f 9911 9922 9921
f 9911 9913 9922
f 9917 9921 9920
f 9917 9911 9921
f 9914 9920 9919
f 9914 9917 9920
f 9916 9919 9925
f 9916 9914 9919
f 9915 9925 9931
f 9915 9916 9925
f 9908 9931 9930
f 9908 9915 9931
f 9909 9910 9932
f 9909 9932 9926
f 9904 9926 9929
f 9904 9909 9926
f 9905 9929 9928
f 9905 9904 9929
f 9903 9928 9927
f 9903 9905 9928
f 9907 9927 9924
f 9907 9903 9927
f 9906 9924 9918
f 9906 9907 9924
f 9912 9918 9923
f 9912 9906 9918

g Solid_130
usemtl Solid_130
f 9947 9948 9949
f 9947 9950 9948
f 9951 9952 9953
f 9951 9953 9954
f 9951 9948 9952
f 9952 9948 9950
f 9950 9953 9952
f 9947 9953 9950
f 9953 9947 9954
f 9954 9947 9949
f 9951 9954 9948
f 9948 9954 9949

g Solid_131
usemtl Solid_131
f 9955 9956 9957
f 9955 9958 9956
f 9959 9960 9961
f 9959 9961 9962
f 9959 9956 9960
f 9960 9956 9958
f 9958 9961 9960
f 9955 9961 9958
f 9961 9955 9962
f 9962 9955 9957
f 9959 9962 9956
f 9956 9962 9957

g Solid_132
usemtl Solid_132
f 9963 9964 9965
f 9963 9965 9966
f 9967 9968 9969
f 9970 9967 9969
f 9966 9967 9970
f 9965 9967 9966
f 9965 9964 9967
f 9964 9968 9967
f 9969 9968 9963
f 9963 9968 9964
f 9969 9963 9970
f 9970 9963 9966

g Solid_133
usemtl Solid_133
f 9971 9972 9973
f 9971 9974 9972
f 9975 9976 9977
f 9975 9978 9976
f 9972 9974 9977
f 9977 9974 9975
f 9974 9978 9975
f 9971 9978 9974
f 9976 9978 9973
f 9973 9978 9971
f 9977 9976 9972
f 9972 9976 9973

g Solid_134
usemtl Solid_134
f 9979 9980 9981
f 9979 9982 9980
f 9983 9984 9985
f 9983 9986 9984
f 9980 9982 9985
f 9985 9982 9983
f 9982 9986 9983
f 9979 9986 9982
f 9984 9986 9981
f 9981 9986 9979
f 9985 9984 9980
f 9980 9984 9981

g Solid_135
usemtl Solid_135
f 9987 9988 9989
f 9987 9990 9988
f 9991 9992 9993
f 9991 9994 9992
f 9988 9990 9993
f 9993 9990 9991
f 9990 9994 9991
f 9987 9994 9990
f 9992 9994 9989
f 9989 9994 9987
f 9993 9992 9988
f 9988 9992 9989

g Solid_136
usemtl Solid_136
f 9995 9996 9997
f 9995 9998 9996
f 9999 10000 10001
f 9999 10002 10000
f 9996 9998 10001
f 10001 9998 9999
f 9998 10002 9999
f 9995 10002 9998
f 10000 10002 9997
f 9997 10002 9995
f 10001 10000 9996
f 9996 10000 9997

g Solid_137
usemtl Solid_137
f 10003 10004 10005
f 10003 10006 10004
f 10007 10008 10009
f 10007 10010 10008
f 10004 10006 10009
f 10009 10006 10007
f 10006 10010 10007
f 10003 10010 10006
f 10008 10010 10005
f 10005 10010 10003
f 10009 10008 10004
f 10004 10008 10005

g Solid_138
usemtl Solid_138
f 10011 10012 10013
f 10014 10011 10013
f 10015 10016 10017
f 10018 10016 10015
f 10013 10015 10017
f 10012 10015 10013
f 10012 10018 10015
f 10011 10018 10012
f 10016 10018 10014
f 10014 10018 10011
f 10016 10014 10017
f 10017 10014 10013

g Solid_139
usemtl Solid_139
f 10019 10020 10021
f 10019 10022 10020
f 10023 10024 10025
f 10023 10025 10026
f 10020 10022 10023
f 10023 10022 10024
f 10025 10024 10019
f 10019 10024 10022
f 10026 10025 10021
f 10021 10025 10019
f 10023 10026 10020
f 10020 10026 10021

g Solid_140
usemtl Solid_140
f 10027 10028 10029
f 10027 10030 10028
f 10031 10032 10033
f 10031 10034 10032
f 10028 10030 10033
f 10033 10030 10031
f 10030 10034 10031
f 10027 10034 10030
f 10032 10034 10029
f 10029 10034 10027
f 10033 10032 10028
f 10028 10032 10029

g Solid_141
usemtl Solid_141
f 10035 10036 10037
f 10035 10038 10036
f 10039 10040 10041
f 10039 10042 10040
f 10036 10038 10041
f 10041 10038 10039
f 10038 10042 10039
f 10035 10042 10038
f 10040 10042 10037
f 10037 10042 10035
f 10041 10040 10036
f 10036 10040 10037

g Solid_142
usemtl Solid_142
f 10043 10044 10045
f 10043 10046 10044
f 10047 10048 10049
f 10047 10050 10048
f 10049 10044 10047
f 10047 10044 10046
f 10046 10050 10047
f 10043 10050 10046
f 10050 10043 10048
f 10048 10043 10045
f 10049 10048 10044
f 10044 10048 10045

g Solid_143
usemtl Solid_143
f 10051 10052 10053
f 10051 10054 10052
f 10055 10056 10057
f 10055 10058 10056
f 10052 10054 10057
f 10057 10054 10055
f 10054 10058 10055
f 10051 10058 10054
f 10056 10058 10053
f 10053 10058 10051
f 10057 10056 10052
f 10052 10056 10053

g Solid_144
usemtl Solid_144
f 10059 10060 10061
f 10059 10062 10060
f 10063 10064 10065
f 10063 10066 10064
f 10060 10062 10065
f 10065 10062 10063
f 10062 10066 10063
f 10059 10066 10062
f 10064 10066 10061
f 10061 10066 10059
f 10065 10064 10060
f 10060 10064 10061

g Solid_145
usemtl Solid_145
f 10067 10068 10069
f 10067 10070 10068
f 10071 10072 10073
f 10071 10074 10072
f 10073 10068 10071
f 10071 10068 10070
f 10070 10074 10071
f 10067 10074 10070
f 10074 10067 10072
f 10072 10067 10069
f 10073 10072 10068
f 10068 10072 10069

g Solid_146
usemtl Solid_146
f 10075 10076 10077
f 10075 10078 10076
f 10079 10080 10081
f 10079 10082 10080
f 10081 10076 10079
f 10079 10076 10078
f 10078 10082 10079
f 10075 10082 10078
f 10082 10075 10080
f 10080 10075 10077
f 10081 10080 10076
f 10076 10080 10077

g Solid_147
usemtl Solid_147
f 10083 10084 10085
f 10083 10086 10084
f 10087 10088 10089
f 10087 10090 10088
f 10084 10086 10089
f 10089 10086 10087
f 10086 10090 10087
f 10083 10090 10086
f 10088 10090 10085
f 10085 10090 10083
f 10089 10088 10084
f 10084 10088 10085

g Solid_148
usemtl Solid_148
f 10091 10092 10093
f 10091 10094 10092
f 10095 10096 10097
f 10095 10098 10096
f 10092 10094 10097
f 10097 10094 10095
f 10094 10098 10095
f 10091 10098 10094
f 10096 10098 10093
f 10093 10098 10091
f 10097 10096 10092
f 10092 10096 10093

g Solid_149
usemtl Solid_149
f 10099 10100 10101
f 10099 10102 10100
f 10103 10104 10105
f 10103 10106 10104
f 10100 10102 10105
f 10105 10102 10103
f 10102 10106 10103
f 10099 10106 10102
f 10104 10106 10101
f 10101 10106 10099
f 10105 10104 10100
f 10100 10104 10101

g Solid_150
usemtl Solid_150
f 10107 10108 10109
f 10107 10110 10108
f 10111 10112 10113
f 10111 10114 10112
f 10108 10110 10113
f 10113 10110 10111
f 10110 10114 10111
f 10107 10114 10110
f 10112 10114 10109
f 10109 10114 10107
f 10113 10112 10108
f 10108 10112 10109

g Solid_151
usemtl Solid_151
f 10115 10116 10117
f 10115 10118 10116
f 10119 10120 10121
f 10119 10122 10120
f 10116 10118 10121
f 10121 10118 10119
f 10118 10122 10119
f 10115 10122 10118
f 10120 10122 10117
f 10117 10122 10115
f 10121 10120 10116
f 10116 10120 10117

g Solid_152
usemtl Solid_152
f 10123 10124 10125
f 10123 10126 10124
f 10127 10128 10129
f 10127 10130 10128
f 10124 10126 10129
f 10129 10126 10127
f 10126 10130 10127
f 10123 10130 10126
f 10128 10130 10125
f 10125 10130 10123
f 10129 10128 10124
f 10124 10128 10125

g Solid_153
usemtl Solid_153
f 10131 10132 10133
f 10131 10134 10132
f 10135 10136 10137
f 10135 10138 10136
f 10132 10134 10137
f 10137 10134 10135
f 10134 10138 10135
f 10131 10138 10134
f 10136 10138 10133
f 10133 10138 10131
f 10137 10136 10132
f 10132 10136 10133

g Solid_154
usemtl Solid_154
f 10139 10140 10141
f 10139 10142 10140
f 10143 10144 10145
f 10143 10146 10144
f 10140 10142 10145
f 10145 10142 10143
f 10142 10146 10143
f 10139 10146 10142
f 10144 10146 10141
f 10141 10146 10139
f 10145 10144 10140
f 10140 10144 10141

g Solid_155
usemtl Solid_155
f 10147 10148 10149
f 10147 10150 10148
f 10151 10152 10153
f 10151 10154 10152
f 10153 10148 10151
f 10151 10148 10150
f 10150 10154 10151
f 10147 10154 10150
f 10154 10147 10152
f 10152 10147 10149
f 10153 10152 10148
f 10148 10152 10149

g Solid_156
usemtl Solid_156
f 10155 10156 10157
f 10155 10158 10156
f 10159 10160 10161
f 10159 10162 10160
f 10161 10156 10159
f 10159 10156 10158
f 10158 10162 10159
f 10155 10162 10158
f 10162 10155 10160
f 10160 10155 10157
f 10161 10160 10156
f 10156 10160 10157

g Solid_157
usemtl Solid_157
f 10163 10164 10165
f 10163 10166 10164
f 10167 10168 10169
f 10167 10169 10170
f 10167 10164 10168
f 10168 10164 10166
f 10166 10169 10168
f 10163 10169 10166
f 10169 10163 10170
f 10170 10163 10165
f 10167 10170 10164
f 10164 10170 10165

g Solid_158
usemtl Solid_158
f 10171 10172 10173
f 10171 10174 10172
f 10175 10176 10177
f 10175 10177 10178
f 10175 10172 10176
f 10176 10172 10174
f 10174 10177 10176
f 10171 10177 10174
f 10177 10171 10178
f 10178 10171 10173
f 10175 10178 10172
f 10172 10178 10173

g Solid_159
usemtl Solid_159
f 10179 10180 10181
f 10179 10182 10180
f 10183 10184 10185
f 10183 10186 10184
f 10180 10182 10185
f 10185 10182 10183
f 10182 10186 10183
f 10179 10186 10182
f 10184 10186 10181
f 10181 10186 10179
f 10185 10184 10180
f 10180 10184 10181

g Solid_160
usemtl Solid_160
f 10187 10188 10189
f 10187 10190 10188
f 10191 10192 10193
f 10191 10194 10192
f 10188 10190 10193
f 10193 10190 10191
f 10194 10191 10187
f 10187 10191 10190
f 10192 10194 10189
f 10189 10194 10187
f 10193 10192 10188
f 10188 10192 10189

g Solid_161
usemtl Solid_161
f 10195 10196 10197
f 10195 10198 10196
f 10199 10200 10201
f 10199 10202 10200
f 10196 10198 10201
f 10201 10198 10199
f 10198 10202 10199
f 10195 10202 10198
f 10200 10202 10197
f 10197 10202 10195
f 10201 10200 10196
f 10196 10200 10197

g Solid_162
usemtl Solid_162
f 10203 10204 10205
f 10203 10206 10204
f 10207 10208 10209
f 10207 10210 10208
f 10209 10204 10207
f 10207 10204 10206
f 10206 10210 10207
f 10203 10210 10206
f 10210 10203 10208
f 10208 10203 10205
f 10209 10208 10204
f 10204 10208 10205

g Solid_163
usemtl Solid_163
f 10211 10212 10213
f 10211 10214 10212
f 10215 10216 10217
f 10215 10218 10216
f 10217 10212 10215
f 10215 10212 10214
f 10214 10218 10215
f 10211 10218 10214
f 10218 10211 10216
f 10216 10211 10213
f 10217 10216 10212
f 10212 10216 10213

g Solid_164
usemtl Solid_164
f 10219 10220 10221
f 10219 10222 10220
f 10223 10224 10225
f 10223 10226 10224
f 10220 10222 10225
f 10225 10222 10223
f 10222 10226 10223
f 10219 10226 10222
f 10224 10226 10221
f 10221 10226 10219
f 10225 10224 10220
f 10220 10224 10221

g Solid_165
usemtl Solid_165
f 10227 10228 10229
f 10227 10230 10228
f 10231 10232 10233
f 10231 10234 10232
f 10228 10230 10233
f 10233 10230 10231
f 10230 10234 10231
f 10227 10234 10230
f 10232 10234 10229
f 10229 10234 10227
f 10233 10232 10228
f 10228 10232 10229

g Solid_166
usemtl Solid_166
f 10235 10236 10237
f 10235 10238 10236
f 10239 10240 10241
f 10239 10242 10240
f 10236 10238 10241
f 10241 10238 10239
f 10238 10242 10239
f 10235 10242 10238
f 10240 10242 10237
f 10237 10242 10235
f 10241 10240 10236
f 10236 10240 10237

g Solid_167
usemtl Solid_167
f 10243 10244 10245
f 10243 10246 10244
f 10247 10248 10249
f 10247 10250 10248
f 10244 10246 10249
f 10249 10246 10247
f 10246 10250 10247
f 10243 10250 10246
f 10248 10250 10245
f 10245 10250 10243
f 10249 10248 10244
f 10244 10248 10245

g Solid_168
usemtl Solid_168
f 10251 10252 10253
f 10251 10254 10252
f 10255 10256 10257
f 10255 10257 10258
f 10252 10254 10255
f 10255 10254 10256
f 10257 10256 10251
f 10251 10256 10254
f 10258 10257 10253
f 10253 10257 10251
f 10255 10258 10252
f 10252 10258 10253

g Solid_169
usemtl Solid_169
f 10259 10260 10261
f 10259 10262 10260
f 10263 10264 10265
f 10263 10266 10264
f 10260 10262 10265
f 10265 10262 10263
f 10262 10266 10263
f 10259 10266 10262
f 10264 10266 10261
f 10261 10266 10259
f 10265 10264 10260
f 10260 10264 10261

g Solid_170
usemtl Solid_170
f 10267 10268 10269
f 10267 10270 10268
f 10271 10272 10273
f 10271 10273 10274
f 10268 10270 10271
f 10271 10270 10272
f 10273 10272 10267
f 10267 10272 10270
f 10274 10273 10269
f 10269 10273 10267
f 10271 10274 10268
f 10268 10274 10269

g Solid_171
usemtl Solid_171
f 10275 10276 10277
f 10275 10278 10276
f 10279 10280 10281
f 10279 10281 10282
f 10276 10278 10279
f 10279 10278 10280
f 10281 10280 10275
f 10275 10280 10278
f 10282 10281 10277
f 10277 10281 10275
f 10279 10282 10276
f 10276 10282 10277

g Solid_172
usemtl Solid_172
f 10283 10284 10285
f 10283 10286 10284
f 10287 10288 10289
f 10287 10290 10288
f 10284 10286 10289
f 10289 10286 10287
f 10286 10290 10287
f 10283 10290 10286
f 10288 10290 10285
f 10285 10290 10283
f 10289 10288 10284
f 10284 10288 10285

g Solid_173
usemtl Solid_173
f 10291 10292 10293
f 10291 10294 10292
f 10295 10296 10297
f 10295 10297 10298
f 10292 10294 10295
f 10295 10294 10296
f 10297 10296 10291
f 10291 10296 10294
f 10298 10297 10293
f 10293 10297 10291
f 10295 10298 10292
f 10292 10298 10293

g Solid_174
usemtl Solid_174
f 10299 10300 10301
f 10299 10302 10300
f 10303 10304 10305
f 10303 10306 10304
f 10300 10302 10305
f 10305 10302 10303
f 10302 10306 10303
f 10299 10306 10302
f 10304 10306 10301
f 10301 10306 10299
f 10305 10304 10300
f 10300 10304 10301

g Solid_175
usemtl Solid_175
f 10307 10308 10309
f 10307 10310 10308
f 10311 10312 10313
f 10311 10313 10314
f 10308 10310 10311
f 10311 10310 10312
f 10313 10312 10307
f 10307 10312 10310
f 10314 10313 10309
f 10309 10313 10307
f 10311 10314 10308
f 10308 10314 10309

g Solid_176
usemtl Solid_176
f 10315 10316 10317
f 10315 10318 10316
f 10319 10320 10321
f 10319 10321 10322
f 10316 10318 10319
f 10319 10318 10320
f 10321 10320 10315
f 10315 10320 10318
f 10322 10321 10317
f 10317 10321 10315
f 10319 10322 10316
f 10316 10322 10317

g Solid_177
usemtl Solid_177
f 10323 10324 10325
f 10323 10326 10324
f 10327 10328 10329
f 10327 10330 10328
f 10324 10326 10329
f 10329 10326 10327
f 10326 10330 10327
f 10323 10330 10326
f 10328 10330 10325
f 10325 10330 10323
f 10329 10328 10324
f 10324 10328 10325

g Solid_178
usemtl Solid_178
f 10331 10332 10333
f 10331 10334 10332
f 10335 10336 10337
f 10335 10338 10336
f 10332 10334 10337
f 10337 10334 10335
f 10334 10338 10335
f 10331 10338 10334
f 10336 10338 10333
f 10333 10338 10331
f 10337 10336 10332
f 10332 10336 10333

g Solid_179
usemtl Solid_179
f 10339 10340 10341
f 10339 10342 10340
f 10343 10344 10345
f 10343 10345 10346
f 10340 10342 10343
f 10343 10342 10344
f 10345 10344 10339
f 10339 10344 10342
f 10346 10345 10341
f 10341 10345 10339
f 10343 10346 10340
f 10340 10346 10341

g Solid_180
usemtl Solid_180
f 10347 10348 10349
f 10347 10350 10348
f 10351 10352 10353
f 10351 10354 10352
f 10348 10350 10353
f 10353 10350 10351
f 10350 10354 10351
f 10347 10354 10350
f 10352 10354 10349
f 10349 10354 10347
f 10353 10352 10348
f 10348 10352 10349

g Solid_181
usemtl Solid_181
f 10355 10356 10357
f 10355 10358 10356
f 10359 10360 10361
f 10359 10361 10362
f 10356 10358 10359
f 10359 10358 10360
f 10361 10360 10355
f 10355 10360 10358
f 10362 10361 10357
f 10357 10361 10355
f 10359 10362 10356
f 10356 10362 10357

g Solid_182
usemtl Solid_182
f 10363 10364 10365
f 10363 10366 10364
f 10367 10368 10369
f 10367 10369 10370
f 10367 10364 10368
f 10368 10364 10366
f 10369 10368 10363
f 10363 10368 10366
f 10369 10363 10370
f 10370 10363 10365
f 10367 10370 10364
f 10364 10370 10365

g Solid_183
usemtl Solid_183
f 10371 10372 10373
f 10371 10374 10372
f 10375 10376 10377
f 10375 10378 10376
f 10377 10372 10375
f 10375 10372 10374
f 10374 10378 10375
f 10371 10378 10374
f 10378 10371 10376
f 10376 10371 10373
f 10377 10376 10372
f 10372 10376 10373

g Solid_184
usemtl Solid_184
f 10379 10380 10381
f 10382 10379 10381
f 10383 10384 10385
f 10386 10383 10385
f 10381 10386 10385
f 10380 10386 10381
f 10380 10383 10386
f 10379 10383 10380
f 10384 10383 10382
f 10382 10383 10379
f 10384 10382 10385
f 10385 10382 10381

g Solid_185
usemtl Solid_185
f 10387 10388 10389
f 10387 10389 10390
f 10391 10392 10393
f 10391 10393 10394
f 10390 10394 10393
f 10389 10394 10390
f 10389 10391 10394
f 10388 10391 10389
f 10392 10391 10387
f 10387 10391 10388
f 10392 10387 10393
f 10393 10387 10390

g Solid_186
usemtl Solid_186
f 10395 10396 10397
f 10395 10398 10396
f 10399 10400 10401
f 10399 10402 10400
f 10401 10396 10399
f 10399 10396 10398
f 10398 10402 10399
f 10395 10402 10398
f 10402 10395 10400
f 10400 10395 10397
f 10401 10400 10396
f 10396 10400 10397

g Solid_187
usemtl Solid_187
f 10403 10404 10405
f 10403 10406 10404
f 10407 10408 10409
f 10407 10410 10408
f 10409 10404 10407
f 10407 10404 10406
f 10406 10410 10407
f 10403 10410 10406
f 10410 10403 10408
f 10408 10403 10405
f 10409 10408 10404
f 10404 10408 10405

g Solid_188
usemtl Solid_188
f 10411 10412 10413
f 10411 10414 10412
f 10415 10416 10417
f 10415 10418 10416
f 10412 10414 10417
f 10417 10414 10415
f 10414 10418 10415
f 10411 10418 10414
f 10416 10418 10413
f 10413 10418 10411
f 10417 10416 10412
f 10412 10416 10413

g Solid_189
usemtl Solid_189
f 10419 10420 10421
f 10419 10422 10420
f 10423 10424 10425
f 10423 10426 10424
f 10425 10420 10423
f 10423 10420 10422
f 10422 10426 10423
f 10419 10426 10422
f 10426 10419 10424
f 10424 10419 10421
f 10425 10424 10420
f 10420 10424 10421

g Solid_190
usemtl Solid_190
f 10427 10428 10429
f 10427 10430 10428
f 10431 10432 10433
f 10431 10433 10434
f 10431 10428 10432
f 10432 10428 10430
f 10430 10433 10432
f 10427 10433 10430
f 10433 10427 10434
f 10434 10427 10429
f 10431 10434 10428
f 10428 10434 10429

g Solid_191
usemtl Solid_191
f 10435 10436 10437
f 10435 10438 10436
f 10439 10440 10441
f 10439 10442 10440
f 10441 10436 10439
f 10439 10436 10438
f 10438 10442 10439
f 10435 10442 10438
f 10442 10435 10440
f 10440 10435 10437
f 10441 10440 10436
f 10436 10440 10437

g Solid_192
usemtl Solid_192
f 10443 10444 10445
f 10445 10444 10446
f 10446 10447 10448
f 10444 10447 10446
f 10448 10449 10450
f 10447 10449 10448
f 10450 10451 10452
f 10449 10451 10450
f 10452 10453 10454
f 10451 10453 10452
f 10454 10455 10456
f 10453 10455 10454
f 10456 10457 10458
f 10455 10457 10456
f 10459 10460 10461
f 10461 10460 10462
f 10462 10463 10464
f 10460 10463 10462
f 10464 10465 10466
f 10463 10465 10464
f 10466 10467 10468
f 10465 10467 10466
f 10468 10469 10470
f 10467 10469 10468
f 10470 10471 10472
f 10469 10471 10470
f 10472 10473 10474
f 10471 10473 10472
f 10475 10476 10477
f 10477 10476 10478
f 10478 10479 10480
f 10476 10479 10478
f 10480 10481 10482
f 10479 10481 10480
f 10482 10483 10484
f 10481 10483 10482
f 10484 10485 10486
f 10483 10485 10484
f 10486 10487 10488
f 10485 10487 10486
f 10488 10489 10490
f 10487 10489 10488
f 10491 10492 10493
f 10493 10492 10494
f 10494 10495 10496
f 10492 10495 10494
f 10496 10497 10498
f 10495 10497 10496
f 10498 10499 10500
f 10497 10499 10498
f 10500 10501 10502
f 10499 10501 10500
f 10502 10503 10504
f 10501 10503 10502
f 10504 10505 10506
f 10503 10505 10504
f 10507 10508 10509
f 10509 10508 10510
f 10510 10511 10512
f 10508 10511 10510
f 10512 10513 10514
f 10511 10513 10512
f 10514 10515 10516
f 10513 10515 10514
f 10516 10517 10518
f 10515 10517 10516
f 10518 10519 10520
f 10517 10519 10518
f 10520 10521 10522
f 10519 10521 10520
f 10523 10524 10525
f 10525 10524 10526
f 10526 10527 10528
f 10524 10527 10526
f 10528 10529 10530
f 10527 10529 10528
f 10530 10531 10532
f 10529 10531 10530
f 10532 10533 10534
f 10531 10533 10532
f 10534 10535 10536
f 10533 10535 10534
f 10536 10537 10538
f 10535 10537 10536
f 10539 10540 10541
f 10541 10540 10542
f 10542 10543 10544
f 10540 10543 10542
f 10544 10545 10546
f 10543 10545 10544
f 10546 10547 10548
f 10545 10547 10546
f 10548 10549 10550
f 10547 10549 10548
f 10550 10551 10552
f 10549 10551 10550
f 10552 10553 10554
f 10551 10553 10552
f 10555 10556 10557
f 10557 10556 10558
f 10558 10559 10560
f 10556 10559 10558
f 10560 10561 10562
f 10559 10561 10560
f 10562 10563 10564
f 10561 10563 10562
f 10564 10565 10566
f 10563 10565 10564
f 10566 10567 10568
f 10565 10567 10566
f 10568 10569 10570
f 10567 10569 10568
f 10571 10572 10573
f 10573 10572 10574
f 10574 10575 10576
f 10572 10575 10574
f 10576 10577 10578
f 10575 10577 10576
f 10578 10579 10580
f 10577 10579 10578
f 10580 10581 10582
f 10579 10581 10580
f 10582 10583 10584
f 10581 10583 10582
f 10584 10585 10586
f 10583 10585 10584
f 10587 10588 10589
f 10589 10588 10590
f 10590 10591 10592
f 10588 10591 10590
f 10592 10593 10594
f 10591 10593 10592
f 10594 10595 10596
f 10593 10595 10594
f 10596 10597 10598
f 10595 10597 10596
f 10598 10599 10600
f 10597 10599 10598
f 10600 10601 10602
f 10599 10601 10600
f 10603 10604 10605
f 10605 10604 10606
f 10606 10607 10608
f 10604 10607 10606
f 10608 10609 10610
f 10607 10609 10608
f 10610 10611 10612
f 10609 10611 10610
f 10612 10613 10614
f 10611 10613 10612
f 10614 10615 10616
f 10613 10615 10614
f 10616 10617 10618
f 10615 10617 10616
f 10619 10620 10621
f 10621 10620 10622
f 10622 10623 10624
f 10620 10623 10622
f 10624 10625 10626
f 10623 10625 10624
f 10626 10627 10628
f 10625 10627 10626
f 10628 10629 10630
f 10627 10629 10628
f 10630 10631 10632
f 10629 10631 10630
f 10632 10633 10634
f 10631 10633 10632
f 10635 10636 10637
f 10637 10636 10638
f 10638 10639 10640
f 10636 10639 10638
f 10640 10641 10642
f 10639 10641 10640
f 10642 10643 10644
f 10641 10643 10642
f 10644 10645 10646
f 10643 10645 10644
f 10646 10647 10648
f 10645 10647 10646
f 10648 10649 10650
f 10647 10649 10648
f 10651 10652 10653
f 10653 10654 10655
f 10652 10654 10653
f 10655 10656 10657
f 10654 10656 10655
f 10657 10658 10659
f 10656 10658 10657
f 10659 10660 10661
f 10658 10660 10659
f 10661 10662 10663
f 10660 10662 10661
f 10663 10664 10665
f 10662 10664 10663
f 10664 10666 10665
f 10667 10668 10669
f 10667 10669 10670
f 10671 10672 10673
f 10671 10673 10674
f 10675 10676 10677
f 10675 10677 10678
f 10679 10680 10681
f 10679 10681 10682
f 10683 10684 10685
f 10683 10685 10686
f 10687 10688 10689
f 10687 10689 10690
f 10691 10692 10693
f 10691 10693 10694
f 10695 10696 10697
f 10695 10697 10698
f 10699 10700 10701
f 10699 10701 10702
f 10703 10704 10705
f 10703 10705 10706
f 10707 10708 10709
f 10707 10710 10708
f 10711 10712 10713
f 10711 10714 10712
f 10715 10716 10717
f 10715 10718 10716
f 10719 10720 10721
f 10719 10722 10720
f 10723 10724 10725
f 10723 10726 10724
f 10727 10728 10729
f 10727 10730 10728
f 10731 10732 10733
f 10731 10734 10732
f 10735 10736 10737
f 10735 10738 10736
f 10739 10740 10741
f 10742 10740 10739
f 10743 10744 10745
f 10743 10746 10744
f 10747 10748 10749
f 10747 10750 10748
f 10751 10752 10753
f 10751 10754 10752
f 10755 10756 10757
f 10755 10758 10756
f 10759 10760 10761
f 10759 10762 10760
f 10763 10764 10765
f 10763 10766 10764
f 10767 10768 10769
f 10767 10770 10768
f 10649 10771 10650
f 10772 10771 10649
f 10773 10458 10457
f 10773 10774 10458
f 10775 10474 10473
f 10775 10776 10474
f 10777 10490 10489
f 10777 10778 10490
f 10779 10506 10505
f 10779 10780 10506
f 10781 10522 10521
f 10781 10782 10522
f 10783 10538 10537
f 10783 10784 10538
f 10785 10554 10553
f 10785 10786 10554
f 10787 10570 10569
f 10787 10788 10570
f 10789 10586 10585
f 10789 10790 10586
f 10791 10602 10601
f 10791 10792 10602
f 10793 10618 10617
f 10793 10794 10618
f 10795 10796 10665
f 10795 10665 10666
f 10797 10798 10799
f 10797 10799 10800
f 10801 10797 10800
f 10802 10801 10800
f 10803 10802 10800
f 10804 10800 10805
f 10806 10807 10803
f 10806 10800 10804
f 10806 10803 10800
f 10808 10809 10807
f 10808 10807 10806
f 10810 10811 10809
f 10810 10809 10808
f 10812 10811 10810
f 10812 10652 10811
f 10813 10652 10812
f 10813 10654 10652
f 10814 10654 10813
f 10815 10795 10666
f 10815 10664 10662
f 10815 10666 10664
f 10816 10815 10662
f 10817 10816 10662
f 10817 10662 10660
f 10818 10658 10656
f 10818 10660 10658
f 10818 10817 10660
f 10819 10818 10656
f 10820 10654 10814
f 10820 10656 10654
f 10820 10819 10656
f 10635 10820 10814
f 10821 10822 10741
f 10821 10823 10822
f 10821 10741 10740
f 10824 10823 10821
f 10825 10826 10823
f 10825 10827 10826
f 10825 10823 10824
f 10828 10827 10825
f 10829 10830 10827
f 10829 10827 10828
f 10831 10636 10635
f 10831 10830 10829
f 10831 10814 10830
f 10831 10635 10814
f 10832 10636 10831
f 10833 10772 10649
f 10833 10649 10647
f 10834 10645 10643
f 10834 10647 10645
f 10834 10833 10647
f 10835 10834 10643
f 10836 10643 10641
f 10836 10835 10643
f 10837 10641 10639
f 10837 10836 10641
f 10838 10837 10639
f 10838 10639 10636
f 10838 10636 10832
f 10443 10838 10832
f 10839 10840 10724
f 10839 10724 10726
f 10841 10842 10840
f 10841 10843 10842
f 10841 10840 10839
f 10844 10843 10841
f 10845 10843 10844
f 10845 10846 10843
f 10847 10846 10845
f 10847 10848 10846
f 10849 10832 10848
f 10849 10444 10443
f 10849 10443 10832
f 10849 10848 10847
f 10850 10444 10849
f 10851 10773 10457
f 10851 10457 10455
f 10852 10851 10455
f 10852 10455 10453
f 10853 10852 10453
f 10853 10453 10451
f 10854 10853 10451
f 10854 10449 10447
f 10854 10451 10449
f 10855 10854 10447
f 10855 10447 10444
f 10856 10855 10444
f 10856 10444 10850
f 10459 10856 10850
f 10857 10858 10728
f 10857 10728 10730
f 10859 10858 10857
f 10859 10860 10858
f 10861 10860 10859
f 10861 10862 10860
f 10863 10864 10862
f 10863 10865 10864
f 10863 10862 10861
f 10866 10865 10863
f 10867 10459 10850
f 10867 10850 10865
f 10867 10865 10866
f 10868 10459 10867
f 10869 10775 10473
f 10869 10471 10469
f 10869 10473 10471
f 10870 10869 10469
f 10871 10870 10469
f 10871 10469 10467
f 10872 10871 10467
f 10872 10467 10465
f 10873 10872 10465
f 10873 10465 10463
f 10874 10873 10463
f 10874 10463 10460
f 10475 10460 10459
f 10475 10874 10460
f 10475 10459 10868
f 10875 10876 10732
f 10875 10732 10734
f 10877 10876 10875
f 10877 10878 10876
f 10879 10880 10878
f 10879 10878 10877
f 10881 10880 10879
f 10881 10882 10880
f 10883 10882 10881
f 10883 10884 10882
f 10885 10475 10868
f 10885 10884 10883
f 10885 10868 10884
f 10886 10475 10885
f 10777 10489 10487
f 10887 10777 10487
f 10888 10487 10485
f 10888 10887 10487
f 10889 10485 10483
f 10889 10888 10485
f 10890 10483 10481
f 10890 10889 10483
f 10891 10481 10479
f 10891 10890 10481
f 10892 10479 10476
f 10892 10891 10479
f 10491 10475 10886
f 10491 10476 10475
f 10491 10892 10476
f 10893 10736 10738
f 10893 10894 10736
f 10893 10895 10894
f 10896 10895 10893
f 10896 10897 10895
f 10898 10897 10896
f 10899 10897 10898
f 10899 10900 10897
f 10899 10901 10900
f 10902 10901 10899
f 10903 10886 10901
f 10903 10901 10902
f 10903 10491 10886
f 10904 10491 10903
f 10779 10505 10503
f 10905 10779 10503
f 10906 10503 10501
f 10906 10905 10503
f 10907 10501 10499
f 10907 10906 10501
f 10908 10497 10495
f 10908 10499 10497
f 10908 10907 10499
f 10909 10908 10495
f 10746 10910 10744
f 10911 10909 10495
f 10911 10495 10492
f 10507 10911 10492
f 10507 10492 10491
f 10507 10491 10904
f 10912 10910 10746
f 10913 10914 10910
f 10913 10910 10912
f 10915 10916 10914
f 10915 10914 10913
f 10917 10918 10916
f 10917 10916 10915
f 10919 10920 10918
f 10919 10904 10920
f 10919 10918 10917
f 10921 10904 10919
f 10921 10507 10904
f 10922 10781 10521
f 10922 10519 10517
f 10922 10521 10519
f 10923 10922 10517
f 10924 10517 10515
f 10924 10923 10517
f 10925 10513 10511
f 10925 10515 10513
f 10925 10924 10515
f 10926 10925 10511
f 10750 10927 10748
f 10928 10511 10508
f 10928 10926 10511
f 10523 10508 10507
f 10523 10928 10508
f 10929 10930 10927
f 10929 10927 10750
f 10931 10930 10929
f 10932 10933 10930
f 10932 10930 10931
f 10934 10933 10932
f 10934 10935 10933
f 10936 10935 10934
f 10936 10937 10935
f 10938 10937 10936
f 10938 10939 10937
f 10940 10783 10537
f 10940 10537 10535
f 10941 10940 10535
f 10941 10535 10533
f 10942 10941 10533
f 10942 10533 10531
f 10943 10942 10531
f 10943 10531 10529
f 10944 10943 10529
f 10944 10529 10527
f 10945 10944 10527
f 10945 10524 10523
f 10945 10527 10524
f 10539 10945 10523
f 10946 10947 10752
f 10946 10752 10754
f 10948 10949 10947
f 10948 10947 10946
f 10950 10951 10949
f 10950 10952 10951
f 10950 10949 10948
f 10953 10952 10950
f 10954 10952 10953
f 10954 10955 10952
f 10956 10957 10955
f 10956 10955 10954
f 10958 10785 10553
f 10958 10553 10551
f 10959 10551 10549
f 10959 10958 10551
f 10960 10959 10549
f 10960 10549 10547
f 10961 10960 10547
f 10961 10547 10545
f 10962 10961 10545
f 10962 10543 10540
f 10962 10545 10543
f 10758 10963 10756
f 10964 10962 10540
f 10555 10964 10540
f 10555 10540 10539
f 10965 10963 10758
f 10966 10967 10963
f 10966 10968 10967
f 10966 10963 10965
f 10969 10968 10966
f 10970 10968 10969
f 10970 10971 10968
f 10972 10971 10970
f 10972 10973 10971
f 10972 10974 10973
f 10975 10974 10972
f 10787 10569 10567
f 10976 10787 10567
f 10977 10976 10567
f 10977 10565 10563
f 10977 10567 10565
f 10978 10977 10563
f 10979 10978 10563
f 10979 10563 10561
f 10980 10979 10561
f 10980 10559 10556
f 10980 10561 10559
f 10981 10980 10556
f 10571 10556 10555
f 10571 10981 10556
f 10982 10983 10760
f 10982 10760 10762
f 10984 10985 10983
f 10984 10983 10982
f 10986 10987 10985
f 10986 10985 10984
f 10988 10987 10986
f 10988 10989 10987
f 10988 10990 10989
f 10991 10990 10988
f 10992 10993 10990
f 10992 10990 10991
f 10994 10789 10585
f 10994 10585 10583
f 10995 10994 10583
f 10995 10583 10581
f 10996 10995 10581
f 10996 10579 10577
f 10996 10581 10579
f 10997 10996 10577
f 10998 10577 10575
f 10998 10997 10577
f 10999 10575 10572
f 10999 10998 10575
f 10587 10999 10572
f 10587 10572 10571
f 11000 11001 10764
f 11000 10764 10766
f 11002 11001 11000
f 11002 11003 11001
f 11002 11004 11003
f 11005 11004 11002
f 11005 11006 11004
f 11007 11006 11005
f 11007 11008 11006
f 11009 11008 11007
f 11010 11008 11009
f 11010 11011 11008
f 11012 10791 10601
f 11012 10601 10599
f 11013 10599 10597
f 11013 11012 10599
f 11014 10597 10595
f 11014 11013 10597
f 11015 10595 10593
f 11015 11014 10595
f 11016 10593 10591
f 11016 11015 10593
f 11017 10591 10588
f 11017 11016 10591
f 10603 10588 10587
f 10603 11017 10588
f 11018 10793 10617
f 11018 10617 10615
f 11019 10613 10611
f 11019 10615 10613
f 11019 11018 10615
f 11020 11019 10611
f 10770 11021 10768
f 10770 11022 11021
f 11023 10609 10607
f 11023 10611 10609
f 11023 11020 10611
f 11024 11023 10607
f 11025 11024 10607
f 11025 10607 10604
f 10619 10604 10603
f 10619 11025 10604
f 11026 11022 10770
f 11027 11022 11026
f 11027 11028 11022
f 11029 11026 10770
f 11030 11028 11027
f 11030 11031 11028
f 11032 11029 10770
f 11033 11031 11030
f 11033 11034 11031
f 11035 11032 10770
f 11036 11034 11033
f 11036 11037 11034
f 11038 11037 11036
f 11038 11010 11037
f 11039 11040 11041
f 11039 11041 11042
f 11043 11041 11044
f 11043 11042 11041
f 11045 11038 11040
f 11045 11010 11038
f 11045 11040 11039
f 11046 11047 10667
f 11046 11044 11047
f 11046 11043 11044
f 11048 11010 11045
f 11048 11011 11010
f 10670 11046 10667
f 11049 11011 11048
f 11049 10992 11011
f 11050 11051 11052
f 11053 11054 11051
f 11053 11051 11050
f 11055 11050 11052
f 11056 11057 11054
f 11056 11054 11053
f 11058 11059 10671
f 11058 11052 11059
f 11058 11055 11052
f 11060 10993 10992
f 11060 11049 11057
f 11060 10992 11049
f 11060 11057 11056
f 10674 11058 10671
f 11061 10993 11060
f 11061 10975 10993
f 11062 11063 11064
f 11062 11064 11065
f 11066 11064 11067
f 11066 11065 11064
f 11068 11063 11062
f 11068 11069 11063
f 11070 11066 11067
f 11070 11067 11071
f 11072 11069 11068
f 11072 10974 10975
f 11072 11061 11069
f 11072 10975 11061
f 10678 11071 10675
f 10678 11070 11071
f 11073 10956 10974
f 11073 10974 11072
f 11074 11075 11076
f 11077 11075 11074
f 11077 11078 11075
f 11079 11074 11076
f 11080 11078 11077
f 11080 11081 11078
f 11082 11079 11076
f 11082 11076 11083
f 11084 11081 11080
f 11084 10956 11073
f 11084 11073 11081
f 11084 10957 10956
f 10682 11083 10679
f 10682 11082 11083
f 11085 10957 11084
f 11085 10938 10957
f 11086 11087 11088
f 11089 11087 11086
f 11089 11090 11087
f 11091 11086 11088
f 11092 11093 11090
f 11092 11085 11093
f 11092 11090 11089
f 11094 11095 10683
f 11094 11088 11095
f 11094 11091 11088
f 11096 10625 10623
f 11096 10627 10625
f 11096 10629 10627
f 11096 10631 10629
f 11096 10633 10631
f 11097 10939 10938
f 11097 10938 11085
f 11097 11085 11092
f 10686 11094 10683
f 11098 10939 11097
f 11098 10921 10939
f 11099 11100 11101
f 11099 11102 11100
f 11103 11102 11099
f 11104 11099 11101
f 11105 11102 11103
f 11105 11106 11102
f 11105 11098 11106
f 11107 11104 11101
f 11107 11108 10687
f 11107 11101 11108
f 11109 11098 11105
f 11109 10507 10921
f 11109 10921 11098
f 10690 11107 10687
f 11110 10507 11109
f 11111 11112 11113
f 11111 11114 11112
f 11111 11115 11114
f 11116 11113 11112
f 11116 11112 11117
f 11118 11115 11111
f 11119 11116 11117
f 11119 11120 10691
f 11119 11117 11120
f 11121 10507 11110
f 11121 11115 11118
f 11121 10523 10507
f 11121 11110 11115
f 10694 11119 10691
f 11122 10523 11121
f 11123 11124 11125
f 11126 11124 11123
f 11127 11125 11128
f 11127 11123 11125
f 11129 11130 11124
f 11129 11122 11130
f 11129 11124 11126
f 11131 11128 11132
f 11131 11127 11128
f 11133 10523 11122
f 11133 10539 10523
f 11133 11122 11129
f 10721 11132 10719
f 10721 11131 11132
f 11134 10539 11133
f 11135 11136 11137
f 11135 11137 11138
f 11139 11140 11141
f 11139 11137 11140
f 11139 11138 11137
f 11142 11143 11136
f 11142 11134 11143
f 11142 11136 11135
f 11144 11139 11141
f 11145 10555 10539
f 11145 10539 11134
f 11145 11134 11142
f 10717 11141 10715
f 10717 11144 11141
f 11146 10555 11145
f 11147 11148 11149
f 11150 11151 11148
f 11150 11148 11147
f 11152 11147 11149
f 11153 11151 11150
f 11153 11154 11151
f 11155 11149 11156
f 11155 11152 11149
f 11157 11154 11153
f 11157 11146 11154
f 11157 10571 10555
f 11157 10555 11146
f 10713 11155 11156
f 10713 11156 10711
f 11158 10571 11157
f 11159 11160 11161
f 11159 11162 11160
f 11163 11161 11160
f 11163 11160 11164
f 11165 11162 11159
f 11165 11166 11162
f 11165 11158 11166
f 11167 11163 11164
f 11167 11164 11168
f 11169 10571 11158
f 11169 10587 10571
f 11169 11158 11165
f 10709 11168 10707
f 10709 11167 11168
f 11170 10587 11169
f 11171 11172 11173
f 11171 11174 11172
f 11171 11175 11174
f 11176 11173 11172
f 11176 11177 11178
f 11176 11172 11177
f 11179 11170 11175
f 11179 11175 11171
f 11180 11176 11178
f 11181 10587 11170
f 11181 11170 11179
f 11181 10603 10587
f 10698 11178 10695
f 10698 11180 11178
f 11182 10603 11181
f 11183 11184 11185
f 11183 11185 11186
f 11187 11185 11188
f 11187 11186 11185
f 11189 11190 11184
f 11189 11184 11183
f 11191 11192 10699
f 11191 11188 11192
f 11191 11187 11188
f 11193 10619 10603
f 11193 10603 11182
f 11193 11182 11190
f 11193 11190 11189
f 10702 11191 10699
f 11194 10620 10619
f 11194 10619 11193
f 11195 10620 11194
f 11195 10623 10620
f 10706 11096 10623
f 10706 11196 10703
f 10706 11197 11196
f 10706 11198 11197
f 10706 11199 11198
f 10706 10623 11195
f 10706 11195 11199
f 10798 11200 10799
f 11200 11201 10799
f 11201 11202 10799
f 10799 11203 11204
f 11205 11206 11202
f 10799 11206 11203
f 11202 11206 10799
f 11205 11207 11206
f 11208 11207 11205
f 11209 11210 11208
f 11208 11210 11207
f 11209 11211 11210
f 10651 11211 11209
f 10653 11212 10651
f 10651 11212 11211
f 10653 11213 11212
f 10796 11214 10665
f 10665 11214 10663
f 10663 11215 10661
f 11214 11215 10663
f 11215 11216 10661
f 10661 11216 10659
f 10657 11217 10655
f 10659 11217 10657
f 11216 11217 10659
f 11217 11218 10655
f 10655 11219 10653
f 10653 11219 11213
f 11218 11219 10655
f 11219 10637 11213
f 11220 11221 10739
f 10739 11221 10742
f 11222 11223 11220
f 11220 11223 11221
f 11224 11225 11222
f 11226 11225 11224
f 11222 11225 11223
f 11226 11227 11225
f 11228 11229 11226
f 11226 11229 11227
f 10638 11230 10637
f 11213 11230 11228
f 10637 11230 11213
f 11228 11230 11229
f 10638 11231 11230
f 10650 10771 10648
f 10771 11232 10648
f 10648 11233 10646
f 11232 11233 10648
f 10644 11234 10642
f 10646 11234 10644
f 11233 11234 10646
f 11234 11235 10642
f 10642 11236 10640
f 11235 11236 10642
f 10640 11237 10638
f 11236 11237 10640
f 10638 11237 11231
f 11237 10445 11231
f 11238 11239 10725
f 10725 11239 10723
f 11240 11241 11238
f 11238 11241 11239
f 11240 11242 11241
f 11243 11242 11240
f 11244 11242 11243
f 11244 11245 11242
f 11244 11246 11245
f 11247 11246 11244
f 10445 11248 11231
f 11247 11248 11246
f 11231 11248 11247
f 10446 11248 10445
f 10446 11249 11248
f 10774 11250 10458
f 10458 11250 10456
f 11250 11251 10456
f 10456 11251 10454
f 11251 11252 10454
f 10454 11252 10452
f 11252 11253 10452
f 10450 11253 10448
f 10452 11253 10450
f 11253 11254 10448
f 10446 11255 11249
f 11254 11255 10448
f 10448 11255 10446
f 11255 10461 11249
f 11256 11257 10729
f 11258 11257 11256
f 10729 11257 10727
f 11258 11259 11257
f 11258 11260 11259
f 11261 11260 11258
f 11262 11263 11261
f 11264 11263 11262
f 11261 11263 11260
f 11264 11265 11263
f 11249 11266 11264
f 10461 11266 11249
f 11264 11266 11265
f 10461 11267 11266
f 10776 11268 10474
f 10474 11268 10472
f 10472 11269 10470
f 11268 11269 10472
f 10470 11270 10468
f 11269 11270 10470
f 11270 11271 10468
f 10468 11271 10466
f 11271 11272 10466
f 10466 11272 10464
f 11273 10731 10733
f 11272 11274 10464
f 10464 11274 10462
f 10462 10477 10461
f 10461 10477 11267
f 11274 10477 10462
f 11273 11275 10731
f 11273 11276 11275
f 11277 11276 11273
f 11277 11278 11276
f 11279 11278 11277
f 11279 11280 11278
f 11281 11280 11279
f 11281 11282 11280
f 11283 11282 11281
f 10477 11284 11267
f 11283 11284 11282
f 11267 11284 11283
f 10477 11285 11284
f 10490 10778 10488
f 10778 11286 10488
f 10486 11287 10484
f 10488 11287 10486
f 11286 11287 10488
f 11287 11288 10484
f 11288 11289 10484
f 10482 11289 10480
f 10484 11289 10482
f 11289 11290 10480
f 11291 10735 10737
f 10480 11292 10478
f 11290 11292 10480
f 10478 10493 10477
f 11292 10493 10478
f 10477 10493 11285
f 11291 11293 10735
f 11291 11294 11293
f 11295 11294 11291
f 11295 11296 11294
f 11297 11296 11295
f 11298 11296 11297
f 11298 11299 11296
f 11300 11301 11298
f 11298 11301 11299
f 11300 11302 11301
f 10493 11302 11285
f 11285 11302 11300
f 10493 11303 11302
f 10506 10780 10504
f 10780 11304 10504
f 10502 11305 10500
f 10504 11305 10502
f 11304 11305 10504
f 10500 11306 10498
f 11305 11306 10500
f 11306 11307 10498
f 10498 11308 10496
f 11307 11308 10498
f 10496 11309 10494
f 11308 11309 10496
f 10493 10509 11303
f 10494 10509 10493
f 11309 10509 10494
f 11310 11311 10745
f 10745 11311 10743
f 11312 11313 11310
f 11310 11313 11311
f 11314 11315 11312
f 11312 11315 11313
f 11316 11317 11314
f 11314 11317 11315
f 11318 11319 11316
f 11316 11319 11317
f 10509 11320 11303
f 11303 11320 11318
f 11318 11320 11319
f 10520 11321 10518
f 10522 11321 10520
f 10782 11321 10522
f 11321 11322 10518
f 10518 11323 10516
f 11322 11323 10518
f 10516 11324 10514
f 11323 11324 10516
f 10514 11325 10512
f 11324 11325 10514
f 10512 11326 10510
f 11325 11326 10512
f 11326 10525 10510
f 10510 10525 10509
f 11327 11328 10749
f 10749 11328 10747
f 11329 11330 11327
f 11327 11330 11328
f 11331 11332 11329
f 11329 11332 11330
f 11331 11333 11332
f 11334 11333 11331
f 11334 11335 11333
f 11336 11335 11334
f 11336 11337 11335
f 11338 11337 11336
f 10538 10784 10536
f 10784 11339 10536
f 11339 11340 10536
f 10536 11340 10534
f 11340 11341 10534
f 10532 11341 10530
f 10534 11341 10532
f 11341 11342 10530
f 11342 11343 10530
f 10530 11343 10528
f 11343 11344 10528
f 10526 11344 10525
f 10528 11344 10526
f 11344 10541 10525
f 11345 11346 10753
f 11347 11346 11345
f 10753 11346 10751
f 11347 11348 11346
f 11349 11350 11347
f 11351 11350 11349
f 11347 11350 11348
f 11351 11352 11350
f 11353 11354 11351
f 11351 11354 11352
f 11355 11356 11353
f 11353 11356 11354
f 10786 11357 10554
f 10554 11357 10552
f 10552 11358 10550
f 11357 11358 10552
f 10550 11359 10548
f 11358 11359 10550
f 10546 11360 10544
f 10548 11360 10546
f 11359 11360 10548
f 11360 11361 10544
f 11361 11362 10544
f 10544 11362 10542
f 11362 10557 10542
f 10542 10557 10541
f 11363 11364 10757
f 11365 11364 11363
f 10757 11364 10755
f 11365 11366 11364
f 11365 11367 11366
f 11368 11367 11365
f 11368 11369 11367
f 11370 11369 11368
f 11371 11369 11370
f 11371 11372 11369
f 11371 11373 11372
f 11374 11373 11371
f 10570 10788 10568
f 10788 11375 10568
f 11375 11376 10568
f 10568 11376 10566
f 10566 11377 10564
f 11376 11377 10566
f 10564 11378 10562
f 11377 11378 10564
f 10560 11379 10558
f 10562 11379 10560
f 11378 11379 10562
f 11379 11380 10558
f 10558 10573 10557
f 11380 10573 10558
f 11381 11382 10761
f 10761 11382 10759
f 11383 11384 11381
f 11385 11384 11383
f 11381 11384 11382
f 11386 11387 11385
f 11385 11387 11384
f 11386 11388 11387
f 11386 11389 11388
f 11390 11389 11386
f 11391 11392 11390
f 11390 11392 11389
f 10586 10790 10584
f 10790 11393 10584
f 10584 11394 10582
f 11393 11394 10584
f 11394 11395 10582
f 10582 11395 10580
f 11395 11396 10580
f 10580 11396 10578
f 10578 11397 10576
f 11396 11397 10578
f 11398 10763 10765
f 11397 11399 10576
f 10576 11399 10574
f 11399 10589 10574
f 10574 10589 10573
f 11398 11400 10763
f 11398 11401 11400
f 11402 11401 11398
f 11403 11401 11402
f 11403 11404 11401
f 11403 11405 11404
f 11406 11405 11403
f 11407 11405 11406
f 11407 11408 11405
f 11407 11409 11408
f 11410 11409 11407
f 10792 11411 10602
f 10600 11411 10598
f 10602 11411 10600
f 11411 11412 10598
f 10596 11413 10594
f 10598 11413 10596
f 11412 11413 10598
f 10594 11414 10592
f 11413 11414 10594
f 10592 11415 10590
f 11414 11415 10592
f 11415 11416 10590
f 10590 10605 10589
f 11416 10605 10590
f 10794 11417 10618
f 10618 11417 10616
f 10614 11418 10612
f 10616 11418 10614
f 11417 11418 10616
f 11418 11419 10612
f 11420 10767 10769
f 11421 10767 11420
f 10610 11422 10608
f 10612 11422 10610
f 11419 11422 10612
f 11422 11423 10608
f 11423 11424 10608
f 10608 11424 10606
f 11424 10621 10606
f 10606 10621 10605
f 11421 11425 10767
f 11426 11427 11421
f 11421 11427 11425
f 11425 11428 10767
f 11426 11429 11427
f 11430 11429 11426
f 11428 11431 10767
f 11430 11432 11429
f 11433 11432 11430
f 11431 11434 10767
f 11433 11435 11432
f 11436 11435 11433
f 11436 11437 11435
f 11409 11437 11436
f 11438 11439 11440
f 11441 11442 11438
f 11438 11442 11439
f 11439 11443 11440
f 11437 11444 11441
f 11409 11444 11437
f 11441 11444 11442
f 11440 11445 11446
f 11443 11445 11440
f 11446 11445 10668
f 11410 11447 11409
f 11409 11447 11444
f 11445 10669 10668
f 11410 11448 11447
f 11392 11448 11410
f 11449 11450 11451
f 11452 11450 11449
f 11451 11450 11453
f 11451 11454 11455
f 11453 11454 11451
f 11452 11456 11450
f 11455 11457 11458
f 11454 11457 11455
f 11448 11459 11452
f 11392 11459 11448
f 11391 11459 11392
f 11452 11459 11456
f 11458 10673 10672
f 11457 10673 11458
f 11373 11460 11391
f 11391 11460 11459
f 11461 11462 11463
f 11461 11464 11462
f 11465 11464 11461
f 11466 11464 11465
f 11462 11467 11463
f 11466 11468 11464
f 11467 11469 11463
f 11463 11469 11470
f 11466 11471 11468
f 11374 11471 11373
f 11460 11471 11466
f 11373 11471 11460
f 11469 10677 11470
f 11470 10677 10676
f 11374 11472 11471
f 11356 11472 11374
f 11473 11474 11475
f 11476 11474 11473
f 11477 11474 11476
f 11475 11478 11473
f 11479 11478 11480
f 11473 11478 11479
f 11477 11481 11474
f 11478 11482 11480
f 11480 11482 10680
f 11356 11483 11472
f 11477 11483 11481
f 11472 11483 11477
f 11355 11483 11356
f 11482 10681 10680
f 11355 11484 11483
f 11337 11484 11355
f 11485 11486 11487
f 11485 11488 11486
f 11486 11489 11487
f 11487 11489 11490
f 11491 11492 11485
f 11485 11492 11488
f 11490 11493 11494
f 11489 11493 11490
f 10632 11495 10630
f 10634 11495 10632
f 10626 11495 10624
f 10628 11495 10626
f 10630 11495 10628
f 11337 11496 11484
f 11484 11496 11491
f 11491 11496 11492
f 11338 11496 11337
f 11493 10685 11494
f 11494 10685 10684
f 11320 11497 11338
f 11338 11497 11496
f 11498 11499 11500
f 11501 11499 11498
f 11502 11503 11504
f 11498 11503 11502
f 11500 11503 11498
f 11501 11505 11499
f 11506 11505 11501
f 11503 11507 11504
f 11506 11508 11505
f 11320 11508 11497
f 10509 11508 11320
f 11497 11508 11506
f 11507 10689 11504
f 11504 10689 10688
f 10509 11509 11508
f 11510 11511 11512
f 11513 11511 11510
f 11512 11514 11510
f 11515 11514 11516
f 11510 11514 11515
f 11513 11517 11511
f 11518 11517 11513
f 11514 11519 11516
f 10509 11520 11509
f 11518 11520 11517
f 11509 11520 11518
f 10525 11520 10509
f 11519 10693 11516
f 11516 10693 10692
f 10525 11521 11520
f 11522 11523 11524
f 11522 11525 11523
f 11526 11525 11522
f 11523 11527 11524
f 11528 11529 11526
f 11521 11529 11528
f 11526 11529 11525
f 11527 11530 11524
f 11531 11530 10722
f 11524 11530 11531
f 10541 11532 10525
f 10525 11532 11521
f 11521 11532 11529
f 11530 10720 10722
f 10541 11533 11532
f 11534 11535 11536
f 11534 11537 11535
f 11536 11538 11539
f 11535 11538 11536
f 11540 11541 11534
f 11534 11541 11537
f 11539 11542 11543
f 11538 11542 11539
f 11533 11544 11540
f 10557 11544 10541
f 11540 11544 11541
f 10541 11544 11533
f 11543 10716 10718
f 11542 10716 11543
f 10557 11545 11544
f 11546 11547 11548
f 11549 11550 11546
f 11546 11550 11547
f 11547 11551 11548
f 11548 11551 11552
f 11549 11553 11550
f 11554 11553 11549
f 11545 11553 11554
f 11551 11555 11552
f 11545 11556 11553
f 10557 11556 11545
f 10573 11556 10557
f 11555 10712 11552
f 11552 10712 10714
f 10573 11557 11556
f 11558 11559 11560
f 11558 11561 11559
f 11559 11562 11560
f 11560 11562 11563
f 11558 11564 11561
f 11565 11564 11558
f 11563 11566 11567
f 11562 11566 11563
f 10573 11568 11557
f 10589 11568 10573
f 11565 11568 11564
f 11557 11568 11565
f 11567 10708 10710
f 11566 10708 11567
f 10589 11569 11568
f 11570 11571 11572
f 11570 11573 11571
f 11574 11573 11570
f 11572 11575 11576
f 11571 11575 11572
f 11574 11577 11573
f 11578 11579 10696
f 11576 11579 11578
f 11575 11579 11576
f 10589 11580 11569
f 11569 11580 11574
f 11574 11580 11577
f 10605 11580 10589
f 11579 10697 10696
f 10605 11581 11580
f 11582 11583 11584
f 11584 11583 11585
f 11584 11586 11587
f 11585 11586 11584
f 11588 11589 11582
f 11581 11589 11588
f 11582 11589 11583
f 11587 11590 11591
f 11586 11590 11587
f 10621 11592 10605
f 10605 11592 11581
f 11581 11592 11589
f 11591 10701 10700
f 11590 10701 11591
f 10621 11593 11592
f 10622 11593 10621
f 10622 11594 11593
f 10624 11594 10622
f 10624 10705 11594
f 11495 10705 10624
f 11595 10705 10704
f 11596 10705 11595
f 11597 10705 11596
f 11598 10705 11597
f 11594 10705 11598
f 10706 11495 11096
f 10705 11495 10706
f 10770 11434 11035
f 10770 10767 11434
f 11204 10805 10800
f 11204 10800 10799
f 11096 10634 10633
f 11096 11495 10634
f 10797 10801 10798
f 10798 10801 11200
f 11200 10802 11201
f 10801 10802 11200
f 11201 10803 11202
f 10802 10803 11201
f 11202 10807 11205
f 10803 10807 11202
f 11205 10809 11208
f 10807 10809 11205
f 11208 10811 11209
f 11209 10811 10651
f 10809 10811 11208
f 10811 10652 10651
f 10796 10795 11214
f 11214 10815 11215
f 10795 10815 11214
f 11215 10816 11216
f 10815 10816 11215
f 11216 10817 11217
f 10816 10817 11216
f 11217 10818 11218
f 10817 10818 11217
f 10818 10819 11218
f 11218 10820 11219
f 10819 10820 11218
f 11219 10635 10637
f 10820 10635 11219
f 10794 10793 11417
f 11417 11018 11418
f 10793 11018 11417
f 11418 11019 11419
f 11018 11019 11418
f 11419 11020 11422
f 11019 11020 11419
f 11422 11023 11423
f 11020 11023 11422
f 11423 11024 11424
f 11023 11024 11423
f 11424 11025 10621
f 11024 11025 11424
f 11025 10619 10621
f 10792 10791 11411
f 11411 11012 11412
f 10791 11012 11411
f 11412 11013 11413
f 11012 11013 11412
f 11413 11014 11414
f 11013 11014 11413
f 11414 11015 11415
f 11014 11015 11414
f 11415 11016 11416
f 11015 11016 11415
f 11416 11017 10605
f 11016 11017 11416
f 11017 10603 10605
f 10790 10789 11393
f 11393 10994 11394
f 10789 10994 11393
f 11394 10995 11395
f 10994 10995 11394
f 11395 10996 11396
f 10995 10996 11395
f 11396 10997 11397
f 10996 10997 11396
f 11397 10998 11399
f 10997 10998 11397
f 11399 10999 10589
f 10998 10999 11399
f 10999 10587 10589
f 10788 10787 11375
f 11375 10976 11376
f 10787 10976 11375
f 11376 10977 11377
f 10976 10977 11376
f 11377 10978 11378
f 10977 10978 11377
f 11378 10979 11379
f 10978 10979 11378
f 11379 10980 11380
f 10979 10980 11379
f 11380 10981 10573
f 10980 10981 11380
f 10981 10571 10573
f 10786 10785 11357
f 11357 10958 11358
f 10785 10958 11357
f 11358 10959 11359
f 10958 10959 11358
f 11359 10960 11360
f 10959 10960 11359
f 11360 10961 11361
f 10960 10961 11360
f 11361 10962 11362
f 10961 10962 11361
f 11362 10964 10557
f 10962 10964 11362
f 10964 10555 10557
f 10784 10783 11339
f 11339 10940 11340
f 10783 10940 11339
f 11340 10941 11341
f 10940 10941 11340
f 11341 10942 11342
f 10941 10942 11341
f 11342 10943 11343
f 10942 10943 11342
f 11343 10944 11344
f 10943 10944 11343
f 11344 10945 10541
f 10944 10945 11344
f 10945 10539 10541
f 10782 10781 11321
f 11321 10922 11322
f 10781 10922 11321
f 11322 10923 11323
f 10922 10923 11322
f 11323 10924 11324
f 10923 10924 11323
f 11324 10925 11325
f 10924 10925 11324
f 11325 10926 11326
f 10925 10926 11325
f 11326 10928 10525
f 10926 10928 11326
f 10928 10523 10525
f 10780 10779 11304
f 11304 10905 11305
f 10779 10905 11304
f 11305 10906 11306
f 10905 10906 11305
f 11306 10907 11307
f 10906 10907 11306
f 11307 10908 11308
f 10907 10908 11307
f 11308 10909 11309
f 10908 10909 11308
f 11309 10911 10509
f 10909 10911 11309
f 10911 10507 10509
f 10778 10777 11286
f 11286 10887 11287
f 10777 10887 11286
f 11287 10888 11288
f 10887 10888 11287
f 11288 10889 11289
f 10888 10889 11288
f 11289 10890 11290
f 10889 10890 11289
f 11290 10891 11292
f 10890 10891 11290
f 11292 10892 10493
f 10891 10892 11292
f 10892 10491 10493
f 10776 10775 11268
f 11268 10869 11269
f 10775 10869 11268
f 11269 10870 11270
f 10869 10870 11269
f 11270 10871 11271
f 10870 10871 11270
f 11271 10872 11272
f 10871 10872 11271
f 11272 10873 11274
f 10872 10873 11272
f 11274 10874 10477
f 10873 10874 11274
f 10874 10475 10477
f 10774 10773 11250
f 11250 10851 11251
f 10773 10851 11250
f 11251 10852 11252
f 10851 10852 11251
f 11252 10853 11253
f 10852 10853 11252
f 11253 10854 11254
f 10853 10854 11253
f 11254 10855 11255
f 10854 10855 11254
f 11255 10856 10461
f 10855 10856 11255
f 10856 10459 10461
f 10771 10772 11232
f 11232 10833 11233
f 10772 10833 11232
f 11233 10834 11234
f 10833 10834 11233
f 11234 10835 11235
f 10834 10835 11234
f 11235 10836 11236
f 10835 10836 11235
f 11236 10837 11237
f 10836 10837 11236
f 11237 10838 10445
f 10837 10838 11237
f 10838 10443 10445
f 10769 11021 11420
f 10768 11021 10769
f 11420 11022 11421
f 11021 11022 11420
f 11421 11028 11426
f 11022 11028 11421
f 11426 11031 11430
f 11430 11031 11433
f 11028 11031 11426
f 11433 11034 11436
f 11031 11034 11433
f 11034 11037 11436
f 11436 11010 11409
f 11409 11010 11408
f 11037 11010 11436
f 11408 11009 11405
f 11010 11009 11408
f 11405 11007 11404
f 11009 11007 11405
f 11007 11005 11404
f 11404 11002 11401
f 11005 11002 11404
f 11401 11000 11400
f 11002 11000 11401
f 11400 10766 10763
f 11000 10766 11400
f 10765 11001 11398
f 10764 11001 10765
f 11398 11003 11402
f 11001 11003 11398
f 11402 11004 11403
f 11003 11004 11402
f 11403 11006 11406
f 11406 11006 11407
f 11004 11006 11403
f 11407 11008 11410
f 11006 11008 11407
f 11008 11011 11410
f 11410 10992 11392
f 11392 10992 11389
f 11011 10992 11410
f 11389 10991 11388
f 10992 10991 11389
f 11388 10988 11387
f 10991 10988 11388
f 10988 10986 11387
f 11387 10984 11384
f 10986 10984 11387
f 11384 10982 11382
f 10984 10982 11384
f 11382 10762 10759
f 10982 10762 11382
f 10761 10983 11381
f 10760 10983 10761
f 11381 10985 11383
f 10983 10985 11381
f 11383 10987 11385
f 10985 10987 11383
f 11385 10989 11386
f 11386 10989 11390
f 10987 10989 11385
f 11390 10990 11391
f 10989 10990 11390
f 10990 10993 11391
f 11391 10975 11373
f 11373 10975 11372
f 10993 10975 11391
f 11372 10972 11369
f 10975 10972 11372
f 11369 10970 11367
f 10972 10970 11369
f 10970 10969 11367
f 11367 10966 11366
f 10969 10966 11367
f 11366 10965 11364
f 10966 10965 11366
f 11364 10758 10755
f 10965 10758 11364
f 10757 10963 11363
f 10756 10963 10757
f 11363 10967 11365
f 10963 10967 11363
f 11365 10968 11368
f 10967 10968 11365
f 11368 10971 11370
f 11370 10971 11371
f 10968 10971 11368
f 11371 10973 11374
f 10971 10973 11371
f 10973 10974 11374
f 11374 10956 11356
f 11356 10956 11354
f 10974 10956 11374
f 11354 10954 11352
f 10956 10954 11354
f 11352 10953 11350
f 10954 10953 11352
f 10953 10950 11350
f 11350 10948 11348
f 10950 10948 11350
f 11348 10946 11346
f 10948 10946 11348
f 11346 10754 10751
f 10946 10754 11346
f 10753 10947 11345
f 10752 10947 10753
f 11345 10949 11347
f 10947 10949 11345
f 11347 10951 11349
f 10949 10951 11347
f 11349 10952 11351
f 11351 10952 11353
f 10951 10952 11349
f 11353 10955 11355
f 10952 10955 11353
f 10955 10957 11355
f 11355 10938 11337
f 11337 10938 11335
f 10957 10938 11355
f 11335 10936 11333
f 10938 10936 11335
f 11333 10934 11332
f 10936 10934 11333
f 10934 10932 11332
f 11332 10931 11330
f 10932 10931 11332
f 11330 10929 11328
f 10931 10929 11330
f 11328 10750 10747
f 10929 10750 11328
f 10749 10927 11327
f 10748 10927 10749
f 11327 10930 11329
f 10927 10930 11327
f 11329 10933 11331
f 10930 10933 11329
f 11331 10935 11334
f 11334 10935 11336
f 10933 10935 11331
f 11336 10937 11338
f 10935 10937 11336
f 10937 10939 11338
f 11338 10921 11320
f 11320 10921 11319
f 10939 10921 11338
f 11319 10919 11317
f 10921 10919 11319
f 11317 10917 11315
f 10919 10917 11317
f 10917 10915 11315
f 11315 10913 11313
f 10915 10913 11315
f 11313 10912 11311
f 10913 10912 11313
f 11311 10746 10743
f 10912 10746 11311
f 10745 10910 11310
f 10744 10910 10745
f 11310 10914 11312
f 10910 10914 11310
f 11312 10916 11314
f 10914 10916 11312
f 11314 10918 11316
f 11316 10918 11318
f 10916 10918 11314
f 11318 10920 11303
f 10918 10920 11318
f 10920 10904 11303
f 11303 10903 11302
f 11302 10903 11301
f 10904 10903 11303
f 11301 10902 11299
f 10903 10902 11301
f 11299 10899 11296
f 10902 10899 11299
f 10899 10898 11296
f 11296 10896 11294
f 10898 10896 11296
f 11294 10893 11293
f 10896 10893 11294
f 11293 10738 10735
f 10893 10738 11293
f 10739 10822 11220
f 10741 10822 10739
f 11220 10823 11222
f 10822 10823 11220
f 11222 10826 11224
f 10823 10826 11222
f 11224 10827 11226
f 11226 10827 11228
f 10826 10827 11224
f 11228 10830 11213
f 10827 10830 11228
f 10830 10814 11213
f 11213 10813 11212
f 11212 10813 11211
f 10814 10813 11213
f 11211 10812 11210
f 10813 10812 11211
f 11210 10810 11207
f 10812 10810 11210
f 10810 10808 11207
f 11207 10806 11206
f 10808 10806 11207
f 11206 10804 11203
f 10806 10804 11206
f 11203 10805 11204
f 10804 10805 11203
f 10737 10894 11291
f 10736 10894 10737
f 11291 10895 11295
f 10894 10895 11291
f 11295 10897 11297
f 10895 10897 11295
f 11297 10900 11298
f 11298 10900 11300
f 10897 10900 11297
f 11300 10901 11285
f 10900 10901 11300
f 10901 10886 11285
f 11285 10885 11284
f 11284 10885 11282
f 10886 10885 11285
f 11282 10883 11280
f 10885 10883 11282
f 11280 10881 11278
f 10883 10881 11280
f 10881 10879 11278
f 11278 10877 11276
f 10879 10877 11278
f 11276 10875 11275
f 10877 10875 11276
f 11275 10734 10731
f 10875 10734 11275
f 10733 10876 11273
f 10732 10876 10733
f 11273 10878 11277
f 10876 10878 11273
f 11277 10880 11279
f 10878 10880 11277
f 11279 10882 11281
f 11281 10882 11283
f 10880 10882 11279
f 11283 10884 11267
f 10882 10884 11283
f 10884 10868 11267
f 11267 10867 11266
f 11266 10867 11265
f 10868 10867 11267
f 11265 10866 11263
f 10867 10866 11265
f 11263 10863 11260
f 10866 10863 11263
f 10863 10861 11260
f 11260 10859 11259
f 10861 10859 11260
f 11259 10857 11257
f 10859 10857 11259
f 11257 10730 10727
f 10857 10730 11257
f 10729 10858 11256
f 10728 10858 10729
f 11256 10860 11258
f 10858 10860 11256
f 11258 10862 11261
f 10860 10862 11258
f 11261 10864 11262
f 11262 10864 11264
f 10862 10864 11261
f 11264 10865 11249
f 10864 10865 11264
f 10865 10850 11249
f 11249 10849 11248
f 11248 10849 11246
f 10850 10849 11249
f 11246 10847 11245
f 10849 10847 11246
f 11245 10845 11242
f 10847 10845 11245
f 10845 10844 11242
f 11242 10841 11241
f 10844 10841 11242
f 11241 10839 11239
f 10841 10839 11241
f 11239 10726 10723
f 10839 10726 11239
f 10725 10840 11238
f 10724 10840 10725
f 11238 10842 11240
f 10840 10842 11238
f 11240 10843 11243
f 10842 10843 11240
f 11243 10846 11244
f 11244 10846 11247
f 10843 10846 11243
f 11247 10848 11231
f 10846 10848 11247
f 10848 10832 11231
f 11231 10831 11230
f 11230 10831 11229
f 10832 10831 11231
f 11229 10829 11227
f 10831 10829 11229
f 11227 10828 11225
f 10829 10828 11227
f 10828 10825 11225
f 11225 10824 11223
f 10825 10824 11225
f 11223 10821 11221
f 10824 10821 11223
f 11221 10740 10742
f 10821 10740 11221
f 10722 11132 11531
f 10719 11132 10722
f 11531 11128 11524
f 11132 11128 11531
f 11524 11125 11522
f 11128 11125 11524
f 11522 11124 11526
f 11125 11124 11522
f 11526 11130 11528
f 11124 11130 11526
f 11528 11122 11521
f 11521 11122 11520
f 11130 11122 11528
f 11520 11121 11517
f 11122 11121 11520
f 11517 11118 11511
f 11121 11118 11517
f 11511 11111 11512
f 11118 11111 11511
f 11512 11113 11514
f 11111 11113 11512
f 11514 11116 11519
f 11113 11116 11514
f 11519 11119 10693
f 11116 11119 11519
f 11119 10694 10693
f 10718 11141 11543
f 10715 11141 10718
f 11543 11140 11539
f 11141 11140 11543
f 11539 11137 11536
f 11140 11137 11539
f 11536 11136 11534
f 11137 11136 11536
f 11534 11143 11540
f 11136 11143 11534
f 11540 11134 11533
f 11533 11134 11532
f 11143 11134 11540
f 11532 11133 11529
f 11134 11133 11532
f 11529 11129 11525
f 11133 11129 11529
f 11525 11126 11523
f 11129 11126 11525
f 11523 11123 11527
f 11126 11123 11523
f 11527 11127 11530
f 11123 11127 11527
f 11530 11131 10720
f 11127 11131 11530
f 11131 10721 10720
f 10714 11156 11552
f 10711 11156 10714
f 11552 11149 11548
f 11156 11149 11552
f 11548 11148 11546
f 11149 11148 11548
f 11546 11151 11549
f 11148 11151 11546
f 11549 11154 11554
f 11151 11154 11549
f 11554 11146 11545
f 11545 11146 11544
f 11154 11146 11554
f 11544 11145 11541
f 11146 11145 11544
f 11541 11142 11537
f 11145 11142 11541
f 11537 11135 11535
f 11142 11135 11537
f 11535 11138 11538
f 11135 11138 11535
f 11538 11139 11542
f 11138 11139 11538
f 11542 11144 10716
f 11139 11144 11542
f 11144 10717 10716
f 10710 11168 11567
f 10707 11168 10710
f 11567 11164 11563
f 11168 11164 11567
f 11563 11160 11560
f 11164 11160 11563
f 11560 11162 11558
f 11160 11162 11560
f 11558 11166 11565
f 11162 11166 11558
f 11565 11158 11557
f 11557 11158 11556
f 11166 11158 11565
f 11556 11157 11553
f 11158 11157 11556
f 11553 11153 11550
f 11157 11153 11553
f 11550 11150 11547
f 11153 11150 11550
f 11547 11147 11551
f 11150 11147 11547
f 11551 11152 11555
f 11147 11152 11551
f 11555 11155 10712
f 11152 11155 11555
f 11155 10713 10712
f 10704 11196 11595
f 10703 11196 10704
f 11595 11197 11596
f 11196 11197 11595
f 11596 11198 11597
f 11197 11198 11596
f 11597 11199 11598
f 11198 11199 11597
f 11598 11195 11594
f 11199 11195 11598
f 11594 11194 11593
f 11593 11194 11592
f 11195 11194 11594
f 11592 11193 11589
f 11194 11193 11592
f 11589 11189 11583
f 11193 11189 11589
f 11583 11183 11585
f 11189 11183 11583
f 11585 11186 11586
f 11183 11186 11585
f 11586 11187 11590
f 11186 11187 11586
f 11590 11191 10701
f 11187 11191 11590
f 11191 10702 10701
f 10700 11192 11591
f 10699 11192 10700
f 11591 11188 11587
f 11192 11188 11591
f 11587 11185 11584
f 11188 11185 11587
f 11584 11184 11582
f 11185 11184 11584
f 11582 11190 11588
f 11184 11190 11582
f 11588 11182 11581
f 11581 11182 11580
f 11190 11182 11588
f 11580 11181 11577
f 11182 11181 11580
f 11577 11179 11573
f 11181 11179 11577
f 11573 11171 11571
f 11179 11171 11573
f 11571 11173 11575
f 11171 11173 11571
f 11575 11176 11579
f 11173 11176 11575
f 11579 11180 10697
f 11176 11180 11579
f 11180 10698 10697
f 10696 11178 11578
f 10695 11178 10696
f 11578 11177 11576
f 11178 11177 11578
f 11576 11172 11572
f 11177 11172 11576
f 11572 11174 11570
f 11172 11174 11572
f 11570 11175 11574
f 11174 11175 11570
f 11574 11170 11569
f 11569 11170 11568
f 11175 11170 11574
f 11568 11169 11564
f 11170 11169 11568
f 11564 11165 11561
f 11169 11165 11564
f 11561 11159 11559
f 11165 11159 11561
f 11559 11161 11562
f 11159 11161 11559
f 11562 11163 11566
f 11161 11163 11562
f 11566 11167 10708
f 11163 11167 11566
f 11167 10709 10708
f 10692 11120 11516
f 10691 11120 10692
f 11516 11117 11515
f 11120 11117 11516
f 11515 11112 11510
f 11117 11112 11515
f 11510 11114 11513
f 11112 11114 11510
f 11513 11115 11518
f 11114 11115 11513
f 11518 11110 11509
f 11509 11110 11508
f 11115 11110 11518
f 11508 11109 11505
f 11110 11109 11508
f 11505 11105 11499
f 11109 11105 11505
f 11499 11103 11500
f 11105 11103 11499
f 11500 11099 11503
f 11103 11099 11500
f 11503 11104 11507
f 11099 11104 11503
f 11507 11107 10689
f 11104 11107 11507
f 11107 10690 10689
f 10688 11108 11504
f 10687 11108 10688
f 11504 11101 11502
f 11108 11101 11504
f 11502 11100 11498
f 11101 11100 11502
f 11498 11102 11501
f 11100 11102 11498
f 11501 11106 11506
f 11102 11106 11501
f 11506 11098 11497
f 11106 11098 11506
f 11497 11097 11496
f 11496 11097 11492
f 11098 11097 11497
f 11492 11092 11488
f 11097 11092 11492
f 11488 11089 11486
f 11092 11089 11488
f 11486 11086 11489
f 11089 11086 11486
f 11489 11091 11493
f 11086 11091 11489
f 11493 11094 10685
f 11091 11094 11493
f 11094 10686 10685
f 10684 11095 11494
f 10683 11095 10684
f 11494 11088 11490
f 11095 11088 11494
f 11490 11087 11487
f 11088 11087 11490
f 11487 11090 11485
f 11087 11090 11487
f 11485 11093 11491
f 11090 11093 11485
f 11491 11085 11484
f 11484 11085 11483
f 11093 11085 11491
f 11483 11084 11481
f 11085 11084 11483
f 11481 11080 11474
f 11084 11080 11481
f 11474 11077 11475
f 11080 11077 11474
f 11475 11074 11478
f 11077 11074 11475
f 11478 11079 11482
f 11074 11079 11478
f 11482 11082 10681
f 11079 11082 11482
f 11082 10682 10681
f 10680 11083 11480
f 10679 11083 10680
f 11480 11076 11479
f 11083 11076 11480
f 11479 11075 11473
f 11076 11075 11479
f 11473 11078 11476
f 11075 11078 11473
f 11476 11081 11477
f 11078 11081 11476
f 11477 11073 11472
f 11472 11073 11471
f 11081 11073 11477
f 11471 11072 11468
f 11073 11072 11471
f 11468 11068 11464
f 11072 11068 11468
f 11464 11062 11462
f 11068 11062 11464
f 11462 11065 11467
f 11062 11065 11462
f 11467 11066 11469
f 11065 11066 11467
f 11469 11070 10677
f 11066 11070 11469
f 11070 10678 10677
f 10676 11071 11470
f 10675 11071 10676
f 11470 11067 11463
f 11071 11067 11470
f 11463 11064 11461
f 11067 11064 11463
f 11461 11063 11465
f 11064 11063 11461
f 11465 11069 11466
f 11063 11069 11465
f 11466 11061 11460
f 11460 11061 11459
f 11069 11061 11466
f 11459 11060 11456
f 11061 11060 11459
f 11456 11056 11450
f 11060 11056 11456
f 11450 11053 11453
f 11056 11053 11450
f 11453 11050 11454
f 11053 11050 11453
f 11454 11055 11457
f 11050 11055 11454
f 11457 11058 10673
f 11055 11058 11457
f 11058 10674 10673
f 10672 11059 11458
f 10671 11059 10672
f 11458 11052 11455
f 11059 11052 11458
f 11455 11051 11451
f 11052 11051 11455
f 11451 11054 11449
f 11051 11054 11451
f 11449 11057 11452
f 11054 11057 11449
f 11452 11049 11448
f 11057 11049 11452
f 11448 11048 11447
f 11049 11048 11448
f 11447 11045 11444
f 11048 11045 11447
f 11444 11039 11442
f 11045 11039 11444
f 11442 11042 11439
f 11039 11042 11442
f 11439 11043 11443
f 11443 11043 11445
f 11042 11043 11439
f 11043 11046 11445
f 11445 10670 10669
f 11046 10670 11445
f 10668 10667 11446
f 11446 11047 11440
f 10667 11047 11446
f 11440 11044 11438
f 11047 11044 11440
f 11438 11041 11441
f 11044 11041 11438
f 11441 11040 11437
f 11041 11040 11441
f 11437 11038 11435
f 11040 11038 11437
f 11435 11036 11432
f 11038 11036 11435
f 11036 11033 11432
f 11432 11030 11429
f 11033 11030 11432
f 11429 11027 11427
f 11030 11027 11429
f 11427 11026 11425
f 11027 11026 11427
f 11425 11029 11428
f 11026 11029 11425
f 11428 11032 11431
f 11029 11032 11428
f 11431 11035 11434
f 11032 11035 11431

g Solid_193
usemtl Solid_193
f 11599 11600 11601
f 11601 11600 11602
f 11602 11603 11604
f 11600 11603 11602
f 11604 11605 11606
f 11603 11605 11604
f 11606 11607 11608
f 11605 11607 11606
f 11608 11609 11610
f 11607 11609 11608
f 11610 11611 11612
f 11609 11611 11610
f 11612 11613 11614
f 11611 11613 11612
f 11614 11615 11616
f 11616 11615 11617
f 11613 11615 11614
f 11615 11618 11617
f 11617 11619 11620
f 11618 11619 11617
f 11620 11621 11622
f 11619 11621 11620
f 11622 11623 11624
f 11621 11623 11622
f 11624 11625 11626
f 11623 11625 11624
f 11627 11628 11629
f 11629 11628 11630
f 11631 11632 11633
f 11631 11634 11632
f 11635 11636 11637
f 11636 11638 11637
f 11639 11640 11641
f 11641 11640 11642
f 11643 11644 11645
f 11646 11633 11643
f 11647 11633 11646
f 11644 11648 11649
f 11643 11648 11644
f 11633 11648 11643
f 11633 11650 11648
f 11651 11652 11653
f 11653 11654 11632
f 11652 11654 11653
f 11655 11656 11654
f 11654 11657 11632
f 11656 11657 11654
f 11632 11658 11633
f 11633 11658 11650
f 11657 11658 11632
f 11659 11660 11661
f 11662 11663 11664
f 11665 11663 11662
f 11666 11663 11665
f 11661 11663 11666
f 11660 11663 11661
f 11660 11667 11663
f 11668 11669 11670
f 11671 11669 11668
f 11669 11672 11673
f 11671 11672 11669
f 11674 11675 11671
f 11671 11675 11672
f 11663 11676 11674
f 11667 11676 11663
f 11674 11676 11675
f 11677 11678 11679
f 11680 11681 11682
f 11678 11681 11680
f 11677 11681 11678
f 11677 11683 11681
f 11684 11627 11677
f 11677 11627 11683
f 11684 11628 11627
f 11684 11685 11628
f 11684 11686 11685
f 11685 11687 11628
f 11684 11688 11686
f 11687 11689 11628
f 11684 11690 11688
f 11628 11691 11692
f 11689 11693 11628
f 11628 11694 11691
f 11693 11695 11628
f 11628 11695 11694
f 11696 11697 11698
f 11699 11697 11696
f 11700 11697 11699
f 11700 11639 11697
f 11701 11639 11700
f 11702 11639 11701
f 11697 11639 11703
f 11702 11704 11639
f 11705 11704 11706
f 11707 11704 11702
f 11708 11704 11707
f 11709 11704 11708
f 11706 11704 11709
f 11710 11640 11704
f 11704 11640 11639
f 11711 11712 11710
f 11713 11712 11711
f 11640 11712 11714
f 11710 11712 11640
f 11712 11715 11716
f 11713 11715 11712
f 11684 11704 11705
f 11684 11705 11690
f 11717 11718 11719
f 11720 11721 11722
f 11718 11635 11723
f 11722 11635 11717
f 11721 11635 11722
f 11717 11635 11718
f 11721 11724 11635
f 11724 11636 11635
f 11725 11726 11727
f 11725 11728 11726
f 11725 11729 11728
f 11636 11730 11725
f 11725 11730 11729
f 11636 11731 11730
f 11724 11732 11636
f 11636 11732 11731
f 11724 11733 11732
f 11734 11735 11736
f 11735 11737 11738
f 11734 11737 11735
f 11734 11739 11737
f 11734 11740 11739
f 11734 11741 11740
f 11742 11743 11744
f 11744 11743 11734
f 11734 11743 11741
f 11724 11743 11742
f 11724 11742 11745
f 11724 11745 11733
f 11607 11605 11746
f 11603 11746 11605
f 11609 11607 11746
f 11600 11746 11603
f 11611 11609 11746
f 11599 11746 11600
f 11613 11611 11746
f 11747 11746 11599
f 11615 11613 11746
f 11748 11746 11747
f 11618 11615 11746
f 11749 11750 11625
f 11749 11751 11750
f 11749 11752 11751
f 11749 11619 11618
f 11749 11621 11619
f 11749 11623 11621
f 11749 11625 11623
f 11749 11618 11746
f 11753 11754 11755
f 11753 11756 11754
f 11753 11757 11756
f 11753 11758 11757
f 11753 11759 11758
f 11753 11760 11759
f 11753 11748 11760
f 11753 11746 11748
f 11761 11755 11752
f 11761 11753 11755
f 11761 11752 11749
f 11762 11763 11674
f 11763 11663 11674
f 11764 11676 11667
f 11764 11765 11766
f 11764 11667 11765
f 11767 11766 11768
f 11767 11764 11766
f 11769 11768 11770
f 11769 11767 11768
f 11771 11770 11772
f 11771 11769 11770
f 11773 11771 11772
f 11774 11775 11761
f 11774 11772 11775
f 11774 11773 11772
f 11749 11774 11761
f 11776 11704 11684
f 11776 11777 11778
f 11776 11684 11777
f 11779 11778 11780
f 11779 11776 11778
f 11781 11780 11782
f 11781 11779 11780
f 11783 11782 11784
f 11783 11781 11782
f 11785 11783 11784
f 11786 11787 11753
f 11786 11784 11787
f 11786 11785 11784
f 11761 11786 11753
f 11788 11650 11658
f 11788 11789 11790
f 11788 11658 11789
f 11791 11788 11790
f 11792 11793 11794
f 11792 11790 11793
f 11792 11791 11790
f 11795 11792 11794
f 11796 11794 11797
f 11796 11795 11794
f 11798 11799 11749
f 11798 11797 11799
f 11798 11796 11797
f 11746 11798 11749
f 11800 11801 11802
f 11800 11724 11801
f 11800 11743 11724
f 11803 11802 11804
f 11803 11800 11802
f 11805 11804 11806
f 11805 11803 11804
f 11807 11806 11808
f 11807 11805 11806
f 11809 11807 11808
f 11810 11811 11746
f 11810 11808 11811
f 11810 11809 11808
f 11753 11810 11746
f 11812 11813 11814
f 11631 11815 11816
f 11631 11816 11813
f 11817 11812 11818
f 11817 11813 11812
f 11817 11631 11813
f 11819 11631 11817
f 11820 11821 11822
f 11823 11822 11634
f 11823 11820 11822
f 11824 11825 11823
f 11826 11823 11634
f 11826 11824 11823
f 11827 11634 11631
f 11827 11631 11819
f 11827 11826 11634
f 11828 11829 11830
f 11763 11828 11831
f 11832 11833 11834
f 11832 11834 11829
f 11832 11829 11828
f 11832 11828 11763
f 11835 11832 11763
f 11762 11835 11763
f 11836 11837 11838
f 11839 11836 11840
f 11839 11837 11836
f 11841 11837 11839
f 11842 11762 11837
f 11842 11837 11841
f 11843 11835 11762
f 11843 11762 11842
f 11844 11845 11846
f 11847 11844 11848
f 11849 11845 11844
f 11849 11844 11847
f 11629 11850 11845
f 11629 11849 11851
f 11629 11845 11849
f 11630 11850 11629
f 11852 11850 11630
f 11853 11850 11852
f 11854 11852 11630
f 11855 11850 11853
f 11856 11854 11630
f 11857 11850 11855
f 11858 11630 11859
f 11860 11630 11858
f 11861 11862 11856
f 11861 11856 11630
f 11861 11630 11860
f 11863 11864 11865
f 11863 11865 11866
f 11863 11866 11867
f 11641 11868 11869
f 11641 11869 11864
f 11641 11864 11863
f 11641 11863 11870
f 11871 11868 11641
f 11871 11872 11873
f 11871 11873 11874
f 11871 11874 11875
f 11871 11875 11868
f 11871 11876 11872
f 11642 11871 11641
f 11877 11871 11642
f 11878 11642 11879
f 11878 11880 11881
f 11878 11881 11877
f 11878 11877 11642
f 11882 11880 11878
f 11883 11882 11878
f 11871 11850 11876
f 11876 11850 11857
f 11884 11885 11886
f 11887 11888 11889
f 11637 11889 11885
f 11637 11884 11890
f 11637 11885 11884
f 11637 11887 11889
f 11891 11887 11637
f 11638 11891 11637
f 11892 11893 11894
f 11895 11893 11892
f 11896 11893 11895
f 11897 11638 11893
f 11897 11893 11896
f 11898 11638 11897
f 11899 11891 11638
f 11899 11638 11898
f 11900 11891 11899
f 11901 11902 11903
f 11904 11901 11905
f 11904 11902 11901
f 11906 11902 11904
f 11907 11902 11906
f 11908 11902 11907
f 11909 11910 11911
f 11909 11911 11902
f 11909 11902 11908
f 11909 11891 11910
f 11910 11891 11912
f 11912 11891 11900
f 11606 11608 11913
f 11913 11604 11606
f 11608 11610 11913
f 11913 11602 11604
f 11610 11612 11913
f 11913 11601 11602
f 11612 11614 11913
f 11913 11914 11601
f 11614 11616 11913
f 11913 11915 11914
f 11616 11617 11913
f 11620 11916 11617
f 11622 11916 11620
f 11624 11916 11622
f 11626 11916 11624
f 11917 11916 11626
f 11918 11916 11917
f 11919 11916 11918
f 11617 11916 11913
f 11920 11921 11922
f 11923 11921 11920
f 11924 11921 11923
f 11925 11921 11924
f 11926 11921 11925
f 11927 11921 11926
f 11915 11921 11927
f 11913 11921 11915
f 11922 11928 11919
f 11921 11928 11922
f 11919 11928 11916
f 11929 11930 11931
f 11835 11930 11929
f 11843 11930 11835
f 11931 11932 11933
f 11930 11932 11931
f 11933 11934 11935
f 11932 11934 11933
f 11935 11936 11937
f 11934 11936 11935
f 11936 11938 11937
f 11937 11939 11940
f 11938 11939 11937
f 11940 11916 11928
f 11939 11916 11940
f 11941 11942 11943
f 11850 11942 11941
f 11871 11942 11850
f 11943 11944 11945
f 11942 11944 11943
f 11945 11946 11947
f 11944 11946 11945
f 11947 11948 11949
f 11946 11948 11947
f 11948 11950 11949
f 11951 11952 11921
f 11949 11952 11951
f 11950 11952 11949
f 11952 11928 11921
f 11953 11954 11955
f 11827 11954 11953
f 11819 11954 11827
f 11954 11956 11955
f 11957 11958 11959
f 11955 11958 11957
f 11956 11958 11955
f 11958 11960 11959
f 11959 11961 11962
f 11960 11961 11959
f 11963 11964 11916
f 11962 11964 11963
f 11961 11964 11962
f 11964 11913 11916
f 11909 11965 11891
f 11966 11965 11967
f 11891 11965 11966
f 11967 11968 11969
f 11965 11968 11967
f 11969 11970 11971
f 11968 11970 11969
f 11971 11972 11973
f 11970 11972 11971
f 11972 11974 11973
f 11975 11976 11913
f 11973 11976 11975
f 11974 11976 11973
f 11976 11921 11913
f 11787 11951 11753
f 11753 11951 11921
f 11784 11949 11787
f 11787 11949 11951
f 11782 11947 11784
f 11784 11947 11949
f 11947 11780 11945
f 11945 11780 11943
f 11782 11780 11947
f 11780 11778 11943
f 11943 11777 11941
f 11778 11777 11943
f 11941 11684 11850
f 11777 11684 11941
f 11850 11677 11845
f 11684 11677 11850
f 11807 11970 11805
f 11972 11970 11807
f 11805 11968 11803
f 11970 11968 11805
f 11809 11974 11807
f 11807 11974 11972
f 11810 11976 11809
f 11809 11976 11974
f 11803 11965 11800
f 11968 11965 11803
f 11800 11909 11743
f 11965 11909 11800
f 11753 11921 11810
f 11810 11921 11976
f 11743 11908 11741
f 11909 11908 11743
f 11795 11958 11792
f 11960 11958 11795
f 11792 11956 11791
f 11958 11956 11792
f 11796 11961 11795
f 11795 11961 11960
f 11788 11954 11650
f 11791 11954 11788
f 11956 11954 11791
f 11798 11964 11796
f 11796 11964 11961
f 11746 11913 11798
f 11798 11913 11964
f 11954 11819 11650
f 11650 11817 11648
f 11819 11817 11650
f 11887 11891 11721
f 11721 11891 11724
f 11724 11966 11801
f 11891 11966 11724
f 11801 11967 11802
f 11966 11967 11801
f 11802 11969 11804
f 11967 11969 11802
f 11971 11806 11969
f 11969 11806 11804
f 11975 11808 11973
f 11973 11808 11971
f 11971 11808 11806
f 11975 11811 11808
f 11913 11746 11975
f 11975 11746 11811
f 11826 11827 11657
f 11657 11827 11658
f 11658 11953 11789
f 11827 11953 11658
f 11789 11955 11790
f 11953 11955 11789
f 11790 11957 11793
f 11955 11957 11790
f 11957 11959 11793
f 11959 11794 11793
f 11963 11797 11962
f 11962 11797 11959
f 11959 11797 11794
f 11963 11799 11797
f 11916 11749 11963
f 11963 11749 11799
f 11675 11676 11842
f 11842 11676 11843
f 11939 11774 11916
f 11916 11774 11749
f 11843 11764 11930
f 11676 11764 11843
f 11936 11773 11938
f 11938 11773 11939
f 11939 11773 11774
f 11930 11767 11932
f 11764 11767 11930
f 11936 11771 11773
f 11932 11769 11934
f 11934 11769 11936
f 11936 11769 11771
f 11767 11769 11932
f 11871 11704 11942
f 11710 11704 11877
f 11877 11704 11871
f 11952 11761 11928
f 11952 11786 11761
f 11942 11776 11944
f 11704 11776 11942
f 11948 11785 11950
f 11950 11785 11952
f 11952 11785 11786
f 11776 11779 11944
f 11946 11783 11948
f 11948 11783 11785
f 11944 11781 11946
f 11779 11781 11944
f 11946 11781 11783
f 11775 11940 11761
f 11761 11940 11928
f 11772 11937 11775
f 11775 11937 11940
f 11770 11935 11772
f 11772 11935 11937
f 11935 11768 11933
f 11933 11768 11931
f 11770 11768 11935
f 11768 11766 11931
f 11931 11765 11929
f 11929 11765 11835
f 11766 11765 11931
f 11765 11667 11835
f 11835 11660 11832
f 11667 11660 11835
f 11625 11750 11626
f 11626 11750 11917
f 11917 11751 11918
f 11750 11751 11917
f 11918 11752 11919
f 11751 11752 11918
f 11919 11755 11922
f 11752 11755 11919
f 11922 11754 11920
f 11755 11754 11922
f 11920 11756 11923
f 11754 11756 11920
f 11923 11757 11924
f 11756 11757 11923
f 11924 11758 11925
f 11757 11758 11924
f 11925 11759 11926
f 11758 11759 11925
f 11926 11760 11927
f 11759 11760 11926
f 11927 11748 11915
f 11760 11748 11927
f 11915 11747 11914
f 11748 11747 11915
f 11914 11599 11601
f 11747 11599 11914
f 11705 11706 11876
f 11876 11706 11872
f 11902 11911 11734
f 11734 11911 11744
f 11664 11763 11831
f 11664 11663 11763
f 11662 11831 11828
f 11662 11664 11831
f 11665 11828 11830
f 11665 11662 11828
f 11666 11830 11829
f 11666 11665 11830
f 11661 11829 11834
f 11661 11666 11829
f 11659 11834 11833
f 11659 11661 11834
f 11660 11833 11832
f 11660 11659 11833
f 11740 11908 11907
f 11740 11741 11908
f 11739 11907 11906
f 11739 11740 11907
f 11737 11906 11904
f 11737 11739 11906
f 11738 11904 11905
f 11738 11737 11904
f 11735 11905 11901
f 11735 11738 11905
f 11736 11901 11903
f 11736 11735 11901
f 11734 11903 11902
f 11734 11736 11903
f 11864 11869 11700
f 11700 11869 11701
f 11701 11868 11702
f 11869 11868 11701
f 11702 11875 11707
f 11868 11875 11702
f 11707 11874 11708
f 11875 11874 11707
f 11708 11873 11709
f 11874 11873 11708
f 11709 11872 11706
f 11873 11872 11709
f 11876 11857 11705
f 11705 11857 11690
f 11690 11855 11688
f 11857 11855 11690
f 11688 11853 11686
f 11855 11853 11688
f 11686 11852 11685
f 11853 11852 11686
f 11685 11854 11687
f 11852 11854 11685
f 11687 11856 11689
f 11854 11856 11687
f 11744 11911 11742
f 11742 11910 11745
f 11911 11910 11742
f 11745 11912 11733
f 11910 11912 11745
f 11733 11900 11732
f 11912 11900 11733
f 11732 11899 11731
f 11900 11899 11732
f 11731 11898 11730
f 11899 11898 11731
f 11898 11897 11730
f 11653 11634 11822
f 11653 11632 11634
f 11651 11822 11821
f 11651 11653 11822
f 11652 11821 11820
f 11652 11651 11821
f 11654 11820 11823
f 11654 11652 11820
f 11655 11823 11825
f 11655 11654 11823
f 11656 11825 11824
f 11656 11655 11825
f 11657 11824 11826
f 11657 11656 11824
f 11837 11674 11671
f 11837 11762 11674
f 11838 11671 11668
f 11838 11837 11671
f 11836 11668 11670
f 11836 11838 11668
f 11840 11670 11669
f 11840 11836 11670
f 11839 11669 11673
f 11839 11840 11669
f 11841 11673 11672
f 11841 11839 11673
f 11842 11672 11675
f 11842 11841 11672
f 11723 11637 11890
f 11723 11635 11637
f 11718 11890 11884
f 11718 11723 11890
f 11719 11884 11886
f 11719 11718 11884
f 11717 11886 11885
f 11717 11719 11886
f 11722 11885 11889
f 11722 11717 11885
f 11720 11889 11888
f 11720 11722 11889
f 11721 11888 11887
f 11721 11720 11888
f 11815 11633 11647
f 11815 11631 11633
f 11816 11647 11646
f 11816 11815 11647
f 11813 11646 11643
f 11813 11816 11646
f 11814 11643 11645
f 11814 11813 11643
f 11812 11645 11644
f 11812 11814 11645
f 11818 11644 11649
f 11818 11812 11644
f 11817 11649 11648
f 11817 11818 11649
f 11865 11864 11700
f 11865 11700 11699
f 11866 11699 11696
f 11866 11865 11699
f 11867 11696 11698
f 11867 11866 11696
f 11863 11697 11703
f 11863 11698 11697
f 11863 11867 11698
f 11870 11863 11703
f 11641 11703 11639
f 11641 11870 11703
f 11879 11640 11714
f 11879 11642 11640
f 11878 11714 11712
f 11878 11879 11714
f 11883 11712 11716
f 11883 11878 11712
f 11882 11716 11715
f 11882 11883 11716
f 11880 11715 11713
f 11880 11882 11715
f 11881 11713 11711
f 11881 11880 11713
f 11877 11711 11710
f 11877 11881 11711
f 11859 11630 11628
f 11859 11628 11692
f 11858 11692 11691
f 11858 11859 11692
f 11860 11691 11694
f 11860 11858 11691
f 11861 11694 11695
f 11861 11860 11694
f 11862 11695 11693
f 11862 11861 11695
f 11856 11693 11689
f 11856 11862 11693
f 11627 11629 11851
f 11683 11851 11849
f 11683 11627 11851
f 11681 11849 11847
f 11681 11683 11849
f 11682 11847 11848
f 11682 11681 11847
f 11680 11848 11844
f 11680 11682 11848
f 11678 11680 11844
f 11679 11844 11846
f 11679 11678 11844
f 11677 11846 11845
f 11677 11679 11846
f 11893 11638 11636
f 11893 11725 11727
f 11893 11636 11725
f 11894 11727 11726
f 11894 11893 11727
f 11892 11726 11728
f 11892 11894 11726
f 11895 11728 11729
f 11895 11892 11728
f 11896 11895 11729
f 11897 11729 11730
f 11897 11896 11729

g Solid_194
usemtl Solid_194
f 11977 11978 11979
f 11977 11980 11978
f 11981 11982 11983
f 11984 11982 11981
f 11979 11984 11981
f 11979 11981 11977
f 11985 11981 11986
f 11985 11977 11981
f 11987 11986 11988
f 11987 11985 11986
f 11989 11988 11990
f 11989 11987 11988
f 11991 11990 11992
f 11991 11989 11990
f 11993 11992 11994
f 11993 11991 11992
f 11995 11996 11997
f 11995 11994 11996
f 11995 11993 11994
f 11998 11995 11997
f 11999 11997 12000
f 11999 11998 11997
f 12001 12002 12003
f 12001 12000 12002
f 12001 11999 12000
f 12004 12001 12003
f 12005 12003 12006
f 12005 12004 12003
f 12007 12008 12009
f 12007 12006 12008
f 12007 12005 12006
f 12010 12007 12009
f 11983 11986 11981
f 11983 11988 11986
f 11988 12011 11990
f 11983 12011 11988
f 12011 11992 11990
f 12011 11994 11992
f 12011 11996 11994
f 12008 12012 12009
f 12006 12012 12008
f 12003 12013 12006
f 12002 12013 12003
f 12000 12013 12002
f 11997 12013 12000
f 12006 12013 12012
f 12011 12013 11996
f 11996 12013 11997
f 12014 12010 12015
f 12015 12010 12016
f 12017 12009 12012
f 12017 12018 12009
f 12018 12016 12009
f 12009 12016 12010
f 12019 12017 12013
f 12013 12017 12012
f 12020 12019 12011
f 12011 12019 12013
f 11982 12020 11983
f 11983 12020 12011
f 12021 11982 11984
f 12022 11982 12021
f 12020 12022 12023
f 12020 11982 12022
f 12024 12020 12023
f 12025 12020 12024
f 12026 12020 12025
f 12017 12027 12018
f 12017 12028 12027
f 12019 12029 12028
f 12019 12030 12029
f 12019 12031 12030
f 12019 12032 12031
f 12019 12028 12017
f 12019 12020 12026
f 12019 12026 12032
f 11980 12033 11978
f 11978 12033 12034
f 12033 12035 12034
f 12034 12035 12036
f 12035 12014 12036
f 12036 12014 12015
f 12037 12015 12016
f 12038 12015 12037
f 12039 12015 12038
f 12036 12039 12040
f 12036 12040 12041
f 12036 12041 12042
f 12036 12015 12039
f 11978 12043 12044
f 11978 12044 12045
f 11978 12045 11979
f 12034 12042 12046
f 12034 12046 12047
f 12034 12047 12048
f 12034 12048 12043
f 12034 12036 12042
f 12034 12043 11978
f 12014 12007 12010
f 12014 12005 12007
f 12014 12004 12005
f 12004 12035 12001
f 12001 12035 11999
f 11999 12035 11998
f 11998 12035 11995
f 12014 12035 12004
f 11989 11980 11987
f 11987 11980 11985
f 11985 11980 11977
f 11995 12033 11993
f 11993 12033 11991
f 11991 12033 11989
f 12035 12033 11995
f 11989 12033 11980
f 12018 12027 12016
f 12016 12027 12037
f 12037 12028 12038
f 12027 12028 12037
f 12038 12029 12039
f 12028 12029 12038
f 12039 12030 12040
f 12029 12030 12039
f 12040 12031 12041
f 12030 12031 12040
f 12041 12032 12042
f 12031 12032 12041
f 12042 12026 12046
f 12032 12026 12042
f 12046 12025 12047
f 12026 12025 12046
f 12047 12024 12048
f 12025 12024 12047
f 12048 12023 12043
f 12024 12023 12048
f 12043 12022 12044
f 12023 12022 12043
f 12044 12021 12045
f 12022 12021 12044
f 12045 11984 11979
f 12021 11984 12045

g Solid_195
usemtl Solid_195
f 12049 12050 12051
f 12049 12052 12050
f 12053 12054 12055
f 12056 12054 12053
f 12051 12056 12053
f 12051 12053 12049
f 12057 12053 12058
f 12057 12049 12053
f 12059 12058 12060
f 12059 12057 12058
f 12061 12060 12062
f 12061 12059 12060
f 12063 12062 12064
f 12063 12061 12062
f 12065 12064 12066
f 12065 12063 12064
f 12067 12068 12069
f 12067 12066 12068
f 12067 12065 12066
f 12070 12067 12069
f 12071 12069 12072
f 12071 12070 12069
f 12073 12074 12075
f 12073 12072 12074
f 12073 12071 12072
f 12076 12073 12075
f 12077 12075 12078
f 12077 12076 12075
f 12079 12080 12081
f 12079 12078 12080
f 12079 12077 12078
f 12082 12079 12081
f 12055 12058 12053
f 12055 12060 12058
f 12060 12083 12062
f 12055 12083 12060
f 12083 12064 12062
f 12083 12066 12064
f 12083 12068 12066
f 12080 12084 12081
f 12078 12084 12080
f 12075 12085 12078
f 12074 12085 12075
f 12072 12085 12074
f 12069 12085 12072
f 12078 12085 12084
f 12083 12085 12068
f 12068 12085 12069
f 12086 12082 12087
f 12087 12082 12088
f 12089 12081 12084
f 12089 12090 12081
f 12090 12088 12081
f 12081 12088 12082
f 12091 12089 12085
f 12085 12089 12084
f 12092 12091 12083
f 12083 12091 12085
f 12054 12092 12055
f 12055 12092 12083
f 12093 12054 12056
f 12094 12054 12093
f 12092 12094 12095
f 12092 12054 12094
f 12096 12092 12095
f 12097 12092 12096
f 12098 12092 12097
f 12089 12099 12090
f 12089 12100 12099
f 12091 12101 12100
f 12091 12102 12101
f 12091 12103 12102
f 12091 12104 12103
f 12091 12100 12089
f 12091 12092 12098
f 12091 12098 12104
f 12052 12105 12050
f 12050 12105 12106
f 12105 12107 12106
f 12106 12107 12108
f 12107 12086 12108
f 12108 12086 12087
f 12109 12087 12088
f 12110 12087 12109
f 12111 12087 12110
f 12108 12111 12112
f 12108 12112 12113
f 12108 12113 12114
f 12108 12114 12115
f 12108 12087 12111
f 12050 12116 12117
f 12050 12117 12118
f 12050 12118 12051
f 12106 12115 12119
f 12106 12119 12120
f 12106 12120 12116
f 12106 12108 12115
f 12106 12116 12050
f 12086 12079 12082
f 12086 12077 12079
f 12086 12076 12077
f 12076 12107 12073
f 12073 12107 12071
f 12071 12107 12070
f 12086 12107 12076
f 12061 12052 12059
f 12059 12052 12057
f 12057 12052 12049
f 12070 12105 12067
f 12067 12105 12065
f 12065 12105 12063
f 12063 12105 12061
f 12107 12105 12070
f 12061 12105 12052
f 12090 12099 12088
f 12088 12099 12109
f 12109 12100 12110
f 12099 12100 12109
f 12110 12101 12111
f 12100 12101 12110
f 12111 12102 12112
f 12101 12102 12111
f 12112 12103 12113
f 12102 12103 12112
f 12113 12104 12114
f 12103 12104 12113
f 12114 12098 12115
f 12104 12098 12114
f 12115 12097 12119
f 12098 12097 12115
f 12119 12096 12120
f 12097 12096 12119
f 12120 12095 12116
f 12096 12095 12120
f 12116 12094 12117
f 12095 12094 12116
f 12117 12093 12118
f 12094 12093 12117
f 12118 12056 12051
f 12093 12056 12118

g Solid_196
usemtl Solid_196
f 12121 12122 12123
f 12121 12124 12122
f 12125 12126 12127
f 12128 12126 12125
f 12123 12128 12125
f 12123 12125 12121
f 12129 12125 12130
f 12129 12121 12125
f 12131 12130 12132
f 12131 12129 12130
f 12133 12132 12134
f 12133 12131 12132
f 12135 12134 12136
f 12135 12133 12134
f 12137 12136 12138
f 12137 12135 12136
f 12139 12140 12141
f 12139 12138 12140
f 12139 12137 12138
f 12142 12139 12141
f 12143 12141 12144
f 12143 12142 12141
f 12145 12146 12147
f 12145 12144 12146
f 12145 12143 12144
f 12148 12145 12147
f 12149 12147 12150
f 12149 12148 12147
f 12151 12152 12153
f 12151 12150 12152
f 12151 12149 12150
f 12154 12151 12153
f 12127 12130 12125
f 12127 12132 12130
f 12132 12155 12134
f 12127 12155 12132
f 12155 12136 12134
f 12155 12138 12136
f 12155 12140 12138
f 12152 12156 12153
f 12150 12156 12152
f 12147 12157 12150
f 12146 12157 12147
f 12144 12157 12146
f 12141 12157 12144
f 12150 12157 12156
f 12155 12157 12140
f 12140 12157 12141
f 12158 12154 12159
f 12159 12154 12160
f 12161 12153 12156
f 12161 12162 12153
f 12162 12160 12153
f 12153 12160 12154
f 12163 12161 12157
f 12157 12161 12156
f 12164 12163 12155
f 12155 12163 12157
f 12126 12164 12127
f 12127 12164 12155
f 12165 12126 12128
f 12166 12126 12165
f 12164 12166 12167
f 12164 12126 12166
f 12168 12164 12167
f 12169 12164 12168
f 12170 12164 12169
f 12161 12171 12162
f 12161 12172 12171
f 12163 12173 12172
f 12163 12174 12173
f 12163 12175 12174
f 12163 12176 12175
f 12163 12172 12161
f 12163 12164 12170
f 12163 12170 12176
f 12124 12177 12122
f 12122 12177 12178
f 12177 12179 12178
f 12178 12179 12180
f 12179 12158 12180
f 12180 12158 12159
f 12181 12159 12160
f 12182 12159 12181
f 12183 12159 12182
f 12180 12183 12184
f 12180 12184 12185
f 12180 12185 12186
f 12180 12159 12183
f 12122 12187 12188
f 12122 12188 12189
f 12122 12189 12123
f 12178 12186 12190
f 12178 12190 12191
f 12178 12191 12192
f 12178 12192 12187
f 12178 12180 12186
f 12178 12187 12122
f 12158 12151 12154
f 12158 12149 12151
f 12158 12148 12149
f 12148 12179 12145
f 12145 12179 12143
f 12143 12179 12142
f 12158 12179 12148
f 12133 12124 12131
f 12131 12124 12129
f 12129 12124 12121
f 12142 12177 12139
f 12139 12177 12137
f 12137 12177 12135
f 12135 12177 12133
f 12179 12177 12142
f 12133 12177 12124
f 12162 12171 12160
f 12160 12171 12181
f 12181 12172 12182
f 12171 12172 12181
f 12182 12173 12183
f 12172 12173 12182
f 12183 12174 12184
f 12173 12174 12183
f 12184 12175 12185
f 12174 12175 12184
f 12185 12176 12186
f 12175 12176 12185
f 12186 12170 12190
f 12176 12170 12186
f 12190 12169 12191
f 12170 12169 12190
f 12191 12168 12192
f 12169 12168 12191
f 12192 12167 12187
f 12168 12167 12192
f 12187 12166 12188
f 12167 12166 12187
f 12188 12165 12189
f 12166 12165 12188
f 12189 12128 12123
f 12165 12128 12189

g Solid_197
usemtl Solid_197
f 12193 12194 12195
f 12193 12196 12194
f 12197 12198 12199
f 12200 12198 12197
f 12195 12200 12197
f 12195 12197 12193
f 12201 12197 12202
f 12201 12193 12197
f 12203 12202 12204
f 12203 12201 12202
f 12205 12204 12206
f 12205 12203 12204
f 12207 12206 12208
f 12207 12205 12206
f 12209 12208 12210
f 12209 12207 12208
f 12211 12212 12213
f 12211 12210 12212
f 12211 12209 12210
f 12214 12211 12213
f 12215 12213 12216
f 12215 12214 12213
f 12217 12218 12219
f 12217 12216 12218
f 12217 12215 12216
f 12220 12217 12219
f 12221 12219 12222
f 12221 12220 12219
f 12223 12224 12225
f 12223 12222 12224
f 12223 12221 12222
f 12226 12223 12225
f 12199 12202 12197
f 12199 12204 12202
f 12204 12227 12206
f 12199 12227 12204
f 12227 12208 12206
f 12227 12210 12208
f 12227 12212 12210
f 12224 12228 12225
f 12222 12228 12224
f 12219 12229 12222
f 12218 12229 12219
f 12216 12229 12218
f 12213 12229 12216
f 12222 12229 12228
f 12227 12229 12212
f 12212 12229 12213
f 12230 12226 12231
f 12231 12226 12232
f 12233 12225 12228
f 12233 12234 12225
f 12234 12232 12225
f 12225 12232 12226
f 12235 12233 12229
f 12229 12233 12228
f 12236 12235 12227
f 12227 12235 12229
f 12198 12236 12199
f 12199 12236 12227
f 12237 12198 12200
f 12238 12198 12237
f 12236 12238 12239
f 12236 12198 12238
f 12240 12236 12239
f 12241 12236 12240
f 12242 12236 12241
f 12233 12243 12234
f 12233 12244 12243
f 12235 12245 12244
f 12235 12246 12245
f 12235 12247 12246
f 12235 12248 12247
f 12235 12244 12233
f 12235 12236 12242
f 12235 12242 12248
f 12196 12249 12194
f 12194 12249 12250
f 12249 12251 12250
f 12250 12251 12252
f 12251 12230 12252
f 12252 12230 12231
f 12253 12231 12232
f 12254 12231 12253
f 12255 12231 12254
f 12252 12255 12256
f 12252 12256 12257
f 12252 12257 12258
f 12252 12231 12255
f 12194 12259 12260
f 12194 12260 12261
f 12194 12261 12195
f 12250 12258 12262
f 12250 12262 12263
f 12250 12263 12264
f 12250 12264 12259
f 12250 12252 12258
f 12250 12259 12194
f 12230 12223 12226
f 12230 12221 12223
f 12230 12220 12221
f 12220 12251 12217
f 12217 12251 12215
f 12215 12251 12214
f 12214 12251 12211
f 12230 12251 12220
f 12205 12196 12203
f 12203 12196 12201
f 12201 12196 12193
f 12211 12249 12209
f 12209 12249 12207
f 12207 12249 12205
f 12251 12249 12211
f 12205 12249 12196
f 12234 12243 12232
f 12232 12243 12253
f 12253 12244 12254
f 12243 12244 12253
f 12254 12245 12255
f 12244 12245 12254
f 12255 12246 12256
f 12245 12246 12255
f 12256 12247 12257
f 12246 12247 12256
f 12257 12248 12258
f 12247 12248 12257
f 12258 12242 12262
f 12248 12242 12258
f 12262 12241 12263
f 12242 12241 12262
f 12263 12240 12264
f 12241 12240 12263
f 12264 12239 12259
f 12240 12239 12264
f 12259 12238 12260
f 12239 12238 12259
f 12260 12237 12261
f 12238 12237 12260
f 12261 12200 12195
f 12237 12200 12261

g Solid_198
usemtl Solid_198
f 12265 12266 12267
f 12265 12268 12266
f 12269 12270 12271
f 12272 12270 12269
f 12267 12272 12269
f 12267 12269 12265
f 12273 12269 12274
f 12273 12265 12269
f 12275 12274 12276
f 12275 12273 12274
f 12277 12276 12278
f 12277 12275 12276
f 12279 12278 12280
f 12279 12277 12278
f 12281 12280 12282
f 12281 12279 12280
f 12283 12284 12285
f 12283 12282 12284
f 12283 12281 12282
f 12286 12283 12285
f 12287 12285 12288
f 12287 12286 12285
f 12289 12290 12291
f 12289 12288 12290
f 12289 12287 12288
f 12292 12289 12291
f 12293 12291 12294
f 12293 12292 12291
f 12295 12296 12297
f 12295 12294 12296
f 12295 12293 12294
f 12298 12295 12297
f 12271 12274 12269
f 12271 12276 12274
f 12276 12299 12278
f 12271 12299 12276
f 12299 12280 12278
f 12299 12282 12280
f 12299 12284 12282
f 12296 12300 12297
f 12294 12300 12296
f 12291 12301 12294
f 12290 12301 12291
f 12288 12301 12290
f 12285 12301 12288
f 12294 12301 12300
f 12299 12301 12284
f 12284 12301 12285
f 12302 12298 12303
f 12303 12298 12304
f 12305 12297 12300
f 12305 12306 12297
f 12306 12304 12297
f 12297 12304 12298
f 12307 12305 12301
f 12301 12305 12300
f 12308 12307 12299
f 12299 12307 12301
f 12270 12308 12271
f 12271 12308 12299
f 12309 12270 12272
f 12310 12270 12309
f 12308 12310 12311
f 12308 12270 12310
f 12312 12308 12311
f 12313 12308 12312
f 12314 12308 12313
f 12305 12315 12306
f 12305 12316 12315
f 12307 12317 12316
f 12307 12318 12317
f 12307 12319 12318
f 12307 12320 12319
f 12307 12316 12305
f 12307 12308 12314
f 12307 12314 12320
f 12268 12321 12266
f 12266 12321 12322
f 12321 12323 12322
f 12322 12323 12324
f 12323 12302 12324
f 12324 12302 12303
f 12325 12303 12304
f 12326 12303 12325
f 12327 12303 12326
f 12324 12327 12328
f 12324 12328 12329
f 12324 12329 12330
f 12324 12303 12327
f 12266 12331 12332
f 12266 12332 12333
f 12266 12333 12267
f 12322 12330 12334
f 12322 12334 12335
f 12322 12335 12336
f 12322 12336 12331
f 12322 12324 12330
f 12322 12331 12266
f 12302 12295 12298
f 12302 12293 12295
f 12302 12292 12293
f 12292 12323 12289
f 12289 12323 12287
f 12287 12323 12286
f 12286 12323 12283
f 12302 12323 12292
f 12277 12268 12275
f 12275 12268 12273
f 12273 12268 12265
f 12283 12321 12281
f 12281 12321 12279
f 12279 12321 12277
f 12323 12321 12283
f 12277 12321 12268
f 12306 12315 12304
f 12304 12315 12325
f 12325 12316 12326
f 12315 12316 12325
f 12326 12317 12327
f 12316 12317 12326
f 12327 12318 12328
f 12317 12318 12327
f 12328 12319 12329
f 12318 12319 12328
f 12329 12320 12330
f 12319 12320 12329
f 12330 12314 12334
f 12320 12314 12330
f 12334 12313 12335
f 12314 12313 12334
f 12335 12312 12336
f 12313 12312 12335
f 12336 12311 12331
f 12312 12311 12336
f 12331 12310 12332
f 12311 12310 12331
f 12332 12309 12333
f 12310 12309 12332
f 12333 12272 12267
f 12309 12272 12333

g Solid_199
usemtl Solid_199
f 12337 12338 12339
f 12337 12340 12338
f 12341 12342 12343
f 12344 12342 12341
f 12339 12344 12341
f 12339 12341 12337
f 12345 12341 12346
f 12345 12337 12341
f 12347 12346 12348
f 12347 12345 12346
f 12349 12348 12350
f 12349 12347 12348
f 12351 12350 12352
f 12351 12349 12350
f 12353 12352 12354
f 12353 12351 12352
f 12355 12356 12357
f 12355 12354 12356
f 12355 12353 12354
f 12358 12355 12357
f 12359 12357 12360
f 12359 12358 12357
f 12361 12362 12363
f 12361 12360 12362
f 12361 12359 12360
f 12364 12361 12363
f 12365 12363 12366
f 12365 12364 12363
f 12367 12368 12369
f 12367 12366 12368
f 12367 12365 12366
f 12370 12367 12369
f 12343 12346 12341
f 12343 12348 12346
f 12348 12371 12350
f 12343 12371 12348
f 12371 12352 12350
f 12371 12354 12352
f 12371 12356 12354
f 12368 12372 12369
f 12366 12372 12368
f 12363 12373 12366
f 12362 12373 12363
f 12360 12373 12362
f 12357 12373 12360
f 12366 12373 12372
f 12371 12373 12356
f 12356 12373 12357
f 12374 12370 12375
f 12375 12370 12376
f 12377 12369 12372
f 12377 12378 12369
f 12378 12376 12369
f 12369 12376 12370
f 12379 12377 12373
f 12373 12377 12372
f 12380 12379 12371
f 12371 12379 12373
f 12342 12380 12343
f 12343 12380 12371
f 12381 12342 12344
f 12382 12342 12381
f 12380 12382 12383
f 12380 12342 12382
f 12384 12380 12383
f 12385 12380 12384
f 12386 12380 12385
f 12377 12387 12378
f 12377 12388 12387
f 12379 12389 12388
f 12379 12390 12389
f 12379 12391 12390
f 12379 12392 12391
f 12379 12388 12377
f 12379 12380 12386
f 12379 12386 12392
f 12340 12393 12338
f 12338 12393 12394
f 12393 12395 12394
f 12394 12395 12396
f 12395 12374 12396
f 12396 12374 12375
f 12397 12375 12376
f 12398 12375 12397
f 12399 12375 12398
f 12396 12399 12400
f 12396 12400 12401
f 12396 12401 12402
f 12396 12375 12399
f 12338 12403 12404
f 12338 12404 12405
f 12338 12405 12339
f 12394 12402 12406
f 12394 12406 12407
f 12394 12407 12408
f 12394 12408 12403
f 12394 12396 12402
f 12394 12403 12338
f 12374 12367 12370
f 12374 12365 12367
f 12374 12364 12365
f 12364 12395 12361
f 12361 12395 12359
f 12359 12395 12358
f 12358 12395 12355
f 12374 12395 12364
f 12349 12340 12347
f 12347 12340 12345
f 12345 12340 12337
f 12355 12393 12353
f 12353 12393 12351
f 12351 12393 12349
f 12395 12393 12355
f 12349 12393 12340
f 12378 12387 12376
f 12376 12387 12397
f 12397 12388 12398
f 12387 12388 12397
f 12398 12389 12399
f 12388 12389 12398
f 12399 12390 12400
f 12389 12390 12399
f 12400 12391 12401
f 12390 12391 12400
f 12401 12392 12402
f 12391 12392 12401
f 12402 12386 12406
f 12392 12386 12402
f 12406 12385 12407
f 12386 12385 12406
f 12407 12384 12408
f 12385 12384 12407
f 12408 12383 12403
f 12384 12383 12408
f 12403 12382 12404
f 12383 12382 12403
f 12404 12381 12405
f 12382 12381 12404
f 12405 12344 12339
f 12381 12344 12405

g Solid_200
usemtl Solid_200
f 12409 12410 12411
f 12409 12412 12410
f 12413 12414 12415
f 12416 12414 12413
f 12411 12416 12413
f 12411 12413 12409
f 12417 12413 12418
f 12417 12409 12413
f 12419 12418 12420
f 12419 12417 12418
f 12421 12420 12422
f 12421 12419 12420
f 12423 12422 12424
f 12423 12421 12422
f 12425 12424 12426
f 12425 12423 12424
f 12427 12428 12429
f 12427 12426 12428
f 12427 12425 12426
f 12430 12427 12429
f 12431 12429 12432
f 12431 12430 12429
f 12433 12434 12435
f 12433 12432 12434
f 12433 12431 12432
f 12436 12433 12435
f 12437 12435 12438
f 12437 12436 12435
f 12439 12440 12441
f 12439 12438 12440
f 12439 12437 12438
f 12442 12439 12441
f 12415 12418 12413
f 12415 12420 12418
f 12420 12443 12422
f 12415 12443 12420
f 12443 12424 12422
f 12443 12426 12424
f 12443 12428 12426
f 12440 12444 12441
f 12438 12444 12440
f 12435 12445 12438
f 12434 12445 12435
f 12432 12445 12434
f 12429 12445 12432
f 12438 12445 12444
f 12443 12445 12428
f 12428 12445 12429
f 12446 12442 12447
f 12447 12442 12448
f 12449 12441 12444
f 12449 12450 12441
f 12450 12448 12441
f 12441 12448 12442
f 12451 12449 12445
f 12445 12449 12444
f 12452 12451 12443
f 12443 12451 12445
f 12414 12452 12415
f 12415 12452 12443
f 12453 12414 12416
f 12454 12414 12453
f 12452 12454 12455
f 12452 12414 12454
f 12456 12452 12455
f 12457 12452 12456
f 12458 12452 12457
f 12449 12459 12450
f 12449 12460 12459
f 12451 12461 12460
f 12451 12462 12461
f 12451 12463 12462
f 12451 12464 12463
f 12451 12460 12449
f 12451 12452 12458
f 12451 12458 12464
f 12412 12465 12410
f 12410 12465 12466
f 12465 12467 12466
f 12466 12467 12468
f 12467 12446 12468
f 12468 12446 12447
f 12469 12447 12448
f 12470 12447 12469
f 12471 12447 12470
f 12468 12471 12472
f 12468 12472 12473
f 12468 12473 12474
f 12468 12447 12471
f 12410 12475 12476
f 12410 12476 12477
f 12410 12477 12411
f 12466 12474 12478
f 12466 12478 12479
f 12466 12479 12480
f 12466 12480 12475
f 12466 12468 12474
f 12466 12475 12410
f 12446 12439 12442
f 12446 12437 12439
f 12446 12436 12437
f 12436 12467 12433
f 12433 12467 12431
f 12431 12467 12430
f 12430 12467 12427
f 12446 12467 12436
f 12421 12412 12419
f 12419 12412 12417
f 12417 12412 12409
f 12427 12465 12425
f 12425 12465 12423
f 12423 12465 12421
f 12467 12465 12427
f 12421 12465 12412
f 12450 12459 12448
f 12448 12459 12469
f 12469 12460 12470
f 12459 12460 12469
f 12470 12461 12471
f 12460 12461 12470
f 12471 12462 12472
f 12461 12462 12471
f 12472 12463 12473
f 12462 12463 12472
f 12473 12464 12474
f 12463 12464 12473
f 12474 12458 12478
f 12464 12458 12474
f 12478 12457 12479
f 12458 12457 12478
f 12479 12456 12480
f 12457 12456 12479
f 12480 12455 12475
f 12456 12455 12480
f 12475 12454 12476
f 12455 12454 12475
f 12476 12453 12477
f 12454 12453 12476
f 12477 12416 12411
f 12453 12416 12477

g Solid_201
usemtl Solid_201
f 12481 12482 12483
f 12481 12484 12482
f 12485 12486 12487
f 12488 12486 12485
f 12483 12488 12485
f 12483 12485 12481
f 12489 12485 12490
f 12489 12481 12485
f 12491 12490 12492
f 12491 12489 12490
f 12493 12492 12494
f 12493 12491 12492
f 12495 12494 12496
f 12495 12493 12494
f 12497 12496 12498
f 12497 12495 12496
f 12499 12500 12501
f 12499 12498 12500
f 12499 12497 12498
f 12502 12499 12501
f 12503 12501 12504
f 12503 12502 12501
f 12505 12506 12507
f 12505 12504 12506
f 12505 12503 12504
f 12508 12505 12507
f 12509 12507 12510
f 12509 12508 12507
f 12511 12512 12513
f 12511 12510 12512
f 12511 12509 12510
f 12514 12511 12513
f 12487 12490 12485
f 12487 12492 12490
f 12492 12515 12494
f 12487 12515 12492
f 12515 12496 12494
f 12515 12498 12496
f 12515 12500 12498
f 12512 12516 12513
f 12510 12516 12512
f 12507 12517 12510
f 12506 12517 12507
f 12504 12517 12506
f 12501 12517 12504
f 12510 12517 12516
f 12515 12517 12500
f 12500 12517 12501
f 12518 12514 12519
f 12519 12514 12520
f 12521 12513 12516
f 12521 12522 12513
f 12522 12520 12513
f 12513 12520 12514
f 12523 12521 12517
f 12517 12521 12516
f 12524 12523 12515
f 12515 12523 12517
f 12486 12524 12487
f 12487 12524 12515
f 12525 12486 12488
f 12526 12486 12525
f 12524 12526 12527
f 12524 12486 12526
f 12528 12524 12527
f 12529 12524 12528
f 12530 12524 12529
f 12521 12531 12522
f 12521 12532 12531
f 12523 12533 12532
f 12523 12534 12533
f 12523 12535 12534
f 12523 12536 12535
f 12523 12532 12521
f 12523 12524 12530
f 12523 12530 12536
f 12484 12537 12482
f 12482 12537 12538
f 12537 12539 12538
f 12538 12539 12540
f 12539 12518 12540
f 12540 12518 12519
f 12541 12519 12520
f 12542 12519 12541
f 12543 12519 12542
f 12540 12543 12544
f 12540 12544 12545
f 12540 12545 12546
f 12540 12519 12543
f 12482 12547 12548
f 12482 12548 12549
f 12482 12549 12483
f 12538 12546 12550
f 12538 12550 12551
f 12538 12551 12552
f 12538 12552 12547
f 12538 12540 12546
f 12538 12547 12482
f 12518 12511 12514
f 12518 12509 12511
f 12518 12508 12509
f 12508 12539 12505
f 12505 12539 12503
f 12503 12539 12502
f 12502 12539 12499
f 12518 12539 12508
f 12493 12484 12491
f 12491 12484 12489
f 12489 12484 12481
f 12499 12537 12497
f 12497 12537 12495
f 12495 12537 12493
f 12539 12537 12499
f 12493 12537 12484
f 12522 12531 12520
f 12520 12531 12541
f 12541 12532 12542
f 12531 12532 12541
f 12542 12533 12543
f 12532 12533 12542
f 12543 12534 12544
f 12533 12534 12543
f 12544 12535 12545
f 12534 12535 12544
f 12545 12536 12546
f 12535 12536 12545
f 12546 12530 12550
f 12536 12530 12546
f 12550 12529 12551
f 12530 12529 12550
f 12551 12528 12552
f 12529 12528 12551
f 12552 12527 12547
f 12528 12527 12552
f 12547 12526 12548
f 12527 12526 12547
f 12548 12525 12549
f 12526 12525 12548
f 12549 12488 12483
f 12525 12488 12549

g Solid_202
usemtl Solid_202
f 12553 12554 12555
f 12553 12556 12554
f 12557 12558 12559
f 12560 12558 12557
f 12555 12560 12557
f 12555 12557 12553
f 12561 12557 12562
f 12561 12553 12557
f 12563 12562 12564
f 12563 12561 12562
f 12565 12564 12566
f 12565 12563 12564
f 12567 12566 12568
f 12567 12565 12566
f 12569 12568 12570
f 12569 12567 12568
f 12571 12572 12573
f 12571 12570 12572
f 12571 12569 12570
f 12574 12571 12573
f 12575 12573 12576
f 12575 12574 12573
f 12577 12578 12579
f 12577 12576 12578
f 12577 12575 12576
f 12580 12577 12579
f 12581 12579 12582
f 12581 12580 12579
f 12583 12584 12585
f 12583 12582 12584
f 12583 12581 12582
f 12586 12583 12585
f 12559 12562 12557
f 12559 12564 12562
f 12564 12587 12566
f 12559 12587 12564
f 12587 12568 12566
f 12587 12570 12568
f 12587 12572 12570
f 12584 12588 12585
f 12582 12588 12584
f 12579 12589 12582
f 12578 12589 12579
f 12576 12589 12578
f 12573 12589 12576
f 12582 12589 12588
f 12587 12589 12572
f 12572 12589 12573
f 12590 12586 12591
f 12591 12586 12592
f 12593 12585 12588
f 12593 12594 12585
f 12594 12592 12585
f 12585 12592 12586
f 12595 12593 12589
f 12589 12593 12588
f 12596 12595 12587
f 12587 12595 12589
f 12558 12596 12559
f 12559 12596 12587
f 12597 12558 12560
f 12598 12558 12597
f 12596 12598 12599
f 12596 12558 12598
f 12600 12596 12599
f 12601 12596 12600
f 12602 12596 12601
f 12593 12603 12594
f 12593 12604 12603
f 12595 12605 12604
f 12595 12606 12605
f 12595 12607 12606
f 12595 12608 12607
f 12595 12604 12593
f 12595 12596 12602
f 12595 12602 12608
f 12556 12609 12554
f 12554 12609 12610
f 12609 12611 12610
f 12610 12611 12612
f 12611 12590 12612
f 12612 12590 12591
f 12613 12591 12592
f 12614 12591 12613
f 12615 12591 12614
f 12612 12615 12616
f 12612 12616 12617
f 12612 12617 12618
f 12612 12591 12615
f 12554 12619 12620
f 12554 12620 12621
f 12554 12621 12555
f 12610 12618 12622
f 12610 12622 12623
f 12610 12623 12624
f 12610 12624 12619
f 12610 12612 12618
f 12610 12619 12554
f 12590 12583 12586
f 12590 12581 12583
f 12590 12580 12581
f 12580 12611 12577
f 12577 12611 12575
f 12575 12611 12574
f 12574 12611 12571
f 12590 12611 12580
f 12565 12556 12563
f 12563 12556 12561
f 12561 12556 12553
f 12571 12609 12569
f 12569 12609 12567
f 12567 12609 12565
f 12611 12609 12571
f 12565 12609 12556
f 12594 12603 12592
f 12592 12603 12613
f 12613 12604 12614
f 12603 12604 12613
f 12614 12605 12615
f 12604 12605 12614
f 12615 12606 12616
f 12605 12606 12615
f 12616 12607 12617
f 12606 12607 12616
f 12617 12608 12618
f 12607 12608 12617
f 12618 12602 12622
f 12608 12602 12618
f 12622 12601 12623
f 12602 12601 12622
f 12623 12600 12624
f 12601 12600 12623
f 12624 12599 12619
f 12600 12599 12624
f 12619 12598 12620
f 12599 12598 12619
f 12620 12597 12621
f 12598 12597 12620
f 12621 12560 12555
f 12597 12560 12621

g Solid_203
usemtl Solid_203
f 12625 12626 12627
f 12625 12628 12626
f 12629 12630 12631
f 12632 12630 12629
f 12627 12632 12629
f 12627 12629 12625
f 12633 12629 12634
f 12633 12625 12629
f 12635 12634 12636
f 12635 12633 12634
f 12637 12636 12638
f 12637 12635 12636
f 12639 12638 12640
f 12639 12637 12638
f 12641 12640 12642
f 12641 12639 12640
f 12643 12644 12645
f 12643 12642 12644
f 12643 12641 12642
f 12646 12643 12645
f 12647 12645 12648
f 12647 12646 12645
f 12649 12650 12651
f 12649 12648 12650
f 12649 12647 12648
f 12652 12649 12651
f 12653 12651 12654
f 12653 12652 12651
f 12655 12656 12657
f 12655 12654 12656
f 12655 12653 12654
f 12658 12655 12657
f 12631 12634 12629
f 12631 12636 12634
f 12636 12659 12638
f 12631 12659 12636
f 12659 12640 12638
f 12659 12642 12640
f 12659 12644 12642
f 12656 12660 12657
f 12654 12660 12656
f 12651 12661 12654
f 12650 12661 12651
f 12648 12661 12650
f 12645 12661 12648
f 12654 12661 12660
f 12659 12661 12644
f 12644 12661 12645
f 12662 12658 12663
f 12663 12658 12664
f 12665 12657 12660
f 12665 12666 12657
f 12666 12664 12657
f 12657 12664 12658
f 12667 12665 12661
f 12661 12665 12660
f 12668 12667 12659
f 12659 12667 12661
f 12630 12668 12631
f 12631 12668 12659
f 12669 12630 12632
f 12670 12630 12669
f 12668 12670 12671
f 12668 12630 12670
f 12672 12668 12671
f 12673 12668 12672
f 12674 12668 12673
f 12665 12675 12666
f 12665 12676 12675
f 12667 12677 12676
f 12667 12678 12677
f 12667 12679 12678
f 12667 12680 12679
f 12667 12676 12665
f 12667 12668 12674
f 12667 12674 12680
f 12628 12681 12626
f 12626 12681 12682
f 12681 12683 12682
f 12682 12683 12684
f 12683 12662 12684
f 12684 12662 12663
f 12685 12663 12664
f 12686 12663 12685
f 12687 12663 12686
f 12684 12687 12688
f 12684 12688 12689
f 12684 12689 12690
f 12684 12663 12687
f 12626 12691 12692
f 12626 12692 12693
f 12626 12693 12627
f 12682 12690 12694
f 12682 12694 12695
f 12682 12695 12696
f 12682 12696 12691
f 12682 12684 12690
f 12682 12691 12626
f 12662 12655 12658
f 12662 12653 12655
f 12662 12652 12653
f 12652 12683 12649
f 12649 12683 12647
f 12647 12683 12646
f 12646 12683 12643
f 12662 12683 12652
f 12637 12628 12635
f 12635 12628 12633
f 12633 12628 12625
f 12643 12681 12641
f 12641 12681 12639
f 12639 12681 12637
f 12683 12681 12643
f 12637 12681 12628
f 12666 12675 12664
f 12664 12675 12685
f 12685 12676 12686
f 12675 12676 12685
f 12686 12677 12687
f 12676 12677 12686
f 12687 12678 12688
f 12677 12678 12687
f 12688 12679 12689
f 12678 12679 12688
f 12689 12680 12690
f 12679 12680 12689
f 12690 12674 12694
f 12680 12674 12690
f 12694 12673 12695
f 12674 12673 12694
f 12695 12672 12696
f 12673 12672 12695
f 12696 12671 12691
f 12672 12671 12696
f 12691 12670 12692
f 12671 12670 12691
f 12692 12669 12693
f 12670 12669 12692
f 12693 12632 12627
f 12669 12632 12693

g Solid_204
usemtl Solid_204
f 12697 12698 12699
f 12697 12700 12698
f 12701 12702 12703
f 12704 12702 12701
f 12699 12704 12701
f 12699 12701 12697
f 12705 12701 12706
f 12705 12697 12701
f 12707 12706 12708
f 12707 12705 12706
f 12709 12708 12710
f 12709 12707 12708
f 12711 12710 12712
f 12711 12709 12710
f 12713 12712 12714
f 12713 12711 12712
f 12715 12716 12717
f 12715 12714 12716
f 12715 12713 12714
f 12718 12715 12717
f 12719 12717 12720
f 12719 12718 12717
f 12721 12722 12723
f 12721 12720 12722
f 12721 12719 12720
f 12724 12721 12723
f 12725 12723 12726
f 12725 12724 12723
f 12727 12728 12729
f 12727 12726 12728
f 12727 12725 12726
f 12730 12727 12729
f 12703 12706 12701
f 12703 12708 12706
f 12708 12731 12710
f 12703 12731 12708
f 12731 12712 12710
f 12731 12714 12712
f 12731 12716 12714
f 12728 12732 12729
f 12726 12732 12728
f 12723 12733 12726
f 12722 12733 12723
f 12720 12733 12722
f 12717 12733 12720
f 12726 12733 12732
f 12731 12733 12716
f 12716 12733 12717
f 12734 12730 12735
f 12735 12730 12736
f 12737 12729 12732
f 12737 12738 12729
f 12738 12736 12729
f 12729 12736 12730
f 12739 12737 12733
f 12733 12737 12732
f 12740 12739 12731
f 12731 12739 12733
f 12702 12740 12703
f 12703 12740 12731
f 12741 12702 12704
f 12742 12702 12741
f 12740 12742 12743
f 12740 12702 12742
f 12744 12740 12743
f 12745 12740 12744
f 12746 12740 12745
f 12737 12747 12738
f 12737 12748 12747
f 12739 12749 12748
f 12739 12750 12749
f 12739 12751 12750
f 12739 12752 12751
f 12739 12748 12737
f 12739 12740 12746
f 12739 12746 12752
f 12700 12753 12698
f 12698 12753 12754
f 12753 12755 12754
f 12754 12755 12756
f 12755 12734 12756
f 12756 12734 12735
f 12757 12735 12736
f 12758 12735 12757
f 12759 12735 12758
f 12756 12759 12760
f 12756 12760 12761
f 12756 12761 12762
f 12756 12735 12759
f 12698 12763 12764
f 12698 12764 12765
f 12698 12765 12699
f 12754 12762 12766
f 12754 12766 12767
f 12754 12767 12768
f 12754 12768 12763
f 12754 12756 12762
f 12754 12763 12698
f 12734 12727 12730
f 12734 12725 12727
f 12734 12724 12725
f 12724 12755 12721
f 12721 12755 12719
f 12719 12755 12718
f 12734 12755 12724
f 12709 12700 12707
f 12707 12700 12705
f 12705 12700 12697
f 12718 12753 12715
f 12715 12753 12713
f 12713 12753 12711
f 12711 12753 12709
f 12755 12753 12718
f 12709 12753 12700
f 12738 12747 12736
f 12736 12747 12757
f 12757 12748 12758
f 12747 12748 12757
f 12758 12749 12759
f 12748 12749 12758
f 12759 12750 12760
f 12749 12750 12759
f 12760 12751 12761
f 12750 12751 12760
f 12761 12752 12762
f 12751 12752 12761
f 12762 12746 12766
f 12752 12746 12762
f 12766 12745 12767
f 12746 12745 12766
f 12767 12744 12768
f 12745 12744 12767
f 12768 12743 12763
f 12744 12743 12768
f 12763 12742 12764
f 12743 12742 12763
f 12764 12741 12765
f 12742 12741 12764
f 12765 12704 12699
f 12741 12704 12765

g Solid_205
usemtl Solid_205
f 12769 12770 12771
f 12769 12772 12770
f 12773 12774 12775
f 12776 12774 12773
f 12771 12776 12773
f 12771 12773 12769
f 12777 12773 12778
f 12777 12769 12773
f 12779 12778 12780
f 12779 12777 12778
f 12781 12780 12782
f 12781 12779 12780
f 12783 12782 12784
f 12783 12781 12782
f 12785 12784 12786
f 12785 12783 12784
f 12787 12788 12789
f 12787 12786 12788
f 12787 12785 12786
f 12790 12787 12789
f 12791 12789 12792
f 12791 12790 12789
f 12793 12794 12795
f 12793 12792 12794
f 12793 12791 12792
f 12796 12793 12795
f 12797 12795 12798
f 12797 12796 12795
f 12799 12800 12801
f 12799 12798 12800
f 12799 12797 12798
f 12802 12799 12801
f 12775 12778 12773
f 12775 12780 12778
f 12780 12803 12782
f 12775 12803 12780
f 12803 12784 12782
f 12803 12786 12784
f 12803 12788 12786
f 12800 12804 12801
f 12798 12804 12800
f 12795 12805 12798
f 12794 12805 12795
f 12792 12805 12794
f 12789 12805 12792
f 12798 12805 12804
f 12803 12805 12788
f 12788 12805 12789
f 12806 12802 12807
f 12807 12802 12808
f 12809 12801 12804
f 12809 12810 12801
f 12810 12808 12801
f 12801 12808 12802
f 12811 12809 12805
f 12805 12809 12804
f 12812 12811 12803
f 12803 12811 12805
f 12774 12812 12775
f 12775 12812 12803
f 12813 12774 12776
f 12814 12774 12813
f 12812 12814 12815
f 12812 12774 12814
f 12816 12812 12815
f 12817 12812 12816
f 12818 12812 12817
f 12809 12819 12810
f 12809 12820 12819
f 12811 12821 12820
f 12811 12822 12821
f 12811 12823 12822
f 12811 12824 12823
f 12811 12820 12809
f 12811 12812 12818
f 12811 12818 12824
f 12772 12825 12770
f 12770 12825 12826
f 12825 12827 12826
f 12826 12827 12828
f 12827 12806 12828
f 12828 12806 12807
f 12829 12807 12808
f 12830 12807 12829
f 12831 12807 12830
f 12828 12831 12832
f 12828 12832 12833
f 12828 12833 12834
f 12828 12807 12831
f 12770 12835 12836
f 12770 12836 12837
f 12770 12837 12771
f 12826 12834 12838
f 12826 12838 12839
f 12826 12839 12840
f 12826 12840 12835
f 12826 12828 12834
f 12826 12835 12770
f 12806 12799 12802
f 12806 12797 12799
f 12806 12796 12797
f 12796 12827 12793
f 12793 12827 12791
f 12791 12827 12790
f 12790 12827 12787
f 12806 12827 12796
f 12781 12772 12779
f 12779 12772 12777
f 12777 12772 12769
f 12787 12825 12785
f 12785 12825 12783
f 12783 12825 12781
f 12827 12825 12787
f 12781 12825 12772
f 12810 12819 12808
f 12808 12819 12829
f 12829 12820 12830
f 12819 12820 12829
f 12830 12821 12831
f 12820 12821 12830
f 12831 12822 12832
f 12821 12822 12831
f 12832 12823 12833
f 12822 12823 12832
f 12833 12824 12834
f 12823 12824 12833
f 12834 12818 12838
f 12824 12818 12834
f 12838 12817 12839
f 12818 12817 12838
f 12839 12816 12840
f 12817 12816 12839
f 12840 12815 12835
f 12816 12815 12840
f 12835 12814 12836
f 12815 12814 12835
f 12836 12813 12837
f 12814 12813 12836
f 12837 12776 12771
f 12813 12776 12837

g Solid_206
usemtl Solid_206
f 12841 12842 12843
f 12841 12844 12842
f 12845 12846 12847
f 12848 12846 12845
f 12843 12848 12845
f 12843 12845 12841
f 12849 12845 12850
f 12849 12841 12845
f 12851 12850 12852
f 12851 12849 12850
f 12853 12852 12854
f 12853 12851 12852
f 12855 12854 12856
f 12855 12853 12854
f 12857 12856 12858
f 12857 12855 12856
f 12859 12860 12861
f 12859 12858 12860
f 12859 12857 12858
f 12862 12859 12861
f 12863 12861 12864
f 12863 12862 12861
f 12865 12866 12867
f 12865 12864 12866
f 12865 12863 12864
f 12868 12865 12867
f 12869 12867 12870
f 12869 12868 12867
f 12871 12872 12873
f 12871 12870 12872
f 12871 12869 12870
f 12874 12871 12873
f 12847 12850 12845
f 12847 12852 12850
f 12852 12875 12854
f 12847 12875 12852
f 12875 12856 12854
f 12875 12858 12856
f 12875 12860 12858
f 12872 12876 12873
f 12870 12876 12872
f 12867 12877 12870
f 12866 12877 12867
f 12864 12877 12866
f 12861 12877 12864
f 12870 12877 12876
f 12875 12877 12860
f 12860 12877 12861
f 12878 12874 12879
f 12879 12874 12880
f 12881 12873 12876
f 12881 12882 12873
f 12882 12880 12873
f 12873 12880 12874
f 12883 12881 12877
f 12877 12881 12876
f 12884 12883 12875
f 12875 12883 12877
f 12846 12884 12847
f 12847 12884 12875
f 12885 12846 12848
f 12886 12846 12885
f 12884 12886 12887
f 12884 12846 12886
f 12888 12884 12887
f 12889 12884 12888
f 12890 12884 12889
f 12881 12891 12882
f 12881 12892 12891
f 12883 12893 12892
f 12883 12894 12893
f 12883 12895 12894
f 12883 12896 12895
f 12883 12892 12881
f 12883 12884 12890
f 12883 12890 12896
f 12844 12897 12842
f 12842 12897 12898
f 12897 12899 12898
f 12898 12899 12900
f 12899 12878 12900
f 12900 12878 12879
f 12901 12879 12880
f 12902 12879 12901
f 12903 12879 12902
f 12900 12903 12904
f 12900 12904 12905
f 12900 12905 12906
f 12900 12879 12903
f 12842 12907 12908
f 12842 12908 12909
f 12842 12909 12843
f 12898 12906 12910
f 12898 12910 12911
f 12898 12911 12912
f 12898 12912 12907
f 12898 12900 12906
f 12898 12907 12842
f 12878 12871 12874
f 12878 12869 12871
f 12878 12868 12869
f 12868 12899 12865
f 12865 12899 12863
f 12863 12899 12862
f 12862 12899 12859
f 12878 12899 12868
f 12853 12844 12851
f 12851 12844 12849
f 12849 12844 12841
f 12859 12897 12857
f 12857 12897 12855
f 12855 12897 12853
f 12899 12897 12859
f 12853 12897 12844
f 12882 12891 12880
f 12880 12891 12901
f 12901 12892 12902
f 12891 12892 12901
f 12902 12893 12903
f 12892 12893 12902
f 12903 12894 12904
f 12893 12894 12903
f 12904 12895 12905
f 12894 12895 12904
f 12905 12896 12906
f 12895 12896 12905
f 12906 12890 12910
f 12896 12890 12906
f 12910 12889 12911
f 12890 12889 12910
f 12911 12888 12912
f 12889 12888 12911
f 12912 12887 12907
f 12888 12887 12912
f 12907 12886 12908
f 12887 12886 12907
f 12908 12885 12909
f 12886 12885 12908
f 12909 12848 12843
f 12885 12848 12909

g Solid_207
usemtl Solid_207
f 12913 12914 12915
f 12913 12916 12914
f 12917 12918 12919
f 12920 12918 12917
f 12915 12920 12917
f 12915 12917 12913
f 12921 12917 12922
f 12921 12913 12917
f 12923 12922 12924
f 12923 12921 12922
f 12925 12924 12926
f 12925 12923 12924
f 12927 12926 12928
f 12927 12925 12926
f 12929 12928 12930
f 12929 12927 12928
f 12931 12932 12933
f 12931 12930 12932
f 12931 12929 12930
f 12934 12931 12933
f 12935 12933 12936
f 12935 12934 12933
f 12937 12938 12939
f 12937 12936 12938
f 12937 12935 12936
f 12940 12937 12939
f 12941 12939 12942
f 12941 12940 12939
f 12943 12944 12945
f 12943 12942 12944
f 12943 12941 12942
f 12946 12943 12945
f 12919 12922 12917
f 12919 12924 12922
f 12924 12947 12926
f 12919 12947 12924
f 12947 12928 12926
f 12947 12930 12928
f 12947 12932 12930
f 12944 12948 12945
f 12942 12948 12944
f 12939 12949 12942
f 12938 12949 12939
f 12936 12949 12938
f 12933 12949 12936
f 12942 12949 12948
f 12947 12949 12932
f 12932 12949 12933
f 12950 12946 12951
f 12951 12946 12952
f 12953 12945 12948
f 12953 12954 12945
f 12954 12952 12945
f 12945 12952 12946
f 12955 12953 12949
f 12949 12953 12948
f 12956 12955 12947
f 12947 12955 12949
f 12918 12956 12919
f 12919 12956 12947
f 12957 12918 12920
f 12958 12918 12957
f 12956 12958 12959
f 12956 12918 12958
f 12960 12956 12959
f 12961 12956 12960
f 12962 12956 12961
f 12953 12963 12954
f 12953 12964 12963
f 12955 12965 12964
f 12955 12966 12965
f 12955 12967 12966
f 12955 12968 12967
f 12955 12964 12953
f 12955 12956 12962
f 12955 12962 12968
f 12916 12969 12914
f 12914 12969 12970
f 12969 12971 12970
f 12970 12971 12972
f 12971 12950 12972
f 12972 12950 12951
f 12973 12951 12952
f 12974 12951 12973
f 12975 12951 12974
f 12972 12975 12976
f 12972 12976 12977
f 12972 12977 12978
f 12972 12951 12975
f 12914 12979 12980
f 12914 12980 12981
f 12914 12981 12915
f 12970 12978 12982
f 12970 12982 12983
f 12970 12983 12984
f 12970 12984 12979
f 12970 12972 12978
f 12970 12979 12914
f 12950 12943 12946
f 12950 12941 12943
f 12950 12940 12941
f 12940 12971 12937
f 12937 12971 12935
f 12935 12971 12934
f 12950 12971 12940
f 12925 12916 12923
f 12923 12916 12921
f 12921 12916 12913
f 12934 12969 12931
f 12931 12969 12929
f 12929 12969 12927
f 12927 12969 12925
f 12971 12969 12934
f 12925 12969 12916
f 12954 12963 12952
f 12952 12963 12973
f 12973 12964 12974
f 12963 12964 12973
f 12974 12965 12975
f 12964 12965 12974
f 12975 12966 12976
f 12965 12966 12975
f 12976 12967 12977
f 12966 12967 12976
f 12977 12968 12978
f 12967 12968 12977
f 12978 12962 12982
f 12968 12962 12978
f 12982 12961 12983
f 12962 12961 12982
f 12983 12960 12984
f 12961 12960 12983
f 12984 12959 12979
f 12960 12959 12984
f 12979 12958 12980
f 12959 12958 12979
f 12980 12957 12981
f 12958 12957 12980
f 12981 12920 12915
f 12957 12920 12981

g Solid_208
usemtl Solid_208
f 12985 12986 12987
f 12985 12988 12986
f 12989 12990 12991
f 12992 12990 12989
f 12987 12992 12989
f 12987 12989 12985
f 12993 12989 12994
f 12993 12985 12989
f 12995 12994 12996
f 12995 12993 12994
f 12997 12996 12998
f 12997 12995 12996
f 12999 12998 13000
f 12999 12997 12998
f 13001 13000 13002
f 13001 12999 13000
f 13003 13004 13005
f 13003 13002 13004
f 13003 13001 13002
f 13006 13003 13005
f 13007 13005 13008
f 13007 13006 13005
f 13009 13010 13011
f 13009 13008 13010
f 13009 13007 13008
f 13012 13009 13011
f 13013 13011 13014
f 13013 13012 13011
f 13015 13016 13017
f 13015 13014 13016
f 13015 13013 13014
f 13018 13015 13017
f 12991 12994 12989
f 12991 12996 12994
f 12996 13019 12998
f 12991 13019 12996
f 13019 13000 12998
f 13019 13002 13000
f 13019 13004 13002
f 13016 13020 13017
f 13014 13020 13016
f 13011 13021 13014
f 13010 13021 13011
f 13008 13021 13010
f 13005 13021 13008
f 13014 13021 13020
f 13019 13021 13004
f 13004 13021 13005
f 13022 13018 13023
f 13023 13018 13024
f 13025 13017 13020
f 13025 13026 13017
f 13026 13024 13017
f 13017 13024 13018
f 13027 13025 13021
f 13021 13025 13020
f 13028 13027 13019
f 13019 13027 13021
f 12990 13028 12991
f 12991 13028 13019
f 13029 12990 12992
f 13030 12990 13029
f 13028 13030 13031
f 13028 12990 13030
f 13032 13028 13031
f 13033 13028 13032
f 13034 13028 13033
f 13025 13035 13026
f 13025 13036 13035
f 13027 13037 13036
f 13027 13038 13037
f 13027 13039 13038
f 13027 13040 13039
f 13027 13036 13025
f 13027 13028 13034
f 13027 13034 13040
f 12988 13041 12986
f 12986 13041 13042
f 13041 13043 13042
f 13042 13043 13044
f 13043 13022 13044
f 13044 13022 13023
f 13045 13023 13024
f 13046 13023 13045
f 13047 13023 13046
f 13044 13047 13048
f 13044 13048 13049
f 13044 13049 13050
f 13044 13023 13047
f 12986 13051 13052
f 12986 13052 13053
f 12986 13053 12987
f 13042 13050 13054
f 13042 13054 13055
f 13042 13055 13056
f 13042 13056 13051
f 13042 13044 13050
f 13042 13051 12986
f 13022 13015 13018
f 13022 13013 13015
f 13022 13012 13013
f 13012 13043 13009
f 13009 13043 13007
f 13007 13043 13006
f 13022 13043 13012
f 12997 12988 12995
f 12995 12988 12993
f 12993 12988 12985
f 13006 13041 13003
f 13003 13041 13001
f 13001 13041 12999
f 12999 13041 12997
f 13043 13041 13006
f 12997 13041 12988
f 13026 13035 13024
f 13024 13035 13045
f 13045 13036 13046
f 13035 13036 13045
f 13046 13037 13047
f 13036 13037 13046
f 13047 13038 13048
f 13037 13038 13047
f 13048 13039 13049
f 13038 13039 13048
f 13049 13040 13050
f 13039 13040 13049
f 13050 13034 13054
f 13040 13034 13050
f 13054 13033 13055
f 13034 13033 13054
f 13055 13032 13056
f 13033 13032 13055
f 13056 13031 13051
f 13032 13031 13056
f 13051 13030 13052
f 13031 13030 13051
f 13052 13029 13053
f 13030 13029 13052
f 13053 12992 12987
f 13029 12992 13053

g Solid_209
usemtl Solid_209
f 13057 13058 13059
f 13057 13060 13058
f 13061 13062 13063
f 13064 13062 13061
f 13059 13064 13061
f 13059 13061 13057
f 13065 13061 13066
f 13065 13057 13061
f 13067 13066 13068
f 13067 13065 13066
f 13069 13068 13070
f 13069 13067 13068
f 13071 13070 13072
f 13071 13069 13070
f 13073 13072 13074
f 13073 13071 13072
f 13075 13076 13077
f 13075 13074 13076
f 13075 13073 13074
f 13078 13075 13077
f 13079 13077 13080
f 13079 13078 13077
f 13081 13082 13083
f 13081 13080 13082
f 13081 13079 13080
f 13084 13081 13083
f 13085 13083 13086
f 13085 13084 13083
f 13087 13088 13089
f 13087 13086 13088
f 13087 13085 13086
f 13090 13087 13089
f 13063 13066 13061
f 13063 13068 13066
f 13068 13091 13070
f 13063 13091 13068
f 13091 13072 13070
f 13091 13074 13072
f 13091 13076 13074
f 13088 13092 13089
f 13086 13092 13088
f 13083 13093 13086
f 13082 13093 13083
f 13080 13093 13082
f 13077 13093 13080
f 13086 13093 13092
f 13091 13093 13076
f 13076 13093 13077
f 13094 13090 13095
f 13095 13090 13096
f 13097 13089 13092
f 13097 13098 13089
f 13098 13096 13089
f 13089 13096 13090
f 13099 13097 13093
f 13093 13097 13092
f 13100 13099 13091
f 13091 13099 13093
f 13062 13100 13063
f 13063 13100 13091
f 13101 13062 13064
f 13102 13062 13101
f 13100 13102 13103
f 13100 13062 13102
f 13104 13100 13103
f 13105 13100 13104
f 13106 13100 13105
f 13097 13107 13098
f 13097 13108 13107
f 13099 13109 13108
f 13099 13110 13109
f 13099 13111 13110
f 13099 13112 13111
f 13099 13108 13097
f 13099 13100 13106
f 13099 13106 13112
f 13060 13113 13058
f 13058 13113 13114
f 13113 13115 13114
f 13114 13115 13116
f 13115 13094 13116
f 13116 13094 13095
f 13117 13095 13096
f 13118 13095 13117
f 13119 13095 13118
f 13116 13119 13120
f 13116 13120 13121
f 13116 13121 13122
f 13116 13095 13119
f 13058 13123 13124
f 13058 13124 13125
f 13058 13125 13059
f 13114 13122 13126
f 13114 13126 13127
f 13114 13127 13128
f 13114 13128 13123
f 13114 13116 13122
f 13114 13123 13058
f 13094 13087 13090
f 13094 13085 13087
f 13094 13084 13085
f 13084 13115 13081
f 13081 13115 13079
f 13079 13115 13078
f 13094 13115 13084
f 13069 13060 13067
f 13067 13060 13065
f 13065 13060 13057
f 13078 13113 13075
f 13075 13113 13073
f 13073 13113 13071
f 13071 13113 13069
f 13115 13113 13078
f 13069 13113 13060
f 13098 13107 13096
f 13096 13107 13117
f 13117 13108 13118
f 13107 13108 13117
f 13118 13109 13119
f 13108 13109 13118
f 13119 13110 13120
f 13109 13110 13119
f 13120 13111 13121
f 13110 13111 13120
f 13121 13112 13122
f 13111 13112 13121
f 13122 13106 13126
f 13112 13106 13122
f 13126 13105 13127
f 13106 13105 13126
f 13127 13104 13128
f 13105 13104 13127
f 13128 13103 13123
f 13104 13103 13128
f 13123 13102 13124
f 13103 13102 13123
f 13124 13101 13125
f 13102 13101 13124
f 13125 13064 13059
f 13101 13064 13125

g Solid_210
usemtl Solid_210
f 13129 13130 13131
f 13129 13132 13130
f 13133 13134 13135
f 13136 13134 13133
f 13131 13136 13133
f 13131 13133 13129
f 13137 13133 13138
f 13137 13129 13133
f 13139 13138 13140
f 13139 13137 13138
f 13141 13140 13142
f 13141 13139 13140
f 13143 13142 13144
f 13143 13141 13142
f 13145 13144 13146
f 13145 13143 13144
f 13147 13148 13149
f 13147 13146 13148
f 13147 13145 13146
f 13150 13147 13149
f 13151 13149 13152
f 13151 13150 13149
f 13153 13154 13155
f 13153 13152 13154
f 13153 13151 13152
f 13156 13153 13155
f 13157 13155 13158
f 13157 13156 13155
f 13159 13160 13161
f 13159 13158 13160
f 13159 13157 13158
f 13162 13159 13161
f 13135 13138 13133
f 13135 13140 13138
f 13140 13163 13142
f 13135 13163 13140
f 13163 13144 13142
f 13163 13146 13144
f 13163 13148 13146
f 13160 13164 13161
f 13158 13164 13160
f 13155 13165 13158
f 13154 13165 13155
f 13152 13165 13154
f 13149 13165 13152
f 13158 13165 13164
f 13163 13165 13148
f 13148 13165 13149
f 13166 13162 13167
f 13167 13162 13168
f 13169 13161 13164
f 13169 13170 13161
f 13170 13168 13161
f 13161 13168 13162
f 13171 13169 13165
f 13165 13169 13164
f 13172 13171 13163
f 13163 13171 13165
f 13134 13172 13135
f 13135 13172 13163
f 13173 13134 13136
f 13174 13134 13173
f 13172 13174 13175
f 13172 13134 13174
f 13176 13172 13175
f 13177 13172 13176
f 13178 13172 13177
f 13169 13179 13170
f 13169 13180 13179
f 13171 13181 13180
f 13171 13182 13181
f 13171 13183 13182
f 13171 13184 13183
f 13171 13180 13169
f 13171 13172 13178
f 13171 13178 13184
f 13132 13185 13130
f 13130 13185 13186
f 13185 13187 13186
f 13186 13187 13188
f 13187 13166 13188
f 13188 13166 13167
f 13189 13167 13168
f 13190 13167 13189
f 13191 13167 13190
f 13188 13191 13192
f 13188 13192 13193
f 13188 13193 13194
f 13188 13167 13191
f 13130 13195 13196
f 13130 13196 13197
f 13130 13197 13131
f 13186 13194 13198
f 13186 13198 13199
f 13186 13199 13200
f 13186 13200 13195
f 13186 13188 13194
f 13186 13195 13130
f 13166 13159 13162
f 13166 13157 13159
f 13166 13156 13157
f 13156 13187 13153
f 13153 13187 13151
f 13151 13187 13150
f 13166 13187 13156
f 13141 13132 13139
f 13139 13132 13137
f 13137 13132 13129
f 13150 13185 13147
f 13147 13185 13145
f 13145 13185 13143
f 13143 13185 13141
f 13187 13185 13150
f 13141 13185 13132
f 13170 13179 13168
f 13168 13179 13189
f 13189 13180 13190
f 13179 13180 13189
f 13190 13181 13191
f 13180 13181 13190
f 13191 13182 13192
f 13181 13182 13191
f 13192 13183 13193
f 13182 13183 13192
f 13193 13184 13194
f 13183 13184 13193
f 13194 13178 13198
f 13184 13178 13194
f 13198 13177 13199
f 13178 13177 13198
f 13199 13176 13200
f 13177 13176 13199
f 13200 13175 13195
f 13176 13175 13200
f 13195 13174 13196
f 13175 13174 13195
f 13196 13173 13197
f 13174 13173 13196
f 13197 13136 13131
f 13173 13136 13197

g Solid_211
usemtl Solid_211
f 13201 13202 13203
f 13201 13204 13202
f 13205 13206 13207
f 13208 13206 13205
f 13203 13208 13205
f 13203 13205 13201
f 13209 13205 13210
f 13209 13201 13205
f 13211 13210 13212
f 13211 13209 13210
f 13213 13212 13214
f 13213 13211 13212
f 13215 13214 13216
f 13215 13213 13214
f 13217 13216 13218
f 13217 13215 13216
f 13219 13220 13221
f 13219 13218 13220
f 13219 13217 13218
f 13222 13219 13221
f 13223 13221 13224
f 13223 13222 13221
f 13225 13226 13227
f 13225 13224 13226
f 13225 13223 13224
f 13228 13225 13227
f 13229 13227 13230
f 13229 13228 13227
f 13231 13232 13233
f 13231 13230 13232
f 13231 13229 13230
f 13234 13231 13233
f 13207 13210 13205
f 13207 13212 13210
f 13212 13235 13214
f 13207 13235 13212
f 13235 13216 13214
f 13235 13218 13216
f 13235 13220 13218
f 13232 13236 13233
f 13230 13236 13232
f 13227 13237 13230
f 13226 13237 13227
f 13224 13237 13226
f 13221 13237 13224
f 13230 13237 13236
f 13235 13237 13220
f 13220 13237 13221
f 13238 13234 13239
f 13239 13234 13240
f 13241 13233 13236
f 13241 13242 13233
f 13242 13240 13233
f 13233 13240 13234
f 13243 13241 13237
f 13237 13241 13236
f 13244 13243 13235
f 13235 13243 13237
f 13206 13244 13207
f 13207 13244 13235
f 13245 13206 13208
f 13246 13206 13245
f 13244 13246 13247
f 13244 13206 13246
f 13248 13244 13247
f 13249 13244 13248
f 13250 13244 13249
f 13241 13251 13242
f 13241 13252 13251
f 13243 13253 13252
f 13243 13254 13253
f 13243 13255 13254
f 13243 13256 13255
f 13243 13252 13241
f 13243 13244 13250
f 13243 13250 13256
f 13204 13257 13202
f 13202 13257 13258
f 13257 13259 13258
f 13258 13259 13260
f 13259 13238 13260
f 13260 13238 13239
f 13261 13239 13240
f 13262 13239 13261
f 13263 13239 13262
f 13260 13263 13264
f 13260 13264 13265
f 13260 13265 13266
f 13260 13239 13263
f 13202 13267 13268
f 13202 13268 13269
f 13202 13269 13203
f 13258 13266 13270
f 13258 13270 13271
f 13258 13271 13272
f 13258 13272 13267
f 13258 13260 13266
f 13258 13267 13202
f 13238 13231 13234
f 13238 13229 13231
f 13238 13228 13229
f 13228 13259 13225
f 13225 13259 13223
f 13223 13259 13222
f 13238 13259 13228
f 13213 13204 13211
f 13211 13204 13209
f 13209 13204 13201
f 13222 13257 13219
f 13219 13257 13217
f 13217 13257 13215
f 13215 13257 13213
f 13259 13257 13222
f 13213 13257 13204
f 13242 13251 13240
f 13240 13251 13261
f 13261 13252 13262
f 13251 13252 13261
f 13262 13253 13263
f 13252 13253 13262
f 13263 13254 13264
f 13253 13254 13263
f 13264 13255 13265
f 13254 13255 13264
f 13265 13256 13266
f 13255 13256 13265
f 13266 13250 13270
f 13256 13250 13266
f 13270 13249 13271
f 13250 13249 13270
f 13271 13248 13272
f 13249 13248 13271
f 13272 13247 13267
f 13248 13247 13272
f 13267 13246 13268
f 13247 13246 13267
f 13268 13245 13269
f 13246 13245 13268
f 13269 13208 13203
f 13245 13208 13269

g Solid_212
usemtl Solid_212
f 13273 13274 13275
f 13273 13276 13274
f 13277 13278 13279
f 13280 13278 13277
f 13275 13280 13277
f 13275 13277 13273
f 13281 13277 13282
f 13281 13273 13277
f 13283 13282 13284
f 13283 13281 13282
f 13285 13284 13286
f 13285 13283 13284
f 13287 13286 13288
f 13287 13285 13286
f 13289 13288 13290
f 13289 13287 13288
f 13291 13292 13293
f 13291 13290 13292
f 13291 13289 13290
f 13294 13291 13293
f 13295 13293 13296
f 13295 13294 13293
f 13297 13298 13299
f 13297 13296 13298
f 13297 13295 13296
f 13300 13297 13299
f 13301 13299 13302
f 13301 13300 13299
f 13303 13304 13305
f 13303 13302 13304
f 13303 13301 13302
f 13306 13303 13305
f 13279 13282 13277
f 13279 13284 13282
f 13284 13307 13286
f 13279 13307 13284
f 13307 13288 13286
f 13307 13290 13288
f 13307 13292 13290
f 13304 13308 13305
f 13302 13308 13304
f 13299 13309 13302
f 13298 13309 13299
f 13296 13309 13298
f 13293 13309 13296
f 13302 13309 13308
f 13307 13309 13292
f 13292 13309 13293
f 13310 13306 13311
f 13311 13306 13312
f 13313 13305 13308
f 13313 13314 13305
f 13314 13312 13305
f 13305 13312 13306
f 13315 13313 13309
f 13309 13313 13308
f 13316 13315 13307
f 13307 13315 13309
f 13278 13316 13279
f 13279 13316 13307
f 13317 13278 13280
f 13318 13278 13317
f 13316 13318 13319
f 13316 13278 13318
f 13320 13316 13319
f 13321 13316 13320
f 13322 13316 13321
f 13313 13323 13314
f 13313 13324 13323
f 13315 13325 13324
f 13315 13326 13325
f 13315 13327 13326
f 13315 13328 13327
f 13315 13324 13313
f 13315 13316 13322
f 13315 13322 13328
f 13276 13329 13274
f 13274 13329 13330
f 13329 13331 13330
f 13330 13331 13332
f 13331 13310 13332
f 13332 13310 13311
f 13333 13311 13312
f 13334 13311 13333
f 13335 13311 13334
f 13332 13335 13336
f 13332 13336 13337
f 13332 13337 13338
f 13332 13311 13335
f 13274 13339 13340
f 13274 13340 13341
f 13274 13341 13275
f 13330 13338 13342
f 13330 13342 13343
f 13330 13343 13344
f 13330 13344 13339
f 13330 13332 13338
f 13330 13339 13274
f 13310 13303 13306
f 13310 13301 13303
f 13310 13300 13301
f 13300 13331 13297
f 13297 13331 13295
f 13295 13331 13294
f 13310 13331 13300
f 13285 13276 13283
f 13283 13276 13281
f 13281 13276 13273
f 13294 13329 13291
f 13291 13329 13289
f 13289 13329 13287
f 13287 13329 13285
f 13331 13329 13294
f 13285 13329 13276
f 13314 13323 13312
f 13312 13323 13333
f 13333 13324 13334
f 13323 13324 13333
f 13334 13325 13335
f 13324 13325 13334
f 13335 13326 13336
f 13325 13326 13335
f 13336 13327 13337
f 13326 13327 13336
f 13337 13328 13338
f 13327 13328 13337
f 13338 13322 13342
f 13328 13322 13338
f 13342 13321 13343
f 13322 13321 13342
f 13343 13320 13344
f 13321 13320 13343
f 13344 13319 13339
f 13320 13319 13344
f 13339 13318 13340
f 13319 13318 13339
f 13340 13317 13341
f 13318 13317 13340
f 13341 13280 13275
f 13317 13280 13341

g Solid_213
usemtl Solid_213
f 13345 13346 13347
f 13345 13348 13346
f 13349 13350 13351
f 13352 13350 13349
f 13347 13352 13349
f 13347 13349 13345
f 13353 13349 13354
f 13353 13345 13349
f 13355 13354 13356
f 13355 13353 13354
f 13357 13356 13358
f 13357 13355 13356
f 13359 13358 13360
f 13359 13357 13358
f 13361 13360 13362
f 13361 13359 13360
f 13363 13364 13365
f 13363 13362 13364
f 13363 13361 13362
f 13366 13363 13365
f 13367 13365 13368
f 13367 13366 13365
f 13369 13370 13371
f 13369 13368 13370
f 13369 13367 13368
f 13372 13369 13371
f 13373 13371 13374
f 13373 13372 13371
f 13375 13376 13377
f 13375 13374 13376
f 13375 13373 13374
f 13378 13375 13377
f 13351 13354 13349
f 13351 13356 13354
f 13356 13379 13358
f 13351 13379 13356
f 13379 13360 13358
f 13379 13362 13360
f 13379 13364 13362
f 13376 13380 13377
f 13374 13380 13376
f 13371 13381 13374
f 13370 13381 13371
f 13368 13381 13370
f 13365 13381 13368
f 13374 13381 13380
f 13379 13381 13364
f 13364 13381 13365
f 13382 13378 13383
f 13383 13378 13384
f 13385 13377 13380
f 13385 13386 13377
f 13386 13384 13377
f 13377 13384 13378
f 13387 13385 13381
f 13381 13385 13380
f 13388 13387 13379
f 13379 13387 13381
f 13350 13388 13351
f 13351 13388 13379
f 13389 13350 13352
f 13390 13350 13389
f 13388 13390 13391
f 13388 13350 13390
f 13392 13388 13391
f 13393 13388 13392
f 13394 13388 13393
f 13385 13395 13386
f 13385 13396 13395
f 13387 13397 13396
f 13387 13398 13397
f 13387 13399 13398
f 13387 13400 13399
f 13387 13396 13385
f 13387 13388 13394
f 13387 13394 13400
f 13348 13401 13346
f 13346 13401 13402
f 13401 13403 13402
f 13402 13403 13404
f 13403 13382 13404
f 13404 13382 13383
f 13405 13383 13384
f 13406 13383 13405
f 13407 13383 13406
f 13404 13407 13408
f 13404 13408 13409
f 13404 13409 13410
f 13404 13383 13407
f 13346 13411 13412
f 13346 13412 13413
f 13346 13413 13347
f 13402 13410 13414
f 13402 13414 13415
f 13402 13415 13416
f 13402 13416 13411
f 13402 13404 13410
f 13402 13411 13346
f 13382 13375 13378
f 13382 13373 13375
f 13382 13372 13373
f 13372 13403 13369
f 13369 13403 13367
f 13367 13403 13366
f 13382 13403 13372
f 13357 13348 13355
f 13355 13348 13353
f 13353 13348 13345
f 13366 13401 13363
f 13363 13401 13361
f 13361 13401 13359
f 13359 13401 13357
f 13403 13401 13366
f 13357 13401 13348
f 13386 13395 13384
f 13384 13395 13405
f 13405 13396 13406
f 13395 13396 13405
f 13406 13397 13407
f 13396 13397 13406
f 13407 13398 13408
f 13397 13398 13407
f 13408 13399 13409
f 13398 13399 13408
f 13409 13400 13410
f 13399 13400 13409
f 13410 13394 13414
f 13400 13394 13410
f 13414 13393 13415
f 13394 13393 13414
f 13415 13392 13416
f 13393 13392 13415
f 13416 13391 13411
f 13392 13391 13416
f 13411 13390 13412
f 13391 13390 13411
f 13412 13389 13413
f 13390 13389 13412
f 13413 13352 13347
f 13389 13352 13413

g Solid_214
usemtl Solid_214
f 13417 13418 13419
f 13417 13420 13418
f 13421 13422 13423
f 13424 13422 13421
f 13419 13424 13421
f 13419 13421 13417
f 13425 13421 13426
f 13425 13417 13421
f 13427 13426 13428
f 13427 13425 13426
f 13429 13428 13430
f 13429 13427 13428
f 13431 13430 13432
f 13431 13429 13430
f 13433 13432 13434
f 13433 13431 13432
f 13435 13436 13437
f 13435 13434 13436
f 13435 13433 13434
f 13438 13435 13437
f 13439 13437 13440
f 13439 13438 13437
f 13441 13442 13443
f 13441 13440 13442
f 13441 13439 13440
f 13444 13441 13443
f 13445 13443 13446
f 13445 13444 13443
f 13447 13448 13449
f 13447 13446 13448
f 13447 13445 13446
f 13450 13447 13449
f 13423 13426 13421
f 13423 13428 13426
f 13428 13451 13430
f 13423 13451 13428
f 13451 13432 13430
f 13451 13434 13432
f 13451 13436 13434
f 13448 13452 13449
f 13446 13452 13448
f 13443 13453 13446
f 13442 13453 13443
f 13440 13453 13442
f 13437 13453 13440
f 13446 13453 13452
f 13451 13453 13436
f 13436 13453 13437
f 13454 13450 13455
f 13455 13450 13456
f 13457 13449 13452
f 13457 13458 13449
f 13458 13456 13449
f 13449 13456 13450
f 13459 13457 13453
f 13453 13457 13452
f 13460 13459 13451
f 13451 13459 13453
f 13422 13460 13423
f 13423 13460 13451
f 13461 13422 13424
f 13462 13422 13461
f 13460 13462 13463
f 13460 13422 13462
f 13464 13460 13463
f 13465 13460 13464
f 13466 13460 13465
f 13457 13467 13458
f 13457 13468 13467
f 13459 13469 13468
f 13459 13470 13469
f 13459 13471 13470
f 13459 13472 13471
f 13459 13468 13457
f 13459 13460 13466
f 13459 13466 13472
f 13420 13473 13418
f 13418 13473 13474
f 13473 13475 13474
f 13474 13475 13476
f 13475 13454 13476
f 13476 13454 13455
f 13477 13455 13456
f 13478 13455 13477
f 13479 13455 13478
f 13476 13479 13480
f 13476 13480 13481
f 13476 13481 13482
f 13476 13455 13479
f 13418 13483 13484
f 13418 13484 13485
f 13418 13485 13419
f 13474 13482 13486
f 13474 13486 13487
f 13474 13487 13488
f 13474 13488 13483
f 13474 13476 13482
f 13474 13483 13418
f 13454 13447 13450
f 13454 13445 13447
f 13454 13444 13445
f 13444 13475 13441
f 13441 13475 13439
f 13439 13475 13438
f 13454 13475 13444
f 13429 13420 13427
f 13427 13420 13425
f 13425 13420 13417
f 13438 13473 13435
f 13435 13473 13433
f 13433 13473 13431
f 13431 13473 13429
f 13475 13473 13438
f 13429 13473 13420
f 13458 13467 13456
f 13456 13467 13477
f 13477 13468 13478
f 13467 13468 13477
f 13478 13469 13479
f 13468 13469 13478
f 13479 13470 13480
f 13469 13470 13479
f 13480 13471 13481
f 13470 13471 13480
f 13481 13472 13482
f 13471 13472 13481
f 13482 13466 13486
f 13472 13466 13482
f 13486 13465 13487
f 13466 13465 13486
f 13487 13464 13488
f 13465 13464 13487
f 13488 13463 13483
f 13464 13463 13488
f 13483 13462 13484
f 13463 13462 13483
f 13484 13461 13485
f 13462 13461 13484
f 13485 13424 13419
f 13461 13424 13485

g Solid_215
usemtl Solid_215
f 13489 13490 13491
f 13489 13492 13490
f 13493 13494 13495
f 13496 13494 13493
f 13491 13496 13493
f 13491 13493 13489
f 13497 13493 13498
f 13497 13489 13493
f 13499 13498 13500
f 13499 13497 13498
f 13501 13500 13502
f 13501 13499 13500
f 13503 13502 13504
f 13503 13501 13502
f 13505 13504 13506
f 13505 13503 13504
f 13507 13508 13509
f 13507 13506 13508
f 13507 13505 13506
f 13510 13507 13509
f 13511 13509 13512
f 13511 13510 13509
f 13513 13514 13515
f 13513 13512 13514
f 13513 13511 13512
f 13516 13513 13515
f 13517 13515 13518
f 13517 13516 13515
f 13519 13520 13521
f 13519 13518 13520
f 13519 13517 13518
f 13522 13519 13521
f 13495 13498 13493
f 13495 13500 13498
f 13500 13523 13502
f 13495 13523 13500
f 13523 13504 13502
f 13523 13506 13504
f 13523 13508 13506
f 13520 13524 13521
f 13518 13524 13520
f 13515 13525 13518
f 13514 13525 13515
f 13512 13525 13514
f 13509 13525 13512
f 13518 13525 13524
f 13523 13525 13508
f 13508 13525 13509
f 13526 13522 13527
f 13527 13522 13528
f 13529 13521 13524
f 13529 13530 13521
f 13530 13528 13521
f 13521 13528 13522
f 13531 13529 13525
f 13525 13529 13524
f 13532 13531 13523
f 13523 13531 13525
f 13494 13532 13495
f 13495 13532 13523
f 13533 13494 13496
f 13534 13494 13533
f 13532 13534 13535
f 13532 13494 13534
f 13536 13532 13535
f 13537 13532 13536
f 13538 13532 13537
f 13529 13539 13530
f 13529 13540 13539
f 13531 13541 13540
f 13531 13542 13541
f 13531 13543 13542
f 13531 13544 13543
f 13531 13540 13529
f 13531 13532 13538
f 13531 13538 13544
f 13492 13545 13490
f 13490 13545 13546
f 13545 13547 13546
f 13546 13547 13548
f 13547 13526 13548
f 13548 13526 13527
f 13549 13527 13528
f 13550 13527 13549
f 13551 13527 13550
f 13548 13551 13552
f 13548 13552 13553
f 13548 13553 13554
f 13548 13527 13551
f 13490 13555 13556
f 13490 13556 13557
f 13490 13557 13491
f 13546 13554 13558
f 13546 13558 13559
f 13546 13559 13560
f 13546 13560 13555
f 13546 13548 13554
f 13546 13555 13490
f 13526 13519 13522
f 13526 13517 13519
f 13526 13516 13517
f 13516 13547 13513
f 13513 13547 13511
f 13511 13547 13510
f 13526 13547 13516
f 13501 13492 13499
f 13499 13492 13497
f 13497 13492 13489
f 13510 13545 13507
f 13507 13545 13505
f 13505 13545 13503
f 13503 13545 13501
f 13547 13545 13510
f 13501 13545 13492
f 13530 13539 13528
f 13528 13539 13549
f 13549 13540 13550
f 13539 13540 13549
f 13550 13541 13551
f 13540 13541 13550
f 13551 13542 13552
f 13541 13542 13551
f 13552 13543 13553
f 13542 13543 13552
f 13553 13544 13554
f 13543 13544 13553
f 13554 13538 13558
f 13544 13538 13554
f 13558 13537 13559
f 13538 13537 13558
f 13559 13536 13560
f 13537 13536 13559
f 13560 13535 13555
f 13536 13535 13560
f 13555 13534 13556
f 13535 13534 13555
f 13556 13533 13557
f 13534 13533 13556
f 13557 13496 13491
f 13533 13496 13557

g Solid_216
usemtl Solid_216
f 13561 13562 13563
f 13561 13564 13562
f 13565 13566 13567
f 13568 13566 13565
f 13563 13568 13565
f 13563 13565 13561
f 13569 13565 13570
f 13569 13561 13565
f 13571 13570 13572
f 13571 13569 13570
f 13573 13572 13574
f 13573 13571 13572
f 13575 13574 13576
f 13575 13573 13574
f 13577 13576 13578
f 13577 13575 13576
f 13579 13580 13581
f 13579 13578 13580
f 13579 13577 13578
f 13582 13579 13581
f 13583 13581 13584
f 13583 13582 13581
f 13585 13586 13587
f 13585 13584 13586
f 13585 13583 13584
f 13588 13585 13587
f 13589 13587 13590
f 13589 13588 13587
f 13591 13592 13593
f 13591 13590 13592
f 13591 13589 13590
f 13594 13591 13593
f 13567 13570 13565
f 13567 13572 13570
f 13572 13595 13574
f 13567 13595 13572
f 13595 13576 13574
f 13595 13578 13576
f 13595 13580 13578
f 13592 13596 13593
f 13590 13596 13592
f 13587 13597 13590
f 13586 13597 13587
f 13584 13597 13586
f 13581 13597 13584
f 13590 13597 13596
f 13595 13597 13580
f 13580 13597 13581
f 13598 13594 13599
f 13599 13594 13600
f 13601 13593 13596
f 13601 13602 13593
f 13602 13600 13593
f 13593 13600 13594
f 13603 13601 13597
f 13597 13601 13596
f 13604 13603 13595
f 13595 13603 13597
f 13566 13604 13567
f 13567 13604 13595
f 13605 13566 13568
f 13606 13566 13605
f 13604 13606 13607
f 13604 13566 13606
f 13608 13604 13607
f 13609 13604 13608
f 13610 13604 13609
f 13601 13611 13602
f 13601 13612 13611
f 13603 13613 13612
f 13603 13614 13613
f 13603 13615 13614
f 13603 13616 13615
f 13603 13612 13601
f 13603 13604 13610
f 13603 13610 13616
f 13564 13617 13562
f 13562 13617 13618
f 13617 13619 13618
f 13618 13619 13620
f 13619 13598 13620
f 13620 13598 13599
f 13621 13599 13600
f 13622 13599 13621
f 13623 13599 13622
f 13620 13623 13624
f 13620 13624 13625
f 13620 13625 13626
f 13620 13599 13623
f 13562 13627 13628
f 13562 13628 13629
f 13562 13629 13563
f 13618 13626 13630
f 13618 13630 13631
f 13618 13631 13632
f 13618 13632 13627
f 13618 13620 13626
f 13618 13627 13562
f 13598 13591 13594
f 13598 13589 13591
f 13598 13588 13589
f 13588 13619 13585
f 13585 13619 13583
f 13583 13619 13582
f 13598 13619 13588
f 13573 13564 13571
f 13571 13564 13569
f 13569 13564 13561
f 13582 13617 13579
f 13579 13617 13577
f 13577 13617 13575
f 13575 13617 13573
f 13619 13617 13582
f 13573 13617 13564
f 13602 13611 13600
f 13600 13611 13621
f 13621 13612 13622
f 13611 13612 13621
f 13622 13613 13623
f 13612 13613 13622
f 13623 13614 13624
f 13613 13614 13623
f 13624 13615 13625
f 13614 13615 13624
f 13625 13616 13626
f 13615 13616 13625
f 13626 13610 13630
f 13616 13610 13626
f 13630 13609 13631
f 13610 13609 13630
f 13631 13608 13632
f 13609 13608 13631
f 13632 13607 13627
f 13608 13607 13632
f 13627 13606 13628
f 13607 13606 13627
f 13628 13605 13629
f 13606 13605 13628
f 13629 13568 13563
f 13605 13568 13629

g Solid_217
usemtl Solid_217
f 13633 13634 13635
f 13633 13636 13634
f 13637 13638 13639
f 13640 13638 13637
f 13635 13640 13637
f 13635 13637 13633
f 13641 13637 13642
f 13641 13633 13637
f 13643 13642 13644
f 13643 13641 13642
f 13645 13644 13646
f 13645 13643 13644
f 13647 13646 13648
f 13647 13645 13646
f 13649 13648 13650
f 13649 13647 13648
f 13651 13652 13653
f 13651 13650 13652
f 13651 13649 13650
f 13654 13651 13653
f 13655 13653 13656
f 13655 13654 13653
f 13657 13658 13659
f 13657 13656 13658
f 13657 13655 13656
f 13660 13657 13659
f 13661 13659 13662
f 13661 13660 13659
f 13663 13664 13665
f 13663 13662 13664
f 13663 13661 13662
f 13666 13663 13665
f 13639 13642 13637
f 13639 13644 13642
f 13644 13667 13646
f 13639 13667 13644
f 13667 13648 13646
f 13667 13650 13648
f 13667 13652 13650
f 13664 13668 13665
f 13662 13668 13664
f 13659 13669 13662
f 13658 13669 13659
f 13656 13669 13658
f 13653 13669 13656
f 13662 13669 13668
f 13667 13669 13652
f 13652 13669 13653
f 13670 13666 13671
f 13671 13666 13672
f 13673 13665 13668
f 13673 13674 13665
f 13674 13672 13665
f 13665 13672 13666
f 13675 13673 13669
f 13669 13673 13668
f 13676 13675 13667
f 13667 13675 13669
f 13638 13676 13639
f 13639 13676 13667
f 13677 13638 13640
f 13678 13638 13677
f 13676 13678 13679
f 13676 13638 13678
f 13680 13676 13679
f 13681 13676 13680
f 13682 13676 13681
f 13673 13683 13674
f 13673 13684 13683
f 13675 13685 13684
f 13675 13686 13685
f 13675 13687 13686
f 13675 13688 13687
f 13675 13684 13673
f 13675 13676 13682
f 13675 13682 13688
f 13636 13689 13634
f 13634 13689 13690
f 13689 13691 13690
f 13690 13691 13692
f 13691 13670 13692
f 13692 13670 13671
f 13693 13671 13672
f 13694 13671 13693
f 13695 13671 13694
f 13692 13695 13696
f 13692 13696 13697
f 13692 13697 13698
f 13692 13671 13695
f 13634 13699 13700
f 13634 13700 13701
f 13634 13701 13635
f 13690 13698 13702
f 13690 13702 13703
f 13690 13703 13704
f 13690 13704 13699
f 13690 13692 13698
f 13690 13699 13634
f 13670 13663 13666
f 13670 13661 13663
f 13670 13660 13661
f 13660 13691 13657
f 13657 13691 13655
f 13655 13691 13654
f 13670 13691 13660
f 13645 13636 13643
f 13643 13636 13641
f 13641 13636 13633
f 13654 13689 13651
f 13651 13689 13649
f 13649 13689 13647
f 13647 13689 13645
f 13691 13689 13654
f 13645 13689 13636
f 13674 13683 13672
f 13672 13683 13693
f 13693 13684 13694
f 13683 13684 13693
f 13694 13685 13695
f 13684 13685 13694
f 13695 13686 13696
f 13685 13686 13695
f 13696 13687 13697
f 13686 13687 13696
f 13697 13688 13698
f 13687 13688 13697
f 13698 13682 13702
f 13688 13682 13698
f 13702 13681 13703
f 13682 13681 13702
f 13703 13680 13704
f 13681 13680 13703
f 13704 13679 13699
f 13680 13679 13704
f 13699 13678 13700
f 13679 13678 13699
f 13700 13677 13701
f 13678 13677 13700
f 13701 13640 13635
f 13677 13640 13701

g Solid_218
usemtl Solid_218
f 13705 13706 13707
f 13705 13708 13706
f 13709 13710 13711
f 13712 13710 13709
f 13707 13712 13709
f 13707 13709 13705
f 13713 13709 13714
f 13713 13705 13709
f 13715 13714 13716
f 13715 13713 13714
f 13717 13716 13718
f 13717 13715 13716
f 13719 13718 13720
f 13719 13717 13718
f 13721 13720 13722
f 13721 13719 13720
f 13723 13724 13725
f 13723 13722 13724
f 13723 13721 13722
f 13726 13723 13725
f 13727 13725 13728
f 13727 13726 13725
f 13729 13730 13731
f 13729 13728 13730
f 13729 13727 13728
f 13732 13729 13731
f 13733 13731 13734
f 13733 13732 13731
f 13735 13736 13737
f 13735 13734 13736
f 13735 13733 13734
f 13738 13735 13737
f 13711 13714 13709
f 13711 13716 13714
f 13716 13739 13718
f 13711 13739 13716
f 13739 13720 13718
f 13739 13722 13720
f 13739 13724 13722
f 13736 13740 13737
f 13734 13740 13736
f 13731 13741 13734
f 13730 13741 13731
f 13728 13741 13730
f 13725 13741 13728
f 13734 13741 13740
f 13739 13741 13724
f 13724 13741 13725
f 13742 13738 13743
f 13743 13738 13744
f 13745 13737 13740
f 13745 13746 13737
f 13746 13744 13737
f 13737 13744 13738
f 13747 13745 13741
f 13741 13745 13740
f 13748 13747 13739
f 13739 13747 13741
f 13710 13748 13711
f 13711 13748 13739
f 13749 13710 13712
f 13750 13710 13749
f 13748 13750 13751
f 13748 13710 13750
f 13752 13748 13751
f 13753 13748 13752
f 13754 13748 13753
f 13745 13755 13746
f 13745 13756 13755
f 13747 13757 13756
f 13747 13758 13757
f 13747 13759 13758
f 13747 13760 13759
f 13747 13756 13745
f 13747 13748 13754
f 13747 13754 13760
f 13708 13761 13706
f 13706 13761 13762
f 13761 13763 13762
f 13762 13763 13764
f 13763 13742 13764
f 13764 13742 13743
f 13765 13743 13744
f 13766 13743 13765
f 13767 13743 13766
f 13764 13767 13768
f 13764 13768 13769
f 13764 13769 13770
f 13764 13743 13767
f 13706 13771 13772
f 13706 13772 13773
f 13706 13773 13707
f 13762 13770 13774
f 13762 13774 13775
f 13762 13775 13776
f 13762 13776 13771
f 13762 13764 13770
f 13762 13771 13706
f 13742 13735 13738
f 13742 13733 13735
f 13742 13732 13733
f 13732 13763 13729
f 13729 13763 13727
f 13727 13763 13726
f 13742 13763 13732
f 13717 13708 13715
f 13715 13708 13713
f 13713 13708 13705
f 13726 13761 13723
f 13723 13761 13721
f 13721 13761 13719
f 13719 13761 13717
f 13763 13761 13726
f 13717 13761 13708
f 13746 13755 13744
f 13744 13755 13765
f 13765 13756 13766
f 13755 13756 13765
f 13766 13757 13767
f 13756 13757 13766
f 13767 13758 13768
f 13757 13758 13767
f 13768 13759 13769
f 13758 13759 13768
f 13769 13760 13770
f 13759 13760 13769
f 13770 13754 13774
f 13760 13754 13770
f 13774 13753 13775
f 13754 13753 13774
f 13775 13752 13776
f 13753 13752 13775
f 13776 13751 13771
f 13752 13751 13776
f 13771 13750 13772
f 13751 13750 13771
f 13772 13749 13773
f 13750 13749 13772
f 13773 13712 13707
f 13749 13712 13773

g Solid_219
usemtl Solid_219
f 13777 13778 13779
f 13777 13780 13778
f 13781 13782 13783
f 13784 13782 13781
f 13779 13784 13781
f 13779 13781 13777
f 13785 13781 13786
f 13785 13777 13781
f 13787 13786 13788
f 13787 13785 13786
f 13789 13788 13790
f 13789 13787 13788
f 13791 13790 13792
f 13791 13789 13790
f 13793 13792 13794
f 13793 13791 13792
f 13795 13796 13797
f 13795 13794 13796
f 13795 13793 13794
f 13798 13795 13797
f 13799 13797 13800
f 13799 13798 13797
f 13801 13802 13803
f 13801 13800 13802
f 13801 13799 13800
f 13804 13801 13803
f 13805 13803 13806
f 13805 13804 13803
f 13807 13808 13809
f 13807 13806 13808
f 13807 13805 13806
f 13810 13807 13809
f 13783 13786 13781
f 13783 13788 13786
f 13788 13811 13790
f 13783 13811 13788
f 13811 13792 13790
f 13811 13794 13792
f 13811 13796 13794
f 13808 13812 13809
f 13806 13812 13808
f 13803 13813 13806
f 13802 13813 13803
f 13800 13813 13802
f 13797 13813 13800
f 13806 13813 13812
f 13811 13813 13796
f 13796 13813 13797
f 13814 13810 13815
f 13815 13810 13816
f 13817 13809 13812
f 13817 13818 13809
f 13818 13816 13809
f 13809 13816 13810
f 13819 13817 13813
f 13813 13817 13812
f 13820 13819 13811
f 13811 13819 13813
f 13782 13820 13783
f 13783 13820 13811
f 13821 13782 13784
f 13822 13782 13821
f 13820 13822 13823
f 13820 13782 13822
f 13824 13820 13823
f 13825 13820 13824
f 13826 13820 13825
f 13817 13827 13818
f 13817 13828 13827
f 13819 13829 13828
f 13819 13830 13829
f 13819 13831 13830
f 13819 13832 13831
f 13819 13828 13817
f 13819 13820 13826
f 13819 13826 13832
f 13780 13833 13778
f 13778 13833 13834
f 13833 13835 13834
f 13834 13835 13836
f 13835 13814 13836
f 13836 13814 13815
f 13837 13815 13816
f 13838 13815 13837
f 13839 13815 13838
f 13836 13839 13840
f 13836 13840 13841
f 13836 13841 13842
f 13836 13815 13839
f 13778 13843 13844
f 13778 13844 13845
f 13778 13845 13779
f 13834 13842 13846
f 13834 13846 13847
f 13834 13847 13848
f 13834 13848 13843
f 13834 13836 13842
f 13834 13843 13778
f 13814 13807 13810
f 13814 13805 13807
f 13814 13804 13805
f 13804 13835 13801
f 13801 13835 13799
f 13799 13835 13798
f 13814 13835 13804
f 13789 13780 13787
f 13787 13780 13785
f 13785 13780 13777
f 13798 13833 13795
f 13795 13833 13793
f 13793 13833 13791
f 13791 13833 13789
f 13835 13833 13798
f 13789 13833 13780
f 13818 13827 13816
f 13816 13827 13837
f 13837 13828 13838
f 13827 13828 13837
f 13838 13829 13839
f 13828 13829 13838
f 13839 13830 13840
f 13829 13830 13839
f 13840 13831 13841
f 13830 13831 13840
f 13841 13832 13842
f 13831 13832 13841
f 13842 13826 13846
f 13832 13826 13842
f 13846 13825 13847
f 13826 13825 13846
f 13847 13824 13848
f 13825 13824 13847
f 13848 13823 13843
f 13824 13823 13848
f 13843 13822 13844
f 13823 13822 13843
f 13844 13821 13845
f 13822 13821 13844
f 13845 13784 13779
f 13821 13784 13845

g Solid_220
usemtl Solid_220
f 13849 13850 13851
f 13849 13852 13850
f 13853 13854 13855
f 13856 13854 13853
f 13851 13856 13853
f 13851 13853 13849
f 13857 13853 13858
f 13857 13849 13853
f 13859 13858 13860
f 13859 13857 13858
f 13861 13860 13862
f 13861 13859 13860
f 13863 13862 13864
f 13863 13861 13862
f 13865 13864 13866
f 13865 13863 13864
f 13867 13868 13869
f 13867 13866 13868
f 13867 13865 13866
f 13870 13867 13869
f 13871 13869 13872
f 13871 13870 13869
f 13873 13874 13875
f 13873 13872 13874
f 13873 13871 13872
f 13876 13873 13875
f 13877 13875 13878
f 13877 13876 13875
f 13879 13880 13881
f 13879 13878 13880
f 13879 13877 13878
f 13882 13879 13881
f 13855 13858 13853
f 13855 13860 13858
f 13860 13883 13862
f 13855 13883 13860
f 13883 13864 13862
f 13883 13866 13864
f 13883 13868 13866
f 13880 13884 13881
f 13878 13884 13880
f 13875 13885 13878
f 13874 13885 13875
f 13872 13885 13874
f 13869 13885 13872
f 13878 13885 13884
f 13883 13885 13868
f 13868 13885 13869
f 13886 13882 13887
f 13887 13882 13888
f 13889 13881 13884
f 13889 13890 13881
f 13890 13888 13881
f 13881 13888 13882
f 13891 13889 13885
f 13885 13889 13884
f 13892 13891 13883
f 13883 13891 13885
f 13854 13892 13855
f 13855 13892 13883
f 13893 13854 13856
f 13894 13854 13893
f 13892 13894 13895
f 13892 13854 13894
f 13896 13892 13895
f 13897 13892 13896
f 13898 13892 13897
f 13889 13899 13890
f 13889 13900 13899
f 13891 13901 13900
f 13891 13902 13901
f 13891 13903 13902
f 13891 13904 13903
f 13891 13900 13889
f 13891 13892 13898
f 13891 13898 13904
f 13852 13905 13850
f 13850 13905 13906
f 13905 13907 13906
f 13906 13907 13908
f 13907 13886 13908
f 13908 13886 13887
f 13909 13887 13888
f 13910 13887 13909
f 13911 13887 13910
f 13908 13911 13912
f 13908 13912 13913
f 13908 13913 13914
f 13908 13887 13911
f 13850 13915 13916
f 13850 13916 13917
f 13850 13917 13851
f 13906 13914 13918
f 13906 13918 13919
f 13906 13919 13920
f 13906 13920 13915
f 13906 13908 13914
f 13906 13915 13850
f 13886 13879 13882
f 13886 13877 13879
f 13886 13876 13877
f 13876 13907 13873
f 13873 13907 13871
f 13871 13907 13870
f 13886 13907 13876
f 13861 13852 13859
f 13859 13852 13857
f 13857 13852 13849
f 13870 13905 13867
f 13867 13905 13865
f 13865 13905 13863
f 13863 13905 13861
f 13907 13905 13870
f 13861 13905 13852
f 13890 13899 13888
f 13888 13899 13909
f 13909 13900 13910
f 13899 13900 13909
f 13910 13901 13911
f 13900 13901 13910
f 13911 13902 13912
f 13901 13902 13911
f 13912 13903 13913
f 13902 13903 13912
f 13913 13904 13914
f 13903 13904 13913
f 13914 13898 13918
f 13904 13898 13914
f 13918 13897 13919
f 13898 13897 13918
f 13919 13896 13920
f 13897 13896 13919
f 13920 13895 13915
f 13896 13895 13920
f 13915 13894 13916
f 13895 13894 13915
f 13916 13893 13917
f 13894 13893 13916
f 13917 13856 13851
f 13893 13856 13917

g Solid_221
usemtl Solid_221
f 13921 13922 13923
f 13921 13924 13922
f 13925 13926 13927
f 13928 13926 13925
f 13923 13928 13925
f 13923 13925 13921
f 13929 13925 13930
f 13929 13921 13925
f 13931 13930 13932
f 13931 13929 13930
f 13933 13932 13934
f 13933 13931 13932
f 13935 13934 13936
f 13935 13933 13934
f 13937 13936 13938
f 13937 13935 13936
f 13939 13940 13941
f 13939 13938 13940
f 13939 13937 13938
f 13942 13939 13941
f 13943 13941 13944
f 13943 13942 13941
f 13945 13946 13947
f 13945 13944 13946
f 13945 13943 13944
f 13948 13945 13947
f 13949 13947 13950
f 13949 13948 13947
f 13951 13952 13953
f 13951 13950 13952
f 13951 13949 13950
f 13954 13951 13953
f 13927 13930 13925
f 13927 13932 13930
f 13932 13955 13934
f 13927 13955 13932
f 13955 13936 13934
f 13955 13938 13936
f 13955 13940 13938
f 13952 13956 13953
f 13950 13956 13952
f 13947 13957 13950
f 13946 13957 13947
f 13944 13957 13946
f 13941 13957 13944
f 13950 13957 13956
f 13955 13957 13940
f 13940 13957 13941
f 13958 13954 13959
f 13959 13954 13960
f 13961 13953 13956
f 13961 13962 13953
f 13962 13960 13953
f 13953 13960 13954
f 13963 13961 13957
f 13957 13961 13956
f 13964 13963 13955
f 13955 13963 13957
f 13926 13964 13927
f 13927 13964 13955
f 13965 13926 13928
f 13966 13926 13965
f 13964 13966 13967
f 13964 13926 13966
f 13968 13964 13967
f 13969 13964 13968
f 13970 13964 13969
f 13961 13971 13962
f 13961 13972 13971
f 13963 13973 13972
f 13963 13974 13973
f 13963 13975 13974
f 13963 13976 13975
f 13963 13972 13961
f 13963 13964 13970
f 13963 13970 13976
f 13924 13977 13922
f 13922 13977 13978
f 13977 13979 13978
f 13978 13979 13980
f 13979 13958 13980
f 13980 13958 13959
f 13981 13959 13960
f 13982 13959 13981
f 13983 13959 13982
f 13980 13983 13984
f 13980 13984 13985
f 13980 13985 13986
f 13980 13986 13987
f 13980 13959 13983
f 13922 13988 13989
f 13922 13989 13990
f 13922 13990 13923
f 13978 13987 13991
f 13978 13991 13992
f 13978 13992 13988
f 13978 13980 13987
f 13978 13988 13922
f 13958 13951 13954
f 13958 13949 13951
f 13958 13948 13949
f 13948 13979 13945
f 13945 13979 13943
f 13943 13979 13942
f 13958 13979 13948
f 13933 13924 13931
f 13931 13924 13929
f 13929 13924 13921
f 13942 13977 13939
f 13939 13977 13937
f 13937 13977 13935
f 13935 13977 13933
f 13979 13977 13942
f 13933 13977 13924
f 13962 13971 13960
f 13960 13971 13981
f 13981 13972 13982
f 13971 13972 13981
f 13982 13973 13983
f 13972 13973 13982
f 13983 13974 13984
f 13973 13974 13983
f 13984 13975 13985
f 13974 13975 13984
f 13985 13976 13986
f 13975 13976 13985
f 13986 13970 13987
f 13976 13970 13986
f 13987 13969 13991
f 13970 13969 13987
f 13991 13968 13992
f 13969 13968 13991
f 13992 13967 13988
f 13968 13967 13992
f 13988 13966 13989
f 13967 13966 13988
f 13989 13965 13990
f 13966 13965 13989
f 13990 13928 13923
f 13965 13928 13990

g Solid_222
usemtl Solid_222
f 13993 13994 13995
f 13993 13996 13994
f 13997 13998 13999
f 14000 13998 13997
f 13995 14000 13997
f 13995 13997 13993
f 14001 13997 14002
f 14001 13993 13997
f 14003 14002 14004
f 14003 14001 14002
f 14005 14004 14006
f 14005 14003 14004
f 14007 14006 14008
f 14007 14005 14006
f 14009 14008 14010
f 14009 14007 14008
f 14011 14012 14013
f 14011 14010 14012
f 14011 14009 14010
f 14014 14011 14013
f 14015 14013 14016
f 14015 14014 14013
f 14017 14018 14019
f 14017 14016 14018
f 14017 14015 14016
f 14020 14017 14019
f 14021 14019 14022
f 14021 14020 14019
f 14023 14024 14025
f 14023 14022 14024
f 14023 14021 14022
f 14026 14023 14025
f 13999 14002 13997
f 13999 14004 14002
f 14004 14027 14006
f 13999 14027 14004
f 14027 14008 14006
f 14027 14010 14008
f 14027 14012 14010
f 14024 14028 14025
f 14022 14028 14024
f 14019 14029 14022
f 14018 14029 14019
f 14016 14029 14018
f 14013 14029 14016
f 14022 14029 14028
f 14027 14029 14012
f 14012 14029 14013
f 14030 14026 14031
f 14031 14026 14032
f 14033 14025 14028
f 14033 14034 14025
f 14034 14032 14025
f 14025 14032 14026
f 14035 14033 14029
f 14029 14033 14028
f 14036 14035 14027
f 14027 14035 14029
f 13998 14036 13999
f 13999 14036 14027
f 14037 13998 14000
f 14038 13998 14037
f 14036 14038 14039
f 14036 13998 14038
f 14040 14036 14039
f 14041 14036 14040
f 14042 14036 14041
f 14033 14043 14034
f 14033 14044 14043
f 14035 14045 14044
f 14035 14046 14045
f 14035 14047 14046
f 14035 14048 14047
f 14035 14044 14033
f 14035 14036 14042
f 14035 14042 14048
f 13996 14049 13994
f 13994 14049 14050
f 14049 14051 14050
f 14050 14051 14052
f 14051 14030 14052
f 14052 14030 14031
f 14053 14031 14032
f 14054 14031 14053
f 14055 14031 14054
f 14052 14055 14056
f 14052 14056 14057
f 14052 14057 14058
f 14052 14031 14055
f 13994 14059 14060
f 13994 14060 14061
f 13994 14061 13995
f 14050 14058 14062
f 14050 14062 14063
f 14050 14063 14064
f 14050 14064 14059
f 14050 14052 14058
f 14050 14059 13994
f 14030 14023 14026
f 14030 14021 14023
f 14030 14020 14021
f 14020 14051 14017
f 14017 14051 14015
f 14015 14051 14014
f 14030 14051 14020
f 14005 13996 14003
f 14003 13996 14001
f 14001 13996 13993
f 14014 14049 14011
f 14011 14049 14009
f 14009 14049 14007
f 14007 14049 14005
f 14051 14049 14014
f 14005 14049 13996
f 14034 14043 14032
f 14032 14043 14053
f 14053 14044 14054
f 14043 14044 14053
f 14054 14045 14055
f 14044 14045 14054
f 14055 14046 14056
f 14045 14046 14055
f 14056 14047 14057
f 14046 14047 14056
f 14057 14048 14058
f 14047 14048 14057
f 14058 14042 14062
f 14048 14042 14058
f 14062 14041 14063
f 14042 14041 14062
f 14063 14040 14064
f 14041 14040 14063
f 14064 14039 14059
f 14040 14039 14064
f 14059 14038 14060
f 14039 14038 14059
f 14060 14037 14061
f 14038 14037 14060
f 14061 14000 13995
f 14037 14000 14061

g Solid_223
usemtl Solid_223
f 14065 14066 14067
f 14065 14068 14066
f 14069 14070 14071
f 14072 14070 14069
f 14067 14072 14069
f 14067 14069 14065
f 14073 14069 14074
f 14073 14065 14069
f 14075 14074 14076
f 14075 14073 14074
f 14077 14076 14078
f 14077 14075 14076
f 14079 14078 14080
f 14079 14077 14078
f 14081 14080 14082
f 14081 14079 14080
f 14083 14084 14085
f 14083 14082 14084
f 14083 14081 14082
f 14086 14083 14085
f 14087 14085 14088
f 14087 14086 14085
f 14089 14090 14091
f 14089 14088 14090
f 14089 14087 14088
f 14092 14089 14091
f 14093 14091 14094
f 14093 14092 14091
f 14095 14096 14097
f 14095 14094 14096
f 14095 14093 14094
f 14098 14095 14097
f 14071 14074 14069
f 14071 14076 14074
f 14076 14099 14078
f 14071 14099 14076
f 14099 14080 14078
f 14099 14082 14080
f 14099 14084 14082
f 14096 14100 14097
f 14094 14100 14096
f 14091 14101 14094
f 14090 14101 14091
f 14088 14101 14090
f 14085 14101 14088
f 14094 14101 14100
f 14099 14101 14084
f 14084 14101 14085
f 14102 14098 14103
f 14103 14098 14104
f 14105 14097 14100
f 14105 14106 14097
f 14106 14104 14097
f 14097 14104 14098
f 14107 14105 14101
f 14101 14105 14100
f 14108 14107 14099
f 14099 14107 14101
f 14070 14108 14071
f 14071 14108 14099
f 14109 14070 14072
f 14110 14070 14109
f 14108 14110 14111
f 14108 14070 14110
f 14112 14108 14111
f 14113 14108 14112
f 14114 14108 14113
f 14105 14115 14106
f 14105 14116 14115
f 14107 14117 14116
f 14107 14118 14117
f 14107 14119 14118
f 14107 14120 14119
f 14107 14116 14105
f 14107 14108 14114
f 14107 14114 14120
f 14068 14121 14066
f 14066 14121 14122
f 14121 14123 14122
f 14122 14123 14124
f 14123 14102 14124
f 14124 14102 14103
f 14125 14103 14104
f 14126 14103 14125
f 14127 14103 14126
f 14124 14127 14128
f 14124 14128 14129
f 14124 14129 14130
f 14124 14130 14131
f 14124 14103 14127
f 14066 14132 14133
f 14066 14133 14134
f 14066 14134 14067
f 14122 14131 14135
f 14122 14135 14136
f 14122 14136 14132
f 14122 14124 14131
f 14122 14132 14066
f 14102 14095 14098
f 14102 14093 14095
f 14102 14092 14093
f 14092 14123 14089
f 14089 14123 14087
f 14087 14123 14086
f 14102 14123 14092
f 14077 14068 14075
f 14075 14068 14073
f 14073 14068 14065
f 14086 14121 14083
f 14083 14121 14081
f 14081 14121 14079
f 14079 14121 14077
f 14123 14121 14086
f 14077 14121 14068
f 14106 14115 14104
f 14104 14115 14125
f 14125 14116 14126
f 14115 14116 14125
f 14126 14117 14127
f 14116 14117 14126
f 14127 14118 14128
f 14117 14118 14127
f 14128 14119 14129
f 14118 14119 14128
f 14129 14120 14130
f 14119 14120 14129
f 14130 14114 14131
f 14120 14114 14130
f 14131 14113 14135
f 14114 14113 14131
f 14135 14112 14136
f 14113 14112 14135
f 14136 14111 14132
f 14112 14111 14136
f 14132 14110 14133
f 14111 14110 14132
f 14133 14109 14134
f 14110 14109 14133
f 14134 14072 14067
f 14109 14072 14134

g Solid_224
usemtl Solid_224
f 14137 14138 14139
f 14137 14140 14138
f 14141 14142 14143
f 14144 14142 14141
f 14139 14144 14141
f 14139 14141 14137
f 14145 14141 14146
f 14145 14137 14141
f 14147 14146 14148
f 14147 14145 14146
f 14149 14148 14150
f 14149 14147 14148
f 14151 14150 14152
f 14151 14149 14150
f 14153 14152 14154
f 14153 14151 14152
f 14155 14156 14157
f 14155 14154 14156
f 14155 14153 14154
f 14158 14155 14157
f 14159 14157 14160
f 14159 14158 14157
f 14161 14162 14163
f 14161 14160 14162
f 14161 14159 14160
f 14164 14161 14163
f 14165 14163 14166
f 14165 14164 14163
f 14167 14168 14169
f 14167 14166 14168
f 14167 14165 14166
f 14170 14167 14169
f 14143 14146 14141
f 14143 14148 14146
f 14148 14171 14150
f 14143 14171 14148
f 14171 14152 14150
f 14171 14154 14152
f 14171 14156 14154
f 14168 14172 14169
f 14166 14172 14168
f 14163 14173 14166
f 14162 14173 14163
f 14160 14173 14162
f 14157 14173 14160
f 14166 14173 14172
f 14171 14173 14156
f 14156 14173 14157
f 14174 14170 14175
f 14175 14170 14176
f 14177 14169 14172
f 14177 14178 14169
f 14178 14176 14169
f 14169 14176 14170
f 14179 14177 14173
f 14173 14177 14172
f 14180 14179 14171
f 14171 14179 14173
f 14142 14180 14143
f 14143 14180 14171
f 14181 14142 14144
f 14182 14142 14181
f 14180 14182 14183
f 14180 14142 14182
f 14184 14180 14183
f 14185 14180 14184
f 14186 14180 14185
f 14177 14187 14178
f 14177 14188 14187
f 14179 14189 14188
f 14179 14190 14189
f 14179 14191 14190
f 14179 14192 14191
f 14179 14188 14177
f 14179 14180 14186
f 14179 14186 14192
f 14140 14193 14138
f 14138 14193 14194
f 14193 14195 14194
f 14194 14195 14196
f 14195 14174 14196
f 14196 14174 14175
f 14197 14175 14176
f 14198 14175 14197
f 14199 14175 14198
f 14196 14199 14200
f 14196 14200 14201
f 14196 14201 14202
f 14196 14175 14199
f 14138 14203 14204
f 14138 14204 14205
f 14138 14205 14139
f 14194 14202 14206
f 14194 14206 14207
f 14194 14207 14208
f 14194 14208 14203
f 14194 14196 14202
f 14194 14203 14138
f 14174 14167 14170
f 14174 14165 14167
f 14174 14164 14165
f 14164 14195 14161
f 14161 14195 14159
f 14159 14195 14158
f 14174 14195 14164
f 14149 14140 14147
f 14147 14140 14145
f 14145 14140 14137
f 14158 14193 14155
f 14155 14193 14153
f 14153 14193 14151
f 14151 14193 14149
f 14195 14193 14158
f 14149 14193 14140
f 14178 14187 14176
f 14176 14187 14197
f 14197 14188 14198
f 14187 14188 14197
f 14198 14189 14199
f 14188 14189 14198
f 14199 14190 14200
f 14189 14190 14199
f 14200 14191 14201
f 14190 14191 14200
f 14201 14192 14202
f 14191 14192 14201
f 14202 14186 14206
f 14192 14186 14202
f 14206 14185 14207
f 14186 14185 14206
f 14207 14184 14208
f 14185 14184 14207
f 14208 14183 14203
f 14184 14183 14208
f 14203 14182 14204
f 14183 14182 14203
f 14204 14181 14205
f 14182 14181 14204
f 14205 14144 14139
f 14181 14144 14205

g Solid_225
usemtl Solid_225
f 14209 14210 14211
f 14209 14212 14210
f 14213 14214 14215
f 14216 14214 14213
f 14211 14216 14213
f 14211 14213 14209
f 14217 14213 14218
f 14217 14209 14213
f 14219 14218 14220
f 14219 14217 14218
f 14221 14220 14222
f 14221 14219 14220
f 14223 14222 14224
f 14223 14221 14222
f 14225 14224 14226
f 14225 14223 14224
f 14227 14228 14229
f 14227 14226 14228
f 14227 14225 14226
f 14230 14227 14229
f 14231 14229 14232
f 14231 14230 14229
f 14233 14234 14235
f 14233 14232 14234
f 14233 14231 14232
f 14236 14233 14235
f 14237 14235 14238
f 14237 14236 14235
f 14239 14240 14241
f 14239 14238 14240
f 14239 14237 14238
f 14242 14239 14241
f 14215 14218 14213
f 14215 14220 14218
f 14220 14243 14222
f 14215 14243 14220
f 14243 14224 14222
f 14243 14226 14224
f 14243 14228 14226
f 14240 14244 14241
f 14238 14244 14240
f 14235 14245 14238
f 14234 14245 14235
f 14232 14245 14234
f 14229 14245 14232
f 14238 14245 14244
f 14243 14245 14228
f 14228 14245 14229
f 14246 14242 14247
f 14247 14242 14248
f 14249 14241 14244
f 14249 14250 14241
f 14250 14248 14241
f 14241 14248 14242
f 14251 14249 14245
f 14245 14249 14244
f 14252 14251 14243
f 14243 14251 14245
f 14214 14252 14215
f 14215 14252 14243
f 14253 14214 14216
f 14254 14214 14253
f 14252 14254 14255
f 14252 14214 14254
f 14256 14252 14255
f 14257 14252 14256
f 14258 14252 14257
f 14249 14259 14250
f 14249 14260 14259
f 14251 14261 14260
f 14251 14262 14261
f 14251 14263 14262
f 14251 14264 14263
f 14251 14260 14249
f 14251 14252 14258
f 14251 14258 14264
f 14212 14265 14210
f 14210 14265 14266
f 14265 14267 14266
f 14266 14267 14268
f 14267 14246 14268
f 14268 14246 14247
f 14269 14247 14248
f 14270 14247 14269
f 14271 14247 14270
f 14268 14271 14272
f 14268 14272 14273
f 14268 14273 14274
f 14268 14247 14271
f 14210 14275 14276
f 14210 14276 14277
f 14210 14277 14211
f 14266 14274 14278
f 14266 14278 14279
f 14266 14279 14280
f 14266 14280 14275
f 14266 14268 14274
f 14266 14275 14210
f 14246 14239 14242
f 14246 14237 14239
f 14246 14236 14237
f 14236 14267 14233
f 14233 14267 14231
f 14231 14267 14230
f 14246 14267 14236
f 14221 14212 14219
f 14219 14212 14217
f 14217 14212 14209
f 14230 14265 14227
f 14227 14265 14225
f 14225 14265 14223
f 14223 14265 14221
f 14267 14265 14230
f 14221 14265 14212
f 14250 14259 14248
f 14248 14259 14269
f 14269 14260 14270
f 14259 14260 14269
f 14270 14261 14271
f 14260 14261 14270
f 14271 14262 14272
f 14261 14262 14271
f 14272 14263 14273
f 14262 14263 14272
f 14273 14264 14274
f 14263 14264 14273
f 14274 14258 14278
f 14264 14258 14274
f 14278 14257 14279
f 14258 14257 14278
f 14279 14256 14280
f 14257 14256 14279
f 14280 14255 14275
f 14256 14255 14280
f 14275 14254 14276
f 14255 14254 14275
f 14276 14253 14277
f 14254 14253 14276
f 14277 14216 14211
f 14253 14216 14277

g Solid_226
usemtl Solid_226
f 14281 14282 14283
f 14281 14284 14282
f 14285 14286 14287
f 14288 14286 14285
f 14283 14288 14285
f 14283 14285 14281
f 14289 14285 14290
f 14289 14281 14285
f 14291 14290 14292
f 14291 14289 14290
f 14293 14292 14294
f 14293 14291 14292
f 14295 14294 14296
f 14295 14293 14294
f 14297 14296 14298
f 14297 14295 14296
f 14299 14300 14301
f 14299 14298 14300
f 14299 14297 14298
f 14302 14299 14301
f 14303 14301 14304
f 14303 14302 14301
f 14305 14306 14307
f 14305 14304 14306
f 14305 14303 14304
f 14308 14305 14307
f 14309 14307 14310
f 14309 14308 14307
f 14311 14312 14313
f 14311 14310 14312
f 14311 14309 14310
f 14314 14311 14313
f 14287 14290 14285
f 14287 14292 14290
f 14292 14315 14294
f 14287 14315 14292
f 14315 14296 14294
f 14315 14298 14296
f 14315 14300 14298
f 14312 14316 14313
f 14310 14316 14312
f 14307 14317 14310
f 14306 14317 14307
f 14304 14317 14306
f 14301 14317 14304
f 14310 14317 14316
f 14315 14317 14300
f 14300 14317 14301
f 14318 14314 14319
f 14319 14314 14320
f 14321 14313 14316
f 14321 14322 14313
f 14322 14320 14313
f 14313 14320 14314
f 14323 14321 14317
f 14317 14321 14316
f 14324 14323 14315
f 14315 14323 14317
f 14286 14324 14287
f 14287 14324 14315
f 14325 14286 14288
f 14326 14286 14325
f 14324 14326 14327
f 14324 14286 14326
f 14328 14324 14327
f 14329 14324 14328
f 14330 14324 14329
f 14321 14331 14322
f 14321 14332 14331
f 14323 14333 14332
f 14323 14334 14333
f 14323 14335 14334
f 14323 14336 14335
f 14323 14332 14321
f 14323 14324 14330
f 14323 14330 14336
f 14284 14337 14282
f 14282 14337 14338
f 14337 14339 14338
f 14338 14339 14340
f 14339 14318 14340
f 14340 14318 14319
f 14341 14319 14320
f 14342 14319 14341
f 14343 14319 14342
f 14340 14343 14344
f 14340 14344 14345
f 14340 14345 14346
f 14340 14319 14343
f 14282 14347 14348
f 14282 14348 14349
f 14282 14349 14283
f 14338 14346 14350
f 14338 14350 14351
f 14338 14351 14352
f 14338 14352 14347
f 14338 14340 14346
f 14338 14347 14282
f 14318 14311 14314
f 14318 14309 14311
f 14318 14308 14309
f 14308 14339 14305
f 14305 14339 14303
f 14303 14339 14302
f 14318 14339 14308
f 14293 14284 14291
f 14291 14284 14289
f 14289 14284 14281
f 14302 14337 14299
f 14299 14337 14297
f 14297 14337 14295
f 14295 14337 14293
f 14339 14337 14302
f 14293 14337 14284
f 14322 14331 14320
f 14320 14331 14341
f 14341 14332 14342
f 14331 14332 14341
f 14342 14333 14343
f 14332 14333 14342
f 14343 14334 14344
f 14333 14334 14343
f 14344 14335 14345
f 14334 14335 14344
f 14345 14336 14346
f 14335 14336 14345
f 14346 14330 14350
f 14336 14330 14346
f 14350 14329 14351
f 14330 14329 14350
f 14351 14328 14352
f 14329 14328 14351
f 14352 14327 14347
f 14328 14327 14352
f 14347 14326 14348
f 14327 14326 14347
f 14348 14325 14349
f 14326 14325 14348
f 14349 14288 14283
f 14325 14288 14349

g Solid_227
usemtl Solid_227
f 14353 14354 14355
f 14353 14356 14354
f 14357 14358 14359
f 14360 14358 14357
f 14355 14360 14357
f 14355 14357 14353
f 14361 14357 14362
f 14361 14353 14357
f 14363 14362 14364
f 14363 14361 14362
f 14365 14364 14366
f 14365 14363 14364
f 14367 14366 14368
f 14367 14365 14366
f 14369 14368 14370
f 14369 14367 14368
f 14371 14372 14373
f 14371 14370 14372
f 14371 14369 14370
f 14374 14371 14373
f 14375 14373 14376
f 14375 14374 14373
f 14377 14378 14379
f 14377 14376 14378
f 14377 14375 14376
f 14380 14377 14379
f 14381 14379 14382
f 14381 14380 14379
f 14383 14384 14385
f 14383 14382 14384
f 14383 14381 14382
f 14386 14383 14385
f 14359 14362 14357
f 14359 14364 14362
f 14364 14387 14366
f 14359 14387 14364
f 14387 14368 14366
f 14387 14370 14368
f 14387 14372 14370
f 14384 14388 14385
f 14382 14388 14384
f 14379 14389 14382
f 14378 14389 14379
f 14376 14389 14378
f 14373 14389 14376
f 14382 14389 14388
f 14387 14389 14372
f 14372 14389 14373
f 14390 14386 14391
f 14391 14386 14392
f 14393 14385 14388
f 14393 14394 14385
f 14394 14392 14385
f 14385 14392 14386
f 14395 14393 14389
f 14389 14393 14388
f 14396 14395 14387
f 14387 14395 14389
f 14358 14396 14359
f 14359 14396 14387
f 14397 14358 14360
f 14398 14358 14397
f 14396 14398 14399
f 14396 14358 14398
f 14400 14396 14399
f 14401 14396 14400
f 14402 14396 14401
f 14393 14403 14394
f 14393 14404 14403
f 14395 14405 14404
f 14395 14406 14405
f 14395 14407 14406
f 14395 14408 14407
f 14395 14404 14393
f 14395 14396 14402
f 14395 14402 14408
f 14356 14409 14354
f 14354 14409 14410
f 14409 14411 14410
f 14410 14411 14412
f 14411 14390 14412
f 14412 14390 14391
f 14413 14391 14392
f 14414 14391 14413
f 14415 14391 14414
f 14412 14415 14416
f 14412 14416 14417
f 14412 14417 14418
f 14412 14391 14415
f 14354 14419 14420
f 14354 14420 14421
f 14354 14421 14355
f 14410 14418 14422
f 14410 14422 14423
f 14410 14423 14424
f 14410 14424 14419
f 14410 14412 14418
f 14410 14419 14354
f 14390 14383 14386
f 14390 14381 14383
f 14390 14380 14381
f 14380 14411 14377
f 14377 14411 14375
f 14375 14411 14374
f 14390 14411 14380
f 14365 14356 14363
f 14363 14356 14361
f 14361 14356 14353
f 14374 14409 14371
f 14371 14409 14369
f 14369 14409 14367
f 14367 14409 14365
f 14411 14409 14374
f 14365 14409 14356
f 14394 14403 14392
f 14392 14403 14413
f 14413 14404 14414
f 14403 14404 14413
f 14414 14405 14415
f 14404 14405 14414
f 14415 14406 14416
f 14405 14406 14415
f 14416 14407 14417
f 14406 14407 14416
f 14417 14408 14418
f 14407 14408 14417
f 14418 14402 14422
f 14408 14402 14418
f 14422 14401 14423
f 14402 14401 14422
f 14423 14400 14424
f 14401 14400 14423
f 14424 14399 14419
f 14400 14399 14424
f 14419 14398 14420
f 14399 14398 14419
f 14420 14397 14421
f 14398 14397 14420
f 14421 14360 14355
f 14397 14360 14421

g Solid_228
usemtl Solid_228
f 14425 14426 14427
f 14425 14428 14426
f 14429 14430 14431
f 14432 14430 14429
f 14427 14432 14429
f 14427 14429 14425
f 14433 14429 14434
f 14433 14425 14429
f 14435 14434 14436
f 14435 14433 14434
f 14437 14436 14438
f 14437 14435 14436
f 14439 14438 14440
f 14439 14437 14438
f 14441 14440 14442
f 14441 14439 14440
f 14443 14444 14445
f 14443 14442 14444
f 14443 14441 14442
f 14446 14443 14445
f 14447 14445 14448
f 14447 14446 14445
f 14449 14450 14451
f 14449 14448 14450
f 14449 14447 14448
f 14452 14449 14451
f 14453 14451 14454
f 14453 14452 14451
f 14455 14456 14457
f 14455 14454 14456
f 14455 14453 14454
f 14458 14455 14457
f 14431 14434 14429
f 14431 14436 14434
f 14436 14459 14438
f 14431 14459 14436
f 14459 14440 14438
f 14459 14442 14440
f 14459 14444 14442
f 14456 14460 14457
f 14454 14460 14456
f 14451 14461 14454
f 14450 14461 14451
f 14448 14461 14450
f 14445 14461 14448
f 14454 14461 14460
f 14459 14461 14444
f 14444 14461 14445
f 14462 14458 14463
f 14463 14458 14464
f 14465 14457 14460
f 14465 14466 14457
f 14466 14464 14457
f 14457 14464 14458
f 14467 14465 14461
f 14461 14465 14460
f 14468 14467 14459
f 14459 14467 14461
f 14430 14468 14431
f 14431 14468 14459
f 14469 14430 14432
f 14470 14430 14469
f 14468 14470 14471
f 14468 14430 14470
f 14472 14468 14471
f 14473 14468 14472
f 14474 14468 14473
f 14465 14475 14466
f 14465 14476 14475
f 14467 14477 14476
f 14467 14478 14477
f 14467 14479 14478
f 14467 14480 14479
f 14467 14476 14465
f 14467 14468 14474
f 14467 14474 14480
f 14428 14481 14426
f 14426 14481 14482
f 14481 14483 14482
f 14482 14483 14484
f 14483 14462 14484
f 14484 14462 14463
f 14485 14463 14464
f 14486 14463 14485
f 14487 14463 14486
f 14484 14487 14488
f 14484 14488 14489
f 14484 14489 14490
f 14484 14463 14487
f 14426 14491 14492
f 14426 14492 14493
f 14426 14493 14427
f 14482 14490 14494
f 14482 14494 14495
f 14482 14495 14496
f 14482 14496 14491
f 14482 14484 14490
f 14482 14491 14426
f 14462 14455 14458
f 14462 14453 14455
f 14462 14452 14453
f 14452 14483 14449
f 14449 14483 14447
f 14447 14483 14446
f 14462 14483 14452
f 14437 14428 14435
f 14435 14428 14433
f 14433 14428 14425
f 14446 14481 14443
f 14443 14481 14441
f 14441 14481 14439
f 14439 14481 14437
f 14483 14481 14446
f 14437 14481 14428
f 14466 14475 14464
f 14464 14475 14485
f 14485 14476 14486
f 14475 14476 14485
f 14486 14477 14487
f 14476 14477 14486
f 14487 14478 14488
f 14477 14478 14487
f 14488 14479 14489
f 14478 14479 14488
f 14489 14480 14490
f 14479 14480 14489
f 14490 14474 14494
f 14480 14474 14490
f 14494 14473 14495
f 14474 14473 14494
f 14495 14472 14496
f 14473 14472 14495
f 14496 14471 14491
f 14472 14471 14496
f 14491 14470 14492
f 14471 14470 14491
f 14492 14469 14493
f 14470 14469 14492
f 14493 14432 14427
f 14469 14432 14493

g Solid_229
usemtl Solid_229
f 14497 14498 14499
f 14497 14500 14498
f 14501 14502 14503
f 14504 14502 14501
f 14499 14504 14501
f 14499 14501 14497
f 14505 14501 14506
f 14505 14497 14501
f 14507 14506 14508
f 14507 14505 14506
f 14509 14508 14510
f 14509 14507 14508
f 14511 14510 14512
f 14511 14509 14510
f 14513 14512 14514
f 14513 14511 14512
f 14515 14516 14517
f 14515 14514 14516
f 14515 14513 14514
f 14518 14515 14517
f 14519 14517 14520
f 14519 14518 14517
f 14521 14522 14523
f 14521 14520 14522
f 14521 14519 14520
f 14524 14521 14523
f 14525 14523 14526
f 14525 14524 14523
f 14527 14528 14529
f 14527 14526 14528
f 14527 14525 14526
f 14530 14527 14529
f 14503 14506 14501
f 14503 14508 14506
f 14508 14531 14510
f 14503 14531 14508
f 14531 14512 14510
f 14531 14514 14512
f 14531 14516 14514
f 14528 14532 14529
f 14526 14532 14528
f 14523 14533 14526
f 14522 14533 14523
f 14520 14533 14522
f 14517 14533 14520
f 14526 14533 14532
f 14531 14533 14516
f 14516 14533 14517
f 14534 14530 14535
f 14535 14530 14536
f 14537 14529 14532
f 14537 14538 14529
f 14538 14536 14529
f 14529 14536 14530
f 14539 14537 14533
f 14533 14537 14532
f 14540 14539 14531
f 14531 14539 14533
f 14502 14540 14503
f 14503 14540 14531
f 14541 14502 14504
f 14542 14502 14541
f 14540 14542 14543
f 14540 14502 14542
f 14544 14540 14543
f 14545 14540 14544
f 14546 14540 14545
f 14537 14547 14538
f 14537 14548 14547
f 14539 14549 14548
f 14539 14550 14549
f 14539 14551 14550
f 14539 14552 14551
f 14539 14548 14537
f 14539 14540 14546
f 14539 14546 14552
f 14500 14553 14498
f 14498 14553 14554
f 14553 14555 14554
f 14554 14555 14556
f 14555 14534 14556
f 14556 14534 14535
f 14557 14535 14536
f 14558 14535 14557
f 14559 14535 14558
f 14556 14559 14560
f 14556 14560 14561
f 14556 14561 14562
f 14556 14535 14559
f 14498 14563 14564
f 14498 14564 14565
f 14498 14565 14499
f 14554 14562 14566
f 14554 14566 14567
f 14554 14567 14568
f 14554 14568 14563
f 14554 14556 14562
f 14554 14563 14498
f 14534 14527 14530
f 14534 14525 14527
f 14534 14524 14525
f 14524 14555 14521
f 14521 14555 14519
f 14519 14555 14518
f 14534 14555 14524
f 14509 14500 14507
f 14507 14500 14505
f 14505 14500 14497
f 14518 14553 14515
f 14515 14553 14513
f 14513 14553 14511
f 14511 14553 14509
f 14555 14553 14518
f 14509 14553 14500
f 14538 14547 14536
f 14536 14547 14557
f 14557 14548 14558
f 14547 14548 14557
f 14558 14549 14559
f 14548 14549 14558
f 14559 14550 14560
f 14549 14550 14559
f 14560 14551 14561
f 14550 14551 14560
f 14561 14552 14562
f 14551 14552 14561
f 14562 14546 14566
f 14552 14546 14562
f 14566 14545 14567
f 14546 14545 14566
f 14567 14544 14568
f 14545 14544 14567
f 14568 14543 14563
f 14544 14543 14568
f 14563 14542 14564
f 14543 14542 14563
f 14564 14541 14565
f 14542 14541 14564
f 14565 14504 14499
f 14541 14504 14565

g Solid_230
usemtl Solid_230
f 14569 14570 14571
f 14569 14572 14570
f 14573 14574 14575
f 14576 14574 14573
f 14571 14576 14573
f 14571 14573 14569
f 14577 14573 14578
f 14577 14569 14573
f 14579 14578 14580
f 14579 14577 14578
f 14581 14580 14582
f 14581 14579 14580
f 14583 14582 14584
f 14583 14581 14582
f 14585 14584 14586
f 14585 14583 14584
f 14587 14588 14589
f 14587 14586 14588
f 14587 14585 14586
f 14590 14587 14589
f 14591 14589 14592
f 14591 14590 14589
f 14593 14594 14595
f 14593 14592 14594
f 14593 14591 14592
f 14596 14593 14595
f 14597 14595 14598
f 14597 14596 14595
f 14599 14600 14601
f 14599 14598 14600
f 14599 14597 14598
f 14602 14599 14601
f 14575 14578 14573
f 14575 14580 14578
f 14580 14603 14582
f 14575 14603 14580
f 14603 14584 14582
f 14603 14586 14584
f 14603 14588 14586
f 14600 14604 14601
f 14598 14604 14600
f 14595 14605 14598
f 14594 14605 14595
f 14592 14605 14594
f 14589 14605 14592
f 14598 14605 14604
f 14603 14605 14588
f 14588 14605 14589
f 14606 14602 14607
f 14607 14602 14608
f 14609 14601 14604
f 14609 14610 14601
f 14610 14608 14601
f 14601 14608 14602
f 14611 14609 14605
f 14605 14609 14604
f 14612 14611 14603
f 14603 14611 14605
f 14574 14612 14575
f 14575 14612 14603
f 14613 14574 14576
f 14614 14574 14613
f 14612 14614 14615
f 14612 14574 14614
f 14616 14612 14615
f 14617 14612 14616
f 14618 14612 14617
f 14609 14619 14610
f 14609 14620 14619
f 14611 14621 14620
f 14611 14622 14621
f 14611 14623 14622
f 14611 14624 14623
f 14611 14620 14609
f 14611 14612 14618
f 14611 14618 14624
f 14572 14625 14570
f 14570 14625 14626
f 14625 14627 14626
f 14626 14627 14628
f 14627 14606 14628
f 14628 14606 14607
f 14629 14607 14608
f 14630 14607 14629
f 14631 14607 14630
f 14628 14631 14632
f 14628 14632 14633
f 14628 14633 14634
f 14628 14607 14631
f 14570 14635 14636
f 14570 14636 14637
f 14570 14637 14571
f 14626 14634 14638
f 14626 14638 14639
f 14626 14639 14640
f 14626 14640 14635
f 14626 14628 14634
f 14626 14635 14570
f 14606 14599 14602
f 14606 14597 14599
f 14606 14596 14597
f 14596 14627 14593
f 14593 14627 14591
f 14591 14627 14590
f 14606 14627 14596
f 14581 14572 14579
f 14579 14572 14577
f 14577 14572 14569
f 14590 14625 14587
f 14587 14625 14585
f 14585 14625 14583
f 14583 14625 14581
f 14627 14625 14590
f 14581 14625 14572
f 14610 14619 14608
f 14608 14619 14629
f 14629 14620 14630
f 14619 14620 14629
f 14630 14621 14631
f 14620 14621 14630
f 14631 14622 14632
f 14621 14622 14631
f 14632 14623 14633
f 14622 14623 14632
f 14633 14624 14634
f 14623 14624 14633
f 14634 14618 14638
f 14624 14618 14634
f 14638 14617 14639
f 14618 14617 14638
f 14639 14616 14640
f 14617 14616 14639
f 14640 14615 14635
f 14616 14615 14640
f 14635 14614 14636
f 14615 14614 14635
f 14636 14613 14637
f 14614 14613 14636
f 14637 14576 14571
f 14613 14576 14637

g Solid_231
usemtl Solid_231
f 14641 14642 14643
f 14641 14644 14642
f 14645 14646 14647
f 14648 14646 14645
f 14643 14648 14645
f 14643 14645 14641
f 14649 14645 14650
f 14649 14641 14645
f 14651 14650 14652
f 14651 14649 14650
f 14653 14652 14654
f 14653 14651 14652
f 14655 14654 14656
f 14655 14653 14654
f 14657 14656 14658
f 14657 14655 14656
f 14659 14660 14661
f 14659 14658 14660
f 14659 14657 14658
f 14662 14659 14661
f 14663 14661 14664
f 14663 14662 14661
f 14665 14666 14667
f 14665 14664 14666
f 14665 14663 14664
f 14668 14665 14667
f 14669 14667 14670
f 14669 14668 14667
f 14671 14672 14673
f 14671 14670 14672
f 14671 14669 14670
f 14674 14671 14673
f 14647 14650 14645
f 14647 14652 14650
f 14652 14675 14654
f 14647 14675 14652
f 14675 14656 14654
f 14675 14658 14656
f 14675 14660 14658
f 14672 14676 14673
f 14670 14676 14672
f 14667 14677 14670
f 14666 14677 14667
f 14664 14677 14666
f 14661 14677 14664
f 14670 14677 14676
f 14675 14677 14660
f 14660 14677 14661
f 14678 14674 14679
f 14679 14674 14680
f 14681 14673 14676
f 14681 14682 14673
f 14682 14680 14673
f 14673 14680 14674
f 14683 14681 14677
f 14677 14681 14676
f 14684 14683 14675
f 14675 14683 14677
f 14646 14684 14647
f 14647 14684 14675
f 14685 14646 14648
f 14686 14646 14685
f 14684 14686 14687
f 14684 14646 14686
f 14688 14684 14687
f 14689 14684 14688
f 14690 14684 14689
f 14681 14691 14682
f 14681 14692 14691
f 14683 14693 14692
f 14683 14694 14693
f 14683 14695 14694
f 14683 14696 14695
f 14683 14692 14681
f 14683 14684 14690
f 14683 14690 14696
f 14644 14697 14642
f 14642 14697 14698
f 14697 14699 14698
f 14698 14699 14700
f 14699 14678 14700
f 14700 14678 14679
f 14701 14679 14680
f 14702 14679 14701
f 14703 14679 14702
f 14700 14703 14704
f 14700 14704 14705
f 14700 14705 14706
f 14700 14679 14703
f 14642 14707 14708
f 14642 14708 14709
f 14642 14709 14643
f 14698 14706 14710
f 14698 14710 14711
f 14698 14711 14712
f 14698 14712 14707
f 14698 14700 14706
f 14698 14707 14642
f 14678 14671 14674
f 14678 14669 14671
f 14678 14668 14669
f 14668 14699 14665
f 14665 14699 14663
f 14663 14699 14662
f 14678 14699 14668
f 14653 14644 14651
f 14651 14644 14649
f 14649 14644 14641
f 14662 14697 14659
f 14659 14697 14657
f 14657 14697 14655
f 14655 14697 14653
f 14699 14697 14662
f 14653 14697 14644
f 14682 14691 14680
f 14680 14691 14701
f 14701 14692 14702
f 14691 14692 14701
f 14702 14693 14703
f 14692 14693 14702
f 14703 14694 14704
f 14693 14694 14703
f 14704 14695 14705
f 14694 14695 14704
f 14705 14696 14706
f 14695 14696 14705
f 14706 14690 14710
f 14696 14690 14706
f 14710 14689 14711
f 14690 14689 14710
f 14711 14688 14712
f 14689 14688 14711
f 14712 14687 14707
f 14688 14687 14712
f 14707 14686 14708
f 14687 14686 14707
f 14708 14685 14709
f 14686 14685 14708
f 14709 14648 14643
f 14685 14648 14709

g Solid_232
usemtl Solid_232
f 14713 14714 14715
f 14713 14716 14714
f 14717 14718 14719
f 14720 14718 14717
f 14715 14720 14717
f 14715 14717 14713
f 14721 14717 14722
f 14721 14713 14717
f 14723 14722 14724
f 14723 14721 14722
f 14725 14724 14726
f 14725 14723 14724
f 14727 14726 14728
f 14727 14725 14726
f 14729 14728 14730
f 14729 14727 14728
f 14731 14732 14733
f 14731 14730 14732
f 14731 14729 14730
f 14734 14731 14733
f 14735 14733 14736
f 14735 14734 14733
f 14737 14738 14739
f 14737 14736 14738
f 14737 14735 14736
f 14740 14737 14739
f 14741 14739 14742
f 14741 14740 14739
f 14743 14744 14745
f 14743 14742 14744
f 14743 14741 14742
f 14746 14743 14745
f 14719 14722 14717
f 14719 14724 14722
f 14724 14747 14726
f 14719 14747 14724
f 14747 14728 14726
f 14747 14730 14728
f 14747 14732 14730
f 14744 14748 14745
f 14742 14748 14744
f 14739 14749 14742
f 14738 14749 14739
f 14736 14749 14738
f 14733 14749 14736
f 14742 14749 14748
f 14747 14749 14732
f 14732 14749 14733
f 14750 14746 14751
f 14751 14746 14752
f 14753 14745 14748
f 14753 14754 14745
f 14754 14752 14745
f 14745 14752 14746
f 14755 14753 14749
f 14749 14753 14748
f 14756 14755 14747
f 14747 14755 14749
f 14718 14756 14719
f 14719 14756 14747
f 14757 14718 14720
f 14758 14718 14757
f 14756 14758 14759
f 14756 14718 14758
f 14760 14756 14759
f 14761 14756 14760
f 14762 14756 14761
f 14753 14763 14754
f 14753 14764 14763
f 14755 14765 14764
f 14755 14766 14765
f 14755 14767 14766
f 14755 14768 14767
f 14755 14764 14753
f 14755 14756 14762
f 14755 14762 14768
f 14716 14769 14714
f 14714 14769 14770
f 14769 14771 14770
f 14770 14771 14772
f 14771 14750 14772
f 14772 14750 14751
f 14773 14751 14752
f 14774 14751 14773
f 14775 14751 14774
f 14772 14775 14776
f 14772 14776 14777
f 14772 14777 14778
f 14772 14751 14775
f 14714 14779 14780
f 14714 14780 14781
f 14714 14781 14715
f 14770 14778 14782
f 14770 14782 14783
f 14770 14783 14784
f 14770 14784 14779
f 14770 14772 14778
f 14770 14779 14714
f 14750 14743 14746
f 14750 14741 14743
f 14750 14740 14741
f 14740 14771 14737
f 14737 14771 14735
f 14735 14771 14734
f 14750 14771 14740
f 14725 14716 14723
f 14723 14716 14721
f 14721 14716 14713
f 14734 14769 14731
f 14731 14769 14729
f 14729 14769 14727
f 14727 14769 14725
f 14771 14769 14734
f 14725 14769 14716
f 14754 14763 14752
f 14752 14763 14773
f 14773 14764 14774
f 14763 14764 14773
f 14774 14765 14775
f 14764 14765 14774
f 14775 14766 14776
f 14765 14766 14775
f 14776 14767 14777
f 14766 14767 14776
f 14777 14768 14778
f 14767 14768 14777
f 14778 14762 14782
f 14768 14762 14778
f 14782 14761 14783
f 14762 14761 14782
f 14783 14760 14784
f 14761 14760 14783
f 14784 14759 14779
f 14760 14759 14784
f 14779 14758 14780
f 14759 14758 14779
f 14780 14757 14781
f 14758 14757 14780
f 14781 14720 14715
f 14757 14720 14781

g Solid_233
usemtl Solid_233
f 14785 14786 14787
f 14785 14788 14786
f 14789 14790 14791
f 14792 14790 14789
f 14787 14792 14789
f 14787 14789 14785
f 14793 14789 14794
f 14793 14785 14789
f 14795 14794 14796
f 14795 14793 14794
f 14797 14796 14798
f 14797 14795 14796
f 14799 14798 14800
f 14799 14797 14798
f 14801 14800 14802
f 14801 14799 14800
f 14803 14804 14805
f 14803 14802 14804
f 14803 14801 14802
f 14806 14803 14805
f 14807 14805 14808
f 14807 14806 14805
f 14809 14810 14811
f 14809 14808 14810
f 14809 14807 14808
f 14812 14809 14811
f 14813 14811 14814
f 14813 14812 14811
f 14815 14816 14817
f 14815 14814 14816
f 14815 14813 14814
f 14818 14815 14817
f 14791 14794 14789
f 14791 14796 14794
f 14796 14819 14798
f 14791 14819 14796
f 14819 14800 14798
f 14819 14802 14800
f 14819 14804 14802
f 14816 14820 14817
f 14814 14820 14816
f 14811 14821 14814
f 14810 14821 14811
f 14808 14821 14810
f 14805 14821 14808
f 14814 14821 14820
f 14819 14821 14804
f 14804 14821 14805
f 14822 14818 14823
f 14823 14818 14824
f 14825 14817 14820
f 14825 14826 14817
f 14826 14824 14817
f 14817 14824 14818
f 14827 14825 14821
f 14821 14825 14820
f 14828 14827 14819
f 14819 14827 14821
f 14790 14828 14791
f 14791 14828 14819
f 14829 14790 14792
f 14830 14790 14829
f 14828 14830 14831
f 14828 14790 14830
f 14832 14828 14831
f 14833 14828 14832
f 14834 14828 14833
f 14825 14835 14826
f 14825 14836 14835
f 14827 14837 14836
f 14827 14838 14837
f 14827 14839 14838
f 14827 14840 14839
f 14827 14836 14825
f 14827 14828 14834
f 14827 14834 14840
f 14788 14841 14786
f 14786 14841 14842
f 14841 14843 14842
f 14842 14843 14844
f 14843 14822 14844
f 14844 14822 14823
f 14845 14823 14824
f 14846 14823 14845
f 14847 14823 14846
f 14844 14847 14848
f 14844 14848 14849
f 14844 14849 14850
f 14844 14823 14847
f 14786 14851 14852
f 14786 14852 14853
f 14786 14853 14787
f 14842 14850 14854
f 14842 14854 14855
f 14842 14855 14856
f 14842 14856 14851
f 14842 14844 14850
f 14842 14851 14786
f 14822 14815 14818
f 14822 14813 14815
f 14822 14812 14813
f 14812 14843 14809
f 14809 14843 14807
f 14807 14843 14806
f 14822 14843 14812
f 14797 14788 14795
f 14795 14788 14793
f 14793 14788 14785
f 14806 14841 14803
f 14803 14841 14801
f 14801 14841 14799
f 14799 14841 14797
f 14843 14841 14806
f 14797 14841 14788
f 14826 14835 14824
f 14824 14835 14845
f 14845 14836 14846
f 14835 14836 14845
f 14846 14837 14847
f 14836 14837 14846
f 14847 14838 14848
f 14837 14838 14847
f 14848 14839 14849
f 14838 14839 14848
f 14849 14840 14850
f 14839 14840 14849
f 14850 14834 14854
f 14840 14834 14850
f 14854 14833 14855
f 14834 14833 14854
f 14855 14832 14856
f 14833 14832 14855
f 14856 14831 14851
f 14832 14831 14856
f 14851 14830 14852
f 14831 14830 14851
f 14852 14829 14853
f 14830 14829 14852
f 14853 14792 14787
f 14829 14792 14853
