# Generated from USB-C_GCT_USB4500-03-0-A.step
mtllib USB-C_GCT_USB4500-03-0-A.mtl
v 2.90000 0.13434 -5.60000
v 2.99224 -0.01566 -5.59154
v 2.94786 0.13434 -5.59419
v 2.99294 0.13434 -5.57709
v 3.03262 0.13434 -5.54970
v 3.06621 -0.01566 -5.53255
v 3.06460 0.13434 -5.51361
v 3.08700 0.13434 -5.47092
v 2.90000 -0.46566 -5.65038
v 2.99771 -0.16566 -5.60289
v 3.10727 -0.01566 -5.44731
v 3.09854 0.13434 -5.42411
v 3.09854 0.13434 -5.37589
v 3.07606 -0.16566 -5.54040
v 2.95992 -0.46566 -5.64311
v 3.00317 -0.31566 -5.61424
v 3.01636 -0.46566 -5.62170
v 3.06603 -0.46566 -5.58741
v 3.10727 -0.01566 -5.35269
v 3.08700 0.13434 -5.32908
v 3.11955 -0.16566 -5.45011
v 3.10606 -0.46566 -5.54223
v 3.08591 -0.31566 -5.54826
v 3.13411 -0.46566 -5.48879
v 3.06621 -0.01566 -5.26745
v 3.06460 0.13434 -5.28639
v 3.03262 0.13434 -5.25030
v 3.11955 -0.16566 -5.34989
v 3.14856 -0.46566 -5.43018
v 3.13183 -0.31566 -5.45291
v 2.99224 -0.01566 -5.20846
v 2.99294 0.13434 -5.22291
v 2.94786 0.13434 -5.20581
v 2.90000 0.13434 -5.20000
v 3.07606 -0.16566 -5.25960
v 3.14856 -0.46566 -5.36982
v 3.13183 -0.31566 -5.34709
v 3.13411 -0.46566 -5.31121
v 2.99771 -0.16566 -5.19711
v 2.90000 -0.46566 -5.14962
v 3.10606 -0.46566 -5.25777
v 3.08591 -0.31566 -5.25174
v 3.06603 -0.46566 -5.21259
v 3.00317 -0.31566 -5.18576
v 3.01636 -0.46566 -5.17830
v 2.95992 -0.46566 -5.15689
v -1.90000 0.13434 -5.60000
v -1.80776 -0.01566 -5.59154
v -1.85214 0.13434 -5.59419
v -1.80706 0.13434 -5.57709
v -1.76738 0.13434 -5.54970
v -1.73379 -0.01566 -5.53255
v -1.73540 0.13434 -5.51361
v -1.71300 0.13434 -5.47092
v -1.90000 -0.46566 -5.65038
v -1.80229 -0.16566 -5.60289
v -1.69273 -0.01566 -5.44731
v -1.70146 0.13434 -5.42411
v -1.70146 0.13434 -5.37589
v -1.72394 -0.16566 -5.54040
v -1.84008 -0.46566 -5.64311
v -1.79683 -0.31566 -5.61424
v -1.78364 -0.46566 -5.62170
v -1.73397 -0.46566 -5.58741
v -1.69273 -0.01566 -5.35269
v -1.71300 0.13434 -5.32908
v -1.68045 -0.16566 -5.45011
v -1.69394 -0.46566 -5.54223
v -1.71409 -0.31566 -5.54826
v -1.66589 -0.46566 -5.48879
v -1.73379 -0.01566 -5.26745
v -1.73540 0.13434 -5.28639
v -1.76738 0.13434 -5.25030
v -1.68045 -0.16566 -5.34989
v -1.65144 -0.46566 -5.43018
v -1.66817 -0.31566 -5.45291
v -1.80776 -0.01566 -5.20846
v -1.80706 0.13434 -5.22291
v -1.85214 0.13434 -5.20581
v -1.90000 0.13434 -5.20000
v -1.72394 -0.16566 -5.25960
v -1.65144 -0.46566 -5.36982
v -1.66817 -0.31566 -5.34709
v -1.66589 -0.46566 -5.31121
v -1.80229 -0.16566 -5.19711
v -1.90000 -0.46566 -5.14962
v -1.69394 -0.46566 -5.25777
v -1.71409 -0.31566 -5.25174
v -1.73397 -0.46566 -5.21259
v -1.79683 -0.31566 -5.18576
v -1.78364 -0.46566 -5.17830
v -1.84008 -0.46566 -5.15689
v 0.12000 0.43434 -1.15000
v 0.12000 0.43434 -3.00000
v 0.38000 0.43434 -3.00000
v 0.38000 0.43434 -1.15000
v -0.11900 0.43434 -2.90000
v -0.11900 0.43434 -3.00000
v 0.11900 0.43434 -3.00000
v 0.11900 0.43434 -2.90000
v 0.38100 0.43434 -2.90000
v 0.38100 0.43434 -3.00000
v 0.61900 0.43434 -3.00000
v 0.61900 0.43434 -2.90000
v 0.62000 0.43434 -1.15000
v 0.62000 0.43434 -3.00000
v 0.88000 0.43434 -3.00000
v 0.88000 0.43434 -1.15000
v 0.88100 0.43434 -3.00000
v 1.11950 0.43434 -3.00000
v 1.11900 0.43434 -2.90000
v 0.88100 0.43434 -2.90000
v 1.12000 0.43434 -1.15000
v 1.38000 0.43434 -3.00000
v 1.38000 0.43434 -1.15000
v 1.38100 0.43434 -3.00000
v 1.61950 0.43434 -3.00000
v 1.61900 0.43434 -2.90000
v 1.38100 0.43434 -2.90000
v 0.11900 0.45934 -2.90000
v -0.11900 0.45934 -2.90000
v 1.11900 0.45934 -2.90000
v 0.88100 0.45934 -2.90000
v 0.61900 0.45934 -2.90000
v 0.38100 0.45934 -2.90000
v 1.61900 0.45934 -2.90000
v 1.38100 0.45934 -2.90000
v -0.38000 0.43434 -1.15000
v -0.38000 0.43434 -3.00000
v -0.12000 0.43434 -3.00000
v -0.12000 0.43434 -1.15000
v -0.61900 0.43434 -2.90000
v -0.61900 0.43434 -3.00000
v -0.38100 0.43434 -3.00000
v -0.38100 0.43434 -2.90000
v -0.38100 0.45934 -2.90000
v -0.61900 0.45934 -2.90000
v -0.61900 0.43434 -0.60000
v -0.61900 0.43434 -1.10000
v 1.61900 0.43434 -1.10000
v 1.61950 0.43434 -0.60000
v -2.60258 0.43434 -0.30000
v -2.72379 0.43434 -0.60000
v -0.62000 0.43434 -0.60000
v 3.72379 0.43434 -0.60000
v 3.60258 0.43434 -0.30000
v 3.38100 0.43434 -2.90000
v 3.38100 0.43434 -3.00000
v 3.79811 0.43434 -3.00000
v 3.79811 0.43434 -2.90000
v 3.38000 0.43434 -0.61000
v 3.07450 0.43434 -3.00000
v 3.38000 0.43434 -3.00000
v 3.07500 0.43434 -0.61000
v 1.92600 0.43434 -2.90000
v 3.07400 0.43434 -2.90000
v 1.92550 0.43434 -3.00000
v -0.92500 0.43434 -0.61000
v -0.92500 0.43434 -3.00000
v -0.62000 0.43434 -3.00000
v -0.62000 0.43434 -0.61000
v 1.62000 0.43434 -0.61000
v 1.92500 0.43434 -0.61000
v -2.07500 0.43434 -0.61000
v -2.38000 0.43434 -3.00000
v -2.07500 0.43434 -3.00000
v -2.38000 0.43434 -0.61000
v -2.79811 0.43434 -2.90000
v -2.79811 0.43434 -3.00000
v -2.38100 0.43434 -3.00000
v -2.38100 0.43434 -2.90000
v -2.07400 0.43434 -2.90000
v -2.07400 0.43434 -3.00000
v -0.92600 0.43434 -3.00000
v -0.92600 0.43434 -2.90000
v 1.38000 0.45100 -1.13333
v 1.61900 0.45934 -1.15000
v 1.38000 0.45934 -1.15000
v 1.12000 0.45100 -1.13333
v 0.88000 0.45934 -1.15000
v 1.12000 0.45934 -1.15000
v 0.88000 0.45100 -1.13333
v 0.62000 0.45100 -1.13333
v 0.38000 0.45100 -1.13333
v 0.62000 0.45934 -1.15000
v 0.38000 0.45934 -1.15000
v 0.12000 0.45100 -1.13333
v -0.12000 0.45100 -1.13333
v 0.12000 0.45934 -1.15000
v -0.12000 0.45934 -1.15000
v -0.38000 0.45100 -1.13333
v -0.61900 0.45934 -1.15000
v -0.38000 0.45934 -1.15000
v -2.07400 0.45934 -2.90000
v -0.92600 0.45934 -2.90000
v -2.38100 1.13434 -2.90000
v -2.63500 1.10934 -2.90000
v -2.38100 1.10934 -2.90000
v -2.79811 1.13434 -2.90000
v -2.82396 1.07034 -2.90000
v -2.83971 1.00315 -2.90000
v -2.84500 0.93434 -2.90000
v -2.38100 0.45934 -2.90000
v -2.63500 0.45934 -2.90000
v -2.84500 0.63434 -2.90000
v -2.83971 0.56552 -2.90000
v -2.82396 0.49833 -2.90000
v -2.38000 0.43834 -0.60800
v -2.38000 0.45934 -0.65000
v -2.38000 0.45934 -3.00000
v -0.92500 0.45934 -0.65000
v -0.92500 0.43834 -0.60800
v -0.92500 0.45934 -3.00000
v -2.07500 0.45934 -0.65000
v -2.07500 0.43834 -0.60800
v -2.07500 0.45934 -3.00000
v 0.11950 1.13434 -3.00000
v -0.11950 1.13434 -3.00000
v -0.11900 1.13434 -2.90000
v 0.11900 1.13434 -2.90000
v 0.38050 1.13434 -3.00000
v 0.12000 1.13434 -1.14613
v 0.38000 1.13434 -1.14613
v 0.61950 1.13434 -3.00000
v 0.38100 1.13434 -2.90000
v 0.61900 1.13434 -2.90000
v 0.88050 1.13434 -3.00000
v 0.62000 1.13434 -1.14613
v 0.88000 1.13434 -1.14613
v 1.11950 1.13434 -3.00000
v 0.88100 1.13434 -2.90000
v 1.11900 1.13434 -2.90000
v 1.38050 1.13434 -3.00000
v 1.12000 1.13434 -1.14613
v 1.38000 1.13434 -1.14613
v -0.38050 1.13434 -3.00000
v -0.61950 1.13434 -3.00000
v -0.61900 1.13434 -2.90000
v -0.38100 1.13434 -2.90000
v -0.38000 1.13434 -1.14613
v -0.12000 1.13434 -1.14613
v 1.92550 1.13434 -3.00000
v 1.61950 1.13434 -3.00000
v 1.62000 1.13434 -0.61000
v 1.92500 1.13434 -0.61000
v -0.62000 1.13434 -0.60000
v -2.72379 1.13434 -0.60000
v -2.60258 1.13434 -0.30000
v -0.61900 1.13434 -0.60000
v 1.61900 1.13434 -1.10000
v -0.61900 1.13434 -1.10000
v 1.61950 1.13434 -0.60000
v 3.60258 1.13434 -0.30000
v 3.72379 1.13434 -0.60000
v 1.38100 1.13434 -2.90000
v 1.61900 1.13434 -2.90000
v 3.38000 1.13434 -3.00000
v 3.07450 1.13434 -3.00000
v 3.07500 1.13434 -0.61000
v 3.38000 1.13434 -0.61000
v 3.79811 1.13434 -3.00000
v 3.38100 1.13434 -3.00000
v 3.38100 1.13434 -2.90000
v 3.79811 1.13434 -2.90000
v 1.92600 1.13434 -2.90000
v 3.07400 1.13434 -2.90000
v 1.38100 1.10934 -2.90000
v 1.61900 1.10934 -2.90000
v 1.38000 1.10934 -1.15000
v 1.38000 1.11896 -1.13075
v 1.61900 1.10934 -1.15000
v 0.88000 1.10934 -1.15000
v 0.88000 1.11896 -1.13075
v 1.12000 1.10934 -1.15000
v 1.12000 1.11896 -1.13075
v 0.38000 1.10934 -1.15000
v 0.38000 1.11896 -1.13075
v 0.62000 1.10934 -1.15000
v 0.62000 1.11896 -1.13075
v -0.12000 1.10934 -1.15000
v -0.12000 1.11896 -1.13075
v 0.12000 1.10934 -1.15000
v 0.12000 1.11896 -1.13075
v -0.38000 1.10934 -1.15000
v -0.61900 1.10934 -1.15000
v -0.38000 1.11896 -1.13075
v 1.92600 1.10934 -2.90000
v 3.07400 1.10934 -2.90000
v 3.63500 1.10934 -2.90000
v 3.82396 1.07034 -2.90000
v 3.83971 1.00315 -2.90000
v 3.84500 0.93434 -2.90000
v 3.38100 1.10934 -2.90000
v 3.84500 0.63434 -2.90000
v 3.63500 0.45934 -2.90000
v 3.83971 0.56552 -2.90000
v 3.82396 0.49833 -2.90000
v 3.38100 0.45934 -2.90000
v 3.38000 1.13034 -0.60800
v 3.38000 1.10934 -0.65000
v 3.38000 1.10934 -3.00000
v 3.07500 1.10934 -0.65000
v 3.07500 1.13034 -0.60800
v 3.07450 1.10934 -3.00000
v 1.92500 1.10934 -0.65000
v 1.92500 1.13034 -0.60800
v 1.92550 1.10934 -3.00000
v -2.38050 1.13434 -3.00000
v -2.79811 1.13434 -3.00000
v -2.38000 1.13434 -0.61000
v -2.07500 1.13434 -0.61000
v -2.07450 1.13434 -3.00000
v -0.92550 1.13434 -3.00000
v -2.07400 1.13434 -2.90000
v -0.92600 1.13434 -2.90000
v 4.68500 0.70934 -6.50000
v 4.64500 0.70934 -6.50000
v 4.68500 1.00934 -6.50000
v 4.64500 1.00934 -6.50000
v 3.64500 2.03434 -6.50000
v 3.22500 2.03434 -6.50000
v 3.64500 2.06434 -6.50000
v 3.22500 2.06434 -6.50000
v 3.00000 1.38934 -6.50000
v 4.64500 1.03434 -6.50000
v 4.61993 1.25686 -6.50000
v 4.54597 1.46822 -6.50000
v 4.42683 1.65783 -6.50000
v 4.26849 1.81617 -6.50000
v 4.07888 1.93531 -6.50000
v 3.86752 2.00926 -6.50000
v 3.00000 2.03434 -6.50000
v 4.64500 -0.46566 -6.50000
v 3.92500 0.12000 -6.50000
v 3.92500 0.00000 -6.50000
v 3.72500 0.12000 -6.50000
v 3.67500 0.12000 -6.50000
v 3.72500 0.00000 -6.50000
v 3.67500 0.00000 -6.50000
v 4.10000 -0.46566 -6.50000
v 3.47500 0.12000 -6.50000
v 3.47500 0.00000 -6.50000
v 1.97500 1.78434 -6.50000
v 1.97500 1.38934 -6.50000
v 1.72500 2.03434 -6.50000
v 4.10000 -0.78066 -6.50000
v 3.12500 0.12000 -6.50000
v 3.12500 0.00000 -6.50000
v 2.92500 0.12000 -6.50000
v 2.87500 0.12000 -6.50000
v 2.92500 0.00000 -6.50000
v 2.87500 0.00000 -6.50000
v 2.67500 0.12000 -6.50000
v 0.72500 2.03434 -6.50000
v 2.67500 0.00000 -6.50000
v 2.35000 0.12000 -6.50000
v 2.35000 0.00000 -6.50000
v 0.27500 2.03434 -6.50000
v 0.72500 2.06434 -6.50000
v 0.27500 2.06434 -6.50000
v 2.15000 0.12000 -6.50000
v 2.15000 0.00000 -6.50000
v 1.85000 0.12000 -6.50000
v 1.85000 0.00000 -6.50000
v 1.65000 0.12000 -6.50000
v 1.65000 0.00000 -6.50000
v 1.35000 0.12000 -6.50000
v 1.35000 0.00000 -6.50000
v 1.15000 0.12000 -6.50000
v 0.85000 0.12000 -6.50000
v 0.85000 0.00000 -6.50000
v 1.15000 0.00000 -6.50000
v 0.65000 0.12000 -6.50000
v 0.35000 0.12000 -6.50000
v 0.65000 0.00000 -6.50000
v -0.97500 1.38934 -6.50000
v -0.72500 2.03434 -6.50000
v -0.97500 1.78434 -6.50000
v 0.35000 0.00000 -6.50000
v 0.15000 0.12000 -6.50000
v -0.15000 0.12000 -6.50000
v -0.15000 0.00000 -6.50000
v 0.15000 0.00000 -6.50000
v -0.35000 0.12000 -6.50000
v -0.65000 0.12000 -6.50000
v -2.18000 2.03434 -6.50000
v -2.60000 2.03434 -6.50000
v -2.18000 2.06434 -6.50000
v -2.60000 2.06434 -6.50000
v -2.00000 2.03434 -6.50000
v -2.00000 1.38934 -6.50000
v -2.64500 2.03434 -6.50000
v -0.65000 0.00000 -6.50000
v -0.35000 0.00000 -6.50000
v -0.85000 0.12000 -6.50000
v -2.86752 2.00926 -6.50000
v -1.15000 0.12000 -6.50000
v -3.07888 1.93531 -6.50000
v -0.85000 0.00000 -6.50000
v -1.15000 0.00000 -6.50000
v -1.35000 0.12000 -6.50000
v -3.26849 1.81617 -6.50000
v -1.67500 0.12000 -6.50000
v -1.35000 0.00000 -6.50000
v -1.67500 0.00000 -6.50000
v -1.87500 0.12000 -6.50000
v -3.42683 1.65783 -6.50000
v -1.92500 0.12000 -6.50000
v -1.92500 0.00000 -6.50000
v -1.87500 0.00000 -6.50000
v -2.12500 0.12000 -6.50000
v -3.54597 1.46822 -6.50000
v -2.47500 0.12000 -6.50000
v -3.61993 1.25686 -6.50000
v -2.12500 0.00000 -6.50000
v -2.47500 0.00000 -6.50000
v -2.67500 0.12000 -6.50000
v -2.72500 0.12000 -6.50000
v -3.64500 1.03434 -6.50000
v -3.64500 1.00934 -6.50000
v -2.72500 0.00000 -6.50000
v -2.67500 0.00000 -6.50000
v -2.92500 0.12000 -6.50000
v -3.64500 0.70934 -6.50000
v -3.68500 0.70934 -6.50000
v -3.68500 1.00934 -6.50000
v -3.10000 -0.46566 -6.50000
v -2.92500 0.00000 -6.50000
v -3.10000 -0.78066 -6.50000
v -3.64500 -0.46566 -6.50000
v -2.72500 0.00000 -7.20047
v -2.72500 0.12000 -7.20047
v -2.92500 0.12000 -7.20047
v -2.92500 0.00000 -7.20047
v 0.85000 0.00000 -7.20047
v 0.85000 0.12000 -7.20047
v 0.65000 0.12000 -7.20047
v 0.65000 0.00000 -7.20047
v 0.35000 0.00000 -7.20047
v 0.35000 0.12000 -7.20047
v 0.15000 0.12000 -7.20047
v 0.15000 0.00000 -7.20047
v -0.65000 0.00000 -7.20047
v -0.65000 0.12000 -7.20047
v -0.85000 0.12000 -7.20047
v -0.85000 0.00000 -7.20047
v -1.67500 0.00000 -7.20150
v -1.67500 0.12000 -7.20150
v -1.87500 0.12000 -7.20150
v -1.87500 0.00000 -7.20150
v 3.47500 0.12000 -7.20150
v 3.47500 0.00000 -7.20150
v 3.67500 0.00000 -7.20150
v 3.67500 0.12000 -7.20150
v 1.35000 0.00000 -7.20150
v 1.35000 0.12000 -7.20150
v 1.15000 0.12000 -7.20150
v 1.15000 0.00000 -7.20150
v -2.47500 0.00000 -7.20150
v -2.47500 0.12000 -7.20150
v -2.67500 0.12000 -7.20150
v -2.67500 0.00000 -7.20150
v -2.00000 1.93434 -5.87500
v -2.00000 2.03434 -5.77500
v -2.00000 1.38934 -5.87500
v -0.97500 1.38934 -5.87500
v -0.97500 1.78434 -5.87500
v -0.82500 1.93434 -5.87500
v -0.72500 2.03434 -5.77500
v 1.82500 1.93434 -5.87500
v 1.97500 1.78434 -5.87500
v 1.72500 2.03434 -5.77500
v 1.97500 1.38934 -5.87500
v 3.00000 1.38934 -5.87500
v 3.00000 2.03434 -5.77500
v 3.00000 1.93434 -5.87500
v 3.72500 -0.46566 -5.80000
v 4.10000 -0.46566 -5.80000
v 3.72500 -0.46566 -5.30000
v 4.64500 -0.46566 -5.30000
v 4.10000 -0.78066 -5.80000
v 0.90000 -0.78066 -5.90000
v 0.90000 -0.78066 -5.80000
v -3.10000 -0.78066 -5.80000
v 0.10000 -0.78066 -5.90000
v 0.10000 -0.78066 -5.80000
v -3.10000 -0.46566 -5.80000
v -3.64500 -0.46566 -5.30000
v -2.72500 -0.46566 -5.30000
v -2.72500 -0.46566 -5.80000
v 2.35000 0.00000 -7.20150
v 2.35000 0.12000 -7.20150
v 2.15000 0.12000 -7.20150
v 2.15000 0.00000 -7.20150
v -1.15000 0.00000 -7.20150
v -1.15000 0.12000 -7.20150
v -1.35000 0.12000 -7.20150
v -1.35000 0.00000 -7.20150
v 2.87500 0.00000 -7.20150
v 2.87500 0.12000 -7.20150
v 2.67500 0.12000 -7.20150
v 2.67500 0.00000 -7.20150
v -0.15000 0.00000 -7.20150
v -0.15000 0.12000 -7.20150
v -0.35000 0.12000 -7.20150
v -0.35000 0.00000 -7.20150
v 3.72500 0.12000 -7.20047
v 3.92500 0.12000 -7.20047
v 3.72500 0.00000 -7.20047
v 3.92500 0.00000 -7.20047
v 1.85000 0.00000 -7.20047
v 1.85000 0.12000 -7.20047
v 1.65000 0.12000 -7.20047
v 1.65000 0.00000 -7.20047
v -1.92500 0.00000 -7.20047
v -1.92500 0.12000 -7.20047
v -2.12500 0.12000 -7.20047
v -2.12500 0.00000 -7.20047
v 3.12500 0.00000 -7.20047
v 3.12500 0.12000 -7.20047
v 2.92500 0.12000 -7.20047
v 2.92500 0.00000 -7.20047
v 3.72500 -0.50566 -5.00000
v 3.72500 -0.46566 -4.70000
v 3.72500 -0.50566 -5.80000
v 4.44428 -0.11927 -5.30000
v 4.55389 0.05516 -5.30000
v 4.62193 0.24962 -5.30000
v 4.64500 0.45434 -5.30000
v 4.29861 -0.26495 -5.30000
v 4.12417 -0.37456 -5.30000
v 3.92972 -0.44260 -5.30000
v 0.10000 -0.26566 -5.90000
v 0.90000 -0.26566 -5.90000
v 0.90000 -0.46566 -5.80000
v 0.90000 -0.26566 -4.75000
v 0.90000 -0.46566 -4.75000
v 3.31500 -0.50566 -5.80000
v 3.31500 -0.46566 -5.80000
v -2.31500 -0.46566 -5.80000
v -2.31500 -0.50566 -5.80000
v 0.10000 -0.46566 -5.80000
v -2.72500 -0.50566 -5.80000
v 0.10000 -0.46566 -4.75000
v 0.10000 -0.26566 -4.75000
v -2.72500 -0.50566 -5.00000
v -2.72500 -0.46566 -4.70000
v -3.55389 0.05516 -5.30000
v -3.44428 -0.11927 -5.30000
v -3.29861 -0.26495 -5.30000
v -3.12417 -0.37456 -5.30000
v -2.92972 -0.44260 -5.30000
v -3.64500 0.45434 -5.30000
v -3.62193 0.24962 -5.30000
v 3.31500 -0.46566 -4.70000
v 3.31500 -0.50566 -5.00000
v 4.64500 0.45434 -4.70000
v 4.62193 0.24962 -4.70000
v 4.55389 0.05516 -4.70000
v 4.44428 -0.11927 -4.70000
v 4.29861 -0.26495 -4.70000
v 4.12417 -0.37456 -4.70000
v 3.92972 -0.44260 -4.70000
v -2.31500 -0.46566 -4.70000
v -2.17000 -0.46566 -4.95000
v -2.17000 -0.46566 -4.70000
v -2.10606 -0.46566 -5.25777
v -2.06603 -0.46566 -5.21259
v -2.01636 -0.46566 -5.17830
v -2.13411 -0.46566 -5.31121
v -1.95992 -0.46566 -5.15689
v -2.14856 -0.46566 -5.36982
v -2.14856 -0.46566 -5.43018
v -2.13411 -0.46566 -5.48879
v -2.10606 -0.46566 -5.54223
v -2.06603 -0.46566 -5.58741
v -2.01636 -0.46566 -5.62170
v -1.95992 -0.46566 -5.64311
v -0.63000 -0.46566 -4.95000
v -0.63000 -0.46566 -4.70000
v 1.63000 -0.46566 -4.70000
v 1.63000 -0.46566 -4.95000
v 2.66589 -0.46566 -5.31121
v 2.69394 -0.46566 -5.25777
v 2.65144 -0.46566 -5.36982
v 2.65144 -0.46566 -5.43018
v 3.17000 -0.46566 -4.70000
v 3.17000 -0.46566 -4.95000
v 2.66589 -0.46566 -5.48879
v 2.69394 -0.46566 -5.54223
v 2.73397 -0.46566 -5.58741
v 2.78364 -0.46566 -5.62170
v 2.84008 -0.46566 -5.64311
v 2.84008 -0.46566 -5.15689
v 2.78364 -0.46566 -5.17830
v 2.73397 -0.46566 -5.21259
v -2.31500 -0.50566 -5.00000
v -2.92972 -0.44260 -4.70000
v -3.12417 -0.37456 -4.70000
v -3.29861 -0.26495 -4.70000
v -3.44428 -0.11927 -4.70000
v -3.55389 0.05516 -4.70000
v -3.62193 0.24962 -4.70000
v -3.64500 0.45434 -4.70000
v 3.72500 -0.36566 -4.60000
v 3.07000 -0.36566 -4.60000
v 4.52444 0.27187 -4.60000
v 4.54500 0.45434 -4.60000
v 4.46379 0.09855 -4.60000
v 4.36610 -0.05693 -4.60000
v 4.23626 -0.18677 -4.60000
v 4.08078 -0.28446 -4.60000
v 3.90747 -0.34510 -4.60000
v 2.80000 -0.09566 -4.95000
v 2.80000 -0.09566 -4.60000
v 2.00000 -0.09566 -4.95000
v 2.00000 -0.09566 -4.60000
v 1.73000 -0.36566 -4.60000
v -0.73000 -0.36566 -4.60000
v -1.00000 -0.09566 -4.95000
v -1.00000 -0.09566 -4.60000
v -1.80000 -0.09566 -4.95000
v -1.80000 -0.09566 -4.60000
v -2.07000 -0.36566 -4.60000
v -2.72500 -0.36566 -4.60000
v 2.80776 -0.01566 -5.20846
v 2.85214 0.13434 -5.20581
v 2.80706 0.13434 -5.22291
v 2.76738 0.13434 -5.25030
v 2.73379 -0.01566 -5.26745
v 2.73540 0.13434 -5.28639
v 2.71300 0.13434 -5.32908
v 2.80229 -0.16566 -5.19711
v 2.69273 -0.01566 -5.35269
v 2.70146 0.13434 -5.37589
v 2.72394 -0.16566 -5.25960
v 2.79683 -0.31566 -5.18576
v 2.69273 -0.01566 -5.44731
v 2.70146 0.13434 -5.42411
v 2.71300 0.13434 -5.47092
v 2.68045 -0.16566 -5.34989
v 2.71409 -0.31566 -5.25174
v 2.73379 -0.01566 -5.53255
v 2.73540 0.13434 -5.51361
v 2.76738 0.13434 -5.54970
v 2.68045 -0.16566 -5.45011
v 2.66817 -0.31566 -5.34709
v 2.80776 -0.01566 -5.59154
v 2.80706 0.13434 -5.57709
v 2.85214 0.13434 -5.59419
v 2.72394 -0.16566 -5.54040
v 2.66817 -0.31566 -5.45291
v 2.80229 -0.16566 -5.60289
v 2.71409 -0.31566 -5.54826
v 2.79683 -0.31566 -5.61424
v -1.99224 -0.01566 -5.20846
v -1.94786 0.13434 -5.20581
v -1.99294 0.13434 -5.22291
v -2.03262 0.13434 -5.25030
v -2.06621 -0.01566 -5.26745
v -2.06460 0.13434 -5.28639
v -2.08700 0.13434 -5.32908
v -1.99771 -0.16566 -5.19711
v -2.10727 -0.01566 -5.35269
v -2.09854 0.13434 -5.37589
v -2.07606 -0.16566 -5.25960
v -2.00317 -0.31566 -5.18576
v -2.10727 -0.01566 -5.44731
v -2.09854 0.13434 -5.42411
v -2.08700 0.13434 -5.47092
v -2.11955 -0.16566 -5.34989
v -2.08591 -0.31566 -5.25174
v -2.06621 -0.01566 -5.53255
v -2.06460 0.13434 -5.51361
v -2.03262 0.13434 -5.54970
v -2.11955 -0.16566 -5.45011
v -2.13183 -0.31566 -5.34709
v -1.99224 -0.01566 -5.59154
v -1.99294 0.13434 -5.57709
v -1.94786 0.13434 -5.59419
v -2.07606 -0.16566 -5.54040
v -2.13183 -0.31566 -5.45291
v -1.99771 -0.16566 -5.60289
v -2.08591 -0.31566 -5.54826
v -2.00317 -0.31566 -5.61424
v -2.90747 -0.34510 -4.60000
v -3.08078 -0.28446 -4.60000
v -3.23626 -0.18677 -4.60000
v -3.36610 -0.05693 -4.60000
v -3.46379 0.09855 -4.60000
v -3.52444 0.27187 -4.60000
v -3.54500 0.45434 -4.60000
v 4.54500 1.03434 -4.60000
v 4.64500 1.00934 -4.70000
v 4.64500 1.03434 -4.70000
v 4.64500 0.70934 -4.70000
v 3.78306 1.39197 -4.60000
v 4.20614 1.73798 -4.60000
v 4.03550 1.84521 -4.60000
v 3.88268 1.28410 -4.60000
v 4.45587 1.42483 -4.60000
v 4.34865 1.59548 -4.60000
v 3.66087 1.47227 -4.60000
v 3.84527 1.91177 -4.60000
v 3.64500 1.93434 -4.60000
v 3.95287 1.15519 -4.60000
v 4.52244 1.23461 -4.60000
v 3.52931 1.51917 -4.60000
v 3.98447 1.04691 -4.60000
v 3.99500 0.93434 -4.60000
v 3.39500 1.53434 -4.60000
v 3.07000 1.93434 -4.60000
v 3.99500 0.63434 -4.60000
v 3.97983 0.50002 -4.60000
v 2.80000 1.66434 -4.60000
v 3.93294 0.36847 -4.60000
v 3.85263 0.24628 -4.60000
v 3.74476 0.14666 -4.60000
v 3.61586 0.07646 -4.60000
v 3.50757 0.04487 -4.60000
v 3.39500 0.03434 -4.60000
v -2.39500 1.53434 -4.60000
v -1.80000 1.66434 -4.60000
v -2.07000 1.93434 -4.60000
v -2.64500 1.93434 -4.60000
v -2.50757 1.52380 -4.60000
v -2.61586 1.49221 -4.60000
v -2.84527 1.91177 -4.60000
v -2.74476 1.42201 -4.60000
v -3.03550 1.84521 -4.60000
v -2.85263 1.32239 -4.60000
v -3.20614 1.73798 -4.60000
v -3.34865 1.59548 -4.60000
v -2.93294 1.20021 -4.60000
v -3.45587 1.42483 -4.60000
v -3.52244 1.23461 -4.60000
v -2.97983 1.06865 -4.60000
v -2.39500 0.03434 -4.60000
v -3.54500 1.03434 -4.60000
v -2.99500 0.63434 -4.60000
v -2.99500 0.93434 -4.60000
v -2.52931 0.04950 -4.60000
v -2.66087 0.09640 -4.60000
v -2.98447 0.52177 -4.60000
v -2.95287 0.41348 -4.60000
v -2.78306 0.17671 -4.60000
v -2.88268 0.28458 -4.60000
v 2.00000 1.66434 -4.60000
v -1.00000 1.66434 -4.60000
v 1.73000 1.93434 -4.60000
v -0.73000 1.93434 -4.60000
v -3.64500 0.70934 -4.70000
v -3.64500 1.00934 -4.70000
v -3.64500 1.03434 -4.70000
v 4.68500 0.70934 -5.10000
v 4.68500 1.00934 -5.10000
v -3.61993 1.25686 -4.70000
v -3.54597 1.46822 -4.70000
v -3.42683 1.65783 -4.70000
v -3.26849 1.81617 -4.70000
v -3.07888 1.93531 -4.70000
v -2.86752 2.00926 -4.70000
v -2.64500 2.03434 -4.70000
v -2.17000 2.03434 -4.70000
v -2.18000 2.03434 -4.70000
v -2.60000 2.03434 -4.70000
v -2.17000 2.03434 -4.95000
v -1.80000 1.66434 -4.95000
v -1.00000 1.66434 -4.95000
v -0.63000 2.03434 -4.95000
v -0.63000 2.03434 -4.70000
v 0.72500 2.03434 -4.70000
v 1.63000 2.03434 -4.70000
v 0.27500 2.03434 -4.70000
v 1.63000 2.03434 -4.95000
v 2.00000 1.66434 -4.95000
v 2.80000 1.66434 -4.95000
v 3.17000 2.03434 -4.95000
v 3.17000 2.03434 -4.70000
v 3.22500 2.03434 -4.70000
v 3.64500 2.03434 -4.70000
v 3.86752 2.00926 -4.70000
v 4.07888 1.93531 -4.70000
v 4.26849 1.81617 -4.70000
v 4.42683 1.65783 -4.70000
v 4.54597 1.46822 -4.70000
v 4.61993 1.25686 -4.70000
v -2.39500 1.50096 -4.59624
v -2.39500 1.46925 -4.58515
v -2.39500 1.39919 -4.51508
v -2.49513 1.37305 -4.45000
v -2.39500 1.38810 -4.48338
v -2.39500 1.38434 -4.45000
v -2.96162 0.93434 -4.59624
v -2.92992 0.93434 -4.58515
v -2.85985 0.93434 -4.51508
v -2.84876 0.93434 -4.48338
v -2.83372 1.03447 -4.45000
v -2.84500 0.93434 -4.45000
v -2.65255 1.39371 -4.58084
v -2.74682 1.21491 -4.45000
v -2.80423 1.16378 -4.52336
v -2.80044 1.12958 -4.45000
v -2.49627 1.41778 -4.55607
v -2.39500 1.44081 -4.56727
v -2.39500 1.41706 -4.54352
v -2.56269 1.37250 -4.52336
v -2.59025 1.33977 -4.45000
v -2.62444 1.34357 -4.52336
v -2.65671 1.32372 -4.52336
v -2.67557 1.28616 -4.45000
v -2.73895 1.28883 -4.55607
v -2.77649 1.24808 -4.55607
v -2.82764 1.23462 -4.58084
v -2.85437 1.19189 -4.58084
v -2.88672 1.12292 -4.58084
v -2.87648 1.04457 -4.55607
v -2.87773 0.93434 -4.54352
v -2.90148 0.93434 -4.56727
v -2.58605 1.42511 -4.58084
v -2.96162 0.63434 -4.59624
v -2.92992 0.63434 -4.58515
v -2.90148 0.63434 -4.56727
v -2.87773 0.63434 -4.54352
v -2.85985 0.63434 -4.51508
v -2.84876 0.63434 -4.48338
v -2.84500 0.63434 -4.45000
v -2.83372 0.53420 -4.45000
v -2.39500 0.06771 -4.59624
v -2.39500 0.09942 -4.58515
v -2.39500 0.16948 -4.51508
v -2.39500 0.18058 -4.48338
v -2.49513 0.19562 -4.45000
v -2.39500 0.18434 -4.45000
v -2.85437 0.37679 -4.58084
v -2.67557 0.28251 -4.45000
v -2.62444 0.22511 -4.52336
v -2.59025 0.22890 -4.45000
v -2.87844 0.53306 -4.55607
v -2.83317 0.46665 -4.52336
v -2.80044 0.43909 -4.45000
v -2.80423 0.40490 -4.52336
v -2.78438 0.37262 -4.52336
v -2.74682 0.35377 -4.45000
v -2.74950 0.29038 -4.55607
v -2.70874 0.25284 -4.55607
v -2.69529 0.20169 -4.58084
v -2.65255 0.17497 -4.58084
v -2.58358 0.14261 -4.58084
v -2.50523 0.15286 -4.55607
v -2.39500 0.15161 -4.54352
v -2.39500 0.12786 -4.56727
v -2.88577 0.44329 -4.58084
v 3.39500 0.06771 -4.59624
v 3.39500 0.09942 -4.58515
v 3.39500 0.12786 -4.56727
v 3.39500 0.15161 -4.54352
v 3.39500 0.16948 -4.51508
v 3.39500 0.18058 -4.48338
v 3.39500 0.18434 -4.45000
v 3.49513 0.19562 -4.45000
v 3.96162 0.63434 -4.59624
v 3.92992 0.63434 -4.58515
v 3.85985 0.63434 -4.51508
v 3.84876 0.63434 -4.48338
v 3.83372 0.53420 -4.45000
v 3.84500 0.63434 -4.45000
v 3.65255 0.17497 -4.58084
v 3.74682 0.35377 -4.45000
v 3.80423 0.40490 -4.52336
v 3.80044 0.43909 -4.45000
v 3.49627 0.15090 -4.55607
v 3.56269 0.19617 -4.52336
v 3.59025 0.22890 -4.45000
v 3.62444 0.22511 -4.52336
v 3.65671 0.24496 -4.52336
v 3.67557 0.28251 -4.45000
v 3.73895 0.27984 -4.55607
v 3.77649 0.32060 -4.55607
v 3.82764 0.33405 -4.58084
v 3.85437 0.37679 -4.58084
v 3.88672 0.44576 -4.58084
v 3.87648 0.52410 -4.55607
v 3.87773 0.63434 -4.54352
v 3.90148 0.63434 -4.56727
v 3.58605 0.14357 -4.58084
v 3.96162 0.93434 -4.59624
v 3.92992 0.93434 -4.58515
v 3.90148 0.93434 -4.56727
v 3.87773 0.93434 -4.54352
v 3.85985 0.93434 -4.51508
v 3.84876 0.93434 -4.48338
v 3.84500 0.93434 -4.45000
v 3.83372 1.03447 -4.45000
v 3.39500 1.50096 -4.59624
v 3.39500 1.46925 -4.58515
v 3.39500 1.39919 -4.51508
v 3.39500 1.38810 -4.48338
v 3.49513 1.37305 -4.45000
v 3.39500 1.38434 -4.45000
v 3.85437 1.19189 -4.58084
v 3.67557 1.28616 -4.45000
v 3.62444 1.34357 -4.52336
v 3.59025 1.33977 -4.45000
v 3.87844 1.03561 -4.55607
v 3.83317 1.10203 -4.52336
v 3.80044 1.12958 -4.45000
v 3.80423 1.16378 -4.52336
v 3.78438 1.19605 -4.52336
v 3.74682 1.21491 -4.45000
v 3.74950 1.27829 -4.55607
v 3.70874 1.31583 -4.55607
v 3.69529 1.36698 -4.58084
v 3.65255 1.39371 -4.58084
v 3.58358 1.42606 -4.58084
v 3.50523 1.41581 -4.55607
v 3.39500 1.41706 -4.54352
v 3.39500 1.44081 -4.56727
v 3.88577 1.12538 -4.58084
v -3.68500 1.00934 -5.10000
v -3.68500 0.70934 -5.10000
v -2.18000 2.06434 -5.00000
v -2.60000 2.06434 -5.00000
v 0.72500 2.06434 -5.00000
v 0.27500 2.06434 -5.00000
v 3.64500 2.06434 -5.00000
v 3.22500 2.06434 -5.00000
v -2.39500 0.18434 -3.25000
v 3.39500 0.18434 -3.25000
v -2.39500 1.38434 -3.25000
v 3.39500 1.38434 -3.25000
v 3.72271 0.32594 -3.10839
v 3.63708 0.25500 -3.17934
v 3.55391 0.21333 -3.22101
v 3.47463 0.19144 -3.24290
v 3.43455 0.18608 -3.24826
v -2.67408 0.28133 -3.15301
v -2.72953 0.33335 -3.10098
v -2.76776 0.38224 -3.05209
v -2.61001 0.23903 -3.19531
v -2.54004 0.20835 -3.22599
v -2.46732 0.19019 -3.24415
v -2.72271 1.24273 -3.10839
v -2.63708 1.31368 -3.17934
v -2.55391 1.35535 -3.22101
v -2.47463 1.37723 -3.24290
v -2.43455 1.38259 -3.24826
v 3.46732 1.37849 -3.24415
v 3.54004 1.36032 -3.22599
v 3.61001 1.32965 -3.19531
v 3.67408 1.28735 -3.15301
v 3.72953 1.23532 -3.10098
v 3.76776 1.18643 -3.05209
v -0.92500 1.13434 -0.61000
v -0.62000 1.13434 -0.61000
v 3.53500 0.85934 -2.80000
v 3.53719 0.85934 -2.82079
v 3.53500 1.10934 -2.80000
v 3.53751 1.10934 -2.82225
v 3.53500 0.45934 -2.80000
v 3.53719 0.70934 -2.82079
v 3.53500 0.70934 -2.80000
v 3.54365 0.85934 -2.84067
v 3.54490 1.10934 -2.84339
v 3.53751 0.45934 -2.82225
v 3.54365 0.70934 -2.84067
v 3.55410 0.85934 -2.85878
v 3.55682 1.10934 -2.86235
v 3.54490 0.45934 -2.84339
v 3.55410 0.70934 -2.85878
v 3.56809 0.85934 -2.87431
v 3.57265 1.10934 -2.87818
v 3.55682 0.45934 -2.86235
v 3.56809 0.70934 -2.87431
v 3.58500 0.85934 -2.88660
v 3.59161 1.10934 -2.89010
v 3.61275 1.10934 -2.89749
v 3.58500 0.70934 -2.88660
v 3.57265 0.45934 -2.87818
v 3.59161 0.45934 -2.89010
v 3.61275 0.45934 -2.89749
v -0.62000 0.43834 -0.60800
v -2.74399 0.45934 -0.65000
v 3.38000 0.45934 -0.65000
v 3.74399 0.45934 -0.65000
v 3.38000 0.43834 -0.60800
v 3.07500 0.43834 -0.60800
v 1.92500 0.43834 -0.60800
v 3.07500 0.45934 -0.65000
v 1.92500 0.45934 -0.65000
v 1.62000 0.43834 -0.60800
v 1.92550 0.45934 -3.00000
v 3.07400 0.45934 -2.90000
v 1.92600 0.45934 -2.90000
v 3.07450 0.45934 -3.00000
v 1.11950 0.45934 -3.00000
v 1.38050 0.45934 -3.00000
v 1.61950 0.45934 -0.60000
v 1.61950 0.45934 -3.00000
v -0.62000 0.45934 -0.60000
v -0.62000 0.45934 -3.00000
v -0.38000 0.45934 -3.00000
v -0.11950 0.45934 -3.00000
v 0.12000 0.45934 -3.00000
v 0.38050 0.45934 -3.00000
v 0.62000 0.45934 -3.00000
v 0.88050 0.45934 -3.00000
v -2.59252 1.10941 -0.27508
v -2.59252 0.45926 -0.27508
v -2.74399 1.10934 -0.65000
v -2.84500 1.10934 -0.90000
v -2.84500 0.45934 -0.90000
v 3.40708 0.58434 -0.15000
v 3.59252 0.45926 -0.27508
v 3.56438 0.50785 -0.22649
v 3.53080 0.54148 -0.19286
v 3.49306 0.56491 -0.16943
v 3.45598 0.57826 -0.15607
v 3.43136 0.58286 -0.15148
v -2.40708 0.58434 -0.15000
v -2.57998 0.48485 -0.24948
v -2.56334 0.50916 -0.22518
v -2.47566 0.57221 -0.16213
v -2.44126 0.58139 -0.15294
v -2.53829 0.53528 -0.19905
v -2.50858 0.55667 -0.17767
v 3.74399 1.10934 -0.65000
v 3.84500 0.45934 -0.90000
v 3.84500 1.10934 -0.90000
v 3.59252 1.10941 -0.27508
v 3.38000 0.45934 -3.00000
v -2.61275 1.10934 -2.89749
v -2.59161 1.10934 -2.89010
v -2.58500 0.85934 -2.88660
v -2.57265 1.10934 -2.87818
v -2.61275 0.45934 -2.89749
v -2.58500 0.70934 -2.88660
v -2.56809 0.85934 -2.87431
v -2.55682 1.10934 -2.86235
v -2.59161 0.45934 -2.89010
v -2.55410 0.85934 -2.85878
v -2.54490 1.10934 -2.84339
v -2.57265 0.45934 -2.87818
v -2.56809 0.70934 -2.87431
v -2.54365 0.85934 -2.84067
v -2.53751 1.10934 -2.82225
v -2.55682 0.45934 -2.86235
v -2.55410 0.70934 -2.85878
v -2.53719 0.85934 -2.82079
v -2.53500 1.10934 -2.80000
v -2.54490 0.45934 -2.84339
v -2.54365 0.70934 -2.84067
v -2.53500 0.85934 -2.80000
v -2.53751 0.45934 -2.82225
v -2.53719 0.70934 -2.82079
v -2.53500 0.45934 -2.80000
v -2.53500 0.70934 -2.80000
v 1.62000 1.13034 -0.60800
v -2.07400 1.10934 -2.90000
v -0.92600 1.10934 -2.90000
v -2.07500 1.10934 -0.65000
v -2.07500 1.13034 -0.60800
v -2.07500 1.10934 -3.00000
v -0.62000 1.13034 -0.60800
v -0.92500 1.13034 -0.60800
v -0.92500 1.10934 -0.65000
v -2.38000 1.10934 -0.65000
v -2.38000 1.13034 -0.60800
v -0.92500 1.10934 -3.00000
v 3.40708 0.98434 -0.15000
v 3.44126 0.98728 -0.15294
v 3.47566 0.99646 -0.16213
v 3.50858 1.01201 -0.17767
v 3.53829 1.03339 -0.19905
v 3.56334 1.05951 -0.22518
v 3.57998 1.08382 -0.24948
v -2.40708 0.98434 -0.15000
v -2.45598 0.99041 -0.15607
v -2.43136 0.98582 -0.15148
v -2.56438 1.06082 -0.22649
v -2.49306 1.00376 -0.16943
v -2.53080 1.02720 -0.19286
v -2.38000 1.10934 -3.00000
v -0.11950 1.10934 -3.00000
v -0.38000 1.10934 -3.00000
v -0.61900 1.10934 -2.90000
v -0.38100 1.10934 -2.90000
v -0.62000 1.10934 -0.60000
v -0.62000 1.10934 -3.00000
v 1.61950 1.10934 -0.60000
v 1.61950 1.10934 -3.00000
v 1.38050 1.10934 -3.00000
v 1.11950 1.10934 -3.00000
v 0.88100 1.10934 -2.90000
v 1.11900 1.10934 -2.90000
v 0.88050 1.10934 -3.00000
v 0.62000 1.10934 -3.00000
v 0.38100 1.10934 -2.90000
v 0.61900 1.10934 -2.90000
v 0.38050 1.10934 -3.00000
v 0.12000 1.10934 -3.00000
v -0.11900 1.10934 -2.90000
v 0.11900 1.10934 -2.90000
v -2.07400 0.45934 -3.00000
v -0.92600 0.45934 -3.00000
v -0.61900 0.45934 -0.60000
v -0.61900 0.45934 -3.00000
v -0.38100 0.45934 -3.00000
v 0.11900 0.45934 -3.00000
v 0.61900 0.45934 -3.00000
v -2.84500 0.45934 -1.30000
v -2.63500 0.45934 -1.30000
v -2.61275 0.45934 -1.30251
v -2.59161 0.45934 -1.30990
v -2.57265 0.45934 -1.32182
v -2.55682 0.45934 -1.33765
v -2.54490 0.45934 -1.35661
v -2.53751 0.45934 -1.37775
v -2.53500 0.45934 -1.40000
v -2.38100 0.45934 -3.00000
v -2.84500 1.10934 -1.30000
v 3.84500 1.10934 -1.30000
v 3.84500 0.45934 -1.30000
v 3.55682 0.45934 -1.33765
v 3.57265 0.45934 -1.32182
v 3.59161 0.45934 -1.30990
v 3.54490 0.45934 -1.35661
v 3.61275 0.45934 -1.30251
v 3.53751 0.45934 -1.37775
v 3.63500 0.45934 -1.30000
v 3.53500 0.45934 -1.40000
v 3.38100 0.45934 -3.00000
v -0.92600 1.10934 -3.00000
v -2.07400 1.10934 -3.00000
v 3.38100 1.10934 -3.00000
v 3.53500 1.10934 -1.40000
v 3.61275 1.10934 -1.30251
v 3.63500 1.10934 -1.30000
v 3.53751 1.10934 -1.37775
v 3.54490 1.10934 -1.35661
v 3.55682 1.10934 -1.33765
v 3.57265 1.10934 -1.32182
v 3.59161 1.10934 -1.30990
v -2.38100 1.10934 -3.00000
v -2.53500 1.10934 -1.40000
v -2.61275 1.10934 -1.30251
v -2.59161 1.10934 -1.30990
v -2.57265 1.10934 -1.32182
v -2.55682 1.10934 -1.33765
v -2.54490 1.10934 -1.35661
v -2.53751 1.10934 -1.37775
v -2.63500 1.10934 -1.30000
v 0.11900 1.10934 -3.00000
v -0.38100 1.10934 -3.00000
v -0.61900 1.10934 -3.00000
v -0.61900 1.10934 -0.60000
v 0.61900 1.10934 -3.00000
v 0.05000 2.03434 -5.60000
v -0.55000 2.03434 -5.60000
v 0.05000 2.03434 -5.10000
v -0.55000 2.03434 -5.10000
v -2.63500 0.85934 -1.30000
v -2.82500 0.85934 -1.30000
v -2.63500 0.70934 -1.30000
v -2.82500 0.70934 -1.30000
v -2.53500 0.70934 -1.40000
v -2.53751 0.70934 -1.37775
v -2.54490 0.70934 -1.35661
v -2.55682 0.70934 -1.33765
v -2.57265 0.70934 -1.32182
v -2.59161 0.70934 -1.30990
v -2.61275 0.70934 -1.30251
v 3.82500 0.85934 -1.30000
v 3.63500 0.85934 -1.30000
v 3.82500 0.70934 -1.30000
v 3.63500 0.70934 -1.30000
v 3.53500 0.70934 -1.40000
v 3.61275 0.70934 -1.30251
v 3.59161 0.70934 -1.30990
v 3.57265 0.70934 -1.32182
v 3.55682 0.70934 -1.33765
v 3.54490 0.70934 -1.35661
v 3.53751 0.70934 -1.37775
v 3.61275 0.85934 -1.30251
v 3.59161 0.85934 -1.30990
v 3.57265 0.85934 -1.32182
v 3.55682 0.85934 -1.33765
v 3.54490 0.85934 -1.35661
v 3.53751 0.85934 -1.37775
v 3.53500 0.85934 -1.40000
v -2.53500 0.85934 -1.40000
v -2.53751 0.85934 -1.37775
v -2.54490 0.85934 -1.35661
v -2.55682 0.85934 -1.33765
v -2.57265 0.85934 -1.32182
v -2.59161 0.85934 -1.30990
v -2.61275 0.85934 -1.30251
v 0.05000 1.38434 -5.60000
v 0.05000 1.38434 -5.10000
v -0.55000 1.38434 -5.10000
v -0.55000 1.38434 -5.60000
v -2.82500 0.70934 -1.40000
v -2.82500 0.85934 -1.40000
v -2.58751 0.70934 -1.47775
v -2.58500 0.70934 -1.50000
v -2.59490 0.70934 -1.45661
v -2.60682 0.70934 -1.43765
v -2.62265 0.70934 -1.42182
v -2.64161 0.70934 -1.40990
v -2.68500 0.70934 -1.40000
v -2.66275 0.70934 -1.40251
v 3.82500 0.70934 -1.40000
v 3.82500 0.85934 -1.40000
v 3.68500 0.70934 -1.40000
v 3.58500 0.70934 -1.50000
v 3.58751 0.70934 -1.47775
v 3.59490 0.70934 -1.45661
v 3.60682 0.70934 -1.43765
v 3.62265 0.70934 -1.42182
v 3.64161 0.70934 -1.40990
v 3.66275 0.70934 -1.40251
v 3.68500 0.85934 -1.40000
v 3.58500 0.85934 -1.50000
v 3.58751 0.85934 -1.47775
v 3.59490 0.85934 -1.45661
v 3.60682 0.85934 -1.43765
v 3.62265 0.85934 -1.42182
v 3.64161 0.85934 -1.40990
v 3.66275 0.85934 -1.40251
v -2.58751 0.85934 -1.47775
v -2.58500 0.85934 -1.50000
v -2.59490 0.85934 -1.45661
v -2.60682 0.85934 -1.43765
v -2.62265 0.85934 -1.42182
v -2.64161 0.85934 -1.40990
v -2.68500 0.85934 -1.40000
v -2.66275 0.85934 -1.40251
v 1.55000 2.03434 -5.60000
v 1.55000 2.03434 -5.10000
v 0.95000 2.03434 -5.60000
v 0.95000 2.03434 -5.10000
v 1.55000 1.38434 -5.60000
v 0.95000 1.38434 -5.60000
v 1.55000 1.38434 -5.10000
v 0.95000 1.38434 -5.10000
v 1.15000 -0.77566 -3.23000
v 1.18560 -0.49566 -3.23401
v 1.18560 -0.77566 -3.23401
v 1.15000 -0.49566 -3.23000
v 1.21942 -0.49566 -3.24585
v 1.21942 -0.77566 -3.24585
v 1.24976 -0.49566 -3.26491
v 1.24976 -0.77566 -3.26491
v 1.27509 -0.49566 -3.29024
v 1.27509 -0.77566 -3.29024
v 1.29416 -0.49566 -3.32058
v 1.29416 -0.77566 -3.32058
v 1.30599 -0.49566 -3.35440
v 1.30599 -0.77566 -3.35440
v 1.31000 -0.49566 -3.39000
v 1.31000 -0.77566 -3.39000
v 0.67431 -0.49566 -2.00986
v 0.65000 -0.49566 -2.00774
v 0.65000 -0.77566 -2.00774
v 0.67431 -0.77566 -2.00986
v 0.69788 -0.49566 -2.01618
v 0.69788 -0.77566 -2.01618
v 0.72000 -0.49566 -2.02649
v 0.72000 -0.77566 -2.02649
v 1.15000 -0.77566 -0.95000
v 1.18560 -0.49566 -0.95401
v 1.18560 -0.77566 -0.95401
v 1.15000 -0.49566 -0.95000
v 1.21942 -0.49566 -0.96584
v 1.21942 -0.77566 -0.96584
v 1.24976 -0.49566 -0.98491
v 1.24976 -0.77566 -0.98491
v 1.27509 -0.49566 -1.01024
v 1.27509 -0.77566 -1.01024
v 1.29416 -0.49566 -1.04058
v 1.29416 -0.77566 -1.04058
v 1.30599 -0.49566 -1.07440
v 1.30599 -0.77566 -1.07440
v 1.31000 -0.49566 -1.11000
v 1.31000 -0.77566 -1.11000
v 0.67431 -0.49566 -4.28986
v 0.65000 -0.49566 -4.28773
v 0.65000 -0.77566 -4.28773
v 0.67431 -0.77566 -4.28986
v 0.69788 -0.49566 -4.29618
v 0.69788 -0.77566 -4.29618
v 0.72000 -0.49566 -4.30649
v 0.72000 -0.77566 -4.30649
v 1.18115 -0.49566 -0.97351
v 1.15000 -0.49566 -0.97000
v 1.15000 -0.77566 -0.97000
v 1.18115 -0.77566 -0.97351
v 1.21074 -0.49566 -0.98386
v 1.21074 -0.77566 -0.98386
v 1.23729 -0.49566 -1.00054
v 1.23729 -0.77566 -1.00054
v 1.25946 -0.49566 -1.02271
v 1.25946 -0.77566 -1.02271
v 1.27614 -0.49566 -1.04926
v 1.27614 -0.77566 -1.04926
v 1.28649 -0.49566 -1.07885
v 1.28649 -0.77566 -1.07885
v 1.29000 -0.49566 -1.11000
v 1.29000 -0.77566 -1.11000
v 0.65000 -0.77566 -1.98774
v 0.67778 -0.49566 -1.99017
v 0.67778 -0.77566 -1.99017
v 0.65000 -0.49566 -1.98774
v 0.70472 -0.49566 -1.99738
v 0.70472 -0.77566 -1.99738
v 0.73000 -0.49566 -2.00917
v 0.73000 -0.77566 -2.00917
v 1.15000 -0.49566 -3.25000
v 1.15000 -0.77566 -3.25000
v 1.18115 -0.77566 -3.25351
v 1.18115 -0.49566 -3.25351
v 1.21074 -0.77566 -3.26386
v 1.21074 -0.49566 -3.26386
v 1.23729 -0.49566 -3.28054
v 1.23729 -0.77566 -3.28054
v 1.25946 -0.49566 -3.30271
v 1.25946 -0.77566 -3.30271
v 1.27614 -0.49566 -3.32926
v 1.27614 -0.77566 -3.32926
v 1.28649 -0.49566 -3.35885
v 1.28649 -0.77566 -3.35885
v 1.29000 -0.49566 -3.39000
v 1.29000 -0.77566 -3.39000
v 0.65000 -0.77566 -4.26774
v 0.67778 -0.49566 -4.27017
v 0.67778 -0.77566 -4.27017
v 0.65000 -0.49566 -4.26774
v 0.70472 -0.49566 -4.27738
v 0.70472 -0.77566 -4.27738
v 0.73000 -0.77566 -4.28917
v 0.73000 -0.49566 -4.28917
v 4.74269 0.71971 -5.64585
v 4.67000 0.78901 -5.68642
v 4.73306 0.69667 -5.66821
v 4.67000 0.72537 -5.72450
v 4.72591 0.66886 -5.68540
v 4.67000 0.65434 -5.74580
v 4.72150 0.63756 -5.69626
v 4.67068 0.62951 -5.74824
v 4.72000 0.60434 -5.70000
v 4.67251 0.60434 -5.74749
v 4.67000 0.80740 -5.22918
v 4.74500 0.70196 -5.24728
v 4.67000 0.74703 -5.18611
v 4.67000 0.67793 -5.15917
v 4.67000 0.60434 -5.15000
v 4.82000 0.60434 -5.30000
v 4.82000 0.66942 -5.31485
v 4.82000 0.69786 -5.33273
v 4.82000 0.63771 -5.30376
v 4.74500 0.78025 -5.30971
v 4.67000 0.88800 -5.35234
v 4.67000 0.85537 -5.28574
v 4.82000 0.72161 -5.35648
v 4.82000 0.73948 -5.38492
v 4.67000 0.90329 -5.42491
v 4.74500 0.82370 -5.39993
v 4.82000 0.75058 -5.41662
v 4.82000 0.75434 -5.45000
v 4.67000 0.87924 -5.57012
v 4.74500 0.82370 -5.50007
v 4.67000 0.90030 -5.49902
v 4.80939 0.75434 -5.50730
v 4.78972 0.75434 -5.55000
v 4.81715 0.75434 -5.47915
v 4.74500 0.78025 -5.59029
v 4.67000 0.84137 -5.63389
v 4.75445 0.73709 -5.61981
v 4.76805 0.74850 -5.59142
v 4.77856 0.75289 -5.57074
v -3.73306 0.59667 -2.73179
v -3.67000 0.64375 -2.68436
v -3.72591 0.56886 -2.71460
v -3.74269 0.61971 -2.75415
v -3.67000 0.70327 -2.72545
v -3.67000 0.57613 -2.65872
v -3.72150 0.53756 -2.70374
v -3.67000 0.50434 -2.65000
v -3.72000 0.50434 -2.70000
v -3.67000 0.70327 -3.17455
v -3.74500 0.60196 -3.15272
v -3.67000 0.64375 -3.21564
v -3.67000 0.57613 -3.24128
v -3.67000 0.50434 -3.25000
v -3.82000 0.50434 -3.10000
v -3.82000 0.56942 -3.08515
v -3.82000 0.59786 -3.06727
v -3.82000 0.53771 -3.09624
v -3.67000 0.78484 -3.05638
v -3.74500 0.68025 -3.09029
v -3.67000 0.75123 -3.12042
v -3.82000 0.62161 -3.04352
v -3.82000 0.63948 -3.01508
v -3.67000 0.80215 -2.98616
v -3.74500 0.72370 -3.00007
v -3.82000 0.65058 -2.98338
v -3.82000 0.65434 -2.95000
v -3.67000 0.78484 -2.84362
v -3.74500 0.72370 -2.89993
v -3.67000 0.80215 -2.91384
v -3.81597 0.65434 -2.91515
v -3.80519 0.65434 -2.88170
v -3.78972 0.65434 -2.85000
v -3.74500 0.68025 -2.80971
v -3.67000 0.75123 -2.77958
v -3.75445 0.63709 -2.78019
v -3.76805 0.64850 -2.80858
v -3.77856 0.65289 -2.82926
v -3.67251 0.60434 -5.74749
v -3.67062 0.62936 -5.74833
v -3.72000 0.60434 -5.70000
v -3.72128 0.63484 -5.69677
v -3.67000 0.65434 -5.74580
v -3.72499 0.66370 -5.68755
v -3.73168 0.69220 -5.67145
v -3.67000 0.72537 -5.72450
v -3.74088 0.71616 -5.64997
v -3.67000 0.78901 -5.68642
v -3.75366 0.73613 -5.62153
v -3.67000 0.87924 -5.57012
v -3.74500 0.78025 -5.59029
v -3.67000 0.84137 -5.63389
v -3.77051 0.74977 -5.58650
v -3.78972 0.75434 -5.55000
v -3.81597 0.75434 -5.48485
v -3.74500 0.82370 -5.50007
v -3.82000 0.75434 -5.45000
v -3.80519 0.75434 -5.51830
v -3.67000 0.90329 -5.42491
v -3.67000 0.90030 -5.49902
v -3.74500 0.82370 -5.39993
v -3.82000 0.75058 -5.41662
v -3.82000 0.73948 -5.38492
v -3.67000 0.88800 -5.35234
v -3.82000 0.72161 -5.35648
v -3.74500 0.78025 -5.30971
v -3.82000 0.69786 -5.33273
v -3.67000 0.80740 -5.22918
v -3.67000 0.85537 -5.28574
v -3.74500 0.70196 -5.24728
v -3.82000 0.63771 -5.30376
v -3.82000 0.60434 -5.30000
v -3.82000 0.66942 -5.31485
v -3.67000 0.60434 -5.15000
v -3.67000 0.67793 -5.15917
v -3.67000 0.74703 -5.18611
v 4.72000 0.50434 -2.70000
v 4.67000 0.50434 -2.65000
v 4.72127 0.53484 -2.70323
v 4.67000 0.57613 -2.65872
v 4.72499 0.56370 -2.71245
v 4.73168 0.59220 -2.72855
v 4.67000 0.64375 -2.68436
v 4.74088 0.61616 -2.75003
v 4.67000 0.70327 -2.72545
v 4.75366 0.63613 -2.77847
v 4.67000 0.78484 -2.84362
v 4.74500 0.68025 -2.80971
v 4.67000 0.75123 -2.77958
v 4.77051 0.64977 -2.81350
v 4.78972 0.65434 -2.85000
v 4.74500 0.72370 -2.89993
v 4.80939 0.65434 -2.89270
v 4.81715 0.65434 -2.92085
v 4.82000 0.65434 -2.95000
v 4.67000 0.80215 -2.91384
v 4.82000 0.65058 -2.98338
v 4.74500 0.72370 -3.00007
v 4.82000 0.63948 -3.01508
v 4.67000 0.78484 -3.05638
v 4.67000 0.80215 -2.98616
v 4.82000 0.62161 -3.04352
v 4.74500 0.68025 -3.09029
v 4.82000 0.59786 -3.06727
v 4.67000 0.70327 -3.17455
v 4.67000 0.75123 -3.12042
v 4.82000 0.53771 -3.09624
v 4.74500 0.60196 -3.15272
v 4.82000 0.50434 -3.10000
v 4.82000 0.56942 -3.08515
v 4.67000 0.50434 -3.25000
v 4.67000 0.57613 -3.24128
v 4.67000 0.64375 -3.21564
v 1.12569 -0.49566 -4.50787
v 1.15000 -0.49566 -4.51000
v 1.15000 -0.77566 -4.51000
v 1.12569 -0.77566 -4.50787
v 1.10212 -0.49566 -4.50156
v 1.10212 -0.77566 -4.50156
v 1.08000 -0.49566 -4.49124
v 1.08000 -0.77566 -4.49124
v 0.73000 -0.77566 -3.47083
v 0.73000 -0.49566 -3.47083
v 0.70472 -0.77566 -3.48262
v 0.70472 -0.49566 -3.48262
v 0.67778 -0.77566 -3.48983
v 0.67778 -0.49566 -3.48983
v 0.65000 -0.77566 -3.49226
v 0.65000 -0.49566 -3.49226
v 1.12569 -0.49566 -2.22787
v 1.15000 -0.49566 -2.23000
v 1.15000 -0.77566 -2.23000
v 1.12569 -0.77566 -2.22787
v 1.10212 -0.49566 -2.22156
v 1.10212 -0.77566 -2.22156
v 1.08000 -0.77566 -2.21124
v 1.08000 -0.49566 -2.21124
v 0.73000 -0.49566 -1.19083
v 0.70472 -0.49566 -1.20262
v 0.73000 -0.77566 -1.19083
v 0.70472 -0.77566 -1.20262
v 0.67778 -0.77566 -1.20983
v 0.67778 -0.49566 -1.20983
v 0.65000 -0.77566 -1.21227
v 0.65000 -0.49566 -1.21227
v 0.61885 -0.49566 -1.18875
v 0.65000 -0.49566 -1.19226
v 0.65000 -0.77566 -1.19226
v 0.61885 -0.77566 -1.18875
v 0.58926 -0.49566 -1.17840
v 0.58926 -0.77566 -1.17840
v 0.56271 -0.49566 -1.16172
v 0.56271 -0.77566 -1.16172
v 0.54054 -0.49566 -1.13955
v 0.54054 -0.77566 -1.13955
v 0.52386 -0.49566 -1.11301
v 0.52386 -0.77566 -1.11301
v 0.51351 -0.49566 -1.08342
v 0.51351 -0.77566 -1.08342
v 0.51000 -0.49566 -1.05226
v 0.51000 -0.77566 -1.05226
v 1.31000 -0.49566 -2.09000
v 1.30599 -0.49566 -2.12560
v 1.31000 -0.77566 -2.09000
v 1.30599 -0.77566 -2.12560
v 1.29416 -0.49566 -2.15942
v 1.29416 -0.77566 -2.15942
v 1.27509 -0.49566 -2.18976
v 1.27509 -0.77566 -2.18976
v 1.24976 -0.49566 -2.21509
v 1.24976 -0.77566 -2.21509
v 1.21942 -0.49566 -2.23415
v 1.21942 -0.77566 -2.23415
v 1.18560 -0.49566 -2.24599
v 1.18560 -0.77566 -2.24599
v 1.15000 -0.49566 -2.25000
v 1.15000 -0.77566 -2.25000
v 0.61885 -0.49566 -3.46875
v 0.65000 -0.49566 -3.47227
v 0.65000 -0.77566 -3.47227
v 0.61885 -0.77566 -3.46875
v 0.58926 -0.49566 -3.45840
v 0.58926 -0.77566 -3.45840
v 0.56271 -0.49566 -3.44172
v 0.56271 -0.77566 -3.44172
v 0.54054 -0.49566 -3.41955
v 0.54054 -0.77566 -3.41955
v 0.52386 -0.49566 -3.39301
v 0.52386 -0.77566 -3.39301
v 0.51351 -0.49566 -3.36342
v 0.51351 -0.77566 -3.36342
v 0.51000 -0.49566 -3.33226
v 0.51000 -0.77566 -3.33226
v 1.31000 -0.49566 -4.37000
v 1.30599 -0.49566 -4.40560
v 1.31000 -0.77566 -4.37000
v 1.30599 -0.77566 -4.40560
v 1.29416 -0.49566 -4.43942
v 1.29416 -0.77566 -4.43942
v 1.27509 -0.49566 -4.46976
v 1.27509 -0.77566 -4.46976
v 1.24976 -0.49566 -4.49509
v 1.24976 -0.77566 -4.49509
v 1.21942 -0.49566 -4.51415
v 1.21942 -0.77566 -4.51415
v 1.18560 -0.49566 -4.52599
v 1.18560 -0.77566 -4.52599
v 1.15000 -0.49566 -4.53000
v 1.15000 -0.77566 -4.53000
v -2.11352 2.36434 -5.53273
v -2.13727 2.36434 -5.55648
v -2.11000 2.36434 -4.95000
v -2.08508 2.36434 -5.51485
v -2.15515 2.36434 -5.58492
v -2.05338 2.36434 -5.50376
v -2.16624 2.36434 -5.61662
v -2.02000 2.36434 -5.50000
v -2.11000 2.36434 -4.55000
v -2.72000 2.36434 -6.50000
v -2.72000 2.36434 0.00000
v -2.17000 2.36434 -5.65000
v -0.69000 2.36434 -4.55000
v -2.17000 2.36434 -6.20000
v -2.47000 2.36434 -6.50000
v -2.19971 2.36434 -6.33016
v -2.17752 2.36434 -6.26676
v -2.33983 2.36434 -6.47029
v -2.40324 2.36434 -6.49248
v -2.28295 2.36434 -6.43455
v -2.23545 2.36434 -6.38705
v -0.82000 2.36434 -5.50000
v -0.69000 2.36434 -4.95000
v -0.78662 2.36434 -5.50376
v -0.75492 2.36434 -5.51485
v -0.72648 2.36434 -5.53273
v -0.70273 2.36434 -5.55648
v -0.68485 2.36434 -5.58492
v -0.67376 2.36434 -5.61662
v -0.78662 2.36434 -5.87124
v -0.82000 2.36434 -6.42500
v -0.82000 2.36434 -5.87500
v -0.75492 2.36434 -5.86015
v -0.61394 2.36434 -6.42500
v -0.50055 2.36434 -6.40275
v -0.55616 2.36434 -6.41938
v -0.72648 2.36434 -5.84227
v -0.40398 2.36434 -6.33929
v -0.44918 2.36434 -6.37571
v -0.70273 2.36434 -5.81852
v -0.38214 2.36434 -6.32234
v -0.68485 2.36434 -5.79008
v -0.35700 2.36434 -6.31085
v -0.32989 2.36434 -6.30541
v -0.30226 2.36434 -6.30632
v -0.67376 2.36434 -5.75838
v -0.27557 2.36434 -6.31353
v -0.67000 2.36434 -5.65000
v -0.67000 2.36434 -5.72500
v -0.25124 2.36434 -6.32665
v 1.69000 2.36434 -4.55000
v 3.72000 2.36434 0.00000
v 1.69000 2.36434 -4.95000
v 1.72648 2.36434 -5.53273
v 1.70273 2.36434 -5.55648
v 1.75492 2.36434 -5.51485
v 1.68485 2.36434 -5.58492
v 1.78662 2.36434 -5.50376
v 1.67376 2.36434 -5.61662
v 1.82000 2.36434 -5.50000
v 1.67000 2.36434 -5.65000
v 1.25124 2.36434 -6.32665
v -0.23056 2.36434 -6.34500
v 1.23056 2.36434 -6.34500
v 1.27557 2.36434 -6.31353
v 1.67376 2.36434 -5.75838
v 1.67000 2.36434 -5.72500
v 1.30226 2.36434 -6.30632
v 1.68485 2.36434 -5.79008
v 1.32989 2.36434 -6.30541
v 3.11000 2.36434 -4.55000
v 1.70273 2.36434 -5.81852
v 1.35700 2.36434 -6.31085
v 1.72648 2.36434 -5.84227
v 1.38214 2.36434 -6.32234
v 1.75492 2.36434 -5.86015
v 1.40398 2.36434 -6.33929
v 1.50055 2.36434 -6.40275
v 1.44918 2.36434 -6.37571
v 1.55616 2.36434 -6.41938
v 1.78662 2.36434 -5.87124
v 1.61394 2.36434 -6.42500
v 3.11000 2.36434 -4.95000
v 1.82000 2.36434 -5.87500
v 1.82000 2.36434 -6.42500
v 3.02000 2.36434 -5.50000
v 3.05338 2.36434 -5.50376
v 3.08508 2.36434 -5.51485
v 3.11352 2.36434 -5.53273
v 3.13727 2.36434 -5.55648
v 3.15515 2.36434 -5.58492
v 3.16624 2.36434 -5.61662
v 3.17000 2.36434 -6.20000
v 3.19971 2.36434 -6.33016
v 3.17752 2.36434 -6.26676
v 3.23545 2.36434 -6.38705
v 3.28295 2.36434 -6.43455
v 3.47000 2.36434 -6.50000
v 3.33983 2.36434 -6.47029
v 3.40324 2.36434 -6.49248
v 3.72000 2.36434 -6.50000
v 3.17000 2.36434 -5.65000
v 2.61147 2.07291 -4.95000
v 2.60544 2.06713 -4.95000
v 2.60849 2.06999 -4.95000
v 2.60234 2.06434 -4.95000
v 2.19766 2.06434 -4.95000
v 2.19151 2.06999 -4.95000
v 2.19456 2.06713 -4.95000
v 2.83221 2.28007 -4.95000
v 2.04355 2.21789 -4.95000
v 2.75645 2.21789 -4.95000
v 2.18853 2.07291 -4.95000
v 1.96779 2.28007 -4.95000
v 2.91866 2.32628 -4.95000
v 1.88134 2.32628 -4.95000
v 3.01245 2.35473 -4.95000
v 1.78755 2.35473 -4.95000
v 3.01245 2.35473 -4.55000
v 2.91866 2.32628 -4.55000
v 2.83221 2.28007 -4.55000
v 2.75645 2.21789 -4.55000
v 2.18853 2.07291 -4.55000
v 2.19456 2.06713 -4.55000
v 2.19151 2.06999 -4.55000
v 2.19766 2.06434 -4.55000
v 2.60234 2.06434 -4.55000
v 2.60849 2.06999 -4.55000
v 2.60544 2.06713 -4.55000
v 2.04355 2.21789 -4.55000
v 2.61147 2.07291 -4.55000
v 1.96779 2.28007 -4.55000
v 1.78755 2.35473 -4.55000
v 1.88134 2.32628 -4.55000
v 1.40398 2.06434 -6.33929
v 1.38214 2.06434 -6.32234
v 1.35700 2.06434 -6.31085
v 1.32989 2.06434 -6.30541
v 1.30226 2.06434 -6.30632
v 1.27557 2.06434 -6.31353
v 1.25124 2.06434 -6.32665
v 1.23056 2.06434 -6.34500
v 1.21399 2.08811 -6.36877
v 1.21399 2.34057 -6.36877
v 1.20350 2.11558 -6.39624
v 1.20350 2.31310 -6.39624
v 1.20000 2.14434 -6.42500
v 1.20000 2.28434 -6.42500
v -0.21399 2.34057 -6.36877
v -0.20350 2.31310 -6.39624
v -0.20000 2.28434 -6.42500
v -0.20000 2.14434 -6.42500
v -0.20350 2.11558 -6.39624
v -0.21399 2.08811 -6.36877
v -0.23056 2.06434 -6.34500
v -0.25124 2.06434 -6.32665
v -0.27557 2.06434 -6.31353
v -0.30226 2.06434 -6.30632
v -0.32989 2.06434 -6.30541
v -0.35700 2.06434 -6.31085
v -0.38214 2.06434 -6.32234
v -0.40398 2.06434 -6.33929
v -0.55616 2.06434 -6.41938
v -0.61394 2.06434 -6.42500
v -0.50055 2.06434 -6.40275
v -0.44918 2.06434 -6.37571
v -1.44141 1.73802 -6.42500
v -1.20971 2.13934 -6.42500
v -1.18160 1.58802 -6.42500
v -0.94990 1.98934 -6.42500
v -1.15442 2.21545 -6.42500
v -0.93147 2.01471 -6.42500
v -1.08450 2.27839 -6.42500
v -0.90817 2.03569 -6.42500
v -1.00303 2.32543 -6.42500
v -0.88101 2.05137 -6.42500
v -0.91356 2.35450 -6.42500
v -0.85119 2.06106 -6.42500
v -0.82000 2.06434 -6.42500
v -0.91356 2.35450 -5.87500
v -1.00303 2.32543 -5.87500
v -1.08450 2.27839 -5.87500
v -1.15442 2.21545 -5.87500
v -1.20971 2.13934 -5.87500
v -0.67000 2.06434 -5.72500
v -0.67376 2.06434 -5.75838
v -0.68485 2.06434 -5.79008
v -0.70273 2.06434 -5.81852
v -0.72648 2.06434 -5.84227
v -0.75492 2.06434 -5.86015
v -0.78662 2.06434 -5.87124
v -0.82000 2.06434 -5.87500
v -0.67000 2.06434 -5.65000
v -0.82000 2.06434 -5.50000
v -0.78662 2.06434 -5.50376
v -0.75492 2.06434 -5.51485
v -0.72648 2.06434 -5.53273
v -0.70273 2.06434 -5.55648
v -0.68485 2.06434 -5.58492
v -0.67376 2.06434 -5.61662
v -2.02000 2.06434 -5.50000
v -2.17000 2.06434 -5.65000
v -2.16624 2.06434 -5.61662
v -2.15515 2.06434 -5.58492
v -2.13727 2.06434 -5.55648
v -2.11352 2.06434 -5.53273
v -2.08508 2.06434 -5.51485
v -2.05338 2.06434 -5.50376
v -2.17000 2.06434 -6.20000
v -2.17456 2.06434 -6.25209
v -2.18809 2.06434 -6.30261
v -2.21019 2.06434 -6.35000
v -2.26140 2.12994 -6.41561
v -2.31686 2.17231 -6.45797
v -2.36970 2.19707 -6.48274
v -2.41973 2.21009 -6.49576
v -2.44501 2.21329 -6.49896
v -2.47000 2.21434 -6.50000
v -2.72000 2.21434 -6.50000
v -2.96477 2.18676 -6.50000
v -2.99815 2.33300 -6.50000
v -3.19727 2.10540 -6.50000
v -3.26235 2.24055 -6.50000
v -3.40584 1.97435 -6.50000
v -3.49936 2.09163 -6.50000
v -3.69729 1.89370 -6.50000
v -3.58001 1.80018 -6.50000
v -3.71107 1.59161 -6.50000
v -3.84621 1.65669 -6.50000
v -3.93866 1.39249 -6.50000
v -3.79242 1.35911 -6.50000
v -3.97000 1.11434 -6.50000
v -3.82000 1.11434 -6.50000
v -3.97000 0.65434 -6.50000
v -3.82000 0.29726 -6.50000
v -4.01363 0.52964 -6.50000
v -3.98981 0.56756 -6.50000
v -3.97501 0.60983 -6.50000
v -4.04530 0.49797 -6.50000
v -3.89534 0.23653 -6.50000
v -4.08322 0.47414 -6.50000
v -3.98097 0.19145 -6.50000
v -4.12550 0.45935 -6.50000
v -4.07368 0.16370 -6.50000
v -4.17000 0.45434 -6.50000
v -4.17000 0.15434 -6.50000
v -4.77511 0.15434 -6.50000
v -4.77511 0.45434 -6.50000
v -4.81961 0.14932 -6.50000
v -4.88637 0.44180 -6.50000
v -4.99205 0.40482 -6.50000
v -4.86189 0.13453 -6.50000
v -4.89981 0.11070 -6.50000
v -5.08686 0.34525 -6.50000
v -5.16603 0.26608 -6.50000
v -4.93148 0.07903 -6.50000
v -5.22559 0.17128 -6.50000
v -4.95530 0.04111 -6.50000
v -5.26257 0.06560 -6.50000
v -4.97010 -0.00116 -6.50000
v -4.97511 -0.04566 -6.50000
v -5.27511 -0.04566 -6.50000
v -5.27511 -0.36643 -6.50000
v -4.97511 -0.36643 -6.50000
v -3.97000 1.11434 0.00000
v -3.93866 1.39249 0.00000
v -3.84621 1.65669 0.00000
v -3.69729 1.89370 0.00000
v -3.49936 2.09163 0.00000
v -3.26235 2.24055 0.00000
v -2.99815 2.33300 0.00000
v -3.39454 -0.39913 0.00000
v -3.69074 -0.31373 0.00000
v -3.48807 -0.51641 0.00000
v -3.57347 -0.22021 0.00000
v -3.84324 -0.07103 0.00000
v -3.18029 -0.53376 0.00000
v -3.24537 -0.66890 0.00000
v -3.70809 -0.00595 0.00000
v -3.93791 0.19951 0.00000
v -3.79167 0.23289 0.00000
v -2.94145 -0.61733 0.00000
v -2.97483 -0.76357 0.00000
v -3.82000 0.48434 0.00000
v -3.97000 0.48434 0.00000
v -2.69000 -0.64566 0.00000
v -2.69000 -0.79566 0.00000
v -3.82000 1.11434 -0.00000
v -3.79242 1.35911 -0.00000
v -3.71107 1.59161 -0.00000
v -3.58001 1.80018 -0.00000
v -3.40584 1.97435 -0.00000
v -3.19727 2.10540 -0.00000
v -2.96477 2.18676 -0.00000
v -2.72000 2.21434 -0.00000
v 0.49000 -0.64566 0.00000
v 0.49000 -0.79566 0.00000
v 3.69000 -0.64566 0.00000
v 0.51000 -0.64566 0.00000
v 0.51000 -0.79566 0.00000
v 3.69000 -0.79566 0.00000
v 3.97483 -0.76357 0.00000
v 3.94145 -0.61733 0.00000
v 4.18029 -0.53376 0.00000
v 4.24537 -0.66890 0.00000
v 4.39454 -0.39913 0.00000
v 4.48807 -0.51641 0.00000
v 4.69074 -0.31373 0.00000
v 4.57347 -0.22021 0.00000
v 4.70809 -0.00595 0.00000
v 4.84324 -0.07103 0.00000
v 4.79167 0.23289 0.00000
v 4.93791 0.19951 0.00000
v 4.82000 0.48434 0.00000
v 4.97000 0.48434 0.00000
v 4.82000 1.11434 -0.00000
v 4.97000 1.11434 0.00000
v 3.96477 2.18676 -0.00000
v 3.72000 2.21434 -0.00000
v 3.99815 2.33300 0.00000
v 4.93866 1.39249 0.00000
v 4.79242 1.35911 -0.00000
v 4.26235 2.24055 0.00000
v 4.19727 2.10540 -0.00000
v 4.40584 1.97435 -0.00000
v 4.84621 1.65669 0.00000
v 4.71107 1.59161 -0.00000
v 4.49936 2.09163 0.00000
v 4.58001 1.80018 -0.00000
v 4.69729 1.89370 0.00000
v 3.99815 2.33300 -6.50000
v 4.26235 2.24055 -6.50000
v 4.49936 2.09163 -6.50000
v 4.69729 1.89370 -6.50000
v 4.84621 1.65669 -6.50000
v 4.93866 1.39249 -6.50000
v 4.97000 1.11434 -6.50000
v 4.58001 1.80018 -6.50000
v 4.40584 1.97435 -6.50000
v 4.19727 2.10540 -6.50000
v 4.71107 1.59161 -6.50000
v 4.79242 1.35911 -6.50000
v 3.96477 2.18676 -6.50000
v 5.93148 0.07903 -6.50000
v 6.08686 0.34525 -6.50000
v 6.16603 0.26608 -6.50000
v 5.89981 0.11070 -6.50000
v 5.95530 0.04111 -6.50000
v 6.22559 0.17128 -6.50000
v 5.86189 0.13453 -6.50000
v 5.99205 0.40482 -6.50000
v 5.97010 -0.00116 -6.50000
v 6.26257 0.06560 -6.50000
v 5.81961 0.14932 -6.50000
v 5.88637 0.44180 -6.50000
v 4.82000 1.11434 -6.50000
v 3.72000 2.21434 -6.50000
v 5.77511 0.15434 -6.50000
v 5.77511 0.45434 -6.50000
v 5.97511 -0.04566 -6.50000
v 6.27511 -0.04566 -6.50000
v 3.47000 2.21434 -6.50000
v 4.97000 0.65434 -6.50000
v 5.97511 -0.36643 -6.50000
v 6.27511 -0.36643 -6.50000
v 5.17000 0.15434 -6.50000
v 5.17000 0.45434 -6.50000
v 5.07368 0.16370 -6.50000
v 5.12550 0.45935 -6.50000
v 4.98097 0.19145 -6.50000
v 5.08322 0.47414 -6.50000
v 4.89534 0.23653 -6.50000
v 5.04530 0.49797 -6.50000
v 4.82000 0.29726 -6.50000
v 4.97501 0.60983 -6.50000
v 4.98981 0.56756 -6.50000
v 5.01363 0.52964 -6.50000
v 3.41923 2.21001 -6.49567
v 3.36842 2.19661 -6.48228
v 3.32000 2.17414 -6.45981
v 3.27633 2.14345 -6.42911
v 3.23933 2.10614 -6.39181
v 3.21019 2.06434 -6.35000
v 3.18809 2.06434 -6.30261
v 3.17456 2.06434 -6.25209
v 3.17000 2.06434 -6.20000
v 3.17000 2.06434 -5.65000
v 3.02000 2.06434 -5.50000
v 3.05338 2.06434 -5.50376
v 3.08508 2.06434 -5.51485
v 3.11352 2.06434 -5.53273
v 3.13727 2.06434 -5.55648
v 3.15515 2.06434 -5.58492
v 3.16624 2.06434 -5.61662
v 1.82000 2.06434 -5.50000
v 1.67000 2.06434 -5.65000
v 1.67376 2.06434 -5.61662
v 1.68485 2.06434 -5.58492
v 1.70273 2.06434 -5.55648
v 1.72648 2.06434 -5.53273
v 1.75492 2.06434 -5.51485
v 1.78662 2.06434 -5.50376
v 1.67000 2.06434 -5.72500
v 1.82000 2.06434 -5.87500
v 1.78662 2.06434 -5.87124
v 1.75492 2.06434 -5.86015
v 1.72648 2.06434 -5.84227
v 1.70273 2.06434 -5.81852
v 1.68485 2.06434 -5.79008
v 1.67376 2.06434 -5.75838
v 2.15442 2.21545 -5.87500
v 2.20971 2.13934 -5.87500
v 2.20971 2.13934 -6.42500
v 2.15442 2.21545 -6.42500
v 2.08450 2.27839 -5.87500
v 2.08450 2.27839 -6.42500
v 2.00303 2.32543 -5.87500
v 2.00303 2.32543 -6.42500
v 1.91356 2.35450 -5.87500
v 1.91356 2.35450 -6.42500
v 1.61394 2.06434 -6.42500
v 1.82000 2.06434 -6.42500
v 1.85119 2.06106 -6.42500
v 1.88101 2.05137 -6.42500
v 1.90817 2.03569 -6.42500
v 1.94990 1.98934 -6.42500
v 2.18160 1.58802 -6.42500
v 2.44141 1.73802 -6.42500
v 1.93147 2.01471 -6.42500
v 1.44918 2.06434 -6.37571
v 1.50055 2.06434 -6.40275
v 1.55616 2.06434 -6.41938
v -1.18853 2.07291 -4.95000
v -1.19766 2.06434 -4.95000
v -1.19151 2.06999 -4.95000
v -1.19456 2.06713 -4.95000
v -1.60234 2.06434 -4.95000
v -1.60849 2.06999 -4.95000
v -1.60544 2.06713 -4.95000
v -1.04355 2.21789 -4.95000
v -1.61147 2.07291 -4.95000
v -1.75645 2.21789 -4.95000
v -0.96779 2.28007 -4.95000
v -1.83221 2.28007 -4.95000
v -0.78755 2.35473 -4.95000
v -2.01245 2.35473 -4.95000
v -0.88134 2.32628 -4.95000
v -1.91866 2.32628 -4.95000
v -0.78755 2.35473 -4.55000
v -0.88134 2.32628 -4.55000
v -0.96779 2.28007 -4.55000
v -1.04355 2.21789 -4.55000
v -1.61147 2.07291 -4.55000
v -1.60234 2.06434 -4.55000
v -1.60849 2.06999 -4.55000
v -1.60544 2.06713 -4.55000
v -1.19766 2.06434 -4.55000
v -1.19151 2.06999 -4.55000
v -1.19456 2.06713 -4.55000
v -1.18853 2.07291 -4.55000
v -1.75645 2.21789 -4.55000
v -1.83221 2.28007 -4.55000
v -2.01245 2.35473 -4.55000
v -1.91866 2.32628 -4.55000
v 2.23727 2.03711 -4.55000
v 2.23727 2.03711 -4.95000
v 2.28223 2.02011 -4.55000
v 2.28223 2.02011 -4.95000
v 2.32995 2.01434 -4.55000
v 2.32995 2.01434 -4.95000
v -2.72000 2.06434 -0.30000
v -2.11000 2.06434 -4.55000
v -2.11000 2.06434 -4.95000
v -2.72000 2.06434 -6.35000
v -0.69000 2.06434 -4.55000
v -0.69000 2.06434 -4.95000
v 1.69000 2.06434 -4.55000
v 3.72000 2.06434 -0.30000
v 1.69000 2.06434 -4.95000
v 3.11000 2.06434 -4.55000
v 3.11000 2.06434 -4.95000
v 3.72000 2.06434 -6.35000
v 2.47005 2.01434 -4.95000
v 2.51777 2.02011 -4.55000
v 2.51777 2.02011 -4.95000
v 2.47005 2.01434 -4.55000
v 2.56273 2.03711 -4.55000
v 2.56273 2.03711 -4.95000
v -1.44141 1.73802 -5.87500
v -1.18160 1.58802 -5.87500
v -0.94990 1.98934 -5.87500
v -0.93147 2.01471 -5.87500
v -0.90817 2.03569 -5.87500
v -0.88101 2.05137 -5.87500
v -0.85119 2.06106 -5.87500
v -1.51453 1.61138 -6.30838
v -1.50005 1.63646 -6.36852
v -1.50898 1.62098 -6.34008
v -1.45810 1.70912 -6.42124
v -1.47395 1.68166 -6.41015
v -1.48817 1.65703 -6.39227
v -1.51641 1.60812 -6.27500
v -1.51641 1.60812 -6.02500
v -1.50005 1.63646 -5.93148
v -1.51453 1.61138 -5.99162
v -1.50898 1.62098 -5.95992
v -1.45810 1.70912 -5.87876
v -1.48817 1.65703 -5.90773
v -1.47395 1.68166 -5.88985
v -3.97000 0.62161 -1.15648
v -3.97000 0.59786 -1.13273
v -3.97000 0.56942 -1.11485
v -3.97000 0.63948 -1.18492
v -3.97000 0.53771 -1.10376
v -3.97000 0.65058 -1.21662
v -3.97000 0.50434 -1.10000
v -3.97000 0.65434 -1.25000
v -3.97000 0.48434 -1.10000
v -3.97000 0.65434 -1.35000
v -3.97000 0.65058 -1.38338
v -3.97000 0.62161 -1.44352
v -3.97000 0.59786 -2.73273
v -3.97000 0.59786 -1.46727
v -3.97000 0.62161 -2.75648
v -3.97000 0.63948 -1.41508
v -3.97000 0.63948 -2.78492
v -3.97000 0.56942 -2.71485
v -3.97000 0.56942 -1.48515
v -3.97000 0.53771 -2.70376
v -3.97000 0.53771 -1.49624
v -3.97000 0.50434 -1.50000
v -3.97000 0.65058 -2.81662
v -3.97000 0.50434 -2.70000
v -3.97000 0.45434 -2.70000
v -3.97000 0.45434 -1.50000
v -3.97000 0.63948 -3.01508
v -3.97000 0.72161 -5.35648
v -3.97000 0.62161 -3.04352
v -3.97000 0.69786 -5.33273
v -3.97000 0.59786 -3.06727
v -3.97000 0.73948 -5.38492
v -3.97000 0.65058 -2.98338
v -3.97000 0.66942 -5.31485
v -3.97000 0.56942 -3.08515
v -3.97000 0.63771 -5.30376
v -3.97000 0.53771 -3.09624
v -3.97000 0.75058 -5.41662
v -3.97000 0.60434 -5.30000
v -3.97000 0.50434 -3.10000
v -3.97000 0.48434 -5.30000
v -3.97000 0.48434 -3.10000
v -3.97000 0.75434 -5.45000
v -3.97000 0.75434 -5.55000
v -3.97000 0.74981 -5.58656
v -3.97000 0.73652 -5.62091
v -3.97000 0.71525 -5.65099
v -3.97000 0.68729 -5.67497
v -3.97000 0.65434 -5.69142
v -3.97000 0.65434 -2.95000
v -3.97000 0.65434 -2.85000
v 4.97000 0.48434 -1.10000
v 4.97000 0.50434 -1.10000
v 4.97000 0.53771 -1.10376
v 4.97000 0.56942 -1.11485
v 4.97000 0.59786 -1.13273
v 4.97000 0.62161 -1.15648
v 4.97000 0.63948 -1.18492
v 4.97000 0.65058 -1.21662
v 4.97000 0.65434 -1.25000
v 4.97000 0.65434 -1.35000
v 4.97000 0.65058 -1.38338
v 4.97000 0.45434 -2.70000
v 4.97000 0.50434 -2.70000
v 4.97000 0.45434 -1.50000
v 4.97000 0.50434 -1.50000
v 4.97000 0.53771 -2.70376
v 4.97000 0.53771 -1.49624
v 4.97000 0.56942 -1.48515
v 4.97000 0.56942 -2.71485
v 4.97000 0.59786 -2.73273
v 4.97000 0.59786 -1.46727
v 4.97000 0.62161 -2.75648
v 4.97000 0.62161 -1.44352
v 4.97000 0.63948 -2.78492
v 4.97000 0.63948 -1.41508
v 4.97000 0.65058 -2.81662
v 4.97000 0.48434 -3.10000
v 4.97000 0.48434 -5.30000
v 4.97000 0.50434 -3.10000
v 4.97000 0.60434 -5.30000
v 4.97000 0.53771 -3.09624
v 4.97000 0.63771 -5.30376
v 4.97000 0.56942 -3.08515
v 4.97000 0.66942 -5.31485
v 4.97000 0.59786 -3.06727
v 4.97000 0.69786 -5.33273
v 4.97000 0.62161 -3.04352
v 4.97000 0.72161 -5.35648
v 4.97000 0.63948 -3.01508
v 4.97000 0.73948 -5.38492
v 4.97000 0.65058 -2.98338
v 4.97000 0.75058 -5.41662
v 4.97000 0.65434 -5.69142
v 4.97000 0.68729 -5.67497
v 4.97000 0.71525 -5.65099
v 4.97000 0.73652 -5.62091
v 4.97000 0.74981 -5.58656
v 4.97000 0.75434 -5.55000
v 4.97000 0.75434 -5.45000
v 4.97000 0.65434 -2.95000
v 4.97000 0.65434 -2.85000
v 1.85119 2.06106 -5.87500
v 1.88101 2.05137 -5.87500
v 1.90817 2.03569 -5.87500
v 1.94990 1.98934 -5.87500
v 2.18160 1.58802 -5.87500
v 2.44141 1.73802 -5.87500
v 1.93147 2.01471 -5.87500
v 2.47395 1.68166 -5.88985
v 2.48817 1.65703 -5.90773
v 2.50005 1.63646 -5.93148
v 2.50898 1.62098 -5.95992
v 2.45810 1.70912 -5.87876
v 2.51453 1.61138 -5.99162
v 2.51641 1.60812 -6.02500
v 2.51641 1.60812 -6.27500
v 2.50005 1.63646 -6.36852
v 2.51453 1.61138 -6.30838
v 2.50898 1.62098 -6.34008
v 2.45810 1.70912 -6.42124
v 2.48817 1.65703 -6.39227
v 2.47395 1.68166 -6.41015
v -1.56273 2.03711 -4.55000
v -1.56273 2.03711 -4.95000
v -1.51777 2.02011 -4.55000
v -1.51777 2.02011 -4.95000
v -1.47005 2.01434 -4.55000
v -1.47005 2.01434 -4.95000
v -1.32995 2.01434 -4.55000
v -1.28223 2.02011 -4.55000
v -1.32995 2.01434 -4.95000
v -1.28223 2.02011 -4.95000
v -1.23727 2.03711 -4.55000
v -1.23727 2.03711 -4.95000
v 3.07098 2.06049 -4.55000
v 3.03346 2.04911 -4.55000
v 2.99889 2.03063 -4.55000
v 2.96858 2.00576 -4.55000
v 2.82360 1.86078 -4.55000
v 2.74784 1.79860 -4.55000
v 2.66139 1.75240 -4.55000
v 2.56760 1.72394 -4.55000
v 2.47005 1.71434 -4.55000
v 2.32995 1.71434 -4.55000
v 2.23240 1.72394 -4.55000
v 2.13861 1.75240 -4.55000
v 2.05216 1.79860 -4.55000
v 1.97640 1.86078 -4.55000
v 1.83142 2.00576 -4.55000
v 1.80111 2.03063 -4.55000
v 1.76654 2.04911 -4.55000
v 1.72902 2.06049 -4.55000
v 3.07098 2.06049 -4.95000
v 3.03346 2.04911 -4.95000
v 2.99889 2.03063 -4.95000
v 2.96858 2.00576 -4.95000
v 2.82360 1.86078 -4.95000
v 2.74784 1.79860 -4.95000
v 2.66139 1.75240 -4.95000
v 2.56760 1.72394 -4.95000
v 2.47005 1.71434 -4.95000
v 2.32995 1.71434 -4.95000
v 2.23240 1.72394 -4.95000
v 2.13861 1.75240 -4.95000
v 2.05216 1.79860 -4.95000
v 1.97640 1.86078 -4.95000
v 1.83142 2.00576 -4.95000
v 1.80111 2.03063 -4.95000
v 1.76654 2.04911 -4.95000
v 1.72902 2.06049 -4.95000
v -0.72902 2.06049 -4.55000
v -0.76654 2.04911 -4.55000
v -0.80111 2.03063 -4.55000
v -0.83142 2.00576 -4.55000
v -0.97640 1.86078 -4.55000
v -1.05216 1.79860 -4.55000
v -1.13861 1.75240 -4.55000
v -1.23240 1.72394 -4.55000
v -1.32995 1.71434 -4.55000
v -1.47005 1.71434 -4.55000
v -1.56760 1.72394 -4.55000
v -1.66139 1.75240 -4.55000
v -1.74784 1.79860 -4.55000
v -1.82360 1.86078 -4.55000
v -1.96858 2.00576 -4.55000
v -1.99889 2.03063 -4.55000
v -2.03346 2.04911 -4.55000
v -2.07098 2.06049 -4.55000
v -1.96858 2.00576 -4.95000
v -1.99889 2.03063 -4.95000
v -2.03346 2.04911 -4.95000
v -2.07098 2.06049 -4.95000
v -0.72902 2.06049 -4.95000
v -0.76654 2.04911 -4.95000
v -0.80111 2.03063 -4.95000
v -0.83142 2.00576 -4.95000
v -0.97640 1.86078 -4.95000
v -1.05216 1.79860 -4.95000
v -1.13861 1.75240 -4.95000
v -1.23240 1.72394 -4.95000
v -1.32995 1.71434 -4.95000
v -1.47005 1.71434 -4.95000
v -1.56760 1.72394 -4.95000
v -1.66139 1.75240 -4.95000
v -1.74784 1.79860 -4.95000
v -1.82360 1.86078 -4.95000
v 3.93139 2.04052 -6.35000
v 3.93139 2.04052 -0.30000
v 4.13219 1.97026 -0.30000
v 4.13219 1.97026 -6.35000
v 4.31232 1.85708 -0.30000
v 4.31232 1.85708 -6.35000
v 4.46274 1.70665 -0.30000
v 4.46274 1.70665 -6.35000
v 4.57592 1.52653 -0.30000
v 4.57592 1.52653 -6.35000
v 4.64618 1.32573 -6.35000
v 4.64618 1.32573 -0.30000
v 4.67000 1.11434 -0.30000
v 4.67000 1.11434 -6.35000
v -3.67000 1.11434 -6.35000
v -3.64618 1.32573 -6.35000
v -3.67000 1.11434 -0.30000
v -3.64618 1.32573 -0.30000
v -3.57592 1.52653 -6.35000
v -3.57592 1.52653 -0.30000
v -3.46274 1.70665 -6.35000
v -3.46274 1.70665 -0.30000
v -3.31232 1.85708 -0.30000
v -3.31232 1.85708 -6.35000
v -3.13219 1.97026 -6.35000
v -3.13219 1.97026 -0.30000
v -2.93139 2.04052 -0.30000
v -2.93139 2.04052 -6.35000
v -1.19829 1.55912 -6.42124
v -1.21414 1.53166 -6.41015
v -1.22836 1.50703 -6.39227
v -1.24024 1.48646 -6.36852
v -1.24918 1.47098 -6.34008
v -1.25472 1.46138 -6.30838
v -1.25660 1.45812 -6.27500
v -1.25660 1.45812 -6.02500
v -1.25472 1.46138 -5.99162
v -1.24918 1.47098 -5.95992
v -1.24024 1.48646 -5.93148
v -1.22836 1.50703 -5.90773
v -1.21414 1.53166 -5.88985
v -1.19829 1.55912 -5.87876
v -3.97123 0.63233 -5.69735
v -3.97327 0.61834 -5.69934
v -3.97635 0.60434 -5.70000
v -3.99190 0.56334 -5.70000
v -4.01601 0.52671 -5.70000
v -4.04753 0.49622 -5.70000
v -4.08493 0.47333 -5.70000
v -4.12642 0.45914 -5.70000
v -4.17000 0.45434 -5.70000
v -2.97483 -0.76357 -5.30000
v -2.69000 -0.79566 -5.30000
v -2.69000 -0.79566 -3.10000
v -2.97483 -0.76357 -3.10000
v -3.24537 -0.66890 -3.10000
v -3.24537 -0.66890 -5.30000
v -3.48807 -0.51641 -3.10000
v -3.48807 -0.51641 -5.30000
v -3.69074 -0.31373 -3.10000
v -3.69074 -0.31373 -5.30000
v -3.84324 -0.07103 -3.10000
v -3.84324 -0.07103 -5.30000
v -3.93791 0.19951 -3.10000
v -3.93791 0.19951 -5.30000
v -5.26310 -0.04553 -2.70000
v -4.97438 -0.14566 -2.70000
v -5.27438 -0.14566 -2.70000
v -5.27438 -0.37570 -2.70000
v -4.97438 -0.37570 -2.70000
v -4.97062 -0.11229 -2.70000
v -5.22982 0.04958 -2.70000
v -4.95953 -0.08058 -2.70000
v -5.17620 0.13491 -2.70000
v -4.94166 -0.05214 -2.70000
v -5.10495 0.20616 -2.70000
v -4.91790 -0.02839 -2.70000
v -5.01963 0.25977 -2.70000
v -4.88946 -0.01052 -2.70000
v -4.92451 0.29305 -2.70000
v -4.85776 0.00058 -2.70000
v -4.82438 0.30434 -2.70000
v -4.82438 0.00434 -2.70000
v -4.12000 0.30434 -2.70000
v -4.12000 0.00434 -2.70000
v -4.08662 0.30810 -2.70000
v -4.01921 0.01577 -2.70000
v -4.05492 0.31919 -2.70000
v -3.92354 0.04949 -2.70000
v -4.02648 0.33706 -2.70000
v -3.83785 0.10378 -2.70000
v -4.00273 0.36081 -2.70000
v -3.98485 0.38925 -2.70000
v -3.76650 0.17588 -2.70000
v -3.71311 0.26214 -2.70000
v -3.70639 0.42099 -2.70000
v -3.97376 0.42096 -2.70000
v -3.68040 0.35816 -2.70000
v -3.71638 0.46208 -2.70000
v -3.97376 0.42096 -1.50000
v -3.98485 0.38925 -1.50000
v -4.00273 0.36081 -1.50000
v -4.02648 0.33706 -1.50000
v -4.05492 0.31919 -1.50000
v -4.08662 0.30810 -1.50000
v -4.12000 0.30434 -1.50000
v -4.97438 -0.14566 -1.50000
v -5.26310 -0.04553 -1.50000
v -5.27438 -0.14566 -1.50000
v -5.27438 -0.37570 -1.50000
v -4.97438 -0.37570 -1.50000
v -4.97062 -0.11229 -1.50000
v -4.95953 -0.08058 -1.50000
v -5.22982 0.04958 -1.50000
v -4.94166 -0.05214 -1.50000
v -5.17620 0.13491 -1.50000
v -5.10495 0.20616 -1.50000
v -4.91790 -0.02839 -1.50000
v -5.01963 0.25977 -1.50000
v -4.88946 -0.01052 -1.50000
v -4.92451 0.29305 -1.50000
v -4.85776 0.00058 -1.50000
v -4.82438 0.00434 -1.50000
v -4.82438 0.30434 -1.50000
v -4.12000 0.00434 -1.50000
v -4.01987 0.01562 -1.50000
v -3.92475 0.04890 -1.50000
v -3.83943 0.10251 -1.50000
v -3.76818 0.17377 -1.50000
v -3.71456 0.25909 -1.50000
v -3.68128 0.35420 -1.50000
v -3.67000 0.45434 -1.50000
v -3.67000 0.50434 -1.50000
v -3.67000 0.53771 -1.49624
v -3.67000 0.56942 -1.48515
v -3.67000 0.59786 -1.46727
v -3.67000 0.62161 -1.44352
v -3.67000 0.63948 -1.41508
v -3.67000 0.65058 -1.38338
v -3.67000 0.65434 -1.35000
v -3.67000 0.65434 -1.25000
v -3.67000 0.65058 -1.21662
v -3.67000 0.63948 -1.18492
v -3.67000 0.62161 -1.15648
v -3.67000 0.59786 -1.13273
v -3.67000 0.56942 -1.11485
v -3.67000 0.53771 -1.10376
v -3.67000 0.50434 -1.10000
v 4.67000 0.50434 -1.10000
v 4.67000 0.53771 -1.10376
v 4.67000 0.56942 -1.11485
v 4.67000 0.59786 -1.13273
v 4.67000 0.62161 -1.15648
v 4.67000 0.63948 -1.18492
v 4.67000 0.65058 -1.21662
v 4.67000 0.65434 -1.25000
v 4.67000 0.65434 -1.35000
v 4.67000 0.65058 -1.38338
v 4.67000 0.63948 -1.41508
v 4.67000 0.62161 -1.44352
v 4.67000 0.59786 -1.46727
v 4.67000 0.56942 -1.48515
v 4.67000 0.53771 -1.49624
v 4.67000 0.50434 -1.50000
v 5.00273 0.36081 -1.50000
v 4.76818 0.17377 -1.50000
v 4.83943 0.10251 -1.50000
v 5.02648 0.33706 -1.50000
v 4.98485 0.38925 -1.50000
v 4.71456 0.25909 -1.50000
v 5.05492 0.31919 -1.50000
v 4.92475 0.04890 -1.50000
v 4.97376 0.42096 -1.50000
v 4.68128 0.35420 -1.50000
v 5.08662 0.30810 -1.50000
v 5.01987 0.01562 -1.50000
v 4.67000 0.45434 -1.50000
v 5.12000 0.30434 -1.50000
v 5.12000 0.00434 -1.50000
v 5.82438 0.30434 -1.50000
v 5.82438 0.00434 -1.50000
v 5.85776 0.00058 -1.50000
v 6.27438 -0.14566 -1.50000
v 5.97062 -0.11229 -1.50000
v 5.97438 -0.14566 -1.50000
v 5.97438 -0.37570 -1.50000
v 6.27438 -0.37570 -1.50000
v 5.92451 0.29305 -1.50000
v 6.26310 -0.04553 -1.50000
v 6.01963 0.25977 -1.50000
v 5.88946 -0.01052 -1.50000
v 6.22982 0.04958 -1.50000
v 5.95953 -0.08058 -1.50000
v 6.10495 0.20616 -1.50000
v 5.91790 -0.02839 -1.50000
v 5.94166 -0.05214 -1.50000
v 6.17620 0.13491 -1.50000
v 5.12000 0.30434 -2.70000
v 5.08662 0.30810 -2.70000
v 5.05492 0.31919 -2.70000
v 5.02648 0.33706 -2.70000
v 5.00273 0.36081 -2.70000
v 4.98485 0.38925 -2.70000
v 4.97376 0.42096 -2.70000
v 4.68040 0.35816 -2.70000
v 4.70090 0.40492 -2.70000
v 4.71311 0.26214 -2.70000
v 4.83785 0.10378 -2.70000
v 4.92354 0.04949 -2.70000
v 4.76650 0.17588 -2.70000
v 5.01921 0.01577 -2.70000
v 5.12000 0.00434 -2.70000
v 4.71485 0.45376 -2.70000
v 5.82438 0.30434 -2.70000
v 5.82438 0.00434 -2.70000
v 5.97438 -0.14566 -2.70000
v 6.27438 -0.14566 -2.70000
v 5.97438 -0.37570 -2.70000
v 6.27438 -0.37570 -2.70000
v 5.92451 0.29305 -2.70000
v 5.85776 0.00058 -2.70000
v 5.97062 -0.11229 -2.70000
v 6.26310 -0.04553 -2.70000
v 6.01963 0.25977 -2.70000
v 5.88946 -0.01052 -2.70000
v 6.22982 0.04958 -2.70000
v 5.95953 -0.08058 -2.70000
v 5.94166 -0.05214 -2.70000
v 6.10495 0.20616 -2.70000
v 5.91790 -0.02839 -2.70000
v 6.17620 0.13491 -2.70000
v 4.93791 0.19951 -5.30000
v 4.93791 0.19951 -3.10000
v 4.84324 -0.07103 -5.30000
v 4.84324 -0.07103 -3.10000
v 4.69074 -0.31373 -5.30000
v 4.69074 -0.31373 -3.10000
v 4.48807 -0.51641 -5.30000
v 4.48807 -0.51641 -3.10000
v 4.24537 -0.66890 -5.30000
v 4.24537 -0.66890 -3.10000
v 3.97483 -0.76357 -5.30000
v 3.97483 -0.76357 -3.10000
v 3.69000 -0.79566 -5.30000
v 3.69000 -0.79566 -3.10000
v 4.97123 0.63233 -5.69735
v 4.97327 0.61834 -5.69934
v 4.97635 0.60434 -5.70000
v 5.17000 0.45434 -5.70000
v 5.12642 0.45914 -5.70000
v 5.08493 0.47333 -5.70000
v 5.04753 0.49622 -5.70000
v 5.01601 0.52671 -5.70000
v 4.99190 0.56334 -5.70000
v 2.19829 1.55912 -5.87876
v 2.21414 1.53166 -5.88985
v 2.22836 1.50703 -5.90773
v 2.24024 1.48646 -5.93148
v 2.24918 1.47098 -5.95992
v 2.25472 1.46138 -5.99162
v 2.25660 1.45812 -6.02500
v 2.25660 1.45812 -6.27500
v 2.25472 1.46138 -6.30838
v 2.24918 1.47098 -6.34008
v 2.24024 1.48646 -6.36852
v 2.22836 1.50703 -6.39227
v 2.21414 1.53166 -6.41015
v 2.19829 1.55912 -6.42124
v 4.67000 0.48434 -1.10000
v 4.67000 0.48434 -0.30000
v 4.67000 0.47092 -2.65187
v 4.67000 0.45434 -2.65420
v 4.67000 0.48760 -2.65047
v 4.67000 0.48434 -5.15000
v 4.67000 0.48434 -3.25000
v 4.67000 0.65434 -6.35000
v -3.67000 0.48434 -0.30000
v -3.67000 0.48434 -1.10000
v -3.67000 0.48760 -2.65047
v -3.67000 0.47092 -2.65187
v -3.67000 0.45434 -2.65420
v -3.67000 0.48434 -5.15000
v -3.67000 0.48434 -3.25000
v -3.67000 0.65434 -6.35000
v -3.74599 0.38935 -6.42599
v -3.70259 0.47678 -6.38259
v -3.67830 0.56359 -6.35830
v -3.67205 0.60909 -6.35205
v -4.77511 0.45434 -5.70000
v -3.70901 0.52950 -5.70000
v -3.75069 0.38197 -5.70000
v -3.69656 0.49356 -5.70000
v -3.71711 0.56645 -5.70000
v -3.83063 0.28715 -5.70000
v -3.93144 0.21492 -5.70000
v -4.04694 0.16972 -5.70000
v -4.17000 0.15434 -5.70000
v -4.77511 0.15434 -5.70000
v -4.88637 0.44180 -5.70000
v -4.81961 0.14932 -5.70000
v -4.99205 0.40482 -5.70000
v -4.86189 0.13453 -5.70000
v -5.08686 0.34525 -5.70000
v -4.89981 0.11070 -5.70000
v -5.16603 0.26608 -5.70000
v -4.93148 0.07903 -5.70000
v -4.95530 0.04111 -5.70000
v -5.22559 0.17128 -5.70000
v -4.97010 -0.00116 -5.70000
v -5.26257 0.06560 -5.70000
v -4.97511 -0.04566 -5.70000
v -5.27511 -0.04566 -5.70000
v -5.27511 -0.36643 -5.70000
v -4.97511 -0.36643 -5.70000
v -3.68651 0.52699 -5.72275
v -3.67823 0.56412 -5.73901
v -2.69000 -0.64566 -3.10000
v -1.92000 -0.64566 -3.10000
v -1.92000 -0.79566 -3.10000
v -3.82000 0.48434 -3.10000
v -2.94145 -0.61733 -3.10000
v -3.79167 0.23289 -3.10000
v -3.70809 -0.00595 -3.10000
v -3.18029 -0.53376 -3.10000
v -3.39454 -0.39913 -3.10000
v -3.57347 -0.22021 -3.10000
v -2.69000 -0.79566 -1.10000
v -1.92000 -0.79566 -1.10000
v -1.88662 -0.79566 -1.10376
v -1.85492 -0.79566 -1.11485
v -1.80273 -0.79566 -1.15648
v -1.82648 -0.79566 -1.13273
v -1.77376 -0.79566 -1.21662
v 0.35000 -0.79566 -0.83000
v -1.78485 -0.79566 -1.18492
v 0.49000 -0.79566 -0.83000
v -1.77000 -0.79566 -1.25000
v 0.35000 -0.79566 -1.33000
v 0.35000 -0.79566 -1.88000
v -2.11000 -0.79566 -4.55000
v -1.88662 -0.79566 -3.09624
v -1.85492 -0.79566 -3.08515
v -1.77376 -0.79566 -2.98338
v 0.35000 -0.79566 -2.38000
v -2.11000 -0.79566 -4.95000
v -2.26426 -0.79566 -5.30000
v -2.20574 -0.79566 -5.30576
v 1.29000 -0.79566 -1.88000
v 1.29000 -0.79566 -1.33000
v -2.14946 -0.79566 -5.32284
v -2.09759 -0.79566 -5.35056
v -2.05213 -0.79566 -5.38787
v 0.35000 -0.79566 -3.10000
v 0.49000 -0.79566 -2.38000
v 0.49000 -0.79566 -3.10000
v -0.69000 -0.79566 -4.55000
v -1.82648 -0.79566 -3.06727
v -1.80273 -0.79566 -3.04352
v -1.78485 -0.79566 -3.01508
v 0.35000 -0.79566 -3.60000
v -1.72787 -0.79566 -5.71213
v -1.68241 -0.79566 -5.74944
v -1.63054 -0.79566 -5.77716
v -0.69000 -0.79566 -4.95000
v -1.57426 -0.79566 -5.79424
v -1.51574 -0.79566 -5.80000
v 0.35000 -0.79566 -4.15000
v 0.35000 -0.79566 -4.65000
v 1.29000 -0.79566 -4.15000
v 1.29000 -0.79566 -3.60000
v 0.49000 -0.79566 -5.80000
v 0.49000 -0.79566 -4.65000
v -1.77000 -0.79566 -2.95000
v -3.57347 -0.22021 -5.30000
v -3.39454 -0.39913 -5.30000
v -3.70809 -0.00595 -5.30000
v -3.18029 -0.53376 -5.30000
v -3.79167 0.23289 -5.30000
v -2.94145 -0.61733 -5.30000
v -3.82000 0.48434 -5.30000
v -2.69000 -0.64566 -5.30000
v -2.26426 -0.64566 -5.30000
v -3.67136 0.41954 -2.66365
v -3.67503 0.38732 -2.67924
v -4.67000 0.30434 -1.90000
v -4.82438 0.30434 -1.90000
v -4.63662 0.30434 -1.90376
v -4.60492 0.30434 -1.91485
v -4.57648 0.30434 -1.93273
v -4.55273 0.30434 -1.95648
v -4.53485 0.30434 -1.98492
v -4.52376 0.30434 -2.01662
v -4.52000 0.30434 -2.05000
v -4.60492 0.30434 -2.28515
v -4.63662 0.30434 -2.29624
v -4.67000 0.30434 -2.30000
v -4.82438 0.30434 -2.30000
v -4.52000 0.30434 -2.15000
v -4.52376 0.30434 -2.18338
v -4.53485 0.30434 -2.21508
v -4.55273 0.30434 -2.24352
v -4.57648 0.30434 -2.26727
v -3.69074 -0.31373 -1.10000
v -3.45619 -0.12668 -1.10000
v -3.48807 -0.51641 -1.10000
v -3.30102 -0.28186 -1.10000
v -3.84324 -0.07103 -1.10000
v -3.57295 0.05913 -1.10000
v -3.11521 -0.39861 -1.10000
v -3.24537 -0.66890 -1.10000
v -3.93791 0.19951 -1.10000
v -3.64543 0.26627 -1.10000
v -2.90807 -0.47109 -1.10000
v -2.97483 -0.76357 -1.10000
v -2.69000 -0.49566 -1.10000
v -1.92000 -0.49566 -1.10000
v 4.69984 0.48418 -6.37984
v 4.67737 0.56880 -6.35737
v 4.73693 0.40444 -6.41693
v 4.77519 0.34754 -6.45519
v 2.92000 -0.49566 -1.10000
v 3.69000 -0.49566 -1.10000
v 2.92000 -0.79566 -1.10000
v 3.69000 -0.79566 -1.10000
v 3.90807 -0.47109 -1.10000
v 3.97483 -0.76357 -1.10000
v 4.11521 -0.39861 -1.10000
v 4.24537 -0.66890 -1.10000
v 4.30102 -0.28186 -1.10000
v 4.48807 -0.51641 -1.10000
v 4.45619 -0.12668 -1.10000
v 4.69074 -0.31373 -1.10000
v 4.57295 0.05913 -1.10000
v 4.84324 -0.07103 -1.10000
v 4.64543 0.26627 -1.10000
v 4.93791 0.19951 -1.10000
v 5.82438 0.30434 -1.90000
v 5.67000 0.30434 -1.90000
v 5.63662 0.30434 -1.90376
v 5.60492 0.30434 -1.91485
v 5.57648 0.30434 -1.93273
v 5.55273 0.30434 -1.95648
v 5.53485 0.30434 -1.98492
v 5.52376 0.30434 -2.01662
v 5.52000 0.30434 -2.05000
v 5.52000 0.30434 -2.15000
v 5.82438 0.30434 -2.30000
v 5.67000 0.30434 -2.30000
v 5.63662 0.30434 -2.29624
v 5.60492 0.30434 -2.28515
v 5.57648 0.30434 -2.26727
v 5.55273 0.30434 -2.24352
v 5.53485 0.30434 -2.21508
v 5.52376 0.30434 -2.18338
v 4.67503 0.38732 -2.67923
v 4.67136 0.41953 -2.66365
v 3.26426 -0.64566 -5.30000
v 3.69000 -0.64566 -5.30000
v 3.26426 -0.79566 -5.30000
v 3.94145 -0.61733 -5.30000
v 4.18029 -0.53376 -5.30000
v 4.39454 -0.39913 -5.30000
v 4.57347 -0.22021 -5.30000
v 4.70809 -0.00595 -5.30000
v 4.79167 0.23289 -5.30000
v 4.82000 0.48434 -5.30000
v 0.51000 -0.79566 -0.83000
v 1.45000 -0.79566 -0.83000
v 1.31000 -0.79566 -1.33000
v 1.31000 -0.79566 -1.88000
v 1.45000 -0.79566 -1.33000
v 1.45000 -0.79566 -1.88000
v 2.80273 -0.79566 -1.15648
v 2.82648 -0.79566 -1.13273
v 2.85492 -0.79566 -1.11485
v 2.78485 -0.79566 -1.18492
v 2.88662 -0.79566 -1.10376
v 2.77376 -0.79566 -1.21662
v 2.77000 -0.79566 -1.25000
v 0.51000 -0.79566 -3.10000
v 1.45000 -0.79566 -3.10000
v 0.51000 -0.79566 -2.38000
v 1.45000 -0.79566 -2.38000
v 1.31000 -0.79566 -4.15000
v 1.45000 -0.79566 -4.15000
v 1.31000 -0.79566 -3.60000
v 1.45000 -0.79566 -3.60000
v 2.77000 -0.79566 -2.95000
v 2.77376 -0.79566 -2.98338
v 2.78485 -0.79566 -3.01508
v 2.80273 -0.79566 -3.04352
v 2.82648 -0.79566 -3.06727
v 2.85492 -0.79566 -3.08515
v 1.45000 -0.79566 -4.65000
v 1.69000 -0.79566 -4.55000
v 0.51000 -0.79566 -4.65000
v 0.51000 -0.79566 -5.80000
v 1.69000 -0.79566 -4.95000
v 3.11000 -0.79566 -4.55000
v 2.88662 -0.79566 -3.09624
v 2.92000 -0.79566 -3.10000
v 2.51574 -0.79566 -5.80000
v 2.57426 -0.79566 -5.79424
v 2.63054 -0.79566 -5.77716
v 2.68241 -0.79566 -5.74944
v 2.72787 -0.79566 -5.71213
v 3.11000 -0.79566 -4.95000
v 3.05213 -0.79566 -5.38787
v 3.09759 -0.79566 -5.35056
v 3.14946 -0.79566 -5.32284
v 3.20574 -0.79566 -5.30576
v 4.82000 0.48434 -3.10000
v 4.79167 0.23289 -3.10000
v 4.70809 -0.00595 -3.10000
v 4.57347 -0.22021 -3.10000
v 4.39454 -0.39913 -3.10000
v 4.18029 -0.53376 -3.10000
v 3.94145 -0.61733 -3.10000
v 3.69000 -0.64566 -3.10000
v 2.92000 -0.64566 -3.10000
v 4.67841 0.56452 -5.73875
v 4.71711 0.56645 -5.70000
v 4.68659 0.52717 -5.72263
v 4.70901 0.52950 -5.70000
v 4.69656 0.49356 -5.70000
v 6.08686 0.34525 -5.70000
v 5.89981 0.11070 -5.70000
v 6.16603 0.26608 -5.70000
v 5.93148 0.07903 -5.70000
v 5.95530 0.04111 -5.70000
v 6.22559 0.17128 -5.70000
v 5.99205 0.40482 -5.70000
v 5.86189 0.13453 -5.70000
v 5.97010 -0.00116 -5.70000
v 6.26257 0.06560 -5.70000
v 5.88637 0.44180 -5.70000
v 5.81961 0.14932 -5.70000
v 5.97511 -0.04566 -5.70000
v 6.27511 -0.04566 -5.70000
v 5.77511 0.45434 -5.70000
v 5.77511 0.15434 -5.70000
v 5.97511 -0.36643 -5.70000
v 6.27511 -0.36643 -5.70000
v 5.17000 0.15434 -5.70000
v 5.04694 0.16972 -5.70000
v 4.93144 0.21492 -5.70000
v 4.75069 0.38197 -5.70000
v 4.83063 0.28715 -5.70000
v 4.64543 0.26627 -0.30000
v 4.57295 0.05913 -0.30000
v 4.45619 -0.12668 -0.30000
v 4.30102 -0.28186 -0.30000
v 4.11521 -0.39861 -0.30000
v 3.90807 -0.47109 -0.30000
v 3.69000 -0.49566 -0.30000
v 4.64543 0.26627 -5.15000
v 4.64543 0.26627 -3.25000
v 4.57295 0.05913 -5.15000
v 4.57295 0.05913 -3.25000
v 4.45619 -0.12668 -5.15000
v 4.45619 -0.12668 -3.25000
v 4.30102 -0.28186 -5.15000
v 4.30102 -0.28186 -3.25000
v 4.11521 -0.39861 -5.15000
v 4.11521 -0.39861 -3.25000
v 3.90807 -0.47109 -5.15000
v 3.90807 -0.47109 -3.25000
v 3.69000 -0.49566 -3.25000
v 3.69000 -0.49566 -5.15000
v -2.69000 -0.49566 -0.30000
v -2.90807 -0.47109 -0.30000
v -3.11521 -0.39861 -0.30000
v -3.30102 -0.28186 -0.30000
v -3.45619 -0.12668 -0.30000
v -3.57295 0.05913 -0.30000
v -3.64543 0.26627 -0.30000
v -2.69000 -0.49566 -5.15000
v -2.90807 -0.47109 -5.15000
v -2.69000 -0.49566 -3.25000
v -2.90807 -0.47109 -3.25000
v -3.11521 -0.39861 -5.15000
v -3.11521 -0.39861 -3.25000
v -3.30102 -0.28186 -5.15000
v -3.30102 -0.28186 -3.25000
v -3.45619 -0.12668 -5.15000
v -3.45619 -0.12668 -3.25000
v -3.57295 0.05913 -5.15000
v -3.57295 0.05913 -3.25000
v -3.64543 0.26627 -5.15000
v -3.64543 0.26627 -3.25000
v -1.88662 -0.64566 -3.09624
v -1.85492 -0.64566 -3.08515
v -1.82648 -0.64566 -3.06727
v -1.80273 -0.64566 -3.04352
v -1.78485 -0.64566 -3.01508
v -1.77376 -0.64566 -2.98338
v -1.77000 -0.64566 -2.95000
v -1.92000 -0.49566 -3.25000
v 0.49000 -0.77566 -4.65000
v 0.49000 -0.49566 -4.42773
v 0.49000 -0.77566 -4.42773
v 0.49000 -0.49566 -5.65000
v 0.49000 -0.64566 -5.80000
v 0.35000 -0.77566 -4.65000
v 0.35000 -0.77566 -4.15000
v 1.29000 -0.77566 -4.15000
v 1.29000 -0.77566 -4.37000
v 1.29000 -0.49566 -4.37000
v 1.29000 -0.77566 -3.60000
v 0.35000 -0.77566 -3.60000
v 0.35000 -0.77566 -3.10000
v 0.49000 -0.77566 -3.10000
v 0.49000 -0.77566 -3.33226
v 0.49000 -0.49566 -3.33226
v 0.49000 -0.77566 -2.38000
v 0.49000 -0.49566 -2.14774
v 0.49000 -0.77566 -2.14774
v 0.35000 -0.77566 -2.38000
v 0.35000 -0.77566 -1.88000
v 1.29000 -0.77566 -1.88000
v 1.29000 -0.77566 -2.09000
v 1.29000 -0.49566 -2.09000
v 1.29000 -0.77566 -1.33000
v 0.35000 -0.77566 -1.33000
v 0.35000 -0.77566 -0.83000
v 0.49000 -0.77566 -0.83000
v 0.49000 -0.49566 -0.30000
v 0.49000 -0.77566 -1.05226
v 0.49000 -0.49566 -1.05226
v -1.77000 -0.49566 -1.25000
v -1.77376 -0.49566 -1.21662
v -1.78485 -0.49566 -1.18492
v -1.80273 -0.49566 -1.15648
v -1.82648 -0.49566 -1.13273
v -1.85492 -0.49566 -1.11485
v -1.88662 -0.49566 -1.10376
v -1.77000 -0.64131 -2.91324
v -1.77000 -0.62965 -2.87830
v -1.77000 -0.56888 -2.77980
v -1.77000 -0.49566 -2.69019
v -2.05213 -0.64566 -5.38787
v -2.09759 -0.64566 -5.35056
v -2.14946 -0.64566 -5.32284
v -2.20574 -0.64566 -5.30576
v -1.72787 -0.64566 -5.71213
v -1.57426 -0.64566 -5.79424
v -1.51574 -0.64566 -5.80000
v -1.63054 -0.64566 -5.77716
v -1.68241 -0.64566 -5.74944
v -1.60849 -0.50132 -4.55000
v -1.60544 -0.49846 -4.55000
v -1.61147 -0.50424 -4.55000
v -1.60234 -0.49566 -4.55000
v -1.75645 -0.64922 -4.55000
v -1.04355 -0.64922 -4.55000
v -1.83221 -0.71140 -4.55000
v -1.19151 -0.50132 -4.55000
v -1.18853 -0.50424 -4.55000
v -1.19456 -0.49846 -4.55000
v -1.19766 -0.49566 -4.55000
v -0.96779 -0.71140 -4.55000
v -0.88134 -0.75760 -4.55000
v -1.91866 -0.75760 -4.55000
v -0.78755 -0.78606 -4.55000
v -2.01245 -0.78606 -4.55000
v -1.04355 -0.64922 -4.95000
v -0.96779 -0.71140 -4.95000
v -0.88134 -0.75760 -4.95000
v -0.78755 -0.78606 -4.95000
v -1.19456 -0.49846 -4.95000
v -1.19766 -0.49566 -4.95000
v -1.19151 -0.50132 -4.95000
v -1.18853 -0.50424 -4.95000
v -1.60234 -0.49566 -4.95000
v -1.60544 -0.49846 -4.95000
v -1.60849 -0.50132 -4.95000
v -1.75645 -0.64922 -4.95000
v -1.61147 -0.50424 -4.95000
v -1.83221 -0.71140 -4.95000
v -1.91866 -0.75760 -4.95000
v -2.01245 -0.78606 -4.95000
v -2.26426 -0.49566 -5.15000
v -5.26310 -0.04553 -1.90000
v -5.27438 -0.14566 -1.90000
v -5.22982 0.04958 -1.90000
v -5.17620 0.13491 -1.90000
v -5.10495 0.20616 -1.90000
v -5.01963 0.25977 -1.90000
v -4.92451 0.29305 -1.90000
v -5.27438 -0.14566 -2.30000
v -5.26310 -0.04553 -2.30000
v -5.22982 0.04958 -2.30000
v -5.17620 0.13491 -2.30000
v -5.10495 0.20616 -2.30000
v -5.01963 0.25977 -2.30000
v -4.92451 0.29305 -2.30000
v -4.97438 -0.20004 -2.30000
v -5.27438 -0.20004 -2.30000
v -4.97438 -0.14566 -2.30000
v -4.97062 -0.11229 -2.30000
v -4.95953 -0.08058 -2.30000
v -4.94166 -0.05214 -2.30000
v -4.91790 -0.02839 -2.30000
v -4.88946 -0.01052 -2.30000
v -4.85776 0.00058 -2.30000
v -4.82438 0.00434 -2.30000
v -4.67000 0.00434 -2.30000
v -4.63662 0.00434 -2.29624
v -4.60492 0.00434 -2.28515
v -4.57648 0.00434 -2.26727
v -4.55273 0.00434 -2.24352
v -4.53485 0.00434 -2.21508
v -4.52376 0.00434 -2.18338
v -4.52000 0.00434 -2.15000
v -4.52000 0.00434 -2.05000
v -4.52376 0.00434 -2.01662
v -4.53485 0.00434 -1.98492
v -4.55273 0.00434 -1.95648
v -4.57648 0.00434 -1.93273
v -4.60492 0.00434 -1.91485
v -4.63662 0.00434 -1.90376
v -4.67000 0.00434 -1.90000
v -4.82438 0.00434 -1.90000
v -4.85776 0.00058 -1.90000
v -4.88946 -0.01052 -1.90000
v -4.91790 -0.02839 -1.90000
v -4.94166 -0.05214 -1.90000
v -4.95953 -0.08058 -1.90000
v -4.97062 -0.11229 -1.90000
v -4.97438 -0.14566 -1.90000
v -4.97438 -0.20004 -1.90000
v -5.27438 -0.20004 -1.90000
v 2.88662 -0.49566 -1.10376
v 2.85492 -0.49566 -1.11485
v 2.82648 -0.49566 -1.13273
v 2.80273 -0.49566 -1.15648
v 2.78485 -0.49566 -1.18492
v 2.77376 -0.49566 -1.21662
v 2.77000 -0.49566 -1.25000
v 5.92451 0.29305 -1.90000
v 6.01963 0.25977 -1.90000
v 6.10495 0.20616 -1.90000
v 6.17620 0.13491 -1.90000
v 6.22982 0.04958 -1.90000
v 6.26310 -0.04553 -1.90000
v 6.27438 -0.14566 -1.90000
v 5.91790 -0.02839 -1.90000
v 5.94166 -0.05214 -1.90000
v 5.95953 -0.08058 -1.90000
v 5.88946 -0.01052 -1.90000
v 5.97062 -0.11229 -1.90000
v 5.85776 0.00058 -1.90000
v 5.97438 -0.14566 -1.90000
v 5.82438 0.00434 -1.90000
v 5.97438 -0.20004 -1.90000
v 6.27438 -0.20004 -1.90000
v 5.67000 0.00434 -1.90000
v 5.63662 0.00434 -1.90376
v 5.60492 0.00434 -1.91485
v 5.57648 0.00434 -1.93273
v 5.55273 0.00434 -1.95648
v 5.53485 0.00434 -1.98492
v 5.52376 0.00434 -2.01662
v 5.52000 0.00434 -2.05000
v 5.52000 0.00434 -2.15000
v 5.52376 0.00434 -2.18338
v 5.53485 0.00434 -2.21508
v 5.55273 0.00434 -2.24352
v 5.57648 0.00434 -2.26727
v 5.60492 0.00434 -2.28515
v 5.63662 0.00434 -2.29624
v 5.67000 0.00434 -2.30000
v 5.82438 0.00434 -2.30000
v 5.85776 0.00058 -2.30000
v 6.27438 -0.14566 -2.30000
v 5.97438 -0.14566 -2.30000
v 5.97438 -0.20004 -2.30000
v 6.27438 -0.20004 -2.30000
v 5.92451 0.29305 -2.30000
v 6.26310 -0.04553 -2.30000
v 5.97062 -0.11229 -2.30000
v 6.01963 0.25977 -2.30000
v 5.88946 -0.01052 -2.30000
v 6.22982 0.04958 -2.30000
v 5.95953 -0.08058 -2.30000
v 6.10495 0.20616 -2.30000
v 5.91790 -0.02839 -2.30000
v 6.17620 0.13491 -2.30000
v 5.94166 -0.05214 -2.30000
v 3.20574 -0.64566 -5.30576
v 3.14946 -0.64566 -5.32284
v 3.09759 -0.64566 -5.35056
v 3.05213 -0.64566 -5.38787
v 3.26426 -0.49566 -5.15000
v 2.19151 -0.50132 -4.55000
v 2.19456 -0.49846 -4.55000
v 2.18853 -0.50424 -4.55000
v 2.19766 -0.49566 -4.55000
v 2.60234 -0.49566 -4.55000
v 2.75645 -0.64922 -4.55000
v 2.04355 -0.64922 -4.55000
v 2.60849 -0.50132 -4.55000
v 2.61147 -0.50424 -4.55000
v 2.60544 -0.49846 -4.55000
v 2.83221 -0.71140 -4.55000
v 1.96779 -0.71140 -4.55000
v 1.88134 -0.75760 -4.55000
v 2.91866 -0.75760 -4.55000
v 3.01245 -0.78606 -4.55000
v 1.78755 -0.78606 -4.55000
v 2.75645 -0.64922 -4.95000
v 2.83221 -0.71140 -4.95000
v 2.91866 -0.75760 -4.95000
v 3.01245 -0.78606 -4.95000
v 2.60544 -0.49846 -4.95000
v 2.60234 -0.49566 -4.95000
v 2.60849 -0.50132 -4.95000
v 2.61147 -0.50424 -4.95000
v 2.19151 -0.50132 -4.95000
v 2.18853 -0.50424 -4.95000
v 2.19456 -0.49846 -4.95000
v 2.19766 -0.49566 -4.95000
v 2.04355 -0.64922 -4.95000
v 1.96779 -0.71140 -4.95000
v 1.88134 -0.75760 -4.95000
v 1.78755 -0.78606 -4.95000
v 1.45000 -0.77566 -4.65000
v 1.45000 -0.77566 -4.15000
v 0.51000 -0.77566 -4.65000
v 0.51000 -0.64566 -5.80000
v 0.51000 -0.49566 -5.65000
v 0.51000 -0.49566 -4.42773
v 0.51000 -0.77566 -4.42773
v 2.51574 -0.64566 -5.80000
v 2.68241 -0.64566 -5.74944
v 2.72787 -0.64566 -5.71213
v 2.63054 -0.64566 -5.77716
v 2.57426 -0.64566 -5.79424
v 2.77000 -0.64566 -2.95000
v 2.77376 -0.64566 -2.98338
v 2.78485 -0.64566 -3.01508
v 2.80273 -0.64566 -3.04352
v 2.82648 -0.64566 -3.06727
v 2.85492 -0.64566 -3.08515
v 2.88662 -0.64566 -3.09624
v 2.77000 -0.49566 -2.69019
v 2.77000 -0.58080 -2.79612
v 2.77000 -0.62774 -2.87392
v 2.77000 -0.64076 -2.91093
v 0.51000 -0.49566 -0.30000
v 0.51000 -0.77566 -0.83000
v 1.45000 -0.77566 -0.83000
v 1.45000 -0.77566 -1.33000
v 1.31000 -0.77566 -1.33000
v 1.31000 -0.77566 -1.88000
v 1.45000 -0.77566 -1.88000
v 1.45000 -0.77566 -2.38000
v 0.51000 -0.77566 -2.38000
v 0.51000 -0.77566 -3.10000
v 0.51000 -0.49566 -2.14774
v 0.51000 -0.77566 -2.14774
v 1.45000 -0.77566 -3.10000
v 1.45000 -0.77566 -3.60000
v 1.31000 -0.77566 -3.60000
v 1.31000 -0.77566 -4.15000
v 2.92000 -0.49566 -3.25000
v 0.72000 -0.49566 -1.17351
v 0.69788 -0.49566 -1.18382
v 0.67431 -0.49566 -1.19014
v 1.07000 -0.49566 -0.97144
v 1.09528 -0.49566 -0.95965
v 1.12222 -0.49566 -0.95243
v 0.61885 -0.49566 -2.01125
v 0.56271 -0.49566 -2.03828
v 0.58926 -0.49566 -2.02160
v 0.51351 -0.49566 -2.11658
v 0.52386 -0.49566 -2.08699
v 0.54054 -0.49566 -2.06045
v 1.07000 -0.49566 -2.22856
v 0.67431 -0.49566 -3.47014
v 0.72000 -0.49566 -3.45351
v 0.69788 -0.49566 -3.46382
v 1.07000 -0.49566 -3.25144
v 1.09528 -0.49566 -3.23965
v 1.09528 -0.49566 -2.24035
v 1.12222 -0.49566 -3.23243
v 1.12222 -0.49566 -2.24757
v 0.51351 -0.49566 -4.39658
v 0.52386 -0.49566 -4.36699
v 0.54054 -0.49566 -4.34045
v 0.56271 -0.49566 -4.31828
v 0.58926 -0.49566 -4.30160
v 0.61885 -0.49566 -4.29124
v 2.71298 -0.49566 -2.73288
v 2.66762 -0.49566 -2.78781
v 2.63650 -0.49566 -2.85188
v 2.62136 -0.49566 -2.92148
v 1.07000 -0.49566 -4.50856
v 2.62305 -0.49566 -2.99269
v 2.64149 -0.49566 -3.06150
v 2.67563 -0.49566 -3.12402
v 2.72354 -0.49566 -3.17672
v 1.09528 -0.49566 -4.52035
v 1.12222 -0.49566 -4.52757
v 1.69000 -0.49566 -4.55000
v 1.69000 -0.49566 -4.95000
v 2.78253 -0.49566 -3.21665
v 2.84927 -0.49566 -3.24154
v 3.11000 -0.49566 -4.55000
v 2.51574 -0.49566 -5.65000
v 2.57314 -0.49566 -5.63858
v 2.54500 -0.49566 -5.64712
v 2.59907 -0.49566 -5.62472
v 2.62180 -0.49566 -5.60607
v 2.94607 -0.49566 -5.28180
v 3.01426 -0.49566 -5.22584
v 3.11000 -0.49566 -4.95000
v 3.09206 -0.49566 -5.18425
v 3.17647 -0.49566 -5.15865
v -1.71298 -0.49566 -2.73288
v 0.49401 -0.49566 -1.08787
v 0.50585 -0.49566 -1.12169
v 1.10212 -0.49566 -0.97844
v 1.12569 -0.49566 -0.97213
v 1.08000 -0.49566 -0.98876
v -2.11000 -0.49566 -4.55000
v 0.55024 -0.49566 -2.02264
v 0.55024 -0.49566 -1.17736
v 0.58058 -0.49566 -1.19642
v 0.52491 -0.49566 -2.04798
v 0.52491 -0.49566 -1.15202
v 0.50585 -0.49566 -2.07831
v 0.58058 -0.49566 -2.00358
v 0.49401 -0.49566 -2.11213
v -1.66762 -0.49566 -2.78781
v 0.61440 -0.49566 -1.99175
v 0.61440 -0.49566 -1.20825
v -1.62136 -0.49566 -2.92148
v -1.63650 -0.49566 -2.85188
v -2.11000 -0.49566 -4.95000
v -1.84927 -0.49566 -3.24154
v -1.78253 -0.49566 -3.21665
v -2.17647 -0.49566 -5.15865
v -2.09206 -0.49566 -5.18425
v -2.01426 -0.49566 -5.22584
v -1.94607 -0.49566 -5.28180
v -1.72354 -0.49566 -3.17672
v -1.67563 -0.49566 -3.12402
v 1.21074 -0.49566 -2.21614
v 1.18115 -0.49566 -2.22649
v 1.25946 -0.49566 -2.17729
v 1.28649 -0.49566 -2.12115
v 1.27614 -0.49566 -2.15074
v 1.23729 -0.49566 -2.19946
v -1.64149 -0.49566 -3.06150
v -1.62305 -0.49566 -2.99269
v -0.69000 -0.49566 -4.55000
v 0.49401 -0.49566 -3.36787
v 0.50585 -0.49566 -3.40169
v 0.52491 -0.49566 -3.43202
v -1.62180 -0.49566 -5.60607
v -1.54500 -0.49566 -5.64712
v -1.57314 -0.49566 -5.63858
v -1.59907 -0.49566 -5.62472
v -1.51574 -0.49566 -5.65000
v -0.69000 -0.49566 -4.95000
v 1.12569 -0.49566 -3.25213
v 1.08000 -0.49566 -3.26876
v 1.10212 -0.49566 -3.25844
v 0.52491 -0.49566 -4.32798
v 0.55024 -0.49566 -3.45736
v 0.55024 -0.49566 -4.30264
v 0.50585 -0.49566 -4.35831
v 0.58058 -0.49566 -4.28358
v 0.58058 -0.49566 -3.47642
v 0.49401 -0.49566 -4.39213
v 0.61440 -0.49566 -4.27175
v 0.61440 -0.49566 -3.48825
v 1.21074 -0.49566 -4.49614
v 1.18115 -0.49566 -4.50649
v 1.23729 -0.49566 -4.47946
v 1.25946 -0.49566 -4.45729
v 1.28649 -0.49566 -4.40115
v 1.27614 -0.49566 -4.43074
v -5.27511 -0.39077 -5.70199
v -5.27511 -0.38270 -5.70088
v -5.27511 -0.37458 -5.70022
v -5.27511 -0.39077 -6.49801
v -5.27511 -0.37458 -6.49978
v -5.27511 -0.38270 -6.49912
v -1.73569 -0.57066 -2.82095
v -1.69842 -0.57066 -2.91093
v -1.70267 -0.57066 -3.00823
v -1.74764 -0.57066 -3.09463
v -1.82491 -0.57066 -3.15392
v 0.49401 -0.77566 -4.39213
v 0.50585 -0.77566 -4.35831
v 0.52491 -0.77566 -4.32798
v 0.55024 -0.77566 -4.30264
v 0.58058 -0.77566 -4.28358
v 0.61440 -0.77566 -4.27175
v 1.25946 -0.77566 -4.45729
v 1.27614 -0.77566 -4.43074
v 1.28649 -0.77566 -4.40115
v 1.23729 -0.77566 -4.47946
v 1.18115 -0.77566 -4.50649
v 1.21074 -0.77566 -4.49614
v 1.08000 -0.77566 -3.26876
v 1.10212 -0.77566 -3.25844
v 1.12569 -0.77566 -3.25213
v 0.50585 -0.77566 -3.40169
v 0.49401 -0.77566 -3.36787
v 0.52491 -0.77566 -3.43202
v 0.55024 -0.77566 -3.45736
v 0.58058 -0.77566 -3.47642
v 0.61440 -0.77566 -3.48825
v 0.49401 -0.77566 -2.11213
v 0.50585 -0.77566 -2.07831
v 0.52491 -0.77566 -2.04798
v 0.55024 -0.77566 -2.02264
v 0.58058 -0.77566 -2.00358
v 0.61440 -0.77566 -1.99175
v 1.18115 -0.77566 -2.22649
v 1.25946 -0.77566 -2.17729
v 1.27614 -0.77566 -2.15074
v 1.28649 -0.77566 -2.12115
v 1.23729 -0.77566 -2.19946
v 1.21074 -0.77566 -2.21614
v 1.08000 -0.77566 -0.98876
v 1.10212 -0.77566 -0.97844
v 1.12569 -0.77566 -0.97213
v 0.52491 -0.77566 -1.15202
v 0.50585 -0.77566 -1.12169
v 0.49401 -0.77566 -1.08787
v 0.55024 -0.77566 -1.17736
v 0.58058 -0.77566 -1.19642
v 0.61440 -0.77566 -1.20825
v -1.60184 -0.57066 -5.70787
v -1.47005 -0.44566 -4.55000
v -1.51777 -0.45144 -4.55000
v -1.47005 -0.44566 -4.95000
v -1.51777 -0.45144 -4.95000
v -1.56273 -0.46843 -4.95000
v -1.56273 -0.46843 -4.55000
v -1.23727 -0.46843 -4.55000
v -1.23727 -0.46843 -4.95000
v -1.28223 -0.45144 -4.55000
v -1.28223 -0.45144 -4.95000
v -1.32995 -0.44566 -4.55000
v -1.32995 -0.44566 -4.95000
v -5.27438 -0.40004 -2.69801
v -5.27438 -0.39197 -2.69912
v -5.27438 -0.38385 -2.69978
v -5.27438 -0.31732 -2.24352
v -5.27438 -0.29357 -2.26727
v -5.27438 -0.33519 -2.21508
v -5.27438 -0.26513 -2.28515
v -5.27438 -0.34628 -2.18338
v -5.27438 -0.23342 -2.29624
v -5.27438 -0.34628 -2.01662
v -5.27438 -0.40004 -1.50199
v -5.27438 -0.33519 -1.98492
v -5.27438 -0.31732 -1.95648
v -5.27438 -0.29357 -1.93273
v -5.27438 -0.26513 -1.91485
v -5.27438 -0.23342 -1.90376
v -5.27438 -0.38385 -1.50022
v -5.27438 -0.39197 -1.50088
v -5.27438 -0.35004 -2.15000
v -5.27438 -0.35004 -2.05000
v 6.27438 -0.39197 -2.69912
v 6.27438 -0.38385 -2.69978
v 6.27438 -0.40004 -2.69801
v 6.27438 -0.29357 -2.26727
v 6.27438 -0.31732 -2.24352
v 6.27438 -0.33519 -2.21508
v 6.27438 -0.26513 -2.28515
v 6.27438 -0.34628 -2.18338
v 6.27438 -0.23342 -2.29624
v 6.27438 -0.35004 -2.15000
v 6.27438 -0.35004 -2.05000
v 6.27438 -0.26513 -1.91485
v 6.27438 -0.40004 -1.50199
v 6.27438 -0.29357 -1.93273
v 6.27438 -0.31732 -1.95648
v 6.27438 -0.33519 -1.98492
v 6.27438 -0.34628 -2.01662
v 6.27438 -0.39197 -1.50088
v 6.27438 -0.38385 -1.50022
v 6.27438 -0.23342 -1.90376
v 2.32995 -0.44566 -4.95000
v 2.28223 -0.45144 -4.55000
v 2.28223 -0.45144 -4.95000
v 2.32995 -0.44566 -4.55000
v 2.23727 -0.46843 -4.55000
v 2.23727 -0.46843 -4.95000
v 2.56273 -0.46843 -4.55000
v 2.56273 -0.46843 -4.95000
v 2.51777 -0.45144 -4.55000
v 2.51777 -0.45144 -4.95000
v 2.47005 -0.44566 -4.55000
v 2.47005 -0.44566 -4.95000
v 0.58926 -0.77566 -4.30160
v 0.56271 -0.77566 -4.31828
v 0.54054 -0.77566 -4.34045
v 0.61885 -0.77566 -4.29124
v 0.52386 -0.77566 -4.36699
v 0.51351 -0.77566 -4.39658
v 1.07000 -0.77566 -4.50856
v 1.09528 -0.77566 -4.52035
v 1.12222 -0.77566 -4.52757
v 2.60184 -0.57066 -5.70787
v 2.82491 -0.57066 -3.15392
v 2.74764 -0.57066 -3.09463
v 2.70267 -0.57066 -3.00823
v 2.69842 -0.57066 -2.91093
v 2.73569 -0.57066 -2.82095
v 0.72000 -0.77566 -1.17351
v 0.67431 -0.77566 -1.19014
v 0.69788 -0.77566 -1.18382
v 1.07000 -0.77566 -0.97144
v 1.09528 -0.77566 -0.95965
v 1.12222 -0.77566 -0.95243
v 0.56271 -0.77566 -2.03828
v 0.54054 -0.77566 -2.06045
v 0.52386 -0.77566 -2.08699
v 0.51351 -0.77566 -2.11658
v 0.61885 -0.77566 -2.01125
v 0.58926 -0.77566 -2.02160
v 1.07000 -0.77566 -2.22856
v 1.09528 -0.77566 -2.24035
v 1.12222 -0.77566 -2.24757
v 0.72000 -0.77566 -3.45351
v 0.67431 -0.77566 -3.47014
v 0.69788 -0.77566 -3.46382
v 1.07000 -0.77566 -3.25144
v 1.09528 -0.77566 -3.23965
v 1.12222 -0.77566 -3.23243
v 6.27511 -0.39077 -5.70199
v 6.27511 -0.37458 -5.70022
v 6.27511 -0.38270 -5.70088
v 6.27511 -0.38270 -6.49912
v 6.27511 -0.37458 -6.49978
v 6.27511 -0.39077 -6.49801
v 1.97640 -0.29211 -4.55000
v 1.83142 -0.43709 -4.55000
v 1.80111 -0.46196 -4.55000
v 1.76654 -0.48044 -4.55000
v 1.72902 -0.49182 -4.55000
v 2.05216 -0.22993 -4.55000
v 2.13861 -0.18372 -4.55000
v 2.23240 -0.15527 -4.55000
v 2.32995 -0.14566 -4.55000
v 2.47005 -0.14566 -4.55000
v 2.56760 -0.15527 -4.55000
v 2.66139 -0.18372 -4.55000
v 2.74784 -0.22993 -4.55000
v 2.82360 -0.29211 -4.55000
v 2.96858 -0.43709 -4.55000
v 2.99889 -0.46196 -4.55000
v 3.03346 -0.48044 -4.55000
v 3.07098 -0.49182 -4.55000
v 2.96858 -0.43709 -4.95000
v 2.99889 -0.46196 -4.95000
v 3.03346 -0.48044 -4.95000
v 3.07098 -0.49182 -4.95000
v 1.97640 -0.29211 -4.95000
v 1.83142 -0.43709 -4.95000
v 1.80111 -0.46196 -4.95000
v 1.76654 -0.48044 -4.95000
v 1.72902 -0.49182 -4.95000
v 2.05216 -0.22993 -4.95000
v 2.13861 -0.18372 -4.95000
v 2.23240 -0.15527 -4.95000
v 2.32995 -0.14566 -4.95000
v 2.47005 -0.14566 -4.95000
v 2.56760 -0.15527 -4.95000
v 2.66139 -0.18372 -4.95000
v 2.74784 -0.22993 -4.95000
v 2.82360 -0.29211 -4.95000
v -1.82360 -0.29211 -4.95000
v -1.96858 -0.43709 -4.95000
v -1.99889 -0.46196 -4.95000
v -2.03346 -0.48044 -4.95000
v -2.07098 -0.49182 -4.95000
v -1.74784 -0.22993 -4.95000
v -1.66139 -0.18372 -4.95000
v -1.56760 -0.15527 -4.95000
v -1.47005 -0.14566 -4.95000
v -1.32995 -0.14566 -4.95000
v -1.23240 -0.15527 -4.95000
v -1.13861 -0.18372 -4.95000
v -1.05216 -0.22993 -4.95000
v -0.97640 -0.29211 -4.95000
v -0.83142 -0.43709 -4.95000
v -0.80111 -0.46196 -4.95000
v -0.76654 -0.48044 -4.95000
v -0.72902 -0.49182 -4.95000
v -2.07098 -0.49182 -4.55000
v -2.03346 -0.48044 -4.55000
v -1.99889 -0.46196 -4.55000
v -1.96858 -0.43709 -4.55000
v -1.82360 -0.29211 -4.55000
v -1.74784 -0.22993 -4.55000
v -1.66139 -0.18372 -4.55000
v -1.56760 -0.15527 -4.55000
v -1.47005 -0.14566 -4.55000
v -1.32995 -0.14566 -4.55000
v -1.23240 -0.15527 -4.55000
v -1.13861 -0.18372 -4.55000
v -1.05216 -0.22993 -4.55000
v -0.97640 -0.29211 -4.55000
v -0.83142 -0.43709 -4.55000
v -0.80111 -0.46196 -4.55000
v -0.76654 -0.48044 -4.55000
v -0.72902 -0.49182 -4.55000
v -4.97511 -0.37458 -5.70022
v -4.97511 -0.38270 -5.70088
v -4.97511 -0.39077 -5.70199
v -5.27126 -0.41387 -5.70770
v -4.97896 -0.41387 -5.70770
v -5.22511 -0.69077 -5.90811
v -5.22561 -0.68777 -5.87823
v -5.22718 -0.67833 -5.84830
v -5.22983 -0.66246 -5.82041
v -5.23340 -0.64102 -5.79653
v -5.23764 -0.61561 -5.77811
v -5.24221 -0.58821 -5.76581
v -5.22718 -0.67833 -6.35170
v -5.22561 -0.68777 -6.32177
v -5.22511 -0.69077 -6.29189
v -5.22983 -0.66246 -6.37959
v -5.23340 -0.64102 -6.40347
v -5.23764 -0.61561 -6.42189
v -5.24221 -0.58821 -6.43419
v -5.27126 -0.41387 -6.49230
v -4.97511 -0.39077 -6.49801
v -4.97896 -0.41387 -6.49230
v -4.97511 -0.38270 -6.49912
v -4.97511 -0.37458 -6.49978
v -4.97438 -0.40004 -2.69801
v -4.97823 -0.42314 -2.69230
v -5.27053 -0.42314 -2.69230
v -4.97438 -0.39197 -2.69912
v -4.97438 -0.38385 -2.69978
v -5.24147 -0.59748 -1.56581
v -5.22438 -0.70004 -1.70811
v -5.23691 -0.62488 -1.57811
v -5.23267 -0.65029 -1.59653
v -5.22910 -0.67173 -1.62041
v -5.22645 -0.68760 -1.64830
v -5.22488 -0.69704 -1.67823
v -5.27053 -0.42314 -1.50770
v -5.22438 -0.70004 -2.49189
v -5.22645 -0.68760 -2.55170
v -5.22488 -0.69704 -2.52177
v -5.22910 -0.67173 -2.57959
v -5.23267 -0.65029 -2.60347
v -5.23691 -0.62488 -2.62189
v -5.24147 -0.59748 -2.63419
v -4.97438 -0.38385 -1.50022
v -4.97438 -0.39197 -1.50088
v -4.97438 -0.40004 -1.50199
v -4.97823 -0.42314 -1.50770
v -4.97438 -0.23342 -1.90376
v -4.97438 -0.26513 -1.91485
v -4.97438 -0.29357 -1.93273
v -4.97438 -0.31732 -1.95648
v -4.97438 -0.33519 -1.98492
v -4.97438 -0.34628 -2.01662
v -4.97438 -0.35004 -2.05000
v -4.97438 -0.35004 -2.15000
v -4.97438 -0.34628 -2.18338
v -4.97438 -0.33519 -2.21508
v -4.97438 -0.31732 -2.24352
v -4.97438 -0.29357 -2.26727
v -4.97438 -0.26513 -2.28515
v -4.97438 -0.23342 -2.29624
v 5.97438 -0.38385 -2.69978
v 5.97438 -0.39197 -2.69912
v 5.97438 -0.40004 -2.69801
v 6.27053 -0.42314 -2.69230
v 5.97823 -0.42314 -2.69230
v 5.97438 -0.23342 -2.29624
v 5.97438 -0.26513 -2.28515
v 5.97438 -0.29357 -2.26727
v 5.97438 -0.31732 -2.24352
v 5.97438 -0.33519 -2.21508
v 5.97438 -0.34628 -2.18338
v 5.97438 -0.35004 -2.15000
v 5.97438 -0.35004 -2.05000
v 5.97438 -0.34628 -2.01662
v 5.97438 -0.33519 -1.98492
v 5.97438 -0.31732 -1.95648
v 5.97438 -0.29357 -1.93273
v 5.97438 -0.26513 -1.91485
v 5.97438 -0.23342 -1.90376
v 5.97438 -0.40004 -1.50199
v 5.97823 -0.42314 -1.50770
v 6.27053 -0.42314 -1.50770
v 5.97438 -0.39197 -1.50088
v 5.97438 -0.38385 -1.50022
v 6.24147 -0.59748 -2.63419
v 6.22438 -0.70004 -2.49189
v 6.23691 -0.62488 -2.62189
v 6.23267 -0.65029 -2.60347
v 6.22910 -0.67173 -2.57959
v 6.22645 -0.68760 -2.55170
v 6.22488 -0.69704 -2.52177
v 6.22438 -0.70004 -1.70811
v 6.22645 -0.68760 -1.64830
v 6.22488 -0.69704 -1.67823
v 6.22910 -0.67173 -1.62041
v 6.23267 -0.65029 -1.59653
v 6.23691 -0.62488 -1.57811
v 6.24147 -0.59748 -1.56581
v 6.22511 -0.69077 -5.90811
v 6.24221 -0.58821 -5.76581
v 6.23764 -0.61561 -5.77811
v 6.23340 -0.64102 -5.79653
v 6.22983 -0.66246 -5.82041
v 6.22718 -0.67833 -5.84830
v 6.22561 -0.68777 -5.87823
v 6.27126 -0.41387 -5.70770
v 6.22718 -0.67833 -6.35170
v 6.22511 -0.69077 -6.29189
v 6.22561 -0.68777 -6.32177
v 6.22983 -0.66246 -6.37959
v 6.23340 -0.64102 -6.40347
v 6.23764 -0.61561 -6.42189
v 6.24221 -0.58821 -6.43419
v 6.27126 -0.41387 -6.49230
v 5.97896 -0.41387 -5.70770
v 5.97511 -0.39077 -5.70199
v 5.97511 -0.38270 -5.70088
v 5.97511 -0.37458 -5.70022
v 5.97511 -0.37458 -6.49978
v 5.97511 -0.38270 -6.49912
v 5.97511 -0.39077 -6.49801
v 5.97896 -0.41387 -6.49230
v -5.00802 -0.58821 -6.43419
v -5.02511 -0.69077 -6.29189
v -5.01258 -0.61561 -6.42189
v -5.01682 -0.64102 -6.40347
v -5.02039 -0.66246 -6.37959
v -5.02304 -0.67833 -6.35170
v -5.02461 -0.68777 -6.32177
v -5.02511 -0.69077 -5.90811
v -5.02304 -0.67833 -5.84830
v -5.02461 -0.68777 -5.87823
v -5.02039 -0.66246 -5.82041
v -5.01682 -0.64102 -5.79653
v -5.01258 -0.61561 -5.77811
v -5.00802 -0.58821 -5.76581
v -5.00729 -0.59748 -2.63419
v -5.02438 -0.70004 -1.70811
v -5.00729 -0.59748 -1.56581
v -5.01185 -0.62488 -1.57811
v -5.01609 -0.65029 -1.59653
v -5.01966 -0.67173 -1.62041
v -5.02231 -0.68760 -1.64830
v -5.02388 -0.69704 -1.67823
v -5.02231 -0.68760 -2.55170
v -5.02438 -0.70004 -2.49189
v -5.02388 -0.69704 -2.52177
v -5.01966 -0.67173 -2.57959
v -5.01609 -0.65029 -2.60347
v -5.01185 -0.62488 -2.62189
v 6.02438 -0.70004 -1.70811
v 6.02388 -0.69704 -1.67823
v 6.02231 -0.68760 -1.64830
v 6.01966 -0.67173 -1.62041
v 6.01609 -0.65029 -1.59653
v 6.01185 -0.62488 -1.57811
v 6.00729 -0.59748 -1.56581
v 6.02231 -0.68760 -2.55170
v 6.02388 -0.69704 -2.52177
v 6.02438 -0.70004 -2.49189
v 6.01966 -0.67173 -2.57959
v 6.01609 -0.65029 -2.60347
v 6.01185 -0.62488 -2.62189
v 6.00729 -0.59748 -2.63419
v 6.00802 -0.58821 -6.43419
v 6.01258 -0.61561 -6.42189
v 6.01682 -0.64102 -6.40347
v 6.02039 -0.66246 -6.37959
v 6.02304 -0.67833 -6.35170
v 6.02461 -0.68777 -6.32177
v 6.02511 -0.69077 -6.29189
v 6.02511 -0.69077 -5.90811
v 6.02461 -0.68777 -5.87823
v 6.02304 -0.67833 -5.84830
v 6.02039 -0.66246 -5.82041
v 6.01682 -0.64102 -5.79653
v 6.01258 -0.61561 -5.77811
v 6.00802 -0.58821 -5.76581

g Solid_0
usemtl Solid_0
f 1 2 3
f 3 2 4
f 4 2 5
f 5 6 7
f 7 6 8
f 2 6 5
f 9 10 1
f 1 10 2
f 8 11 12
f 12 11 13
f 6 11 8
f 2 14 6
f 10 14 2
f 15 16 9
f 17 16 15
f 18 16 17
f 9 16 10
f 13 19 20
f 11 19 13
f 14 21 6
f 6 21 11
f 22 23 18
f 24 23 22
f 10 23 14
f 18 23 16
f 16 23 10
f 20 25 26
f 26 25 27
f 19 25 20
f 21 28 11
f 11 28 19
f 29 30 24
f 24 30 23
f 14 30 21
f 23 30 14
f 27 31 32
f 32 31 33
f 33 31 34
f 25 31 27
f 28 35 19
f 19 35 25
f 36 37 29
f 38 37 36
f 21 37 28
f 30 37 21
f 29 37 30
f 34 39 40
f 31 39 34
f 25 39 31
f 35 39 25
f 41 42 38
f 43 42 41
f 28 42 35
f 38 42 37
f 37 42 28
f 35 44 39
f 45 44 43
f 46 44 45
f 40 44 46
f 43 44 42
f 42 44 35
f 39 44 40
f 47 48 49
f 49 48 50
f 50 48 51
f 51 52 53
f 53 52 54
f 48 52 51
f 55 56 47
f 47 56 48
f 54 57 58
f 58 57 59
f 52 57 54
f 48 60 52
f 56 60 48
f 61 62 55
f 63 62 61
f 64 62 63
f 55 62 56
f 59 65 66
f 57 65 59
f 60 67 52
f 52 67 57
f 68 69 64
f 70 69 68
f 56 69 60
f 64 69 62
f 62 69 56
f 66 71 72
f 72 71 73
f 65 71 66
f 67 74 57
f 57 74 65
f 75 76 70
f 70 76 69
f 60 76 67
f 69 76 60
f 73 77 78
f 78 77 79
f 79 77 80
f 71 77 73
f 74 81 65
f 65 81 71
f 82 83 75
f 84 83 82
f 67 83 74
f 76 83 67
f 75 83 76
f 80 85 86
f 77 85 80
f 71 85 77
f 81 85 71
f 87 88 84
f 89 88 87
f 74 88 81
f 84 88 83
f 83 88 74
f 81 90 85
f 91 90 89
f 92 90 91
f 86 90 92
f 89 90 88
f 88 90 81
f 85 90 86
f 93 94 95
f 93 95 96
f 97 98 99
f 97 99 100
f 101 102 103
f 101 103 104
f 105 106 107
f 105 107 108
f 109 110 111
f 112 109 111
f 113 110 114
f 113 114 115
f 116 117 118
f 119 116 118
f 97 100 120
f 97 120 121
f 112 122 123
f 112 111 122
f 101 124 125
f 101 104 124
f 119 126 127
f 119 118 126
f 128 129 130
f 128 130 131
f 132 133 134
f 132 134 135
f 132 135 136
f 132 136 137
f 138 139 140
f 138 140 141
f 142 143 144
f 141 145 146
f 146 142 144
f 146 144 138
f 146 138 141
f 147 148 149
f 147 149 150
f 151 152 153
f 154 152 151
f 155 152 156
f 155 157 152
f 158 159 160
f 158 160 161
f 162 157 163
f 162 117 157
f 164 165 166
f 167 165 164
f 168 169 170
f 168 170 171
f 172 173 174
f 172 174 175
f 140 176 177
f 177 176 178
f 179 180 181
f 179 182 180
f 183 184 185
f 185 184 186
f 187 188 189
f 189 188 190
f 191 192 193
f 191 139 192
f 140 139 187
f 140 187 184
f 140 184 183
f 140 183 182
f 140 182 179
f 140 179 176
f 187 139 188
f 188 139 191
f 194 172 175
f 194 175 195
f 196 197 198
f 199 200 197
f 200 201 197
f 201 202 197
f 203 204 171
f 202 204 197
f 202 205 204
f 205 206 204
f 206 207 204
f 207 168 204
f 168 171 204
f 196 199 197
f 208 209 167
f 210 165 209
f 165 167 209
f 211 158 212
f 159 211 213
f 159 158 211
f 214 215 164
f 166 216 214
f 164 166 214
f 217 218 219
f 217 219 220
f 221 217 222
f 221 222 223
f 224 221 225
f 224 225 226
f 227 224 228
f 227 228 229
f 230 227 231
f 230 231 232
f 233 230 234
f 233 234 235
f 236 237 238
f 236 238 239
f 218 236 240
f 218 240 241
f 242 243 244
f 242 244 245
f 246 247 248
f 249 246 248
f 250 251 249
f 250 249 252
f 253 252 249
f 253 249 248
f 254 252 253
f 243 233 255
f 243 255 256
f 257 258 259
f 257 259 260
f 261 262 263
f 261 263 264
f 258 242 265
f 258 265 266
f 267 268 256
f 267 256 255
f 269 270 271
f 271 270 250
f 272 273 274
f 274 273 275
f 276 277 278
f 278 277 279
f 280 281 282
f 282 281 283
f 284 285 286
f 286 251 281
f 285 251 286
f 251 250 283
f 251 283 281
f 283 250 277
f 277 250 279
f 279 250 273
f 273 250 275
f 275 250 270
f 287 288 266
f 287 266 265
f 264 289 290
f 290 289 291
f 291 289 292
f 263 293 289
f 289 294 292
f 294 295 296
f 296 295 297
f 297 295 150
f 289 295 294
f 298 147 295
f 264 263 289
f 147 150 295
f 299 300 260
f 300 257 260
f 300 301 257
f 302 303 259
f 258 302 259
f 304 302 258
f 305 245 306
f 307 242 305
f 242 245 305
f 308 309 199
f 308 199 196
f 308 310 311
f 312 308 311
f 313 312 314
f 313 314 315
f 316 317 318
f 318 317 319
f 320 321 322
f 322 321 323
f 319 324 325
f 325 324 326
f 326 324 327
f 327 324 328
f 320 324 321
f 328 324 329
f 329 324 330
f 330 324 331
f 331 324 320
f 321 324 332
f 333 334 317
f 317 334 319
f 333 335 334
f 319 336 324
f 334 336 319
f 336 337 324
f 338 339 336
f 336 339 337
f 335 340 338
f 333 340 335
f 338 340 339
f 337 341 324
f 340 342 339
f 343 344 345
f 340 346 342
f 341 347 324
f 342 348 341
f 346 348 342
f 341 348 347
f 347 349 324
f 349 350 324
f 346 351 348
f 351 352 349
f 346 352 351
f 349 352 350
f 350 353 324
f 344 354 345
f 346 355 352
f 324 356 344
f 353 356 324
f 353 357 356
f 346 357 355
f 355 357 353
f 354 358 359
f 359 358 360
f 356 361 344
f 346 362 357
f 361 363 344
f 362 363 361
f 346 364 362
f 362 364 363
f 363 365 344
f 346 366 364
f 365 367 344
f 366 368 365
f 365 368 367
f 367 369 344
f 344 369 354
f 369 370 354
f 369 371 370
f 372 371 369
f 354 373 358
f 370 373 354
f 373 374 358
f 375 374 373
f 358 376 377
f 377 376 378
f 375 379 374
f 374 380 358
f 380 381 358
f 358 381 376
f 380 382 381
f 383 382 380
f 381 384 376
f 384 385 376
f 386 387 388
f 388 387 389
f 390 391 386
f 386 391 387
f 391 392 387
f 384 393 385
f 394 393 384
f 385 395 376
f 391 396 392
f 395 397 376
f 391 398 396
f 399 400 395
f 395 400 397
f 376 401 391
f 397 401 376
f 391 402 398
f 401 403 391
f 404 405 401
f 401 405 403
f 403 406 391
f 391 407 402
f 406 408 391
f 406 409 408
f 410 409 406
f 408 411 391
f 391 412 407
f 411 413 391
f 391 414 412
f 415 416 411
f 411 416 413
f 413 417 391
f 417 418 391
f 391 419 414
f 391 420 419
f 418 420 391
f 417 421 418
f 422 421 417
f 418 423 420
f 423 424 420
f 420 425 426
f 424 425 420
f 422 427 421
f 421 427 428
f 416 427 422
f 410 429 409
f 409 429 415
f 415 429 416
f 416 429 427
f 393 429 399
f 405 429 410
f 399 429 400
f 400 429 404
f 404 429 405
f 423 430 424
f 428 430 423
f 427 430 428
f 346 429 393
f 346 393 394
f 346 394 382
f 346 382 383
f 346 383 379
f 346 379 375
f 346 375 371
f 346 371 372
f 346 372 368
f 346 368 366
f 418 431 432
f 421 431 418
f 423 418 433
f 433 418 432
f 434 428 423
f 434 423 433
f 421 434 431
f 421 428 434
f 370 435 436
f 371 435 370
f 373 370 437
f 437 370 436
f 438 375 437
f 437 375 373
f 371 438 435
f 371 375 438
f 374 439 440
f 379 439 374
f 380 374 441
f 441 374 440
f 442 383 441
f 441 383 380
f 379 442 439
f 379 383 442
f 385 443 444
f 393 443 385
f 395 385 445
f 445 385 444
f 446 399 445
f 445 399 395
f 393 446 443
f 393 399 446
f 403 447 448
f 405 447 403
f 448 449 406
f 448 406 403
f 406 449 410
f 449 450 410
f 410 450 405
f 450 447 405
f 451 452 341
f 341 452 342
f 342 452 339
f 452 453 339
f 454 337 339
f 453 454 339
f 454 451 341
f 454 341 337
f 367 455 456
f 368 455 367
f 456 457 369
f 456 369 367
f 457 458 369
f 369 458 372
f 458 455 372
f 372 455 368
f 413 459 460
f 416 459 413
f 460 461 417
f 460 417 413
f 461 422 417
f 462 422 461
f 422 462 416
f 462 459 416
f 463 390 464
f 465 391 463
f 463 391 390
f 391 465 376
f 376 465 466
f 467 376 466
f 378 376 467
f 467 468 378
f 378 468 377
f 468 469 377
f 345 470 343
f 343 470 471
f 345 472 470
f 473 344 471
f 471 344 343
f 324 473 474
f 344 473 324
f 475 332 476
f 476 324 474
f 332 324 476
f 477 478 479
f 478 480 479
f 340 333 478
f 478 333 480
f 340 478 481
f 346 340 481
f 482 346 481
f 483 482 481
f 484 485 486
f 484 429 485
f 429 346 482
f 429 482 485
f 429 484 487
f 429 487 427
f 488 487 489
f 488 430 487
f 487 490 489
f 430 427 487
f 356 491 492
f 357 491 356
f 492 493 361
f 492 361 356
f 361 493 362
f 493 494 362
f 362 494 357
f 494 491 357
f 397 495 496
f 400 495 397
f 496 497 401
f 496 401 397
f 401 497 404
f 497 498 404
f 404 498 400
f 498 495 400
f 350 499 500
f 352 499 350
f 500 501 353
f 500 353 350
f 353 501 355
f 501 502 355
f 355 502 352
f 502 499 352
f 381 503 504
f 382 503 381
f 504 505 384
f 504 384 381
f 384 505 394
f 505 506 394
f 394 506 382
f 506 503 382
f 336 334 507
f 507 334 508
f 509 338 507
f 507 338 336
f 335 509 510
f 335 338 509
f 335 510 508
f 335 508 334
f 363 511 512
f 364 511 363
f 365 363 513
f 513 363 512
f 514 366 513
f 513 366 365
f 364 514 511
f 364 366 514
f 408 515 516
f 409 515 408
f 411 408 517
f 517 408 516
f 518 415 517
f 517 415 411
f 409 518 515
f 409 415 518
f 347 519 520
f 348 519 347
f 349 347 521
f 521 347 520
f 522 351 521
f 521 351 349
f 348 522 519
f 348 351 522
f 434 433 431
f 431 433 432
f 438 437 435
f 435 437 436
f 439 442 440
f 442 441 440
f 446 445 443
f 443 445 444
f 447 450 448
f 448 450 449
f 453 452 454
f 454 452 451
f 455 458 456
f 456 458 457
f 459 462 460
f 460 462 461
f 463 464 468
f 468 464 469
f 467 463 468
f 466 465 467
f 467 465 463
f 476 470 475
f 470 472 475
f 474 471 476
f 471 470 476
f 474 473 471
f 523 479 524
f 479 525 477
f 523 525 479
f 526 480 527
f 527 480 528
f 528 480 529
f 526 530 480
f 530 531 480
f 531 532 480
f 479 480 532
f 533 485 534
f 534 485 482
f 534 482 535
f 482 483 535
f 535 536 534
f 535 537 536
f 477 525 478
f 478 525 481
f 525 538 481
f 539 535 538
f 535 483 538
f 483 481 538
f 540 541 542
f 542 541 486
f 490 487 543
f 543 484 541
f 487 484 543
f 484 486 541
f 544 542 545
f 545 542 533
f 486 485 542
f 542 485 533
f 543 489 490
f 546 547 489
f 543 546 489
f 548 488 549
f 549 488 550
f 550 488 551
f 551 488 552
f 488 489 552
f 553 488 554
f 554 488 548
f 491 494 492
f 492 494 493
f 495 498 496
f 496 498 497
f 499 502 500
f 500 502 501
f 503 505 504
f 503 506 505
f 510 507 508
f 509 507 510
f 514 513 511
f 511 513 512
f 518 517 515
f 515 517 516
f 519 522 520
f 522 521 520
f 555 556 523
f 555 523 524
f 556 538 525
f 556 525 523
f 528 529 557
f 528 557 558
f 527 558 559
f 527 528 558
f 526 559 560
f 526 527 559
f 530 560 561
f 530 526 560
f 531 561 562
f 531 530 561
f 532 562 563
f 532 531 562
f 479 563 524
f 479 532 563
f 545 533 534
f 545 534 536
f 544 545 537
f 537 545 536
f 564 565 566
f 565 567 568
f 568 569 565
f 565 570 567
f 569 571 565
f 564 572 565
f 565 572 570
f 571 86 565
f 572 540 573
f 573 540 574
f 574 540 575
f 564 540 572
f 540 576 575
f 540 577 576
f 540 578 577
f 540 55 578
f 540 61 55
f 70 579 75
f 75 579 82
f 82 579 84
f 84 579 87
f 579 544 580
f 544 537 580
f 540 542 61
f 579 542 544
f 61 542 63
f 63 542 64
f 64 542 68
f 68 542 70
f 70 542 579
f 537 581 580
f 537 582 581
f 537 535 582
f 582 583 584
f 582 585 583
f 582 586 585
f 587 588 555
f 46 588 40
f 535 589 582
f 582 589 586
f 46 45 588
f 535 590 589
f 45 43 588
f 535 591 590
f 43 41 588
f 535 592 591
f 41 38 588
f 535 593 592
f 588 36 555
f 38 36 588
f 9 539 15
f 15 539 17
f 17 539 18
f 18 539 22
f 22 539 24
f 24 539 29
f 29 539 36
f 593 539 9
f 535 539 593
f 36 539 555
f 579 565 86
f 579 86 92
f 579 92 91
f 579 91 89
f 579 89 87
f 588 582 40
f 40 582 594
f 594 582 595
f 595 582 596
f 596 582 584
f 538 556 539
f 556 555 539
f 597 540 564
f 597 541 540
f 546 543 541
f 546 541 597
f 546 597 564
f 547 546 564
f 552 489 547
f 552 547 598
f 551 598 599
f 551 552 598
f 550 599 600
f 550 551 599
f 549 600 601
f 549 550 600
f 548 601 602
f 548 549 601
f 554 602 603
f 554 548 602
f 553 603 604
f 553 554 603
f 555 524 605
f 606 587 555
f 606 555 605
f 607 557 608
f 558 557 607
f 609 558 607
f 559 558 609
f 610 559 609
f 560 559 610
f 561 610 611
f 561 560 610
f 562 611 612
f 562 561 611
f 563 612 613
f 563 562 612
f 524 613 605
f 524 563 613
f 588 606 614
f 614 606 615
f 588 587 606
f 588 616 582
f 614 616 588
f 617 618 616
f 581 582 618
f 618 582 616
f 580 581 618
f 619 580 618
f 579 619 620
f 620 619 621
f 579 580 619
f 579 622 565
f 620 622 579
f 623 624 622
f 566 565 624
f 624 565 622
f 564 566 624
f 625 547 564
f 625 564 624
f 34 626 627
f 627 626 628
f 628 626 629
f 629 630 631
f 631 630 632
f 626 630 629
f 40 633 34
f 34 633 626
f 632 634 635
f 630 634 632
f 626 636 630
f 633 636 626
f 594 637 40
f 595 637 594
f 596 637 595
f 40 637 633
f 635 638 639
f 639 638 640
f 634 638 635
f 636 641 630
f 630 641 634
f 584 642 596
f 583 642 584
f 633 642 636
f 596 642 637
f 637 642 633
f 640 643 644
f 644 643 645
f 638 643 640
f 641 646 634
f 634 646 638
f 585 647 583
f 583 647 642
f 636 647 641
f 642 647 636
f 645 648 649
f 649 648 650
f 650 648 1
f 643 648 645
f 646 651 638
f 638 651 643
f 586 652 585
f 589 652 586
f 585 652 647
f 641 652 646
f 647 652 641
f 1 653 9
f 648 653 1
f 643 653 648
f 651 653 643
f 590 654 589
f 591 654 590
f 646 654 651
f 652 654 646
f 589 654 652
f 651 655 653
f 592 655 591
f 593 655 592
f 9 655 593
f 653 655 9
f 591 655 654
f 654 655 651
f 80 656 657
f 657 656 658
f 658 656 659
f 659 660 661
f 661 660 662
f 656 660 659
f 86 663 80
f 80 663 656
f 662 664 665
f 660 664 662
f 656 666 660
f 663 666 656
f 571 667 86
f 569 667 571
f 568 667 569
f 86 667 663
f 665 668 669
f 669 668 670
f 664 668 665
f 666 671 660
f 660 671 664
f 567 672 568
f 570 672 567
f 663 672 666
f 568 672 667
f 667 672 663
f 670 673 674
f 674 673 675
f 668 673 670
f 671 676 664
f 664 676 668
f 572 677 570
f 570 677 672
f 666 677 671
f 672 677 666
f 675 678 679
f 679 678 680
f 680 678 47
f 673 678 675
f 676 681 668
f 668 681 673
f 573 682 572
f 574 682 573
f 572 682 677
f 671 682 676
f 677 682 671
f 47 683 55
f 678 683 47
f 673 683 678
f 681 683 673
f 575 684 574
f 576 684 575
f 676 684 681
f 682 684 676
f 574 684 682
f 681 685 683
f 577 685 576
f 578 685 577
f 55 685 578
f 683 685 55
f 576 685 684
f 684 685 681
f 598 547 625
f 598 625 686
f 599 686 687
f 599 598 686
f 600 687 688
f 600 599 687
f 601 688 689
f 601 600 688
f 602 689 690
f 602 601 689
f 603 690 691
f 603 602 690
f 692 603 691
f 604 603 692
f 693 694 695
f 696 694 693
f 608 557 696
f 608 696 693
f 616 614 617
f 617 614 615
f 697 698 699
f 700 701 702
f 700 702 698
f 700 698 697
f 703 699 704
f 703 704 705
f 703 697 699
f 706 707 701
f 706 701 700
f 708 703 705
f 709 693 707
f 709 707 706
f 710 693 709
f 711 708 705
f 711 705 712
f 713 693 710
f 713 608 693
f 714 608 713
f 714 607 608
f 715 711 712
f 716 607 714
f 716 610 609
f 716 609 607
f 717 610 716
f 611 610 717
f 612 611 717
f 612 717 718
f 613 612 718
f 613 718 719
f 605 613 719
f 605 719 720
f 605 720 721
f 606 605 721
f 615 606 721
f 722 723 724
f 722 724 725
f 726 722 725
f 727 725 728
f 727 726 725
f 729 728 730
f 729 727 728
f 731 730 732
f 731 729 730
f 733 734 731
f 733 731 732
f 735 734 733
f 736 737 734
f 736 734 735
f 624 623 738
f 739 737 736
f 739 740 741
f 739 741 737
f 625 624 738
f 625 738 742
f 625 742 743
f 692 740 739
f 692 744 740
f 691 744 692
f 691 745 744
f 686 625 743
f 686 743 746
f 690 745 691
f 690 747 745
f 687 686 746
f 688 687 746
f 688 746 747
f 689 747 690
f 689 688 747
f 722 711 715
f 722 715 748
f 722 748 749
f 749 748 750
f 749 750 751
f 722 749 723
f 721 738 621
f 621 738 623
f 721 621 617
f 617 621 618
f 618 621 619
f 721 617 615
f 623 620 621
f 622 620 623
f 629 34 627
f 629 627 628
f 629 631 632
f 629 632 635
f 629 635 639
f 629 639 640
f 629 640 644
f 629 644 645
f 629 645 649
f 629 649 650
f 629 650 1
f 629 1 3
f 629 3 4
f 629 4 5
f 629 5 7
f 629 7 8
f 629 8 12
f 629 12 13
f 629 13 20
f 629 20 26
f 629 26 27
f 629 27 32
f 629 32 33
f 629 33 34
f 49 51 47
f 50 51 49
f 54 51 53
f 58 51 54
f 59 51 58
f 66 51 59
f 72 51 66
f 73 51 72
f 78 51 73
f 79 51 78
f 80 51 79
f 657 51 80
f 658 51 657
f 659 51 658
f 661 51 659
f 662 51 661
f 665 51 662
f 669 51 665
f 670 51 669
f 674 51 670
f 675 51 674
f 679 51 675
f 680 51 679
f 47 51 680
f 752 604 692
f 739 752 692
f 753 752 739
f 754 753 739
f 694 755 756
f 696 755 694
f 757 754 739
f 757 739 736
f 758 736 735
f 758 757 736
f 759 735 733
f 759 758 735
f 760 733 732
f 760 759 733
f 761 732 730
f 761 760 732
f 762 730 728
f 762 761 730
f 725 762 728
f 763 762 725
f 724 764 765
f 725 766 763
f 725 765 766
f 725 724 765
f 767 724 768
f 768 724 723
f 767 764 724
f 769 768 723
f 769 723 749
f 749 751 769
f 769 751 770
f 751 771 770
f 772 750 773
f 751 774 771
f 751 750 774
f 774 750 772
f 775 750 776
f 776 750 748
f 775 773 750
f 777 776 748
f 777 748 715
f 715 712 777
f 777 712 778
f 712 779 778
f 780 705 781
f 712 780 779
f 712 705 780
f 782 781 705
f 782 705 704
f 783 704 699
f 783 782 704
f 784 699 698
f 784 783 699
f 785 698 702
f 785 784 698
f 786 702 701
f 786 785 702
f 787 701 707
f 787 786 701
f 695 707 693
f 695 787 707
f 722 726 788
f 788 726 789
f 790 791 792
f 792 791 793
f 741 794 737
f 794 795 737
f 796 797 798
f 797 799 798
f 729 800 727
f 801 802 803
f 789 804 805
f 805 804 806
f 806 804 790
f 726 804 789
f 790 804 791
f 791 807 808
f 804 807 791
f 808 807 809
f 808 810 811
f 800 810 809
f 809 810 808
f 731 812 729
f 811 812 801
f 810 812 811
f 800 812 810
f 729 812 800
f 801 813 802
f 812 813 801
f 731 813 812
f 734 814 731
f 815 814 734
f 802 814 815
f 813 814 802
f 731 814 813
f 737 816 734
f 734 816 815
f 815 816 802
f 796 817 818
f 818 817 819
f 819 817 795
f 803 817 798
f 816 817 802
f 802 817 803
f 737 817 816
f 795 817 737
f 798 817 796
f 727 820 726
f 809 820 800
f 807 820 809
f 804 820 807
f 726 820 804
f 800 820 727
f 740 821 741
f 741 821 794
f 794 822 795
f 821 822 794
f 795 823 819
f 822 823 795
f 819 824 818
f 823 824 819
f 818 825 796
f 824 825 818
f 796 826 797
f 825 826 796
f 797 827 799
f 826 827 797
f 821 744 822
f 740 744 821
f 826 828 827
f 825 828 826
f 738 829 742
f 829 830 742
f 831 832 833
f 832 834 833
f 747 835 745
f 836 837 838
f 824 839 825
f 823 839 824
f 822 839 823
f 744 839 822
f 825 839 828
f 828 840 841
f 839 840 828
f 841 840 842
f 841 843 844
f 835 843 842
f 842 843 841
f 746 845 747
f 844 845 836
f 843 845 844
f 835 845 843
f 747 845 835
f 836 846 837
f 845 846 836
f 746 846 845
f 743 847 746
f 848 847 743
f 746 847 846
f 837 847 848
f 846 847 837
f 742 849 743
f 743 849 848
f 848 849 837
f 831 850 851
f 851 850 852
f 852 850 830
f 838 850 833
f 849 850 837
f 837 850 838
f 830 850 742
f 833 850 831
f 742 850 849
f 745 853 744
f 842 853 835
f 840 853 842
f 839 853 840
f 744 853 839
f 835 853 745
f 738 721 829
f 829 854 830
f 721 854 829
f 854 855 830
f 830 856 852
f 855 856 830
f 852 857 851
f 856 857 852
f 851 858 831
f 857 858 851
f 831 859 832
f 858 859 831
f 832 860 834
f 859 860 832
f 854 720 855
f 721 720 854
f 859 861 860
f 858 861 859
f 713 862 714
f 862 863 714
f 864 865 866
f 865 867 866
f 718 868 719
f 869 870 871
f 857 872 858
f 856 872 857
f 855 872 856
f 720 872 855
f 858 872 861
f 861 873 874
f 872 873 861
f 874 873 875
f 874 876 877
f 875 876 874
f 868 876 875
f 877 878 869
f 717 878 718
f 718 878 868
f 876 878 877
f 868 878 876
f 717 879 878
f 878 879 869
f 869 879 870
f 716 880 717
f 879 880 870
f 717 880 879
f 870 880 881
f 881 880 716
f 714 882 716
f 881 882 870
f 716 882 881
f 871 883 866
f 864 883 884
f 884 883 885
f 885 883 863
f 714 883 882
f 870 883 871
f 863 883 714
f 882 883 870
f 866 883 864
f 719 886 720
f 873 886 875
f 868 886 719
f 720 886 872
f 872 886 873
f 875 886 868
f 713 887 862
f 710 887 713
f 862 888 863
f 887 888 862
f 863 889 885
f 888 889 863
f 885 890 884
f 889 890 885
f 884 891 864
f 890 891 884
f 864 892 865
f 891 892 864
f 865 893 867
f 892 893 865
f 887 709 888
f 710 709 887
f 892 894 893
f 891 894 892
f 711 895 708
f 895 896 708
f 897 898 899
f 898 900 899
f 700 901 706
f 902 903 904
f 890 905 891
f 889 905 890
f 888 905 889
f 709 905 888
f 891 905 894
f 894 906 907
f 905 906 894
f 907 906 908
f 907 909 910
f 901 909 908
f 908 909 907
f 697 911 700
f 910 911 902
f 909 911 910
f 901 911 909
f 700 911 901
f 902 912 903
f 911 912 902
f 697 912 911
f 703 913 697
f 914 913 703
f 912 913 903
f 697 913 912
f 903 913 914
f 708 915 703
f 703 915 914
f 914 915 903
f 897 916 917
f 917 916 918
f 918 916 896
f 904 916 899
f 915 916 903
f 903 916 904
f 896 916 708
f 899 916 897
f 708 916 915
f 706 919 709
f 908 919 901
f 906 919 908
f 905 919 906
f 709 919 905
f 901 919 706
f 793 898 792
f 900 898 793
f 792 897 790
f 898 897 792
f 790 917 806
f 897 917 790
f 806 918 805
f 917 918 806
f 805 896 789
f 918 896 805
f 789 895 788
f 896 895 789
f 788 711 722
f 895 711 788
f 920 921 752
f 920 752 753
f 419 754 757
f 414 757 758
f 414 419 757
f 412 758 759
f 412 414 758
f 407 759 760
f 407 412 759
f 402 760 761
f 402 407 760
f 398 761 762
f 398 402 761
f 396 398 762
f 392 762 763
f 392 396 762
f 766 765 922
f 766 922 923
f 770 768 769
f 770 767 768
f 774 772 924
f 774 924 925
f 778 775 777
f 777 775 776
f 780 781 926
f 780 926 927
f 834 860 928
f 928 860 929
f 793 930 900
f 900 930 931
f 392 766 387
f 392 763 766
f 420 753 419
f 419 753 754
f 149 297 150
f 867 294 296
f 866 296 297
f 866 867 296
f 866 297 149
f 871 866 149
f 869 149 932
f 869 871 149
f 877 932 933
f 877 869 932
f 874 933 934
f 874 877 933
f 861 934 935
f 861 935 936
f 861 874 934
f 860 936 929
f 860 861 936
f 937 170 938
f 938 170 939
f 939 170 169
f 937 940 170
f 940 941 170
f 941 942 170
f 170 928 165
f 165 928 166
f 166 928 173
f 942 928 170
f 928 174 173
f 928 159 174
f 157 929 152
f 152 929 153
f 153 929 148
f 929 936 148
f 936 935 148
f 935 934 148
f 148 932 149
f 934 933 148
f 148 933 932
f 928 929 99
f 928 99 98
f 928 98 130
f 928 130 129
f 928 129 134
f 928 134 133
f 928 133 160
f 928 160 159
f 99 929 94
f 94 929 95
f 95 929 102
f 102 929 103
f 103 929 106
f 106 929 107
f 107 929 109
f 109 929 110
f 110 929 114
f 114 929 116
f 116 929 117
f 117 929 157
f 206 205 827
f 206 827 828
f 207 206 828
f 169 828 841
f 169 207 828
f 168 207 169
f 939 841 844
f 939 169 841
f 938 844 836
f 938 939 844
f 937 938 836
f 940 836 838
f 940 937 836
f 941 838 833
f 941 940 838
f 942 833 834
f 942 941 833
f 928 942 834
f 309 200 199
f 799 202 201
f 798 201 200
f 798 799 201
f 798 200 309
f 803 798 309
f 801 309 943
f 801 803 309
f 811 943 944
f 811 801 943
f 808 944 945
f 808 811 944
f 791 945 946
f 791 946 947
f 791 808 945
f 793 947 930
f 793 791 947
f 309 308 943
f 943 308 944
f 944 308 945
f 945 308 946
f 946 308 947
f 947 308 930
f 308 312 930
f 312 313 930
f 313 237 930
f 237 236 930
f 236 218 930
f 218 217 930
f 217 221 930
f 221 224 930
f 242 931 243
f 243 931 233
f 233 931 230
f 230 931 227
f 227 931 224
f 224 931 930
f 242 258 931
f 258 257 931
f 931 262 948
f 948 262 949
f 949 262 950
f 257 262 931
f 262 951 950
f 262 952 951
f 262 953 952
f 262 261 953
f 291 292 893
f 291 893 894
f 290 291 894
f 261 894 907
f 261 290 894
f 264 290 261
f 953 907 910
f 953 261 907
f 952 910 902
f 952 953 910
f 951 952 902
f 950 902 904
f 950 951 902
f 949 904 899
f 949 950 904
f 948 899 900
f 948 949 899
f 931 948 900
f 387 923 389
f 387 766 923
f 426 920 420
f 753 420 920
f 867 893 292
f 867 292 294
f 799 827 202
f 202 827 205
f 237 313 954
f 237 954 955
f 389 923 388
f 388 923 922
f 921 920 426
f 921 426 425
f 956 957 958
f 958 957 959
f 960 961 962
f 959 963 964
f 957 963 959
f 960 965 961
f 965 966 961
f 964 967 968
f 963 967 964
f 966 969 970
f 965 969 966
f 968 971 972
f 967 971 968
f 970 973 974
f 969 973 970
f 972 975 976
f 971 975 972
f 975 977 976
f 975 978 977
f 974 979 978
f 973 979 974
f 979 980 978
f 977 981 289
f 978 981 977
f 980 981 978
f 981 295 289
f 144 212 982
f 212 215 211
f 211 215 214
f 208 143 209
f 209 143 983
f 144 143 208
f 144 208 215
f 144 215 212
f 145 984 985
f 145 986 984
f 987 988 989
f 989 988 990
f 988 141 991
f 145 141 988
f 145 988 987
f 145 987 986
f 990 988 163
f 157 992 990
f 163 157 990
f 155 156 993
f 155 993 994
f 989 154 987
f 152 989 995
f 152 154 989
f 181 113 179
f 996 110 181
f 181 110 113
f 113 115 179
f 179 115 176
f 176 115 178
f 178 114 997
f 115 114 178
f 991 141 998
f 162 991 998
f 999 162 998
f 117 162 999
f 982 1000 144
f 161 1000 982
f 1001 1000 161
f 160 1001 161
f 193 128 191
f 1002 129 193
f 193 129 128
f 128 131 191
f 191 131 188
f 188 131 190
f 190 130 1003
f 131 130 190
f 94 93 1004
f 1004 93 189
f 93 187 189
f 93 96 187
f 187 96 184
f 184 96 186
f 186 95 1005
f 96 95 186
f 185 105 183
f 185 1006 105
f 1006 106 105
f 105 182 183
f 105 108 182
f 182 108 180
f 108 1007 180
f 108 107 1007
f 248 247 1008
f 1008 143 1009
f 1009 143 142
f 247 143 1008
f 1010 983 247
f 247 983 143
f 1011 1012 1010
f 1010 1012 983
f 1013 146 1014
f 1013 1014 1015
f 1013 1015 1016
f 1013 1016 1017
f 1013 1017 1018
f 1013 1018 1019
f 1020 142 146
f 1020 146 1013
f 1009 142 1020
f 1021 1009 1020
f 1022 1021 1020
f 1023 1020 1024
f 1025 1022 1020
f 1026 1020 1023
f 1026 1025 1020
f 1027 1028 1029
f 253 1030 254
f 1027 985 1028
f 254 145 1027
f 1030 145 254
f 1027 145 985
f 145 1014 146
f 1030 1014 145
f 151 984 986
f 984 153 1031
f 151 153 984
f 197 204 1032
f 1033 1034 1035
f 1032 1034 1033
f 204 1036 1032
f 1032 1036 1034
f 1036 1037 1034
f 1035 1038 1039
f 1034 1038 1035
f 1036 1040 1037
f 1039 1041 1042
f 1038 1041 1039
f 1037 1043 1044
f 1040 1043 1037
f 1041 1045 1042
f 1045 1046 1042
f 1044 1047 1048
f 1043 1047 1044
f 1045 1049 1046
f 1049 1050 1046
f 1048 1051 1052
f 1047 1051 1048
f 1049 1053 1050
f 1052 1054 1055
f 1051 1054 1052
f 1055 1056 1057
f 1054 1056 1055
f 1027 300 254
f 300 299 254
f 305 306 302
f 302 306 303
f 1058 252 306
f 252 254 299
f 252 299 303
f 252 303 306
f 314 1059 1060
f 314 1060 315
f 1061 311 1062
f 1063 312 1061
f 312 311 1061
f 1064 1065 246
f 1066 1061 1065
f 1061 1062 1065
f 1010 247 1067
f 1067 247 1068
f 247 246 1065
f 247 1065 1062
f 247 1062 1068
f 1066 1065 954
f 313 1066 954
f 1069 1066 313
f 1070 1071 1072
f 1070 1072 1073
f 1070 1073 1074
f 1070 1074 1075
f 1070 1075 1076
f 1070 1076 1030
f 1070 1030 253
f 1077 253 248
f 1077 1070 253
f 1008 1077 248
f 1078 1079 1077
f 1080 1077 1008
f 1081 1078 1077
f 1082 1077 1080
f 1082 1081 1077
f 310 1067 1068
f 308 1083 1067
f 310 308 1067
f 281 280 241
f 280 218 241
f 280 1084 218
f 286 281 240
f 240 281 241
f 1085 284 236
f 236 284 240
f 284 286 240
f 1086 1087 239
f 1086 239 238
f 1088 955 1064
f 1088 1064 246
f 1089 237 955
f 1089 955 1088
f 1090 252 1058
f 1090 1058 244
f 1091 244 243
f 1091 1090 244
f 270 269 235
f 269 233 235
f 269 1092 233
f 275 270 234
f 234 270 235
f 1093 274 230
f 230 274 234
f 274 275 234
f 1094 1095 232
f 1094 232 231
f 273 272 229
f 272 227 229
f 272 1096 227
f 279 229 228
f 279 273 229
f 1097 278 224
f 224 278 228
f 278 279 228
f 1098 1099 226
f 1098 226 225
f 277 276 223
f 276 221 223
f 276 1100 221
f 283 277 222
f 222 277 223
f 1101 282 217
f 217 282 222
f 282 283 222
f 1102 1103 220
f 1102 220 219
f 386 388 922
f 765 386 922
f 425 424 921
f 424 752 921
f 216 1104 194
f 214 195 211
f 194 195 214
f 1105 213 195
f 214 216 194
f 213 211 195
f 990 993 989
f 994 993 990
f 990 992 994
f 995 989 993
f 180 122 181
f 123 122 180
f 180 1007 123
f 996 181 122
f 178 127 177
f 127 126 177
f 178 997 127
f 999 998 126
f 126 998 177
f 1000 192 1106
f 1001 1107 137
f 192 136 193
f 137 136 192
f 1108 1002 136
f 1002 193 136
f 1000 1001 192
f 192 1001 137
f 190 120 189
f 121 120 190
f 1109 1004 120
f 190 1003 121
f 1004 189 120
f 186 124 185
f 125 124 186
f 1110 1006 124
f 186 1005 125
f 1006 185 124
f 1012 209 983
f 1111 1112 1012
f 1012 1113 209
f 1112 1113 1012
f 1113 1114 209
f 1114 1115 209
f 1115 1116 209
f 1116 1117 209
f 1117 1118 209
f 1118 1119 209
f 1054 203 1056
f 1051 203 1054
f 1047 203 1051
f 1056 203 1119
f 1120 210 203
f 210 209 203
f 203 209 1119
f 204 203 1036
f 1036 203 1040
f 1040 203 1043
f 1043 203 1047
f 1020 1077 1079
f 1024 1079 1078
f 1024 1020 1079
f 1023 1078 1081
f 1023 1024 1078
f 1026 1081 1082
f 1026 1023 1081
f 1025 1082 1080
f 1025 1026 1082
f 1022 1025 1080
f 1021 1080 1008
f 1021 1022 1080
f 1009 1021 1008
f 1121 1111 1011
f 1011 1111 1012
f 1077 1020 1070
f 1070 1020 1013
f 1014 1030 1076
f 1015 1075 1074
f 1015 1076 1075
f 1015 1014 1076
f 1016 1074 1073
f 1016 1015 1074
f 1017 1073 1072
f 1017 1016 1073
f 1018 1072 1071
f 1018 1017 1072
f 1019 1071 1070
f 1019 1018 1071
f 1013 1019 1070
f 1028 1122 1029
f 1123 1122 1028
f 984 1028 985
f 1124 1125 984
f 1125 1126 984
f 984 1127 1124
f 984 1128 1028
f 1126 1128 984
f 984 1129 1127
f 1128 1130 1028
f 984 1131 1129
f 1130 1123 1028
f 298 960 1131
f 298 965 960
f 1031 1132 298
f 298 969 965
f 298 973 969
f 298 295 981
f 298 981 980
f 298 980 979
f 298 979 973
f 984 1031 298
f 984 298 1131
f 287 305 288
f 288 305 302
f 302 304 288
f 307 305 287
f 1133 1060 1069
f 1063 1059 1134
f 1059 1061 1060
f 1060 1061 1066
f 1063 1061 1059
f 1066 1069 1060
f 301 293 1135
f 968 293 964
f 964 293 959
f 959 293 958
f 293 1136 958
f 1137 1029 1138
f 1138 1029 1122
f 1136 300 1139
f 1139 300 1140
f 1140 300 1141
f 1141 300 1142
f 1142 300 1143
f 1143 300 1137
f 1029 300 1027
f 1137 300 1029
f 289 293 977
f 977 293 976
f 976 293 972
f 972 293 968
f 301 300 293
f 293 300 1136
f 1144 198 1083
f 1039 1042 198
f 1042 1046 198
f 1046 1050 198
f 1050 1145 198
f 1146 1067 1147
f 1147 1067 1148
f 1148 1067 1149
f 1149 1067 1150
f 1150 1067 1151
f 1151 1067 1145
f 1145 1067 198
f 1121 1011 1152
f 1152 1011 1146
f 1146 1011 1067
f 1011 1010 1067
f 1067 1083 198
f 198 197 1032
f 198 1032 1033
f 198 1033 1035
f 198 1035 1039
f 1153 1103 1101
f 1102 280 1103
f 1103 280 282
f 282 1101 1103
f 1084 280 1102
f 1154 1087 1085
f 1089 1086 1155
f 1086 285 1087
f 1087 285 284
f 285 1088 1156
f 284 1085 1087
f 1089 1088 1086
f 1086 1088 285
f 267 271 268
f 267 269 271
f 1090 1091 271
f 271 1091 268
f 1092 269 267
f 1094 272 1095
f 1095 272 274
f 274 1093 1095
f 1096 272 1094
f 1157 1099 1097
f 1098 278 1099
f 1098 276 278
f 278 1097 1099
f 1100 276 1098
f 377 1158 358
f 377 469 1158
f 469 1159 1158
f 1160 774 1158
f 1158 774 358
f 469 1161 1159
f 1161 770 1160
f 469 770 1161
f 1160 771 774
f 770 771 1160
f 386 464 390
f 469 464 770
f 464 767 770
f 767 765 764
f 386 765 767
f 386 767 464
f 430 553 424
f 553 752 424
f 553 604 752
f 430 488 553
f 1162 1163 1152
f 1152 1163 1121
f 1164 1112 1165
f 1112 1111 1165
f 1111 1121 1165
f 1165 1121 1163
f 1119 1118 1166
f 1166 1118 1167
f 1167 1117 1168
f 1118 1117 1167
f 1168 1116 1169
f 1117 1116 1168
f 1169 1115 1170
f 1116 1115 1169
f 1170 1114 1171
f 1115 1114 1170
f 1171 1113 1172
f 1114 1113 1171
f 1172 1112 1164
f 1113 1112 1172
f 1166 1056 1119
f 1057 1056 1166
f 1122 1173 1138
f 1173 1174 1138
f 1175 1130 1176
f 1123 1130 1175
f 1122 1123 1173
f 1173 1123 1175
f 1131 960 1177
f 1177 960 962
f 1130 1128 1176
f 1176 1128 1178
f 1178 1126 1179
f 1128 1126 1178
f 1179 1125 1180
f 1126 1125 1179
f 1180 1124 1181
f 1125 1124 1180
f 1181 1127 1182
f 1124 1127 1181
f 1182 1129 1183
f 1127 1129 1182
f 1183 1131 1177
f 1129 1131 1183
f 1138 1174 1137
f 1137 1184 1143
f 1174 1184 1137
f 1143 1185 1142
f 1184 1185 1143
f 1142 1186 1141
f 1185 1186 1142
f 1141 1187 1140
f 1186 1187 1141
f 1140 1188 1139
f 1187 1188 1140
f 1188 1189 1139
f 1139 1190 1136
f 1189 1190 1139
f 1190 958 1136
f 1190 956 958
f 1050 1053 1145
f 1145 1053 1191
f 1191 1192 1145
f 1145 1192 1151
f 1151 1193 1150
f 1192 1193 1151
f 1150 1194 1149
f 1193 1194 1150
f 1149 1195 1148
f 1194 1195 1149
f 1148 1196 1147
f 1195 1196 1148
f 1147 1197 1146
f 1196 1197 1147
f 1146 1162 1152
f 1197 1162 1146
f 358 925 360
f 358 774 925
f 1158 1198 1160
f 1160 1198 1199
f 1160 1200 1161
f 1199 1200 1160
f 1161 1201 1159
f 1200 1201 1161
f 1158 1159 1198
f 1198 1159 1201
f 1202 1165 1163
f 1202 1163 1203
f 1057 1037 1044
f 1057 1044 1048
f 1057 1048 1052
f 1057 1052 1055
f 1166 1204 1205
f 1166 1205 1057
f 1206 1204 1166
f 1207 1206 1166
f 1208 1166 1167
f 1208 1167 1168
f 1208 1207 1166
f 1169 1208 1168
f 1209 1208 1169
f 1170 1209 1169
f 1171 1209 1170
f 1172 1209 1171
f 1164 1210 1211
f 1164 1211 1209
f 1164 1209 1172
f 1165 1202 1210
f 1165 1210 1164
f 1205 1037 1057
f 1212 1213 1173
f 1212 1173 1175
f 970 974 978
f 966 970 978
f 962 961 966
f 962 966 978
f 1214 1212 1175
f 1177 1215 1216
f 1177 1216 1217
f 1177 1217 1218
f 1177 1218 1219
f 1176 1220 1221
f 1176 1221 1214
f 1176 1214 1175
f 1183 1177 1219
f 1178 1220 1176
f 1182 1183 1219
f 1179 1220 1178
f 1180 1220 1179
f 1181 1219 1220
f 1181 1220 1180
f 1181 1182 1219
f 1177 962 1215
f 978 1215 962
f 957 956 963
f 963 956 967
f 967 956 971
f 971 956 975
f 1213 1222 1173
f 1223 1190 1224
f 1224 1190 1225
f 1225 1190 1226
f 1226 1190 1227
f 1228 1174 1229
f 1229 1174 1222
f 1222 1174 1173
f 1190 1189 1227
f 1228 1184 1174
f 1189 1188 1227
f 1228 1185 1184
f 1228 1186 1185
f 1227 1187 1228
f 1228 1187 1186
f 1188 1187 1227
f 1223 975 956
f 956 1190 1223
f 1034 1053 1038
f 1038 1053 1041
f 1041 1053 1045
f 1045 1053 1049
f 1230 1191 1231
f 1231 1191 1053
f 1230 1232 1191
f 1232 1233 1191
f 1192 1234 1193
f 1191 1234 1192
f 1233 1234 1191
f 1234 1194 1193
f 1234 1235 1194
f 1235 1195 1194
f 1235 1196 1195
f 1235 1197 1196
f 1236 1162 1237
f 1237 1162 1235
f 1235 1162 1197
f 1203 1163 1236
f 1236 1163 1162
f 1034 1231 1053
f 360 925 359
f 359 925 924
f 1198 1201 1200
f 1198 1200 1199
f 1202 1203 1236
f 1202 1236 1210
f 1037 1205 1231
f 1037 1231 1034
f 1231 1204 1230
f 1205 1204 1231
f 1230 1206 1232
f 1204 1206 1230
f 1232 1207 1233
f 1206 1207 1232
f 1233 1208 1234
f 1207 1208 1233
f 1234 1209 1235
f 1208 1209 1234
f 1235 1211 1237
f 1209 1211 1235
f 1237 1210 1236
f 1211 1210 1237
f 1214 1222 1213
f 1214 1213 1212
f 1222 1221 1229
f 1214 1221 1222
f 1229 1220 1228
f 1221 1220 1229
f 1228 1219 1227
f 1220 1219 1228
f 1227 1218 1226
f 1219 1218 1227
f 1226 1217 1225
f 1218 1217 1226
f 1225 1216 1224
f 1217 1216 1225
f 1224 1215 1223
f 1216 1215 1224
f 975 1223 1215
f 978 975 1215
f 354 359 924
f 772 354 924
f 332 475 321
f 475 778 321
f 778 780 321
f 778 779 780
f 1238 1239 472
f 472 775 475
f 475 775 778
f 1239 775 472
f 354 1240 345
f 345 1240 472
f 472 1240 1238
f 775 1241 773
f 1239 1241 775
f 1240 772 1241
f 1241 772 773
f 354 772 1240
f 321 927 323
f 321 780 927
f 1240 1242 1238
f 1243 1242 1240
f 1238 1242 1239
f 1239 1242 1244
f 1239 1245 1241
f 1244 1245 1239
f 1241 1243 1240
f 1245 1243 1241
f 323 927 322
f 322 927 926
f 1242 1243 1245
f 1242 1245 1244
f 320 322 926
f 781 320 926
f 320 781 782
f 331 782 783
f 331 320 782
f 330 783 784
f 330 331 783
f 329 784 785
f 329 330 784
f 328 785 786
f 328 329 785
f 327 786 787
f 327 328 786
f 326 787 695
f 326 327 787
f 325 326 695
f 694 319 695
f 695 319 325
f 319 756 318
f 319 694 756
f 316 318 756
f 316 756 755
f 317 316 755
f 696 317 755
f 557 529 696
f 529 317 696
f 480 333 529
f 529 333 317
f 954 1064 955
f 1065 1064 954
f 1068 1062 310
f 310 1062 311
f 1088 246 1156
f 1156 246 249
f 249 251 1156
f 285 1156 251
f 1060 1133 315
f 315 1133 313
f 1133 1069 313
f 1134 312 1063
f 314 1134 1059
f 312 1134 314
f 198 1144 196
f 196 1144 308
f 1144 1083 308
f 1155 237 1089
f 237 1155 238
f 238 1155 1086
f 1058 245 244
f 1058 306 245
f 303 299 260
f 303 260 259
f 250 252 1090
f 1090 271 250
f 307 265 242
f 307 287 265
f 304 258 266
f 304 266 288
f 301 262 257
f 301 1135 262
f 1135 263 262
f 1135 293 263
f 1091 243 256
f 1091 256 268
f 219 1084 1102
f 218 1084 219
f 1087 1154 239
f 239 1154 236
f 1154 1085 236
f 255 1092 267
f 233 1092 255
f 1095 1093 232
f 232 1093 230
f 231 1096 1094
f 227 1096 231
f 1099 1157 226
f 226 1157 224
f 1157 1097 224
f 225 1100 1098
f 221 1100 225
f 1103 1153 220
f 220 1153 217
f 1153 1101 217
f 212 158 161
f 212 161 982
f 208 167 164
f 208 164 215
f 139 138 1106
f 192 139 1106
f 1000 138 144
f 1000 1106 138
f 1105 174 159
f 1105 159 213
f 174 1105 195
f 174 195 175
f 173 172 194
f 173 194 1104
f 166 173 1104
f 166 1104 216
f 1120 170 165
f 1120 165 210
f 170 1120 203
f 170 203 171
f 133 1107 1001
f 160 133 1001
f 133 137 1107
f 133 132 137
f 162 163 991
f 991 163 988
f 987 151 986
f 154 151 987
f 141 140 998
f 140 177 998
f 157 155 992
f 992 155 994
f 156 152 993
f 993 152 995
f 148 147 1132
f 1132 147 298
f 1132 1031 148
f 148 1031 153
f 126 117 999
f 118 117 126
f 98 97 121
f 98 121 1003
f 130 98 1003
f 1108 134 129
f 1108 129 1002
f 134 1108 136
f 134 136 135
f 116 119 127
f 116 127 997
f 114 116 997
f 110 996 122
f 110 122 111
f 109 112 123
f 109 123 1007
f 107 109 1007
f 1110 103 106
f 1110 106 1006
f 103 1110 124
f 103 124 104
f 102 101 125
f 102 125 1005
f 95 102 1005
f 1109 99 94
f 1109 94 1004
f 99 1109 120
f 99 120 100

g Solid_1
usemtl Solid_1
f 1246 1247 1248
f 1249 1247 1246
f 1248 1250 1251
f 1247 1250 1248
f 1251 1252 1253
f 1250 1252 1251
f 1253 1254 1255
f 1252 1254 1253
f 1255 1256 1257
f 1254 1256 1255
f 1257 1258 1259
f 1256 1258 1257
f 1259 1260 1261
f 1258 1260 1259
f 1262 1263 1264
f 1262 1264 1265
f 1266 1265 1267
f 1266 1262 1265
f 1268 1267 1269
f 1268 1266 1267
f 1270 1271 1272
f 1273 1271 1270
f 1272 1274 1275
f 1271 1274 1272
f 1275 1276 1277
f 1274 1276 1275
f 1277 1278 1279
f 1276 1278 1277
f 1279 1280 1281
f 1278 1280 1279
f 1281 1282 1283
f 1280 1282 1281
f 1283 1284 1285
f 1282 1284 1283
f 1286 1287 1288
f 1286 1288 1289
f 1290 1289 1291
f 1290 1286 1289
f 1292 1291 1293
f 1292 1290 1291
f 1294 1295 1296
f 1294 1296 1297
f 1298 1297 1299
f 1298 1294 1297
f 1300 1299 1301
f 1300 1298 1299
f 1302 1301 1303
f 1302 1300 1301
f 1304 1303 1305
f 1304 1302 1303
f 1306 1305 1307
f 1306 1304 1305
f 1308 1307 1309
f 1308 1306 1307
f 1310 1311 1312
f 1313 1311 1310
f 1312 1314 1315
f 1311 1314 1312
f 1315 1316 1317
f 1314 1316 1315
f 1318 1319 1320
f 1321 1320 1322
f 1321 1318 1320
f 1323 1321 1322
f 1324 1322 1325
f 1324 1323 1322
f 1326 1325 1327
f 1326 1324 1325
f 1328 1327 1329
f 1328 1326 1327
f 1330 1329 1331
f 1330 1328 1329
f 1332 1331 1333
f 1332 1330 1331
f 1334 1335 1336
f 1337 1335 1334
f 1336 1338 1339
f 1339 1338 1340
f 1335 1338 1336
f 1338 1341 1340
f 1342 1343 1344
f 1344 1345 1346
f 1343 1345 1344
f 1346 1347 1348
f 1345 1347 1346
f 1348 1349 1350
f 1347 1349 1348
f 1349 1351 1350
f 1352 1353 1354
f 1354 1353 1355
f 1355 1353 1356
f 1356 1353 1357
f 1358 1353 1359
f 1360 1353 1358
f 1357 1353 1360
f 1352 1361 1353
f 1362 1361 1363
f 1363 1361 1352
f 1364 1361 1365
f 1359 1361 1364
f 1353 1361 1359
f 1366 1367 1362
f 1368 1367 1369
f 1365 1367 1368
f 1361 1367 1365
f 1362 1367 1361
f 1370 1371 1372
f 1372 1371 1366
f 1373 1371 1374
f 1375 1371 1373
f 1369 1371 1375
f 1366 1371 1367
f 1367 1371 1369
f 1370 1376 1371
f 1343 1376 1377
f 1377 1376 1370
f 1378 1376 1342
f 1379 1376 1378
f 1380 1376 1379
f 1374 1376 1380
f 1371 1376 1374
f 1342 1376 1343
f 1381 1382 1383
f 1384 1382 1381
f 1385 1382 1384
f 1383 1386 1387
f 1382 1386 1383
f 1387 1388 1389
f 1386 1388 1387
f 1390 1391 1392
f 1392 1391 1393
f 1393 1391 1394
f 1394 1391 1395
f 1396 1391 1397
f 1398 1391 1396
f 1395 1391 1398
f 1399 1400 1401
f 1401 1400 1390
f 1402 1400 1403
f 1397 1400 1402
f 1391 1400 1397
f 1390 1400 1391
f 1404 1405 1399
f 1406 1405 1407
f 1403 1405 1406
f 1400 1405 1403
f 1399 1405 1400
f 1408 1409 1410
f 1410 1409 1404
f 1407 1409 1411
f 1411 1409 1412
f 1412 1409 1413
f 1404 1409 1405
f 1405 1409 1407
f 1385 1414 1415
f 1415 1414 1408
f 1416 1414 1384
f 1417 1414 1416
f 1418 1414 1417
f 1413 1414 1418
f 1408 1414 1409
f 1409 1414 1413
f 1384 1414 1385
f 1419 1420 1421
f 1421 1420 1422
f 1422 1423 1424
f 1420 1423 1422
f 1425 1426 1427
f 1424 1426 1425
f 1423 1426 1424
f 1427 1428 1429
f 1426 1428 1427
f 1430 1431 1432
f 1432 1431 1428
f 1433 1431 1434
f 1429 1431 1433
f 1428 1431 1429
f 1435 1436 1437
f 1438 1436 1435
f 1434 1436 1438
f 1439 1436 1440
f 1440 1436 1430
f 1431 1436 1434
f 1430 1436 1431
f 1436 1441 1437
f 1442 1441 1443
f 1437 1441 1442
f 1444 1441 1439
f 1439 1441 1436
f 1445 1446 1447
f 1443 1446 1445
f 1448 1446 1449
f 1449 1446 1444
f 1444 1446 1441
f 1441 1446 1443
f 1446 1450 1447
f 1451 1450 1452
f 1453 1450 1451
f 1447 1450 1453
f 1452 1450 1454
f 1454 1450 1455
f 1455 1450 1456
f 1456 1450 1448
f 1448 1450 1446
f 1457 1458 1459
f 1459 1460 1461
f 1458 1460 1459
f 1462 1463 1464
f 1461 1463 1462
f 1460 1463 1461
f 1464 1465 1466
f 1463 1465 1464
f 1467 1468 1469
f 1469 1468 1465
f 1470 1468 1471
f 1466 1468 1470
f 1465 1468 1466
f 1471 1472 1473
f 1473 1472 1474
f 1474 1472 1475
f 1476 1472 1467
f 1468 1472 1471
f 1467 1472 1468
f 1477 1478 1479
f 1475 1478 1477
f 1480 1478 1481
f 1481 1478 1476
f 1476 1478 1472
f 1472 1478 1475
f 1482 1483 1484
f 1479 1483 1482
f 1485 1483 1486
f 1486 1483 1480
f 1480 1483 1478
f 1478 1483 1479
f 1487 1488 1489
f 1490 1488 1487
f 1484 1488 1490
f 1489 1488 1491
f 1491 1488 1492
f 1492 1488 1493
f 1493 1488 1485
f 1483 1488 1484
f 1485 1488 1483
f 1494 1495 1496
f 1494 1496 1497
f 1498 1497 1499
f 1498 1494 1497
f 1500 1499 1501
f 1500 1498 1499
f 1502 1503 1504
f 1504 1505 1506
f 1503 1505 1504
f 1506 1507 1508
f 1505 1507 1506
f 1507 1509 1508
f 1510 1511 1512
f 1510 1512 1513
f 1514 1515 1516
f 1514 1513 1515
f 1514 1510 1513
f 1517 1514 1516
f 1518 1519 1520
f 1520 1519 1521
f 1521 1519 1522
f 1522 1523 1524
f 1519 1523 1522
f 1523 1525 1524
f 1526 1527 1528
f 1526 1528 1529
f 1530 1529 1531
f 1530 1526 1529
f 1532 1531 1533
f 1532 1530 1531
f 1534 1533 1535
f 1534 1532 1533
f 1536 1535 1537
f 1536 1534 1535
f 1538 1537 1539
f 1538 1536 1537
f 1540 1539 1541
f 1540 1538 1539
f 1542 1543 1544
f 1544 1543 1545
f 1545 1546 1547
f 1543 1546 1545
f 1547 1548 1549
f 1546 1548 1547
f 1549 1550 1551
f 1548 1550 1549
f 1551 1552 1553
f 1550 1552 1551
f 1553 1554 1555
f 1552 1554 1553
f 1555 1556 1557
f 1554 1556 1555
f 1558 1559 1560
f 1558 1560 1561
f 1562 1561 1563
f 1562 1558 1561
f 1564 1563 1565
f 1564 1562 1563
f 1566 1565 1567
f 1566 1564 1565
f 1568 1567 1569
f 1568 1566 1567
f 1570 1569 1571
f 1570 1568 1569
f 1572 1571 1573
f 1572 1570 1571
f 1574 1575 1576
f 1576 1575 1577
f 1577 1578 1579
f 1575 1578 1577
f 1579 1580 1581
f 1578 1580 1579
f 1581 1582 1583
f 1580 1582 1581
f 1583 1584 1585
f 1582 1584 1583
f 1585 1586 1587
f 1584 1586 1585
f 1587 1588 1589
f 1586 1588 1587
f 1590 1591 1592
f 1592 1593 1590
f 1591 1594 1592
f 1592 1595 1593
f 1594 1596 1592
f 1592 1597 1595
f 1598 1599 1600
f 1596 1599 1592
f 1601 1599 1596
f 1592 1599 1598
f 1600 1602 1598
f 1601 1603 1599
f 1599 1603 1604
f 1603 1605 1604
f 1606 1605 1603
f 1604 1607 1608
f 1604 1609 1607
f 1605 1610 1604
f 1604 1610 1609
f 1592 1611 1597
f 1612 1611 1592
f 1612 1613 1611
f 1612 1614 1613
f 1612 1615 1614
f 1612 1616 1615
f 1612 1617 1616
f 1612 1618 1617
f 1619 1620 1621
f 1622 1623 1619
f 1619 1623 1620
f 1623 1624 1625
f 1626 1627 1622
f 1624 1627 1628
f 1622 1627 1623
f 1623 1627 1624
f 1629 1630 1626
f 1626 1630 1627
f 1631 1632 1629
f 1629 1632 1630
f 1631 1633 1632
f 1631 1634 1633
f 1635 1634 1631
f 1635 1636 1634
f 1637 1636 1638
f 1638 1636 1635
f 1618 1639 1637
f 1637 1639 1636
f 1600 1640 1602
f 1641 1640 1600
f 1602 1642 1612
f 1612 1642 1618
f 1640 1642 1602
f 1643 1644 1642
f 1642 1645 1643
f 1644 1646 1642
f 1642 1647 1645
f 1642 1648 1618
f 1646 1648 1642
f 1618 1648 1639
f 1642 1649 1647
f 1650 1651 1648
f 1648 1651 1639
f 1639 1651 1652
f 1652 1651 1653
f 1650 1654 1651
f 1655 1654 1656
f 1656 1654 1650
f 1655 1657 1654
f 1658 1657 1655
f 1658 1659 1657
f 1641 1660 1640
f 1661 1662 1658
f 1658 1662 1659
f 1663 1664 1661
f 1661 1664 1662
f 1665 1666 1663
f 1663 1666 1664
f 1666 1667 1668
f 1666 1669 1667
f 1670 1671 1665
f 1665 1671 1666
f 1666 1671 1669
f 1642 1672 1649
f 1673 1674 1670
f 1670 1674 1671
f 1672 1675 1649
f 1672 1676 1675
f 1672 1677 1676
f 1672 1678 1677
f 1672 1679 1678
f 1672 1680 1679
f 1672 1681 1680
f 1682 1683 1684
f 1682 1685 1683
f 1682 1686 1685
f 1686 1687 1688
f 1688 1687 1689
f 1682 1687 1686
f 1682 1690 1687
f 1681 1690 1691
f 1691 1690 1682
f 1672 1690 1681
f 1660 1690 1672
f 1641 1690 1660
f 1692 1693 1694
f 1692 1695 1693
f 1692 1696 1695
f 1696 1697 1698
f 1699 1700 1701
f 1701 1700 1692
f 1700 1702 1692
f 1692 1702 1696
f 1696 1702 1697
f 1699 1703 1700
f 1704 1705 1699
f 1699 1705 1703
f 1672 1642 1706
f 1706 1642 1707
f 1706 1707 1704
f 1704 1707 1705
f 1708 1660 1672
f 1708 1672 1706
f 1709 1706 1704
f 1709 1708 1706
f 1710 1704 1699
f 1710 1709 1704
f 1711 1699 1701
f 1711 1710 1699
f 1712 1713 1714
f 1712 1715 1713
f 1712 1716 1715
f 1716 1717 1718
f 1719 1720 1712
f 1716 1720 1717
f 1712 1720 1716
f 1719 1711 1720
f 1721 1710 1719
f 1719 1710 1711
f 1640 1660 1708
f 1640 1708 1722
f 1722 1708 1709
f 1722 1709 1723
f 1723 1709 1710
f 1723 1710 1721
f 1721 1719 1700
f 1721 1700 1703
f 1723 1703 1705
f 1723 1721 1703
f 1722 1705 1707
f 1722 1723 1705
f 1640 1707 1642
f 1640 1722 1707
f 1724 1725 1666
f 1666 1725 1664
f 1664 1726 1662
f 1725 1726 1664
f 1662 1727 1659
f 1726 1727 1662
f 1659 1728 1657
f 1727 1728 1659
f 1657 1729 1654
f 1728 1729 1657
f 1654 1730 1651
f 1729 1730 1654
f 1651 1731 1653
f 1730 1731 1651
f 1653 1732 1733
f 1731 1732 1653
f 1733 1734 1735
f 1732 1734 1733
f 1735 1736 1737
f 1734 1736 1735
f 1733 1652 1653
f 1733 1738 1652
f 1735 1739 1733
f 1733 1739 1738
f 1737 1740 1735
f 1735 1740 1739
f 1741 1742 1740
f 1739 1742 1738
f 1740 1742 1739
f 1738 1743 1652
f 1742 1743 1738
f 1652 1744 1639
f 1743 1744 1652
f 1744 1745 1639
f 1639 1746 1636
f 1745 1746 1639
f 1636 1747 1634
f 1746 1747 1636
f 1634 1748 1633
f 1747 1748 1634
f 1633 1749 1632
f 1748 1749 1633
f 1632 1750 1630
f 1749 1750 1632
f 1630 1751 1627
f 1750 1751 1630
f 1752 1623 1625
f 1752 1753 1623
f 1754 1625 1624
f 1754 1752 1625
f 1755 1624 1628
f 1755 1754 1624
f 1751 1628 1627
f 1751 1755 1628
f 1756 1757 1758
f 1757 1759 1758
f 1757 1760 1759
f 1760 1761 1759
f 1761 1762 1763
f 1760 1762 1761
f 1763 1764 1765
f 1762 1764 1763
f 1765 1766 1767
f 1764 1766 1765
f 1767 1620 1768
f 1766 1620 1767
f 1768 1623 1753
f 1620 1623 1768
f 1769 1621 1620
f 1769 1620 1766
f 1770 1766 1764
f 1770 1769 1766
f 1771 1764 1762
f 1771 1770 1764
f 1772 1762 1760
f 1772 1771 1762
f 1773 1760 1757
f 1773 1772 1760
f 1774 1635 1775
f 1638 1635 1774
f 1775 1631 1776
f 1635 1631 1775
f 1776 1629 1777
f 1631 1629 1776
f 1777 1626 1778
f 1629 1626 1777
f 1778 1622 1779
f 1626 1622 1778
f 1779 1619 1780
f 1622 1619 1779
f 1780 1621 1781
f 1619 1621 1780
f 1637 1638 1782
f 1782 1638 1774
f 1783 1613 1784
f 1611 1613 1783
f 1784 1614 1785
f 1613 1614 1784
f 1785 1615 1786
f 1614 1615 1785
f 1786 1616 1787
f 1615 1616 1786
f 1787 1617 1788
f 1616 1617 1787
f 1788 1618 1789
f 1617 1618 1788
f 1789 1637 1782
f 1618 1637 1789
f 1790 1611 1783
f 1597 1611 1790
f 1791 1596 1792
f 1601 1596 1791
f 1792 1594 1793
f 1596 1594 1792
f 1793 1591 1794
f 1594 1591 1793
f 1794 1590 1795
f 1591 1590 1794
f 1795 1593 1796
f 1590 1593 1795
f 1796 1595 1797
f 1593 1595 1796
f 1797 1597 1790
f 1595 1597 1797
f 1798 1601 1791
f 1603 1601 1798
f 1603 1798 1799
f 1606 1799 1800
f 1606 1603 1799
f 1605 1800 1801
f 1605 1606 1800
f 1610 1801 1802
f 1610 1605 1801
f 1609 1802 1803
f 1609 1610 1802
f 1607 1803 1804
f 1607 1609 1803
f 1608 1804 1805
f 1608 1805 1806
f 1608 1607 1804
f 1604 1806 1807
f 1604 1608 1806
f 1808 1599 1604
f 1808 1604 1807
f 1809 1810 1599
f 1809 1599 1808
f 1811 1812 1810
f 1811 1810 1809
f 1813 1814 1812
f 1813 1812 1811
f 1815 1813 1816
f 1815 1814 1813
f 1817 1815 1816
f 1818 1815 1817
f 1819 1817 1820
f 1819 1818 1817
f 1821 1820 1822
f 1821 1819 1820
f 1823 1821 1822
f 1824 1825 1826
f 1824 1826 1827
f 1824 1827 1823
f 1824 1823 1822
f 1828 1825 1824
f 1829 1828 1824
f 1829 1830 1828
f 1831 1830 1829
f 1831 1832 1830
f 1833 1832 1831
f 1833 1834 1832
f 1835 1834 1833
f 1836 1834 1835
f 1836 1837 1834
f 1838 1837 1836
f 1838 1839 1837
f 1838 1840 1839
f 1841 1840 1838
f 1842 1840 1841
f 1842 1843 1840
f 1844 1842 1845
f 1844 1843 1842
f 1846 1845 1847
f 1846 1844 1845
f 1848 1847 1849
f 1848 1849 1850
f 1848 1846 1847
f 1851 1848 1850
f 1852 1850 1853
f 1852 1851 1850
f 1819 1821 1854
f 1819 1854 1855
f 1818 1855 1856
f 1818 1819 1855
f 1815 1856 1857
f 1815 1818 1856
f 1814 1857 1858
f 1814 1815 1857
f 1812 1858 1859
f 1812 1814 1858
f 1810 1859 1860
f 1810 1812 1859
f 1599 1860 1600
f 1599 1810 1860
f 1861 1862 1863
f 1864 1865 1862
f 1864 1862 1861
f 1866 1863 1867
f 1866 1861 1863
f 1868 1869 1865
f 1868 1865 1864
f 1870 1869 1868
f 1871 1867 1872
f 1871 1866 1867
f 1873 1874 1869
f 1873 1869 1870
f 1875 1872 1876
f 1875 1871 1872
f 1854 1874 1873
f 1877 1854 1873
f 1878 1854 1877
f 1878 1855 1854
f 1856 1855 1878
f 1879 1856 1878
f 1880 1856 1879
f 1880 1857 1856
f 1858 1857 1880
f 1858 1880 1881
f 1859 1858 1881
f 1859 1881 1882
f 1860 1859 1882
f 1860 1882 1883
f 1600 1860 1883
f 1600 1883 1884
f 1885 1876 1886
f 1885 1875 1876
f 1887 1888 1889
f 1887 1889 1890
f 1891 1887 1890
f 1892 1887 1891
f 1893 1891 1894
f 1893 1892 1891
f 1895 1894 1896
f 1895 1893 1894
f 1897 1898 1895
f 1897 1895 1896
f 1899 1898 1897
f 1900 1899 1897
f 1901 1899 1900
f 1902 1901 1900
f 1903 1901 1902
f 1904 1903 1902
f 1905 1903 1904
f 1906 1905 1904
f 1907 1641 1908
f 1909 1641 1907
f 1910 1911 1905
f 1910 1905 1906
f 1912 1907 1913
f 1912 1913 1914
f 1912 1909 1907
f 1915 1916 1911
f 1915 1911 1910
f 1917 1914 1918
f 1917 1912 1914
f 1919 1917 1918
f 1919 1918 1916
f 1919 1916 1915
f 1884 1908 1641
f 1884 1641 1600
f 1920 1690 1641
f 1920 1641 1909
f 1921 1909 1912
f 1921 1920 1909
f 1922 1912 1917
f 1922 1921 1912
f 1923 1917 1919
f 1923 1922 1917
f 1924 1919 1915
f 1924 1923 1919
f 1925 1915 1910
f 1925 1924 1915
f 1926 1910 1906
f 1926 1925 1910
f 1927 1923 1924
f 1927 1922 1923
f 1927 1928 1922
f 1929 1921 1922
f 1929 1922 1928
f 1930 1927 1924
f 1931 1924 1925
f 1931 1930 1924
f 1932 1920 1921
f 1932 1921 1929
f 1926 1931 1925
f 1690 1920 1932
f 1933 1934 1935
f 1933 1936 1934
f 1937 1935 1938
f 1937 1933 1935
f 1939 1940 1934
f 1939 1934 1936
f 1941 1938 1942
f 1941 1937 1938
f 1943 1944 1940
f 1943 1940 1939
f 1945 1931 1926
f 1946 1690 1932
f 1947 1944 1943
f 1947 1948 1944
f 1949 1941 1942
f 1949 1942 1950
f 1951 1687 1690
f 1951 1690 1946
f 1952 1945 1926
f 1953 1949 1950
f 1953 1950 1954
f 1955 1948 1947
f 1955 1956 1948
f 1957 1956 1955
f 1957 1958 1956
f 1959 1960 1958
f 1959 1958 1957
f 1961 1962 1960
f 1961 1960 1959
f 1963 1962 1961
f 1963 1952 1964
f 1963 1964 1965
f 1963 1965 1966
f 1963 1966 1962
f 1963 1945 1952
f 1687 1951 1967
f 1689 1967 1968
f 1689 1687 1967
f 1688 1968 1969
f 1688 1689 1968
f 1686 1969 1970
f 1686 1688 1969
f 1685 1970 1971
f 1685 1686 1970
f 1683 1971 1972
f 1683 1972 1973
f 1683 1685 1971
f 1684 1973 1974
f 1684 1683 1973
f 1682 1974 1975
f 1682 1684 1974
f 1975 1976 1682
f 1976 1691 1682
f 1977 1676 1978
f 1675 1676 1977
f 1978 1677 1979
f 1676 1677 1978
f 1979 1678 1980
f 1677 1678 1979
f 1980 1679 1981
f 1678 1679 1980
f 1981 1680 1982
f 1679 1680 1981
f 1982 1681 1983
f 1680 1681 1982
f 1983 1691 1976
f 1681 1691 1983
f 1984 1675 1977
f 1649 1675 1984
f 1985 1648 1986
f 1650 1648 1985
f 1986 1646 1987
f 1648 1646 1986
f 1987 1644 1988
f 1646 1644 1987
f 1988 1643 1989
f 1644 1643 1988
f 1989 1645 1990
f 1643 1645 1989
f 1990 1647 1991
f 1645 1647 1990
f 1991 1649 1984
f 1647 1649 1991
f 1656 1650 1992
f 1992 1650 1985
f 1993 1670 1994
f 1673 1670 1993
f 1994 1665 1995
f 1670 1665 1994
f 1995 1663 1996
f 1665 1663 1995
f 1996 1661 1997
f 1663 1661 1996
f 1997 1658 1998
f 1661 1658 1997
f 1998 1655 1999
f 1658 1655 1998
f 1999 1656 1992
f 1655 1656 1999
f 2000 2001 2002
f 2000 2002 2003
f 2004 2003 2005
f 2004 2000 2003
f 2006 2005 2007
f 2006 2004 2005
f 2008 2007 2009
f 2008 2006 2007
f 1673 2009 1674
f 1673 2008 2009
f 1671 1674 2010
f 2010 1674 2011
f 2011 2009 2012
f 2012 2009 2013
f 1674 2009 2011
f 2013 2007 2014
f 2009 2007 2013
f 2015 2002 2016
f 2016 2002 2017
f 2014 2005 2018
f 2007 2005 2014
f 2018 2003 2015
f 2005 2003 2018
f 2015 2003 2002
f 2019 1666 1668
f 2019 1724 1666
f 2020 1668 1667
f 2020 2019 1668
f 2021 1667 1669
f 2021 2020 1667
f 2010 1669 1671
f 2010 2021 1669
f 2022 2023 2024
f 2024 2023 2025
f 2022 2026 2023
f 2026 2027 2028
f 2029 2030 2022
f 2022 2030 2026
f 2026 2030 2027
f 2029 2031 2030
f 2032 2033 2029
f 2029 2033 2031
f 1612 1592 2034
f 2034 1592 2035
f 2034 2035 2036
f 2036 2035 2037
f 2036 2037 2032
f 2032 2037 2033
f 2038 1602 1612
f 2038 1612 2034
f 2039 2034 2036
f 2039 2038 2034
f 2040 2036 2032
f 2040 2039 2036
f 2041 2032 2029
f 2041 2040 2032
f 2042 2043 2044
f 2044 2043 2045
f 2042 2046 2043
f 2046 2047 2048
f 2046 2049 2047
f 2042 2049 2046
f 2050 2041 2042
f 2042 2041 2049
f 2051 2040 2050
f 2050 2040 2041
f 1598 1602 2052
f 2052 1602 2038
f 2052 2038 2053
f 2053 2038 2039
f 2053 2039 2040
f 2053 2040 2051
f 2051 2050 2031
f 2051 2031 2033
f 2053 2033 2037
f 2053 2051 2033
f 2052 2037 2035
f 2052 2053 2037
f 1598 2035 1592
f 1598 2052 2035
f 1702 1700 1712
f 1712 1700 1719
f 1702 1714 1697
f 1712 1714 1702
f 1697 1713 1698
f 1714 1713 1697
f 1698 1715 1696
f 1713 1715 1698
f 1696 2054 2055
f 1715 2054 1696
f 2055 2056 2057
f 2054 2056 2055
f 2057 2058 2059
f 2056 2058 2057
f 2043 2060 2061
f 2046 2060 2043
f 1794 1795 2062
f 1796 2062 1795
f 1793 1794 2062
f 1797 2062 1796
f 1792 1793 2062
f 1790 2062 1797
f 1790 2026 2062
f 2063 2062 2061
f 2063 1791 1792
f 2063 2061 2060
f 2063 1792 2062
f 2064 2060 2046
f 1798 1791 2063
f 1799 1798 2063
f 1800 1799 2063
f 1801 1800 2063
f 1783 2026 1790
f 1783 2065 2023
f 1783 2023 2026
f 1784 2065 1783
f 1785 2065 1784
f 1786 2065 1785
f 1787 2065 1786
f 1788 2065 1787
f 1789 2065 1788
f 1768 1780 1781
f 1753 1779 1780
f 1753 1780 1768
f 1755 1752 1754
f 1755 1753 1752
f 1751 1778 1779
f 1751 1779 1753
f 1751 1753 1755
f 1750 1777 1778
f 1750 1778 1751
f 1749 1776 1777
f 1749 1777 1750
f 1748 1776 1749
f 1747 1775 1776
f 1747 1776 1748
f 1746 1782 1774
f 1746 1774 1775
f 1746 1775 1747
f 1745 1789 1782
f 1745 1782 1746
f 2066 2067 2060
f 2066 2060 2064
f 2066 2064 2065
f 2068 2066 2065
f 1715 2067 2066
f 1716 2067 1715
f 1989 2068 1988
f 1990 2068 1989
f 1987 1988 2068
f 1991 2068 1990
f 1986 1987 2068
f 1986 2068 2065
f 1986 2065 1789
f 1984 2068 1991
f 1984 1696 2068
f 1695 1696 1984
f 1731 1745 1744
f 1730 1789 1745
f 1730 1986 1789
f 1730 1745 1731
f 1730 1985 1986
f 1729 1985 1730
f 1729 1999 1992
f 1729 1992 1985
f 1728 1999 1729
f 1728 1998 1999
f 1727 1998 1728
f 2069 2067 1716
f 1726 1998 1727
f 1726 1997 1998
f 1725 1996 1997
f 1725 1997 1726
f 1724 1995 1996
f 1724 1996 1725
f 2021 2019 2020
f 2021 1724 2019
f 2010 1724 2021
f 2010 1994 1995
f 2010 1995 1724
f 2011 1993 1994
f 2011 1994 2010
f 1977 1695 1984
f 1977 2070 1695
f 1978 2070 1977
f 1979 2070 1978
f 1980 2070 1979
f 1981 2070 1980
f 1982 2070 1981
f 1983 2070 1982
f 2071 1983 1976
f 2071 1976 1975
f 2071 1973 1972
f 2071 1974 1973
f 2071 1975 1974
f 2071 2069 2070
f 2071 2070 1983
f 2071 2067 2069
f 2072 2073 2074
f 2075 2073 2072
f 2074 2076 2077
f 2073 2076 2074
f 2077 1716 1695
f 2076 1716 2077
f 1695 1718 1693
f 1716 1718 1695
f 1693 1717 1694
f 1718 1717 1693
f 1694 1720 1692
f 1717 1720 1694
f 1711 1701 1720
f 1720 1701 1692
f 1740 1737 1741
f 1741 1737 1736
f 1773 2078 2079
f 2080 1773 2079
f 1772 1773 2080
f 2081 1772 2080
f 1771 2081 2082
f 1771 1772 2081
f 1770 2082 2083
f 1770 1771 2082
f 1769 2083 2084
f 1769 1770 2083
f 1621 2084 1781
f 1621 1769 2084
f 2085 2086 2087
f 1756 2088 2089
f 1756 2089 2090
f 1756 2090 2086
f 1756 2085 2091
f 1756 2086 2085
f 2092 1756 2091
f 2093 2094 2095
f 2096 2092 2094
f 2096 2093 2097
f 2096 2097 2098
f 2096 2094 2093
f 2078 1757 1756
f 2078 1756 2092
f 2078 2092 2096
f 1773 1757 2078
f 1808 1807 2063
f 1806 1805 1807
f 1805 1804 1807
f 2063 1802 1801
f 1807 1803 2063
f 2063 1803 1802
f 1804 1803 1807
f 1854 2099 2100
f 1854 2101 1874
f 2100 2101 1854
f 1854 2102 2099
f 2101 2103 1874
f 1854 2104 2102
f 2103 2105 1874
f 1854 2106 2104
f 2105 2107 1874
f 1854 2108 2106
f 1854 2109 2108
f 2110 2111 2112
f 2113 2111 2110
f 2114 2115 2110
f 2110 2115 2113
f 2112 2116 2117
f 2111 2116 2112
f 2117 2118 2119
f 2119 2118 2120
f 2116 2118 2117
f 2109 2121 2114
f 2114 2121 2115
f 2118 2122 2120
f 2122 2123 2120
f 2120 2123 2124
f 2125 2126 2127
f 2126 2128 2127
f 2127 2128 2129
f 2125 2130 2126
f 2131 2130 2125
f 2128 2132 2129
f 2129 2132 2133
f 2133 2134 2135
f 2132 2134 2133
f 2131 2136 2130
f 2135 2137 2138
f 2134 2137 2135
f 2137 2139 2138
f 2138 2139 2140
f 2136 1821 2141
f 2141 1821 2142
f 2142 1821 2143
f 2143 1821 2144
f 2144 1821 2145
f 2145 1821 2146
f 2146 1823 2147
f 1821 1823 2146
f 1854 1821 2136
f 1854 2136 2148
f 1854 2148 2149
f 1854 2149 2121
f 1854 2121 2109
f 2148 2136 2131
f 2067 1884 2060
f 1908 1884 2067
f 2150 2151 1904
f 2151 2152 1904
f 1904 2153 1906
f 2152 2153 1904
f 2153 2154 1906
f 2154 2155 1906
f 2155 2156 1906
f 2156 2157 1906
f 2157 2158 1906
f 2158 2159 1906
f 2159 2160 1906
f 2161 2162 2163
f 2163 2162 2164
f 2164 2165 2166
f 2166 2165 2167
f 2162 2165 2164
f 2165 2168 2167
f 2167 2169 2170
f 2168 2169 2167
f 2170 2171 2172
f 2169 2171 2170
f 2171 2173 2172
f 2172 2173 2174
f 2174 2175 2160
f 2173 2175 2174
f 2176 2177 2178
f 2177 2179 2178
f 2178 2179 2180
f 2180 2181 2182
f 2179 2181 2180
f 2182 2183 2184
f 2181 2183 2182
f 2184 2185 2186
f 2183 2185 2184
f 2186 2187 2188
f 2185 2187 2186
f 2188 2189 2190
f 2187 2189 2188
f 2189 2191 2190
f 2192 1952 2193
f 2193 1926 2194
f 2194 1926 2195
f 2195 1926 2196
f 2196 1926 2197
f 2197 1926 2198
f 2198 1926 2191
f 1952 1926 2193
f 1926 1906 2191
f 2191 1906 2199
f 2191 2199 2190
f 2199 1906 2200
f 2200 1906 2175
f 2175 1906 2160
f 1967 1951 1968
f 1968 1951 1969
f 1969 2071 1970
f 1970 2071 1971
f 1971 2071 1972
f 1951 2071 1969
f 1951 1946 2071
f 1673 1993 2201
f 2008 2201 2202
f 2008 1673 2201
f 2006 2202 2203
f 2006 2008 2202
f 2001 2204 2205
f 2001 2205 2206
f 2004 2203 2207
f 2004 2006 2203
f 2000 2207 2204
f 2000 2004 2207
f 2000 2204 2001
f 2208 2209 2210
f 2208 2210 2211
f 2206 2212 2208
f 2206 2211 2213
f 2206 2213 2214
f 2206 2208 2211
f 2215 2206 2214
f 2216 2215 2217
f 2216 2217 2218
f 2219 2216 2220
f 2219 2220 2221
f 2017 2206 2215
f 2017 2215 2216
f 2017 2216 2219
f 2002 2001 2206
f 2002 2206 2017
f 2030 2031 2042
f 2042 2031 2050
f 2042 2044 2030
f 2030 2044 2027
f 2027 2045 2028
f 2044 2045 2027
f 2028 2043 2026
f 2045 2043 2028
f 2026 2222 2223
f 2043 2222 2026
f 2223 2224 2225
f 2222 2224 2223
f 2225 2226 2227
f 2224 2226 2225
f 2228 2229 2230
f 2230 2229 2231
f 2231 2232 2233
f 2229 2232 2231
f 2233 2046 2023
f 2232 2046 2233
f 2023 2048 2025
f 2046 2048 2023
f 2025 2047 2024
f 2048 2047 2025
f 2024 2049 2022
f 2047 2049 2024
f 2041 2022 2049
f 2041 2029 2022
f 2234 1716 2235
f 2235 1716 2236
f 2236 1716 2237
f 2237 1716 2238
f 2076 2239 1716
f 1716 2239 2238
f 2073 2240 2076
f 2076 2240 2239
f 2075 2241 2073
f 2073 2241 2240
f 2058 2242 2075
f 2075 2242 2241
f 2058 2243 2242
f 2056 2244 2058
f 2058 2244 2243
f 2054 2245 2056
f 2056 2245 2244
f 1715 2246 2054
f 2054 2246 2245
f 1715 2247 2246
f 1715 2248 2247
f 1715 2249 2248
f 1715 2250 2249
f 1715 2251 2250
f 2069 1716 2234
f 1715 2066 2251
f 2075 2072 2058
f 2058 2072 2059
f 1695 2252 2253
f 1695 2253 2254
f 1695 2254 2255
f 1695 2255 2256
f 2257 2077 1695
f 2257 1695 2256
f 2258 2074 2077
f 2258 2077 2257
f 2259 2072 2074
f 2259 2074 2258
f 2260 2072 2259
f 2261 2059 2072
f 2261 2072 2260
f 2262 2057 2059
f 2262 2059 2261
f 2263 2055 2057
f 2263 2057 2262
f 2264 1696 2055
f 2264 2055 2263
f 2265 1696 2264
f 2266 1696 2265
f 2267 1696 2266
f 2268 1696 2267
f 2269 1696 2268
f 1695 2070 2252
f 2068 1696 2269
f 2070 2234 2252
f 2069 2234 2070
f 2252 2235 2253
f 2234 2235 2252
f 2253 2236 2254
f 2235 2236 2253
f 2254 2237 2255
f 2236 2237 2254
f 2266 2249 2267
f 2248 2249 2266
f 2267 2250 2268
f 2249 2250 2267
f 2268 2251 2269
f 2250 2251 2268
f 2269 2066 2068
f 2251 2066 2269
f 2270 2046 2271
f 2271 2046 2272
f 2272 2046 2273
f 2273 2046 2274
f 2232 2275 2046
f 2046 2275 2274
f 2229 2276 2232
f 2232 2276 2275
f 2228 2277 2229
f 2229 2277 2276
f 2226 2278 2228
f 2228 2278 2277
f 2226 2279 2278
f 2224 2280 2226
f 2226 2280 2279
f 2222 2281 2224
f 2224 2281 2280
f 2043 2282 2222
f 2222 2282 2281
f 2043 2283 2282
f 2043 2284 2283
f 2043 2285 2284
f 2043 2286 2285
f 2043 2287 2286
f 2043 2061 2287
f 2064 2046 2270
f 2288 2285 2289
f 2284 2285 2288
f 2289 2286 2290
f 2285 2286 2289
f 2290 2287 2291
f 2286 2287 2290
f 2291 2061 2062
f 2287 2061 2291
f 2023 2292 2293
f 2023 2293 2294
f 2023 2294 2295
f 2023 2295 2296
f 2297 2233 2023
f 2297 2023 2296
f 2298 2231 2233
f 2298 2233 2297
f 2299 2230 2231
f 2299 2231 2298
f 2300 2227 2230
f 2300 2230 2299
f 2301 2227 2300
f 2302 2225 2227
f 2302 2227 2301
f 2303 2223 2225
f 2303 2225 2302
f 2304 2026 2223
f 2304 2223 2303
f 2305 2026 2304
f 2288 2026 2305
f 2289 2026 2288
f 2290 2026 2289
f 2291 2026 2290
f 2062 2026 2291
f 2023 2065 2292
f 2065 2270 2292
f 2064 2270 2065
f 2292 2271 2293
f 2270 2271 2292
f 2293 2272 2294
f 2271 2272 2293
f 2294 2273 2295
f 2272 2273 2294
f 2071 2306 2067
f 2067 2306 2307
f 2307 2306 2308
f 2308 2309 2310
f 2306 2309 2308
f 2310 2311 2312
f 2309 2311 2310
f 2312 2313 2314
f 2311 2313 2312
f 2313 2315 2314
f 2314 2316 2317
f 2317 2316 2318
f 2315 2316 2314
f 2316 2319 2318
f 2204 2207 2015
f 2015 2207 2018
f 2018 2203 2014
f 2207 2203 2018
f 2014 2202 2013
f 2203 2202 2014
f 2013 2201 2012
f 2202 2201 2013
f 2012 1993 2011
f 2201 1993 2012
f 1732 1744 1743
f 1732 1731 1744
f 1734 1743 1742
f 1734 1732 1743
f 1736 1742 1741
f 1736 1734 1742
f 1781 2084 1768
f 1767 2084 1765
f 1768 2084 1767
f 1765 2083 1763
f 2084 2083 1765
f 1763 2082 1761
f 2083 2082 1763
f 1761 2081 1759
f 2082 2081 1761
f 2081 2080 1759
f 2320 2321 2322
f 2322 2321 2323
f 2323 2324 2325
f 2321 2324 2323
f 2325 2326 2327
f 2327 2326 2328
f 2324 2326 2325
f 2326 2329 2328
f 2328 2330 2331
f 2331 2330 2332
f 2329 2330 2328
f 2330 2333 2332
f 2332 2063 2060
f 2333 2063 2332
f 1756 1758 2334
f 2088 2334 2335
f 2088 1756 2334
f 2089 2335 2336
f 2089 2088 2335
f 2090 2336 2337
f 2090 2089 2336
f 2086 2337 2338
f 2086 2090 2337
f 2087 2338 2339
f 2087 2086 2338
f 2085 2087 2339
f 2091 2339 2340
f 2091 2085 2339
f 2092 2341 2342
f 2094 2092 2342
f 2095 2342 2343
f 2095 2094 2342
f 2093 2343 2344
f 2093 2095 2343
f 2097 2344 2345
f 2097 2093 2344
f 2098 2345 2346
f 2098 2097 2345
f 2096 2346 2347
f 2096 2098 2346
f 2078 2347 2079
f 2078 2096 2347
f 2091 2340 2341
f 2091 2341 2092
f 2147 1823 2348
f 2348 1827 2349
f 2349 1827 2350
f 1823 1827 2348
f 2350 1826 2351
f 1827 1826 2350
f 2351 1825 2352
f 1826 1825 2351
f 2352 1828 2353
f 1825 1828 2352
f 2353 1830 2354
f 1828 1830 2353
f 2354 1832 2355
f 1830 1832 2354
f 2355 1834 2356
f 1832 1834 2355
f 2350 1421 2349
f 2348 1422 2147
f 2349 1422 2348
f 1421 1422 2349
f 2147 1424 2146
f 1422 1424 2147
f 2146 1425 2145
f 1424 1425 2146
f 1425 1427 2145
f 2145 1429 2144
f 1427 1429 2145
f 2144 1433 2143
f 1429 1433 2144
f 2143 1434 2142
f 1433 1434 2143
f 2142 1435 2141
f 2141 1435 1437
f 2142 1438 1435
f 2142 1434 1438
f 2137 2134 1452
f 1452 2134 1451
f 1451 2132 1453
f 2134 2132 1451
f 1453 2128 1447
f 2132 2128 1453
f 1447 2126 1445
f 2128 2126 1447
f 1445 2130 1443
f 2126 2130 1445
f 1443 2136 1442
f 2130 2136 1443
f 1442 2141 1437
f 2136 2141 1442
f 2357 2358 2359
f 2357 2359 2360
f 2357 2360 2361
f 2362 2361 2363
f 2362 2357 2361
f 2364 2363 2365
f 2364 2362 2363
f 2366 2365 2367
f 2366 2364 2365
f 2368 2367 2369
f 2368 2366 2367
f 2370 2368 2369
f 2139 2369 2140
f 2139 2370 2369
f 2148 2131 1407
f 1407 2131 1406
f 1406 2125 1403
f 2131 2125 1406
f 1403 2127 1402
f 2125 2127 1403
f 1402 2129 1397
f 2127 2129 1402
f 1397 2133 1396
f 2129 2133 1397
f 1396 2135 1398
f 2133 2135 1396
f 1398 2138 1395
f 2135 2138 1398
f 1412 1413 2149
f 1411 2149 2148
f 1411 1412 2149
f 1407 1411 2148
f 1389 2122 1387
f 1387 2118 1383
f 2122 2118 1387
f 1383 2116 1381
f 2118 2116 1383
f 1381 2111 1384
f 2116 2111 1381
f 1384 2113 1416
f 2111 2113 1384
f 1416 2115 1417
f 2113 2115 1416
f 1417 2121 1418
f 2115 2121 1417
f 1418 2149 1413
f 2121 2149 1418
f 2371 2372 2373
f 2373 2372 2374
f 2374 2372 2375
f 2371 2376 2372
f 2377 2378 2371
f 2371 2378 2376
f 2379 2380 2377
f 2377 2380 2378
f 2380 2381 2382
f 2379 2381 2380
f 2382 2383 2384
f 2381 2383 2382
f 2384 2385 2386
f 2383 2385 2384
f 2386 2387 2388
f 2385 2387 2386
f 2388 2389 2390
f 2387 2389 2388
f 2390 2391 2392
f 2389 2391 2390
f 2392 2393 2394
f 2391 2393 2392
f 2394 2395 2396
f 2393 2395 2394
f 2395 2397 2396
f 2398 2399 2397
f 2397 2399 2396
f 2398 2400 2399
f 2398 2401 2400
f 2402 2401 2398
f 2400 2401 2403
f 2402 2404 2401
f 2123 2404 2402
f 2122 1389 2123
f 2123 1389 2404
f 2123 2402 2124
f 2124 2402 2405
f 2405 2398 2406
f 2402 2398 2405
f 2406 2397 2407
f 2407 2397 2408
f 2398 2397 2406
f 2408 2395 2409
f 2397 2395 2408
f 2395 2393 2409
f 2409 2391 2410
f 2410 2391 2411
f 2393 2391 2409
f 2391 2389 2411
f 2412 2413 2414
f 2412 2414 2415
f 2412 2415 2416
f 2417 2413 2412
f 2418 2419 2413
f 2418 2413 2417
f 2420 2421 2419
f 2420 2419 2418
f 2422 2420 2423
f 2422 2421 2420
f 2424 2423 2425
f 2424 2422 2423
f 2426 2425 2427
f 2426 2427 2428
f 2426 2424 2425
f 2429 2426 2428
f 2411 2428 2430
f 2411 2429 2428
f 2410 2430 2431
f 2410 2411 2430
f 2409 2431 2432
f 2409 2410 2431
f 2408 2432 2433
f 2408 2409 2432
f 2407 2408 2433
f 2434 2407 2433
f 2435 2405 2406
f 2435 2406 2407
f 2435 2407 2434
f 2436 2405 2435
f 2437 2120 2124
f 2437 2124 2405
f 2437 2405 2436
f 2438 2120 2437
f 2120 2439 2119
f 2438 2439 2120
f 2119 2440 2117
f 2439 2440 2119
f 2117 2441 2112
f 2440 2441 2117
f 2112 2442 2110
f 2441 2442 2112
f 2110 2443 2114
f 2442 2443 2110
f 2114 2444 2109
f 2443 2444 2114
f 2109 2445 2108
f 2444 2445 2109
f 2445 2446 2106
f 2445 2106 2108
f 2106 2446 2104
f 2446 2447 2104
f 2104 2448 2102
f 2447 2448 2104
f 2102 2449 2099
f 2448 2449 2102
f 2099 2450 2100
f 2449 2450 2099
f 2100 2451 2101
f 2450 2451 2100
f 2101 2452 2103
f 2451 2452 2101
f 2103 2453 2105
f 2452 2453 2103
f 1822 1820 2320
f 2320 1820 2321
f 2321 1817 2324
f 1820 1817 2321
f 2324 1816 2326
f 1817 1816 2324
f 2326 1813 2329
f 1816 1813 2326
f 2329 1811 2330
f 1813 1811 2329
f 2330 1809 2333
f 1811 1809 2330
f 1809 2063 2333
f 1809 1808 2063
f 1884 1883 2060
f 2060 1883 2332
f 2332 1882 2331
f 1883 1882 2332
f 2331 1881 2328
f 1882 1881 2331
f 2328 1880 2327
f 1881 1880 2328
f 2327 1879 2325
f 1880 1879 2327
f 2323 1878 2322
f 2325 1878 2323
f 1879 1878 2325
f 1878 1877 2322
f 1946 2306 2071
f 1946 1932 2306
f 2306 1929 2309
f 1932 1929 2306
f 2309 1928 2311
f 1929 1928 2309
f 2311 1927 2313
f 1928 1927 2311
f 2313 1930 2315
f 1927 1930 2313
f 2315 1931 2316
f 1930 1931 2315
f 2316 1945 2319
f 1931 1945 2316
f 2151 2454 2152
f 2454 2455 2152
f 2152 2456 2153
f 2455 2456 2152
f 2153 2457 2154
f 2456 2457 2153
f 2154 2458 2155
f 2457 2458 2154
f 2155 2459 2156
f 2458 2459 2155
f 2156 2460 2157
f 2459 2460 2156
f 2157 2461 2158
f 2460 2461 2157
f 2159 2461 2462
f 2159 2158 2461
f 2159 2463 2160
f 2462 2463 2159
f 2160 2464 2174
f 2463 2464 2160
f 2174 2465 2172
f 2464 2465 2174
f 2172 2466 2170
f 2465 2466 2172
f 2170 2467 2167
f 2466 2467 2170
f 2167 2468 2166
f 2467 2468 2167
f 2166 2469 2164
f 2468 2469 2166
f 2470 2471 2472
f 2470 2472 2473
f 2474 2475 2471
f 2474 2471 2470
f 2476 2472 2477
f 2476 2473 2472
f 2478 2479 2475
f 2478 2475 2474
f 2480 2477 2481
f 2480 2476 2477
f 2163 2482 2479
f 2163 2479 2478
f 2483 2481 2484
f 2483 2480 2481
f 2164 2469 2482
f 2164 2482 2163
f 2485 2484 2486
f 2485 2486 2487
f 2485 2483 2484
f 2488 2489 2490
f 2488 2490 2491
f 2488 2491 2492
f 2493 2485 2487
f 2494 2489 2488
f 2495 2487 2496
f 2495 2493 2487
f 2497 2489 2494
f 2497 2498 2489
f 2499 2496 2500
f 2499 2500 2501
f 2499 2495 2496
f 2502 2499 2501
f 2502 2498 2497
f 2502 2501 2498
f 2503 2504 2483
f 2483 2504 2480
f 2480 2505 2476
f 2504 2505 2480
f 2476 2506 2473
f 2505 2506 2476
f 2473 2507 2470
f 2470 2507 2474
f 2506 2507 2473
f 2507 2508 2474
f 2474 2509 2478
f 2508 2509 2474
f 2478 2161 2163
f 2509 2161 2478
f 2510 2511 2512
f 2513 2506 2514
f 2515 2507 2513
f 2513 2507 2506
f 2512 2508 2515
f 2511 2508 2512
f 2515 2508 2507
f 2514 2505 2516
f 2506 2505 2514
f 2516 2504 2517
f 2505 2504 2516
f 2518 2509 2511
f 2511 2509 2508
f 2504 2503 2517
f 1457 2161 2518
f 2518 2161 2509
f 1457 2162 2161
f 2517 2519 2520
f 2503 2519 2517
f 2521 2522 2523
f 2523 2522 2524
f 2520 2525 2526
f 2519 2525 2520
f 2527 2528 2521
f 2521 2528 2522
f 2525 2529 2526
f 2526 2529 2530
f 2527 2531 2528
f 2532 2531 2527
f 2533 2531 2532
f 2529 2534 2530
f 2530 2534 2535
f 2534 2536 2535
f 2535 2536 2533
f 2533 2536 2531
f 2200 2175 1471
f 1471 2175 1470
f 1470 2173 1466
f 2175 2173 1470
f 1466 2171 1464
f 2173 2171 1466
f 1464 2169 1462
f 2171 2169 1464
f 1462 2168 1461
f 2169 2168 1462
f 1461 2165 1459
f 2168 2165 1461
f 1459 2162 1457
f 2165 2162 1459
f 2200 1471 1473
f 2200 1473 1474
f 2199 1474 1475
f 2199 2200 1474
f 2178 2180 1489
f 1489 2180 1487
f 1487 2182 1490
f 2180 2182 1487
f 1490 2184 1484
f 2182 2184 1490
f 1484 2186 1482
f 2184 2186 1484
f 1482 2188 1479
f 2186 2188 1482
f 1479 2190 1477
f 1477 2190 1475
f 2188 2190 1479
f 2190 2199 1475
f 2537 2177 2176
f 2537 2176 2538
f 2539 2538 2540
f 2539 2537 2538
f 2541 2540 2542
f 2541 2539 2540
f 2543 2542 2544
f 2543 2541 2542
f 2545 2544 2546
f 2545 2543 2544
f 2547 2546 2548
f 2547 2545 2546
f 2549 2548 2550
f 2549 2547 2548
f 2198 2191 1369
f 1369 2191 1368
f 1368 2189 1365
f 2191 2189 1368
f 1365 2187 1364
f 2189 2187 1365
f 1364 2185 1359
f 2187 2185 1364
f 1359 2183 1358
f 2185 2183 1359
f 1358 2181 1360
f 2183 2181 1358
f 1360 2179 1357
f 2181 2179 1360
f 1375 2198 1369
f 1374 2197 1373
f 1373 2197 1375
f 1375 2197 2198
f 1374 1380 2197
f 2197 1380 2196
f 2196 1379 2195
f 1380 1379 2196
f 1379 1378 2195
f 2195 1342 2194
f 1378 1342 2195
f 2194 1344 2193
f 1342 1344 2194
f 2193 1346 2192
f 1344 1346 2193
f 2192 1348 2551
f 2551 1348 2552
f 1346 1348 2192
f 2552 1350 2553
f 1348 1350 2552
f 2554 1956 2555
f 2555 1958 2556
f 1956 1958 2555
f 2556 1960 2557
f 1958 1960 2556
f 2557 1962 2558
f 1960 1962 2557
f 2558 1966 2559
f 1962 1966 2558
f 2559 1965 2553
f 1966 1965 2559
f 2552 1964 2551
f 2553 1964 2552
f 1965 1964 2553
f 2551 1952 2192
f 1964 1952 2551
f 1905 1911 2318
f 2318 1911 2317
f 2317 1916 2314
f 1911 1916 2317
f 2314 1918 2312
f 1916 1918 2314
f 2312 1914 2310
f 1918 1914 2312
f 2310 1913 2308
f 1914 1913 2310
f 2308 1907 2307
f 1913 1907 2308
f 2307 1908 2067
f 1907 1908 2307
f 2206 2205 2560
f 2212 2560 2561
f 2212 2206 2560
f 2208 2212 2561
f 2209 2561 2562
f 2209 2208 2561
f 2210 2562 2563
f 2210 2209 2562
f 2211 2563 2564
f 2211 2210 2563
f 2213 2564 2565
f 2213 2211 2564
f 2214 2565 2566
f 2214 2213 2565
f 2215 2567 2568
f 2217 2215 2568
f 2218 2568 2569
f 2218 2217 2568
f 2216 2569 2570
f 2216 2218 2569
f 2220 2570 2571
f 2220 2216 2570
f 2221 2571 2572
f 2221 2220 2571
f 2219 2572 2573
f 2219 2221 2572
f 2017 2573 2016
f 2017 2219 2573
f 2215 2214 2566
f 2215 2566 2567
f 2228 2230 2226
f 2226 2230 2227
f 2248 2266 2247
f 2247 2266 2265
f 2246 2247 2265
f 2246 2265 2264
f 2245 2264 2263
f 2245 2246 2264
f 2244 2263 2262
f 2244 2245 2263
f 2243 2262 2261
f 2243 2244 2262
f 2261 2260 2243
f 2243 2260 2242
f 2241 2242 2260
f 2241 2260 2259
f 2240 2259 2258
f 2240 2241 2259
f 2239 2258 2257
f 2239 2240 2258
f 2238 2257 2256
f 2238 2239 2257
f 2255 2237 2256
f 2256 2237 2238
f 2284 2288 2283
f 2283 2288 2305
f 2282 2283 2305
f 2282 2305 2304
f 2281 2304 2303
f 2281 2282 2304
f 2280 2303 2302
f 2280 2281 2303
f 2279 2302 2301
f 2279 2280 2302
f 2301 2300 2279
f 2279 2300 2278
f 2277 2278 2300
f 2277 2300 2299
f 2276 2299 2298
f 2276 2277 2299
f 2275 2298 2297
f 2275 2276 2298
f 2274 2297 2296
f 2274 2275 2297
f 2295 2273 2296
f 2296 2273 2274
f 2454 2574 2575
f 2455 2454 2575
f 2456 2575 2318
f 2456 2455 2575
f 2457 2456 2318
f 2458 2457 2318
f 2459 2458 2318
f 2460 2459 2318
f 2461 2460 2318
f 2462 2461 2318
f 2463 2462 2318
f 2576 2577 2482
f 2578 2482 2469
f 2578 2576 2482
f 1458 2469 2468
f 1458 2578 2469
f 1460 2468 2467
f 1460 1458 2468
f 1463 2467 2466
f 1463 1460 2467
f 1465 2466 2465
f 1465 1463 2466
f 1469 1465 2465
f 1469 2465 2464
f 1469 2464 2463
f 1467 1469 2463
f 1467 2463 2318
f 1476 1467 2318
f 2579 2580 1491
f 1356 2579 1491
f 1356 1491 1492
f 1355 1492 1493
f 1355 1356 1492
f 1354 1493 1485
f 1354 1355 1493
f 1352 1485 1486
f 1352 1354 1485
f 1363 1486 1480
f 1363 1352 1486
f 1362 1480 1481
f 1362 1363 1480
f 2581 1347 1345
f 2319 1345 1343
f 2319 1343 1377
f 2319 1377 1370
f 2319 1370 1372
f 2319 1372 1366
f 2319 2581 1345
f 2318 2319 1366
f 2318 1366 1362
f 2318 1362 1481
f 2318 1481 1476
f 2563 2565 2564
f 2560 2205 2561
f 2561 2205 2562
f 2562 2205 2563
f 2565 2205 2566
f 2563 2205 2565
f 2205 2567 2566
f 2567 2570 2568
f 2568 2570 2569
f 2570 2573 2571
f 2571 2573 2572
f 2205 2016 2567
f 2567 2016 2570
f 2570 2016 2573
f 2204 2015 2205
f 2205 2015 2016
f 2337 2339 2338
f 2334 1758 2335
f 2335 1758 2336
f 2336 1758 2337
f 2339 1758 2340
f 2337 1758 2339
f 1758 2341 2340
f 2341 2347 2342
f 2342 2347 2343
f 2343 2347 2344
f 2344 2347 2345
f 2345 2347 2346
f 1759 2079 1758
f 1758 2079 2341
f 2341 2079 2347
f 1759 2080 2079
f 2449 2322 2450
f 2451 2322 2582
f 2451 2450 2322
f 2448 2322 2449
f 2447 2322 2448
f 2452 2451 2582
f 2453 2452 2582
f 2446 2322 2447
f 2583 2453 2582
f 2445 2322 2446
f 2444 2322 2445
f 1385 2442 2441
f 1415 2444 2443
f 1415 2443 2442
f 1415 2442 1385
f 1382 2441 2440
f 1382 1385 2441
f 1408 2322 2444
f 1408 2444 1415
f 1386 2440 2439
f 1386 1382 2440
f 1410 2322 1408
f 1388 2439 2438
f 1388 1386 2439
f 2584 2438 2437
f 2584 1388 2438
f 2585 2584 2437
f 2586 2585 2437
f 1448 1401 1390
f 1449 1399 1401
f 1449 1401 1448
f 1456 1390 1392
f 1456 1448 1390
f 1444 1404 1399
f 1444 1399 1449
f 1455 1392 1393
f 1455 1456 1392
f 1454 1393 1394
f 1454 1455 1393
f 2587 1394 2588
f 2587 1454 1394
f 2320 1439 1440
f 2320 1440 1430
f 2320 1430 1432
f 2320 1432 1428
f 2320 1428 1426
f 2589 1426 1423
f 2589 2320 1426
f 2320 2322 1439
f 1439 2322 1444
f 1444 2322 1404
f 1404 2322 1410
f 1824 2589 2590
f 2590 2589 2591
f 2591 2589 2592
f 2592 2589 2593
f 2589 1822 2320
f 1824 1822 2589
f 1834 2594 2356
f 1834 1837 2594
f 2595 2596 2597
f 1421 2350 2598
f 2598 2351 2595
f 2350 2351 2598
f 2595 2351 2596
f 2351 2352 2596
f 2352 2599 2596
f 2352 2353 2599
f 2354 2600 2353
f 2353 2600 2599
f 2355 2601 2354
f 2354 2601 2600
f 2356 2602 2355
f 2355 2602 2601
f 2594 2603 2356
f 2356 2603 2602
f 2604 2605 2594
f 2594 2605 2603
f 2606 2607 2604
f 2604 2607 2605
f 2608 2609 2606
f 2606 2609 2607
f 2609 2610 2611
f 2608 2610 2609
f 2610 2612 2611
f 2610 2613 2612
f 2614 2615 2616
f 2612 2615 2614
f 2613 2615 2612
f 2615 2617 2616
f 2617 2618 2616
f 2616 2618 2619
f 2595 2620 2598
f 2597 2620 2595
f 2598 2621 1421
f 2620 2621 2598
f 2621 1419 1421
f 2622 2359 2623
f 2623 2359 2624
f 2138 2140 1395
f 1395 2140 2625
f 2622 2626 2359
f 2140 2627 2625
f 2626 2360 2359
f 2627 2369 2628
f 2140 2369 2627
f 2629 2361 2626
f 2626 2361 2360
f 2369 2367 2628
f 2630 2363 2629
f 2629 2363 2361
f 2628 2365 2631
f 2631 2365 2630
f 2630 2365 2363
f 2367 2365 2628
f 2632 2633 1876
f 2633 2634 1876
f 2634 2635 1876
f 2636 1886 2637
f 2637 1886 2635
f 2635 1886 1876
f 2638 2639 2640
f 2640 2639 2636
f 2636 2639 1886
f 2639 2641 1886
f 2642 2643 2638
f 2638 2643 2639
f 2642 2644 2643
f 2359 2645 2624
f 2624 2645 2646
f 2646 2645 2647
f 2359 2358 2645
f 2648 2649 2644
f 2358 2650 2645
f 2358 2651 2650
f 2651 2652 2650
f 2644 2653 2643
f 2643 2653 2654
f 2652 2655 2650
f 2655 2656 2650
f 2656 2657 2650
f 2648 2658 2649
f 2649 2658 2659
f 2658 2660 2659
f 2647 2661 2662
f 2662 2661 2663
f 2663 2661 2664
f 2645 2661 2647
f 2664 2665 2648
f 2648 2665 2658
f 2661 2665 2664
f 2657 2666 2650
f 2667 2668 2666
f 2666 2669 2650
f 2670 2671 2668
f 2666 2671 2669
f 2668 2671 2666
f 2661 2672 2665
f 2661 2673 2672
f 2669 2673 2661
f 2665 2674 2675
f 2672 2674 2665
f 2669 2676 2673
f 2671 2676 2669
f 2673 2676 2677
f 2678 2648 2644
f 2678 2644 2642
f 2366 2679 2364
f 2364 2680 2362
f 2679 2680 2364
f 2368 2681 2366
f 2366 2681 2679
f 2362 2682 2357
f 2680 2682 2362
f 2370 2683 2368
f 2368 2683 2681
f 2682 2684 2357
f 2139 2685 2370
f 2370 2685 2683
f 2357 2686 2358
f 2684 2686 2357
f 2137 1452 2139
f 2139 1452 2685
f 2358 2687 2651
f 2686 2687 2358
f 1389 2584 2404
f 1388 2584 1389
f 2584 2585 2404
f 2404 2586 2401
f 2585 2586 2404
f 2586 2688 2401
f 2688 2689 2401
f 2689 2403 2401
f 2429 2690 2691
f 2429 2692 2690
f 2429 2693 2692
f 2693 2411 2694
f 2429 2411 2693
f 2411 2695 2694
f 2411 2696 2695
f 2411 2697 2696
f 2411 2698 2697
f 2699 2387 2700
f 2700 2387 2701
f 2701 2387 2702
f 2698 2389 2703
f 2703 2389 2704
f 2704 2389 2705
f 2705 2389 2706
f 2706 2389 2707
f 2707 2389 2699
f 2411 2389 2698
f 2699 2389 2387
f 2708 2709 2710
f 2710 2709 2711
f 2712 2713 2708
f 2708 2713 2709
f 2710 2714 2715
f 2711 2714 2710
f 2716 2717 2712
f 2712 2717 2713
f 2715 2718 2719
f 2714 2718 2715
f 2107 2583 2716
f 2716 2583 2717
f 2719 2720 2632
f 2718 2720 2719
f 2105 2453 2107
f 2107 2453 2583
f 2632 2721 2633
f 2720 2721 2632
f 2322 1877 2582
f 2582 1877 1873
f 1945 2581 2319
f 2581 2722 2723
f 2581 2724 2722
f 2581 2725 2724
f 1945 1963 2581
f 2581 1963 2725
f 2318 2575 1905
f 1905 2575 1903
f 2726 2727 2728
f 2728 2727 2729
f 2729 2730 2731
f 2727 2730 2729
f 2731 2732 2733
f 2730 2732 2731
f 2733 2734 2735
f 2732 2734 2733
f 2734 2736 2735
f 2736 2737 2735
f 2738 2739 2736
f 2736 2739 2737
f 2740 2741 2738
f 2738 2741 2739
f 2740 2574 2741
f 2574 2150 2741
f 2454 2151 2574
f 2574 2151 2150
f 2742 2743 2485
f 2743 2744 2485
f 2744 2745 2485
f 2746 2483 2745
f 2745 2483 2485
f 2746 2747 2483
f 2747 2748 2483
f 2748 2749 2483
f 2749 2750 2483
f 2750 2751 2483
f 2752 2519 2753
f 2753 2519 2754
f 2754 2519 2755
f 2755 2503 2756
f 2756 2503 2757
f 2757 2503 2758
f 2758 2503 2759
f 2759 2503 2751
f 2751 2503 2483
f 2519 2503 2755
f 2510 2760 2511
f 2511 2761 2518
f 2760 2761 2511
f 2761 2577 2518
f 2518 2576 1457
f 2577 2576 2518
f 2576 2578 1457
f 2578 1458 1457
f 2762 2763 2764
f 2764 2763 2549
f 2549 2765 2547
f 2763 2765 2549
f 2765 2545 2547
f 2765 2766 2545
f 2545 2767 2543
f 2766 2767 2545
f 2768 2541 2767
f 2767 2541 2543
f 2769 2539 2768
f 2768 2539 2541
f 2770 2537 2769
f 2769 2537 2539
f 2771 2177 2770
f 2770 2177 2537
f 1357 2179 2771
f 2771 2179 2177
f 2772 2773 1889
f 2774 2775 2776
f 2775 2777 2776
f 2773 1890 1889
f 2773 2778 2779
f 2779 2780 2773
f 2773 2780 1890
f 2773 2781 2778
f 2780 2782 1890
f 2776 2783 2773
f 2773 2783 2781
f 2782 2728 1890
f 2777 2784 2776
f 2776 2784 2783
f 2785 2786 2787
f 2787 2786 2788
f 2728 2729 1890
f 2789 2790 2791
f 2791 2790 2792
f 2788 2793 2777
f 2777 2793 2784
f 2786 2793 2788
f 2786 2794 2793
f 2792 2795 2786
f 2786 2795 2794
f 2792 2796 2795
f 2792 2797 2796
f 2792 2798 2797
f 2790 2798 2792
f 2799 2800 2790
f 2790 2800 2798
f 2801 2802 2799
f 2802 2803 2799
f 2799 2803 2800
f 2800 2804 2798
f 2798 2804 2805
f 2805 2804 2806
f 2806 2804 2550
f 2802 2807 2803
f 2808 2809 2807
f 2809 2810 2807
f 2807 2811 2803
f 2810 2811 2807
f 2803 2811 2812
f 2811 2813 2812
f 2813 2814 2812
f 2814 2815 2812
f 2815 2816 2812
f 2816 2764 2812
f 2804 2549 2550
f 2812 2549 2804
f 2764 2549 2812
f 2178 1489 2176
f 1489 2817 2176
f 2817 2538 2176
f 2817 2818 2538
f 2538 2819 2540
f 2818 2819 2538
f 2540 2820 2542
f 2819 2820 2540
f 2821 2544 2820
f 2820 2544 2542
f 2822 2546 2821
f 2821 2546 2544
f 2823 2548 2822
f 2822 2548 2546
f 2823 2824 2548
f 2824 2550 2548
f 2825 2806 2824
f 2824 2806 2550
f 1351 2826 1350
f 1350 2826 2827
f 2827 2828 2829
f 2826 2828 2827
f 2828 2830 2829
f 2831 2832 2833
f 2833 2832 2834
f 2833 2835 2836
f 2834 2835 2833
f 2837 2838 2831
f 2831 2838 2832
f 2836 2839 2840
f 2835 2839 2836
f 2841 2842 2837
f 2837 2842 2838
f 2840 2843 2844
f 2839 2843 2840
f 2845 2846 2841
f 2841 2846 2842
f 2844 2847 2848
f 2843 2847 2844
f 2555 2849 2554
f 2554 2849 2845
f 2845 2849 2846
f 1350 2827 2553
f 2553 2827 2559
f 2827 2829 2559
f 2556 2850 2555
f 2555 2850 2849
f 2557 2851 2556
f 2556 2851 2850
f 2559 2852 2558
f 2830 2852 2829
f 2829 2852 2559
f 2558 2853 2557
f 2852 2853 2558
f 2557 2853 2851
f 1948 2554 2845
f 1948 1956 2554
f 2574 2740 2575
f 2575 2740 2854
f 2854 2738 2855
f 2740 2738 2854
f 2855 2736 2856
f 2738 2736 2855
f 2856 2734 2857
f 2736 2734 2856
f 2857 2732 2858
f 2734 2732 2857
f 2859 2730 2860
f 2858 2730 2859
f 2732 2730 2858
f 2730 2727 2860
f 2517 2484 2481
f 2516 2481 2477
f 2516 2517 2481
f 2514 2477 2472
f 2514 2516 2477
f 2513 2472 2471
f 2513 2514 2472
f 2515 2471 2475
f 2515 2513 2471
f 2512 2475 2479
f 2512 2515 2475
f 2510 2512 2479
f 2760 2510 2479
f 2761 2479 2482
f 2761 2760 2479
f 2577 2761 2482
f 2580 2817 1489
f 1491 2580 1489
f 2579 2861 2580
f 2580 2861 2862
f 2862 2863 2864
f 2861 2863 2862
f 2864 2865 2866
f 2863 2865 2864
f 2866 2867 2868
f 2865 2867 2866
f 2868 2869 2870
f 2867 2869 2868
f 2870 2871 2872
f 2872 2871 2873
f 2869 2871 2870
f 2871 2874 2873
f 2579 1357 2771
f 1356 1357 2579
f 1957 1955 2849
f 1957 2849 2850
f 1959 2850 2851
f 1959 1957 2850
f 1961 2851 2853
f 1961 1959 2851
f 1963 1961 2853
f 2725 2853 2852
f 2725 1963 2853
f 2724 2725 2852
f 2722 2852 2830
f 2722 2830 2828
f 2722 2724 2852
f 2723 2828 2826
f 2723 2826 1351
f 2723 2722 2828
f 2581 1351 1349
f 2581 1349 1347
f 2581 2723 1351
f 2588 1394 1395
f 2588 1395 2625
f 2688 2437 2436
f 2688 2586 2437
f 2689 2688 2436
f 2403 2689 2436
f 2400 2436 2435
f 2400 2403 2436
f 2399 2435 2434
f 2399 2400 2435
f 2396 2434 2433
f 2396 2399 2434
f 2394 2433 2432
f 2394 2396 2433
f 2392 2432 2431
f 2392 2394 2432
f 2390 2431 2430
f 2390 2392 2431
f 2720 2718 2875
f 2875 2718 2876
f 2876 2714 2877
f 2718 2714 2876
f 2877 2711 2878
f 2714 2711 2877
f 2878 2709 2879
f 2711 2709 2878
f 2879 2713 2880
f 2709 2713 2879
f 2881 2717 2582
f 2880 2717 2881
f 2713 2717 2880
f 2717 2583 2582
f 2589 1423 1420
f 2593 1420 1419
f 2593 2589 1420
f 2592 1419 2621
f 2592 2621 2620
f 2592 2593 1419
f 2591 2620 2597
f 2591 2597 2596
f 2591 2592 2620
f 2590 2596 2599
f 2590 2591 2596
f 1824 2590 2599
f 1829 2599 2600
f 1829 1824 2599
f 1831 2600 2601
f 1831 1829 2600
f 1833 2601 2602
f 1833 1831 2601
f 1835 1833 2602
f 2685 1452 1454
f 2685 1454 2587
f 2882 2883 2884
f 2884 2883 2885
f 2885 2886 2887
f 2883 2886 2885
f 2887 2888 2889
f 2886 2888 2887
f 2889 2890 2891
f 2888 2890 2889
f 2891 2892 2893
f 2890 2892 2891
f 2893 2894 2895
f 2892 2894 2893
f 2895 2587 2588
f 2894 2587 2895
f 1848 1851 2617
f 1848 2617 2615
f 1848 2615 2613
f 1846 2613 2610
f 1846 1848 2613
f 1844 1846 2610
f 1843 2610 2608
f 1843 1844 2610
f 1840 2608 2606
f 1840 1843 2608
f 1839 2606 2604
f 1839 1840 2606
f 1837 2604 2594
f 1837 1839 2604
f 2625 2627 2588
f 2588 2627 2895
f 2895 2628 2893
f 2627 2628 2895
f 2893 2631 2891
f 2628 2631 2893
f 2891 2630 2889
f 2631 2630 2891
f 2889 2629 2887
f 2630 2629 2889
f 2887 2626 2885
f 2629 2626 2887
f 2626 2884 2885
f 2626 2622 2884
f 2624 2646 2623
f 2623 2646 2896
f 2896 2647 2897
f 2646 2647 2896
f 2897 2662 2898
f 2647 2662 2897
f 2898 2663 2899
f 2662 2663 2898
f 2899 2664 2900
f 2663 2664 2899
f 2900 2648 2901
f 2664 2648 2900
f 2901 2678 2902
f 2648 2678 2901
f 2623 2884 2622
f 2903 2884 2623
f 2904 2905 2906
f 2676 2907 2677
f 2677 2907 2904
f 2904 2907 2905
f 2676 2908 2907
f 2909 2673 2904
f 2904 2673 2677
f 2673 2909 2672
f 2672 2909 2910
f 2672 2911 2674
f 2910 2911 2672
f 2912 2913 2911
f 2674 2914 2675
f 2911 2914 2674
f 2914 1332 1333
f 2913 1332 2911
f 2911 1332 2914
f 2915 2665 2914
f 2914 2665 2675
f 2665 2915 2658
f 2658 2915 2916
f 2658 2917 2660
f 2916 2917 2658
f 2918 2919 2917
f 2660 2920 2659
f 2917 2920 2660
f 2920 2921 2922
f 2919 2921 2917
f 2917 2921 2920
f 2923 2649 2920
f 2920 2649 2659
f 2649 2924 2644
f 2923 2924 2649
f 2644 2925 2653
f 2924 2925 2644
f 2926 2927 2925
f 2653 2928 2654
f 2925 2928 2653
f 2927 2928 2925
f 2928 1308 1309
f 2927 1308 2928
f 2929 2643 2928
f 2928 2643 2654
f 2643 2930 2639
f 2929 2930 2643
f 2930 2641 2639
f 2930 2931 2641
f 1886 2932 1885
f 1886 2641 2932
f 2641 2931 2932
f 2933 2934 2931
f 2931 2934 2932
f 2935 2638 2936
f 2642 2638 2935
f 2936 2640 2937
f 2638 2640 2936
f 2937 2636 2938
f 2640 2636 2937
f 2938 2637 2939
f 2636 2637 2938
f 2939 2635 2940
f 2637 2635 2939
f 2940 2634 2941
f 2635 2634 2940
f 2941 2633 2721
f 2634 2633 2941
f 2902 2678 2942
f 2942 2678 2943
f 2943 2678 2944
f 2944 2678 2945
f 2945 2642 2935
f 2678 2642 2945
f 2657 2656 2946
f 2946 2656 2947
f 2947 2655 2948
f 2656 2655 2947
f 2948 2652 2949
f 2655 2652 2948
f 2949 2651 2687
f 2652 2651 2949
f 2946 2950 2657
f 2950 2666 2657
f 2951 2952 2671
f 2951 2671 2670
f 2953 2670 2668
f 2953 2951 2670
f 2954 2668 2667
f 2954 2953 2668
f 2950 2667 2666
f 2950 2954 2667
f 2952 2676 2671
f 2952 2908 2676
f 2955 2956 2957
f 2956 2958 2957
f 2959 2960 2961
f 2957 2960 2959
f 2962 2963 2964
f 2964 2963 2965
f 2965 2963 2958
f 2957 2963 2960
f 2958 2963 2957
f 2960 2966 2961
f 2961 2967 2968
f 2966 2967 2961
f 2968 2969 2970
f 2970 2969 2645
f 2967 2969 2968
f 2969 2661 2645
f 2966 2960 2971
f 2966 2971 2972
f 2967 2972 2973
f 2967 2966 2972
f 2969 2973 2974
f 2969 2967 2973
f 2661 2974 2669
f 2661 2969 2974
f 2975 2976 2977
f 2977 2976 2978
f 2976 2979 2978
f 2980 2981 2979
f 2978 2982 2971
f 2979 2983 2978
f 2981 2983 2979
f 2978 2983 2982
f 2971 2984 2972
f 2972 2984 2973
f 2982 2984 2971
f 2984 2985 2973
f 2973 2986 2974
f 2985 2986 2973
f 2974 2650 2669
f 2986 2650 2974
f 2970 2645 2650
f 2970 2650 2986
f 2968 2986 2985
f 2968 2970 2986
f 2961 2985 2984
f 2961 2968 2985
f 2959 2984 2982
f 2959 2961 2984
f 2686 2684 2882
f 2882 2684 2883
f 2883 2682 2886
f 2684 2682 2883
f 2886 2680 2888
f 2682 2680 2886
f 2888 2679 2890
f 2680 2679 2888
f 2890 2681 2892
f 2679 2681 2890
f 2892 2683 2894
f 2681 2683 2892
f 2894 2685 2587
f 2683 2685 2894
f 2882 2987 2687
f 2882 2687 2686
f 2988 2414 2413
f 2988 2413 2419
f 2988 2989 2414
f 2990 2419 2421
f 2990 2988 2419
f 2991 2421 2422
f 2991 2990 2421
f 2992 2422 2424
f 2992 2991 2422
f 2993 2992 2424
f 2994 2424 2426
f 2994 2426 2429
f 2994 2993 2424
f 2691 2994 2429
f 2371 2995 2996
f 2371 2373 2995
f 2377 2996 2997
f 2377 2371 2996
f 2379 2997 2998
f 2379 2377 2997
f 2381 2998 2999
f 2381 2379 2998
f 2383 2999 3000
f 2383 2381 2999
f 2385 3000 3001
f 2385 2383 3000
f 2387 3001 2702
f 2387 2385 3001
f 3002 2995 3003
f 3004 2996 2995
f 3004 2995 3002
f 3005 2996 3004
f 3006 2997 2996
f 3006 2996 3005
f 3007 2998 2997
f 3007 2997 3006
f 2999 3007 3008
f 2999 2998 3007
f 3000 3008 3009
f 3000 2999 3008
f 3001 3009 3010
f 3001 3000 3009
f 2702 3010 3011
f 2702 3001 3010
f 2701 3011 3012
f 2701 2702 3011
f 2701 3013 2700
f 3012 3013 2701
f 2700 3014 2699
f 3013 3014 2700
f 2699 3015 2707
f 3014 3015 2699
f 2707 3016 2706
f 3015 3016 2707
f 2706 3017 2705
f 3016 3017 2706
f 2705 3018 2704
f 3017 3018 2705
f 2704 3019 2703
f 3018 3019 2704
f 2703 3019 3020
f 2703 3020 2698
f 2698 3020 2697
f 2697 3021 2696
f 3020 3021 2697
f 2696 3022 2695
f 3021 3022 2696
f 2695 3023 2694
f 3022 3023 2695
f 2694 3024 2693
f 3023 3024 2694
f 2693 3025 2692
f 3024 3025 2693
f 2692 3026 2690
f 3025 3026 2692
f 3026 3027 2690
f 3028 2691 2690
f 3028 2690 3027
f 3029 2994 2691
f 3029 2691 3028
f 3030 2993 2994
f 3030 2994 3029
f 3031 2992 2993
f 3031 2993 3030
f 2991 3031 3032
f 2991 2992 3031
f 2990 3032 3033
f 2990 2991 3032
f 2988 3033 3034
f 2988 2990 3033
f 2989 3034 3035
f 2989 3035 3036
f 2989 2988 3034
f 3037 2989 3036
f 2719 2632 1876
f 2719 1876 1872
f 2715 1872 1867
f 2715 1867 1863
f 2715 2719 1872
f 2710 2715 1863
f 2708 1863 1862
f 2708 1862 1865
f 2708 2710 1863
f 2712 2708 1865
f 2716 1865 1869
f 2716 2712 1865
f 2107 1869 1874
f 2107 2716 1869
f 2741 2150 1904
f 2741 1904 1902
f 2739 1902 1900
f 2739 2741 1902
f 2737 1900 1897
f 2737 2739 1900
f 2735 1897 1896
f 2735 2737 1897
f 2733 1896 1894
f 2733 2735 1896
f 2731 1894 1891
f 2731 2733 1894
f 2729 1891 1890
f 2729 2731 1891
f 2726 2782 3038
f 2728 2782 2726
f 3038 2780 3039
f 2782 2780 3038
f 3039 2779 3040
f 2780 2779 3039
f 3040 2778 3041
f 2779 2778 3040
f 3041 2781 3042
f 2778 2781 3041
f 3042 2783 3043
f 2781 2783 3042
f 3043 2784 3044
f 2783 2784 3043
f 3045 2485 2493
f 3045 2493 2495
f 3045 2742 2485
f 3046 2495 2499
f 3046 3045 2495
f 3047 2499 2502
f 3047 3046 2499
f 3048 2502 2497
f 3048 3047 2502
f 3049 2497 2494
f 3049 3048 2497
f 3050 2494 2488
f 3050 3049 2494
f 3051 3050 2488
f 3052 3047 3048
f 3052 3048 3053
f 3054 3048 3049
f 3054 3053 3048
f 3055 3046 3047
f 3055 3047 3052
f 3056 3049 3050
f 3056 3054 3049
f 3057 3045 3046
f 3057 2742 3045
f 3057 3046 3055
f 3058 3050 3051
f 3058 3056 3050
f 3059 2742 3057
f 3060 3051 3061
f 3060 3058 3051
f 3062 2743 2742
f 3062 2742 3059
f 2743 3063 2744
f 3062 3063 2743
f 2744 3064 2745
f 3063 3064 2744
f 2745 3065 2746
f 3064 3065 2745
f 2746 3066 2747
f 3065 3066 2746
f 2747 3067 2748
f 3066 3067 2747
f 2748 3068 2749
f 3067 3068 2748
f 2749 3069 2750
f 3068 3069 2749
f 3070 2751 2750
f 3070 2750 3069
f 2751 3070 2759
f 2759 3071 2758
f 3070 3071 2759
f 2758 3072 2757
f 3071 3072 2758
f 2757 3073 2756
f 3072 3073 2757
f 2756 3074 2755
f 3073 3074 2756
f 2755 3075 2754
f 3074 3075 2755
f 2754 3076 2753
f 3075 3076 2754
f 3076 3077 2753
f 2752 3077 3078
f 2752 3078 3079
f 2752 2753 3077
f 3080 3081 3082
f 3080 3082 3083
f 3084 2752 3079
f 3085 3086 3081
f 3085 3081 3080
f 3087 3079 3088
f 3087 3084 3079
f 3089 3090 3086
f 3089 3086 3085
f 3091 3088 3092
f 3091 3087 3088
f 3093 3092 3094
f 3093 3094 3090
f 3093 3091 3092
f 3093 3090 3089
f 2519 2752 3084
f 2525 3084 3087
f 2525 2519 3084
f 2529 3087 3091
f 2529 2525 3087
f 2534 3091 3093
f 2534 2529 3091
f 2536 3093 3089
f 2536 2534 3093
f 2531 3089 3085
f 2531 2536 3089
f 2528 3085 3080
f 2528 2531 3085
f 2522 2528 3080
f 2771 2861 2579
f 2771 2770 2861
f 2861 2769 2863
f 2770 2769 2861
f 2863 2768 2865
f 2769 2768 2863
f 2865 2767 2867
f 2768 2767 2865
f 2867 2766 2869
f 2767 2766 2867
f 2869 2765 2871
f 2766 2765 2869
f 2871 2763 2874
f 2765 2763 2871
f 2764 2816 2762
f 2762 2816 3095
f 3095 2815 3096
f 2816 2815 3095
f 3096 2814 3097
f 2815 2814 3096
f 3097 2813 3098
f 2814 2813 3097
f 3099 2874 2763
f 3099 2763 2762
f 3100 3101 3102
f 3101 3103 3102
f 3103 3104 3102
f 3102 3105 3106
f 3107 3108 3109
f 3109 3108 3104
f 3104 3108 3102
f 3102 3108 3105
f 3106 3110 3111
f 3111 3110 3112
f 3105 3110 3106
f 3110 3113 3112
f 3112 3114 3115
f 3113 3114 3112
f 3115 2804 2800
f 3114 2804 3115
f 3110 3105 3116
f 3110 3116 3117
f 3113 3117 3118
f 3113 3110 3117
f 3114 3118 3119
f 3114 3113 3118
f 2804 3119 2812
f 2804 3114 3119
f 3120 3121 3122
f 3122 3121 3123
f 3124 3125 3126
f 3126 3125 3127
f 3127 3125 3121
f 3121 3125 3123
f 3116 3128 3117
f 3123 3128 3116
f 3125 3128 3123
f 3128 3129 3117
f 3117 3130 3118
f 3129 3130 3117
f 2803 2812 3131
f 3131 2812 3119
f 3131 3119 3118
f 3131 3118 3130
f 3115 2800 2803
f 3115 2803 3131
f 3112 3131 3130
f 3112 3115 3131
f 3111 3130 3129
f 3111 3112 3130
f 3106 3129 3128
f 3106 3111 3129
f 2790 3132 2799
f 3133 3132 2790
f 3134 2801 3132
f 3132 2801 2799
f 3135 2802 3136
f 3136 3134 3137
f 2802 2801 3136
f 3136 2801 3134
f 3134 3138 3137
f 3135 2807 2802
f 3135 3139 2807
f 3140 3141 2811
f 3140 2811 2810
f 3142 2810 2809
f 3142 3140 2810
f 3143 2809 2808
f 3143 3142 2809
f 3139 2808 2807
f 3139 3143 2808
f 2811 3141 2813
f 2813 3141 3098
f 2793 2794 3144
f 3144 2794 3145
f 3145 2795 3146
f 2794 2795 3145
f 3146 2796 3147
f 2795 2796 3146
f 3147 2797 3148
f 2796 2797 3147
f 3148 2798 3149
f 2797 2798 3148
f 3149 2805 3150
f 2798 2805 3149
f 3150 2806 2825
f 2805 2806 3150
f 2793 3151 2784
f 2784 3151 3044
f 2793 3152 3151
f 2793 3153 3152
f 2793 3154 3153
f 2793 3144 3154
f 1888 3155 1889
f 3155 2772 1889
f 3155 3156 2772
f 3156 1540 1541
f 3155 1540 3156
f 3156 3157 2772
f 2772 3157 2773
f 2776 2773 3158
f 3158 2773 3157
f 3159 2774 3158
f 3158 2774 2776
f 3160 1542 1544
f 2774 3159 2775
f 2775 3159 3160
f 3160 3159 1542
f 1285 1284 3159
f 3159 1284 1542
f 3160 3161 2775
f 2775 3161 2777
f 2777 3161 2788
f 2788 3161 3162
f 3163 2787 3162
f 3162 2787 2788
f 1573 3164 1572
f 1572 3163 3165
f 3164 3163 1572
f 2785 2787 3164
f 3164 2787 3163
f 3163 3166 3165
f 3164 3167 2785
f 2785 3167 2786
f 2786 3167 2792
f 2792 3167 3168
f 3169 2791 3168
f 3168 2791 2792
f 1576 3170 1574
f 3170 1260 1574
f 3170 3169 1260
f 2789 2791 3170
f 3170 2791 3169
f 3169 1261 1260
f 3170 3133 2789
f 2789 3133 2790
f 2824 2872 2873
f 2824 2823 2872
f 2872 2822 2870
f 2823 2822 2872
f 2870 2821 2868
f 2822 2821 2870
f 2868 2820 2866
f 2821 2820 2868
f 2866 2819 2864
f 2820 2819 2866
f 2819 2862 2864
f 2819 2818 2862
f 2818 2580 2862
f 2818 2817 2580
f 2824 3171 2825
f 2873 3171 2824
f 1948 2845 2841
f 1944 2841 2837
f 1944 1948 2841
f 1940 2837 2831
f 1940 1944 2837
f 1934 2831 2833
f 1934 1940 2831
f 1935 2833 2836
f 1935 1934 2833
f 1938 2836 2840
f 1938 1935 2836
f 1942 2840 2844
f 1942 1938 2840
f 1950 1942 2844
f 3062 3059 2486
f 3063 3062 2486
f 3064 3063 2486
f 2484 3065 3064
f 2484 3064 2486
f 3066 3065 2484
f 3067 3066 2484
f 3068 3067 2484
f 3069 3068 2484
f 2520 3078 3077
f 2520 3077 3076
f 2520 3076 3075
f 2517 3075 3074
f 2517 3074 3073
f 2517 3073 3072
f 2517 3072 3071
f 2517 3071 3070
f 2517 3070 3069
f 2517 3069 2484
f 2517 2520 3075
f 1536 1538 1540
f 1530 1532 1534
f 1527 1526 1530
f 3172 3173 3174
f 3172 3174 1527
f 3172 1534 1536
f 3172 1536 1540
f 3172 1530 1534
f 3172 1527 1530
f 3175 1540 3155
f 3175 3172 1540
f 3176 3175 3155
f 3177 3176 3155
f 1273 3177 3155
f 1271 1273 3155
f 1274 1271 3155
f 3178 3179 3180
f 3165 3181 3182
f 3165 3182 3183
f 1262 3183 3179
f 1262 3178 1263
f 1262 3179 3178
f 1268 3183 1262
f 1268 1262 1266
f 1268 3165 3183
f 3184 3165 1268
f 1568 1570 1572
f 3040 1278 1276
f 3041 1278 3040
f 3041 1280 1278
f 1566 1568 1572
f 3039 3040 1276
f 3042 1280 3041
f 3042 1282 1280
f 2860 1274 3155
f 2860 3039 1276
f 2860 1276 1274
f 3043 1282 3042
f 3043 1284 1282
f 3038 3039 2860
f 2726 3038 2860
f 3044 1284 3043
f 3044 1542 1284
f 1558 1562 1564
f 1558 1564 1566
f 3185 1559 1558
f 3186 1566 1572
f 3186 1558 1566
f 3186 3185 1558
f 3186 3187 3185
f 3188 3165 3184
f 3188 3186 1572
f 3188 1572 3165
f 3189 3188 3184
f 3189 3184 3190
f 3191 3189 3190
f 3191 3190 3192
f 3191 3192 1556
f 1249 3191 1556
f 1247 1249 1556
f 1247 1556 1554
f 1250 1247 1554
f 1250 1554 1552
f 1252 1250 1552
f 1252 1552 1550
f 1254 1252 1550
f 1254 1550 1548
f 2727 2726 2860
f 3137 3193 3194
f 3137 3194 3195
f 3137 3195 3196
f 1290 1287 1286
f 1292 3137 3196
f 1292 1287 1290
f 1292 3196 3197
f 1292 3197 3198
f 1292 3198 1287
f 3199 1543 1542
f 3200 1543 3199
f 3200 1546 1543
f 3151 1542 3044
f 3151 3199 1542
f 3201 1546 3200
f 3201 1548 1546
f 3202 1548 3201
f 3202 1256 1254
f 3202 1254 1548
f 3203 3137 1292
f 3204 1256 3202
f 3204 1258 1256
f 3205 1258 3204
f 3205 1260 1258
f 3206 1260 3205
f 3207 1260 3206
f 3136 3203 3208
f 3136 3208 3209
f 3136 3137 3203
f 3210 1582 1580
f 3210 1580 1578
f 3210 1578 1575
f 3210 1575 1574
f 3210 1574 1260
f 3211 3136 3209
f 3211 3209 1588
f 3211 1588 1586
f 3211 1586 1584
f 3211 1584 1582
f 3211 1582 3210
f 3103 3207 3212
f 3103 1260 3207
f 3103 3210 1260
f 3104 3212 3213
f 3104 3213 3171
f 3104 3103 3212
f 3214 3171 2873
f 3214 3104 3171
f 3215 3211 3127
f 3215 3127 3121
f 3215 3136 3211
f 3216 3217 3215
f 3218 3216 3215
f 3219 3215 3121
f 3219 3121 3220
f 3219 3218 3215
f 3221 3121 3222
f 3221 3220 3121
f 3223 3221 3222
f 3224 3223 3222
f 3099 3224 3222
f 2874 3222 3214
f 2874 3214 2873
f 2874 3099 3222
f 1955 1947 2849
f 2849 1947 2846
f 3027 2428 3028
f 3026 2428 3027
f 3025 2428 3026
f 2430 3025 3024
f 2430 2428 3025
f 3023 2430 3024
f 3022 2430 3023
f 3021 2430 3022
f 3020 2430 3021
f 2388 3014 3013
f 2388 3013 3012
f 2388 3012 3011
f 2390 3020 3019
f 2390 3019 3018
f 2390 3018 3017
f 2390 3017 3016
f 2390 3016 3015
f 2390 3015 3014
f 2390 2430 3020
f 2390 3014 2388
f 1836 1835 2603
f 2603 1835 2602
f 2721 2720 2875
f 2941 2721 2875
f 2940 2941 2875
f 2932 2937 2938
f 2932 2938 2939
f 2932 2939 2940
f 2932 2940 2875
f 3225 2945 2935
f 2934 2935 2936
f 2934 2936 2937
f 2934 2937 2932
f 3226 2935 2934
f 3227 2935 3226
f 1295 3228 3229
f 1294 3228 1295
f 1294 3230 3228
f 1298 3230 1294
f 1304 1300 1302
f 1306 3230 1298
f 1306 1300 1304
f 1306 1298 1300
f 1308 3230 1306
f 1308 1518 3230
f 3231 2884 2903
f 2882 2884 3231
f 3232 3233 3234
f 3235 3236 3233
f 3235 3233 3232
f 3237 3227 3236
f 3237 3236 3235
f 3237 2935 3227
f 3238 3232 3234
f 3239 3240 3225
f 3239 2935 3237
f 3239 3225 2935
f 3241 3234 3242
f 3241 3238 3234
f 2921 3243 3244
f 2921 3244 3240
f 2921 3240 3239
f 1313 3242 1525
f 1313 3241 3242
f 1311 1525 1523
f 1311 1313 1525
f 1314 1311 1523
f 1314 1523 1519
f 1316 1519 1518
f 1316 1314 1519
f 3245 2882 3231
f 2987 2882 3245
f 2958 2903 3246
f 2958 3246 3247
f 2958 3231 2903
f 3248 2987 3245
f 3249 3248 3245
f 3250 3249 3245
f 2979 3251 3250
f 2979 3250 3245
f 2965 3247 3252
f 2965 3252 3253
f 2965 2958 3247
f 2927 1518 1308
f 2927 1517 1316
f 2927 1316 1518
f 1511 1510 1514
f 3254 3255 1511
f 3254 1514 1517
f 3254 1511 1514
f 3256 3254 1517
f 3256 2927 3257
f 3256 3257 3258
f 3256 3259 3254
f 3256 1517 2927
f 2919 3260 3261
f 2919 3261 3243
f 2919 3243 2921
f 3262 3253 3260
f 3262 2965 3253
f 3262 3260 2919
f 3263 3262 2919
f 3264 3262 3263
f 3265 3262 3264
f 3266 3251 2979
f 3267 3268 3269
f 3267 3269 3266
f 3270 2979 2976
f 3270 3266 2979
f 3270 3267 3266
f 3271 3270 2976
f 3272 3273 3274
f 1318 3273 3272
f 1326 3273 1318
f 1326 1318 1321
f 1326 1321 1323
f 1326 1323 1324
f 1332 3273 1326
f 1332 1503 3273
f 1332 1326 1328
f 1332 1328 1330
f 3275 3262 3265
f 3275 3265 3276
f 3277 3275 3276
f 3278 3262 3275
f 3279 3277 3276
f 3279 3276 3280
f 3281 3262 3278
f 3282 3279 3280
f 3282 3280 3283
f 2905 3271 3262
f 2905 3262 3281
f 1337 3283 1509
f 1337 3282 3283
f 1335 1337 1509
f 1335 1509 1507
f 1338 1335 1507
f 1338 1507 1505
f 1341 1338 1505
f 1341 1505 1503
f 1495 1494 1498
f 2913 1500 1341
f 2913 1503 1332
f 2913 1341 1503
f 3284 3285 1495
f 3286 3284 1495
f 3287 2913 3288
f 3287 3288 3289
f 3287 1498 1500
f 3287 1495 1498
f 3287 1500 2913
f 3287 3286 1495
f 2907 3270 3271
f 2907 3271 2905
f 2618 3290 3291
f 2618 3291 3292
f 3293 3290 2618
f 1852 3294 3295
f 1852 3295 3293
f 1852 3293 2618
f 1851 2618 2617
f 1851 1852 2618
f 2945 3225 2944
f 3244 3296 3240
f 3240 3296 3225
f 2944 3296 2943
f 3225 3296 2944
f 3261 3297 3243
f 3243 3297 3244
f 2942 3297 2902
f 2943 3297 2942
f 3296 3297 2943
f 3244 3297 3296
f 3260 3298 3261
f 2901 3298 2900
f 2902 3298 2901
f 3297 3298 2902
f 3261 3298 3297
f 3252 3299 3253
f 3253 3299 3260
f 2899 3299 2898
f 2900 3299 2899
f 3298 3299 2900
f 3260 3299 3298
f 2623 3300 2903
f 2903 3300 3246
f 3246 3300 3247
f 3247 3300 3252
f 2896 3300 2623
f 2897 3300 2896
f 2898 3300 2897
f 3299 3300 2898
f 3252 3300 3299
f 2905 3281 2906
f 2906 3281 3301
f 3301 3278 3302
f 3281 3278 3301
f 3302 3275 3303
f 3278 3275 3302
f 3303 3277 3304
f 3275 3277 3303
f 3304 3279 3305
f 3277 3279 3304
f 3305 3282 3306
f 3279 3282 3305
f 3306 1337 1334
f 3282 1337 3306
f 3303 3304 2910
f 3305 2910 3304
f 3302 3303 2910
f 3306 2910 3305
f 3301 3302 2910
f 1334 2910 3306
f 2906 3301 2910
f 1336 2910 1334
f 2909 2906 2910
f 2904 2906 2909
f 2911 1336 1339
f 2911 1339 1340
f 2911 2910 1336
f 1501 2911 1340
f 2912 2911 1501
f 1496 1499 1497
f 3307 3308 3309
f 3307 3309 2912
f 3307 2912 1501
f 3310 1501 1499
f 3310 1496 3311
f 3310 3311 3312
f 3310 1499 1496
f 3310 3307 1501
f 3288 2913 2912
f 3288 2912 3309
f 3289 3309 3308
f 3289 3288 3309
f 3287 3308 3307
f 3287 3289 3308
f 3286 3307 3310
f 3286 3287 3307
f 3284 3310 3312
f 3284 3286 3310
f 3285 3312 3311
f 3285 3284 3312
f 1495 3311 1496
f 1495 3285 3311
f 3274 3273 3313
f 3274 3313 3314
f 3274 3314 3315
f 3272 3315 1319
f 3272 3274 3315
f 1318 3272 1319
f 2918 2917 2916
f 2915 3316 3317
f 2915 3317 2918
f 2915 2918 2916
f 3318 3316 2915
f 3319 3318 2915
f 3320 3319 2915
f 3321 3320 2915
f 1508 3321 2915
f 1506 1508 2915
f 1320 1319 3315
f 1327 1322 1320
f 1327 1325 1322
f 1333 1329 1327
f 1333 1331 1329
f 1333 3314 3313
f 1333 3315 3314
f 1333 1327 1320
f 1333 1320 3315
f 2914 3313 1502
f 2914 1502 1504
f 2914 1504 1506
f 2914 1506 2915
f 2914 1333 3313
f 1508 3283 3321
f 1509 3283 1508
f 3321 3280 3320
f 3283 3280 3321
f 3320 3276 3319
f 3280 3276 3320
f 3319 3265 3318
f 3276 3265 3319
f 3318 3264 3316
f 3265 3264 3318
f 3316 3263 3317
f 3264 3263 3316
f 3317 2919 2918
f 3263 2919 3317
f 2921 3239 2922
f 2922 3239 3322
f 3322 3237 3323
f 3239 3237 3322
f 3323 3235 3324
f 3237 3235 3323
f 3324 3232 3325
f 3235 3232 3324
f 3325 3238 3326
f 3232 3238 3325
f 3326 3241 3327
f 3238 3241 3326
f 3327 1313 1310
f 3241 1313 3327
f 3325 2924 3324
f 3323 3324 2924
f 3326 2924 3325
f 3322 3323 2924
f 3327 2924 3326
f 2922 3322 2924
f 1310 2924 3327
f 1312 2924 1310
f 2923 2922 2924
f 2920 2922 2923
f 2925 1312 1315
f 2925 1315 1317
f 2925 2924 1312
f 1516 2925 1317
f 1513 1516 1515
f 2926 2925 1516
f 3328 1513 1512
f 3329 3330 3331
f 3329 3331 2926
f 3332 3328 3333
f 3332 1516 1513
f 3332 1513 3328
f 3332 2926 1516
f 3332 3329 2926
f 3257 2927 2926
f 3257 2926 3331
f 3258 3331 3330
f 3258 3257 3331
f 3256 3330 3329
f 3256 3258 3330
f 3259 3329 3332
f 3259 3256 3329
f 3254 3332 3333
f 3254 3259 3332
f 3255 3333 3328
f 3255 3254 3333
f 1511 3328 1512
f 1511 3255 3328
f 3228 3230 3334
f 3228 3334 3335
f 3229 3335 3336
f 3229 3228 3335
f 1295 3336 1296
f 1295 3229 3336
f 2933 2931 2930
f 2929 3337 3338
f 2929 3338 3339
f 2929 3339 2933
f 2929 2933 2930
f 3340 3337 2929
f 3341 3340 2929
f 3342 3341 2929
f 1524 3342 2929
f 1522 1524 2929
f 1296 3336 3335
f 1299 1297 1296
f 1299 3335 3334
f 1299 1296 3335
f 1303 1301 1299
f 1307 1305 1303
f 1309 1303 1299
f 1309 1299 3334
f 1309 1307 1303
f 2928 3334 1520
f 2928 1520 1521
f 2928 1521 1522
f 2928 1522 2929
f 2928 1309 3334
f 1524 3242 3342
f 1525 3242 1524
f 3342 3234 3341
f 3242 3234 3342
f 3341 3233 3340
f 3234 3233 3341
f 3340 3236 3337
f 3233 3236 3340
f 3337 3227 3338
f 3236 3227 3337
f 3338 3226 3339
f 3227 3226 3338
f 3339 2934 2933
f 3226 2934 3339
f 2932 2875 1875
f 2932 1875 1885
f 2687 2987 2949
f 2987 3248 2949
f 2949 3249 2948
f 3248 3249 2949
f 2948 3250 2947
f 3249 3250 2948
f 2947 3251 2946
f 3250 3251 2947
f 3251 3266 2950
f 3251 2950 2946
f 3343 2950 3266
f 3343 3267 3270
f 3343 3268 3267
f 3343 3269 3268
f 3343 3266 3269
f 3343 3270 2952
f 3343 2954 2950
f 3343 2953 2954
f 3343 2951 2953
f 3343 2952 2951
f 3270 2907 2908
f 3270 2908 2952
f 2983 2957 2982
f 2982 2957 2959
f 3344 3345 3346
f 3346 3345 3347
f 3347 3345 3348
f 3348 3349 2979
f 3345 3349 3348
f 3349 2958 2979
f 2979 2956 2980
f 2958 2956 2979
f 2980 2955 2981
f 2956 2955 2980
f 2981 2957 2983
f 2955 2957 2981
f 2963 2962 2978
f 2978 2962 2977
f 2977 2964 2975
f 2962 2964 2977
f 2975 2965 2976
f 2964 2965 2975
f 2976 3350 3351
f 2965 3350 2976
f 3351 3352 3353
f 3350 3352 3351
f 3353 3354 3355
f 3352 3354 3353
f 2963 2978 2960
f 2960 2978 2971
f 3356 2374 3357
f 3357 2374 3358
f 3359 3360 3356
f 3356 3361 3359
f 3356 3362 2374
f 3360 3362 3356
f 3356 3363 3361
f 2374 3364 2373
f 3362 3364 2374
f 3364 3003 2373
f 3003 2995 2373
f 3365 3366 3367
f 3367 3366 3368
f 3368 3366 3369
f 3369 3366 3370
f 3370 2415 3371
f 3372 2415 3373
f 3373 2415 3366
f 3366 2415 3370
f 3371 2414 3037
f 3037 2414 2989
f 2415 2414 3371
f 3356 3366 3374
f 3356 3374 3363
f 3374 3366 3375
f 3375 3366 3365
f 3376 3377 3378
f 3377 2524 3378
f 3378 3379 3380
f 3380 3381 3378
f 2524 3382 3378
f 3378 3382 3379
f 3381 3383 3378
f 2522 3384 2524
f 2524 3384 3382
f 3383 3385 3378
f 2522 3083 3384
f 2522 3080 3083
f 3385 3386 3378
f 3387 3388 3389
f 3389 3388 3390
f 3390 3388 3391
f 3391 3388 3392
f 3392 3388 3386
f 3386 3388 3378
f 3388 2492 3393
f 3393 2492 3394
f 3395 2492 3387
f 3387 2492 3388
f 3051 2488 3061
f 3061 2488 3395
f 3395 2488 2492
f 3220 3221 3098
f 3098 3221 3097
f 3097 3223 3096
f 3221 3223 3097
f 3096 3224 3095
f 3223 3224 3096
f 3095 3099 2762
f 3224 3099 3095
f 3125 3102 3128
f 3128 3102 3106
f 3396 3397 3398
f 3399 3397 3396
f 3398 3400 3401
f 3397 3400 3398
f 3401 3103 3127
f 3400 3103 3401
f 3127 3101 3126
f 3103 3101 3127
f 3126 3100 3124
f 3101 3100 3126
f 3124 3102 3125
f 3100 3102 3124
f 3123 3107 3122
f 3108 3107 3123
f 3122 3109 3120
f 3107 3109 3122
f 3120 3104 3121
f 3109 3104 3120
f 3121 3402 3403
f 3104 3402 3121
f 3403 3404 3405
f 3402 3404 3403
f 3405 3406 3407
f 3404 3406 3405
f 3108 3123 3105
f 3105 3123 3116
f 3408 3409 3410
f 1293 1291 1289
f 1293 1289 1288
f 1293 1288 3411
f 1293 3411 3408
f 1293 3410 3412
f 1293 3412 3413
f 1293 3413 3138
f 1293 3408 3410
f 3134 1293 3138
f 3414 1293 3134
f 3415 3414 3134
f 3416 3415 3134
f 1576 3133 3170
f 3132 1576 1577
f 3132 1577 1579
f 3132 1579 1581
f 3132 1581 1583
f 3132 1583 1585
f 3132 1585 1587
f 3132 1587 1589
f 3132 1589 3416
f 3132 3133 1576
f 3132 3416 3134
f 3193 3137 3138
f 3193 3138 3413
f 3194 3413 3412
f 3194 3193 3413
f 3195 3412 3410
f 3195 3194 3412
f 3196 3410 3409
f 3196 3195 3410
f 3197 3409 3408
f 3197 3196 3409
f 3198 3408 3411
f 3198 3197 3408
f 1287 3411 1288
f 1287 3198 3411
f 3136 3215 3139
f 3136 3139 3135
f 3417 3219 3141
f 3417 3143 3139
f 3417 3142 3143
f 3417 3140 3142
f 3417 3141 3140
f 3417 3139 3215
f 3417 3218 3219
f 3417 3216 3218
f 3417 3217 3216
f 3417 3215 3217
f 3219 3220 3098
f 3219 3098 3141
f 3199 3151 3152
f 3171 3418 2825
f 3149 3418 3148
f 3150 3418 3149
f 2825 3418 3150
f 3207 3418 3212
f 3212 3418 3213
f 3213 3418 3171
f 3147 3419 3146
f 3148 3419 3147
f 3205 3419 3206
f 3206 3419 3207
f 3418 3419 3148
f 3207 3419 3418
f 3145 3420 3144
f 3146 3420 3145
f 3204 3420 3205
f 3205 3420 3419
f 3419 3420 3146
f 3154 3421 3153
f 3144 3421 3154
f 3201 3421 3202
f 3202 3421 3204
f 3420 3421 3144
f 3204 3421 3420
f 3153 3422 3152
f 3199 3422 3200
f 3200 3422 3201
f 3201 3422 3421
f 3152 3422 3199
f 3421 3422 3153
f 2860 3155 1888
f 2860 1888 1887
f 1529 1533 1531
f 3423 3156 1541
f 3423 1541 1539
f 3423 1539 1537
f 3423 1537 1535
f 3423 1535 1533
f 3423 1529 1528
f 3423 1528 3424
f 3423 3424 3425
f 3423 1533 1529
f 3426 3156 3423
f 3427 3156 3426
f 3428 3156 3427
f 3157 3428 1270
f 3157 1270 1272
f 3157 1272 1275
f 3157 1275 1277
f 3157 3156 3428
f 1279 3157 1277
f 1281 3157 1279
f 1283 3157 1281
f 1285 3157 1283
f 3158 1285 3159
f 3158 3157 1285
f 3173 3172 3423
f 3173 3423 3425
f 3174 3424 1528
f 3174 3425 3424
f 3174 3173 3425
f 1527 3174 1528
f 3166 3429 3430
f 3166 3430 3431
f 3166 3431 3432
f 1269 1267 1265
f 1269 1265 1264
f 1269 1264 3433
f 1269 3433 3434
f 1269 3434 3429
f 1269 3429 3166
f 3163 1269 3166
f 3435 1269 3163
f 3436 3435 3163
f 3437 3436 3163
f 1544 3161 3160
f 3162 1544 1545
f 3162 1545 1547
f 3162 1547 1549
f 3162 1549 1551
f 3162 1551 1553
f 3162 1553 1555
f 3162 1555 1557
f 3162 1557 3437
f 3162 3161 1544
f 3162 3437 3163
f 3175 3176 3426
f 3426 3176 3427
f 3427 3177 3428
f 3428 3177 1270
f 3176 3177 3427
f 3177 1273 1270
f 1557 3192 3437
f 1556 3192 1557
f 3437 3190 3436
f 3192 3190 3437
f 3436 3184 3435
f 3190 3184 3436
f 1563 1567 1565
f 3438 3164 1573
f 3438 1573 1571
f 3438 1571 1569
f 3438 1569 1567
f 3438 1563 1561
f 3438 1561 1560
f 3438 1560 3439
f 3438 3439 3440
f 3438 1567 1563
f 3441 3164 3438
f 3442 3164 3441
f 3443 3164 3442
f 3167 3443 1246
f 3167 1246 1248
f 3167 1248 1251
f 3167 1251 1253
f 3167 3164 3443
f 1255 3167 1253
f 1257 3167 1255
f 1259 3167 1257
f 1261 3167 1259
f 3168 1261 3169
f 3168 3167 1261
f 3181 3165 3166
f 3181 3166 3432
f 3182 3432 3431
f 3182 3181 3432
f 3183 3431 3430
f 3183 3182 3431
f 3179 3430 3429
f 3179 3183 3430
f 3180 3429 3434
f 3180 3179 3429
f 3178 3434 3433
f 3178 3180 3434
f 1263 3433 1264
f 1263 3178 3433
f 3187 3186 3438
f 3187 3438 3440
f 3185 3440 3439
f 3185 3187 3440
f 1559 3439 1560
f 1559 3185 3439
f 3188 3189 3441
f 3441 3189 3442
f 3442 3191 3443
f 3443 3191 1246
f 3189 3191 3442
f 3191 1249 1246
f 1589 3209 3416
f 1588 3209 1589
f 3416 3208 3415
f 3209 3208 3416
f 3415 3203 3414
f 3208 3203 3415
f 3444 2848 3445
f 3444 3445 3446
f 1954 1950 2844
f 1954 2844 2848
f 3447 3448 1954
f 3449 3447 1954
f 3449 2848 3444
f 3449 1954 2848
f 2486 3059 2487
f 2487 3057 2496
f 3059 3057 2487
f 2496 3055 2500
f 3057 3055 2496
f 2500 3052 2501
f 3055 3052 2500
f 2501 3053 2498
f 3052 3053 2501
f 2498 3054 2489
f 3053 3054 2498
f 2489 3056 2490
f 3054 3056 2489
f 3056 3058 2490
f 3078 2520 3079
f 3079 2526 3088
f 2520 2526 3079
f 3088 2530 3092
f 2526 2530 3088
f 3092 2535 3094
f 2530 2535 3092
f 3094 2533 3090
f 2535 2533 3094
f 3090 2532 3086
f 2533 2532 3090
f 3086 2527 3081
f 2532 2527 3086
f 2527 2521 3081
f 3103 3450 3451
f 3103 3451 3452
f 3103 3452 3453
f 3103 3453 3454
f 3103 3454 3210
f 3455 3103 3400
f 3455 3450 3103
f 3456 3400 3397
f 3456 3455 3400
f 3457 3397 3399
f 3457 3456 3397
f 3458 3457 3399
f 3459 3399 3406
f 3459 3458 3399
f 3460 3406 3404
f 3460 3459 3406
f 3461 3404 3402
f 3461 3460 3404
f 3462 3402 3104
f 3462 3461 3402
f 3463 3462 3104
f 3463 3104 3464
f 3465 3464 3104
f 3466 3465 3104
f 3467 3466 3104
f 3214 3467 3104
f 3468 3465 3469
f 3464 3465 3468
f 3469 3466 3470
f 3465 3466 3469
f 3470 3467 3471
f 3466 3467 3470
f 3471 3214 3222
f 3467 3214 3471
f 3472 3127 3473
f 3473 3127 3474
f 3474 3127 3475
f 3475 3127 3476
f 3476 3127 3211
f 3127 3477 3401
f 3472 3477 3127
f 3401 3478 3398
f 3477 3478 3401
f 3398 3479 3396
f 3478 3479 3398
f 3479 3480 3396
f 3396 3481 3407
f 3480 3481 3396
f 3407 3482 3405
f 3481 3482 3407
f 3405 3483 3403
f 3482 3483 3405
f 3403 3484 3121
f 3483 3484 3403
f 3484 3485 3121
f 3121 3485 3468
f 3468 3469 3121
f 3469 3470 3121
f 3470 3471 3121
f 3471 3222 3121
f 3211 3454 3476
f 3210 3454 3211
f 3476 3453 3475
f 3454 3453 3476
f 3475 3452 3474
f 3453 3452 3475
f 3474 3451 3473
f 3452 3451 3474
f 3423 3172 3426
f 3426 3172 3175
f 3435 1268 1269
f 3184 1268 3435
f 3438 3186 3441
f 3441 3186 3188
f 3414 1292 1293
f 3203 1292 3414
f 1947 1943 2846
f 2846 1943 2842
f 2842 1939 2838
f 1943 1939 2842
f 2838 1936 2832
f 1939 1936 2838
f 2832 1933 2834
f 1936 1933 2832
f 2834 1937 2835
f 1933 1937 2834
f 2835 1941 2839
f 2839 1941 2843
f 1937 1941 2835
f 1941 1949 2843
f 2372 2376 3004
f 3004 2376 3005
f 3005 2378 3006
f 2376 2378 3005
f 3006 2380 3007
f 2378 2380 3006
f 3007 2382 3008
f 2380 2382 3007
f 3008 2384 3009
f 2382 2384 3008
f 3009 2386 3010
f 2384 2386 3009
f 3010 2388 3011
f 2386 2388 3010
f 3035 3034 2412
f 2412 3034 2417
f 2417 3033 2418
f 3034 3033 2417
f 2418 3032 2420
f 3033 3032 2418
f 2420 3031 2423
f 3032 3031 2420
f 2423 3030 2425
f 3031 3030 2423
f 2425 3029 2427
f 3030 3029 2425
f 2427 3028 2428
f 3029 3028 2427
f 2616 1850 2614
f 2614 1849 2612
f 1850 1849 2614
f 2612 1847 2611
f 1849 1847 2612
f 2611 1845 2609
f 1847 1845 2611
f 1845 1842 2609
f 2609 1841 2607
f 1842 1841 2609
f 2607 1838 2605
f 1841 1838 2607
f 2605 1836 2603
f 1838 1836 2605
f 3486 2979 3487
f 3487 2979 3488
f 3488 2979 3489
f 3489 2979 3490
f 3490 2979 3245
f 2979 3491 3348
f 3486 3491 2979
f 3348 3492 3347
f 3491 3492 3348
f 3347 3493 3346
f 3492 3493 3347
f 3493 3494 3346
f 3346 3495 3355
f 3494 3495 3346
f 3355 3496 3353
f 3495 3496 3355
f 3353 3497 3351
f 3496 3497 3353
f 3351 3498 2976
f 3497 3498 3351
f 3498 3499 2976
f 3499 3500 2976
f 3500 3501 2976
f 3501 3502 2976
f 3502 3503 2976
f 3503 3271 2976
f 3245 3504 3490
f 3231 3504 3245
f 3490 3505 3489
f 3504 3505 3490
f 3488 3506 3487
f 3489 3506 3488
f 3505 3506 3489
f 3506 3507 3487
f 2958 3508 3507
f 2958 3507 3506
f 2958 3506 3505
f 2958 3505 3504
f 2958 3504 3231
f 3509 2958 3349
f 3509 3508 2958
f 3510 3349 3345
f 3510 3509 3349
f 3511 3345 3344
f 3511 3510 3345
f 3512 3511 3344
f 3513 3344 3354
f 3513 3512 3344
f 3514 3354 3352
f 3514 3513 3354
f 3515 3352 3350
f 3515 3514 3352
f 3516 3350 2965
f 3516 3515 3350
f 3517 3516 2965
f 3518 3517 2965
f 3519 3518 2965
f 3520 3519 2965
f 3521 3520 2965
f 3262 3521 2965
f 3500 3519 3501
f 3518 3519 3500
f 3501 3520 3502
f 3519 3520 3501
f 3502 3521 3503
f 3520 3521 3502
f 3503 3262 3271
f 3521 3262 3503
f 1500 1501 1341
f 1341 1501 1340
f 3273 1503 3313
f 1503 1502 3313
f 1517 1516 1316
f 1316 1516 1317
f 1518 1520 3230
f 3230 1520 3334
f 2619 2618 3292
f 3522 2619 3292
f 3523 3292 3291
f 3523 3522 3292
f 3524 3291 3290
f 3524 3290 3525
f 3524 3523 3291
f 3526 3524 3525
f 3527 3528 3529
f 3527 3529 3530
f 3527 3530 3531
f 3527 3531 3532
f 3527 3532 3533
f 3525 3527 3533
f 3534 3535 3536
f 3537 3534 3536
f 3538 3537 3536
f 3539 3538 3536
f 3540 3539 3536
f 3541 3536 3527
f 3541 3527 3525
f 3541 3540 3536
f 3293 3525 3290
f 3293 3541 3525
f 3542 3543 3541
f 3542 3541 3293
f 3544 3293 3295
f 3544 3542 3293
f 3545 3295 3294
f 3545 3544 3295
f 1853 3294 1852
f 1853 3545 3294
f 3346 3355 3344
f 3344 3355 3354
f 3546 3547 3548
f 3546 3548 3356
f 3549 3356 3357
f 3549 3546 3356
f 3550 3357 3358
f 3550 3549 3357
f 2375 3358 2374
f 2375 3550 3358
f 3551 3552 3553
f 3553 3552 3554
f 3554 3552 3555
f 3555 3552 3556
f 3556 3552 3557
f 3551 3558 3552
f 3558 3366 3552
f 3559 3560 3561
f 3559 3562 3560
f 3559 3563 3562
f 3559 3564 3563
f 3559 3565 3564
f 3559 3548 3565
f 3552 3356 3559
f 3366 3356 3552
f 3559 3356 3548
f 2416 2415 3372
f 3566 3372 3373
f 3566 2416 3372
f 3567 3373 3366
f 3567 3566 3373
f 3568 3366 3558
f 3568 3567 3366
f 3569 3568 3558
f 3037 3036 3371
f 3371 3570 3370
f 3036 3570 3371
f 3370 3571 3369
f 3570 3571 3370
f 3369 3572 3368
f 3571 3572 3369
f 3368 3573 3367
f 3572 3573 3368
f 3367 3574 3365
f 3573 3574 3367
f 3365 3575 3375
f 3574 3575 3365
f 3575 3576 3375
f 3577 3374 3375
f 3577 3375 3576
f 3363 3578 3361
f 3374 3578 3363
f 3577 3578 3374
f 3361 3579 3359
f 3578 3579 3361
f 3359 3580 3360
f 3579 3580 3359
f 3360 3581 3362
f 3580 3581 3360
f 3362 3582 3364
f 3581 3582 3362
f 3582 3583 3364
f 3364 3002 3003
f 3583 3002 3364
f 1873 1870 2582
f 2582 1870 2881
f 2881 1868 2880
f 1870 1868 2881
f 2880 1864 2879
f 1868 1864 2880
f 2879 1861 2878
f 1864 1861 2879
f 2878 1866 2877
f 1861 1866 2878
f 2877 1871 2876
f 2876 1871 2875
f 1866 1871 2877
f 1871 1875 2875
f 1887 1892 2860
f 2860 1892 2859
f 2859 1893 2858
f 1892 1893 2859
f 2858 1895 2857
f 1893 1895 2858
f 2857 1898 2856
f 1895 1898 2857
f 2856 1899 2855
f 1898 1899 2856
f 2855 1901 2854
f 1899 1901 2855
f 2854 1903 2575
f 1901 1903 2854
f 3584 2523 2524
f 3584 2524 3377
f 3584 3377 3376
f 3585 3376 3378
f 3585 3584 3376
f 3586 3378 3587
f 3586 3585 3378
f 3588 3586 3587
f 3083 3082 3384
f 3384 3589 3382
f 3082 3589 3384
f 3382 3590 3379
f 3589 3590 3382
f 3379 3591 3380
f 3590 3591 3379
f 3380 3592 3381
f 3591 3592 3380
f 3381 3593 3383
f 3592 3593 3381
f 3593 3594 3383
f 3383 3595 3385
f 3594 3595 3383
f 3385 3595 3596
f 3385 3596 3386
f 3392 3597 3391
f 3386 3597 3392
f 3596 3597 3386
f 3391 3598 3390
f 3597 3598 3391
f 3390 3599 3389
f 3598 3599 3390
f 3389 3600 3387
f 3599 3600 3389
f 3387 3601 3395
f 3600 3601 3387
f 3601 3602 3395
f 3395 3060 3061
f 3602 3060 3395
f 3603 3604 3605
f 3603 3605 3388
f 3606 3388 3393
f 3606 3603 3388
f 3607 3393 3394
f 3607 3606 3393
f 2491 3394 2492
f 2491 3607 3394
f 3608 3609 3610
f 3610 3609 3611
f 3611 3609 3612
f 3612 3609 3613
f 3613 3609 3614
f 3608 3587 3609
f 3587 3378 3609
f 3615 3616 3617
f 3615 3618 3616
f 3615 3619 3618
f 3615 3620 3619
f 3615 3621 3620
f 3615 3605 3621
f 3609 3388 3615
f 3378 3388 3609
f 3615 3388 3605
f 3396 3407 3399
f 3399 3407 3406
f 3622 3623 3624
f 3622 3624 3625
f 3622 3625 3626
f 3622 3626 3627
f 3622 3627 3628
f 3629 3623 3622
f 3630 3631 3632
f 3633 3631 3630
f 3634 3631 3633
f 3635 3631 3634
f 3636 3631 3635
f 3637 3444 3629
f 3637 3622 3631
f 3637 3629 3622
f 3637 3631 3636
f 3449 3444 3637
f 3638 3629 3444
f 3639 3444 3446
f 3639 3638 3444
f 3640 3639 3446
f 3641 3446 3445
f 3641 3640 3446
f 2847 3445 2848
f 2847 3641 3445
f 3642 1953 1954
f 3642 1954 3448
f 3643 3448 3447
f 3643 3642 3448
f 3644 3447 3449
f 3644 3449 3637
f 3644 3643 3447
f 3645 3644 3637
f 2523 3585 3586
f 2523 3584 3585
f 3591 3586 3592
f 3593 3592 3586
f 3590 2523 3586
f 3590 3586 3591
f 3589 2521 2523
f 3589 2523 3590
f 3594 3593 3586
f 3595 3594 3586
f 3082 2521 3589
f 3081 2521 3082
f 3603 3601 3600
f 3603 3600 3599
f 3603 3599 3598
f 3603 3598 3597
f 3603 3597 3596
f 3603 3596 3595
f 3603 3595 3586
f 2491 3606 3607
f 2491 3603 3606
f 2491 3602 3601
f 2491 3601 3603
f 2490 3058 3060
f 2490 3060 3602
f 2490 3602 2491
f 3450 3472 3451
f 3451 3472 3473
f 3457 3458 3480
f 3457 3480 3479
f 3456 3479 3478
f 3456 3457 3479
f 3455 3478 3477
f 3455 3456 3478
f 3450 3477 3472
f 3450 3455 3477
f 3459 3481 3458
f 3458 3481 3480
f 3462 3463 3485
f 3462 3485 3484
f 3461 3484 3483
f 3461 3462 3484
f 3460 3483 3482
f 3460 3461 3483
f 3459 3482 3481
f 3459 3460 3482
f 3468 3485 3464
f 3464 3485 3463
f 2847 3639 3641
f 3641 3639 3640
f 1949 1953 2843
f 2843 1953 2847
f 3643 3644 3642
f 3642 3644 1953
f 2847 3644 3639
f 1953 3644 2847
f 2375 3549 3550
f 2375 3546 3549
f 3581 3580 3546
f 3582 3546 2375
f 3582 3581 3546
f 3579 3546 3580
f 3583 2375 2372
f 3583 3582 2375
f 3578 3546 3579
f 3002 3583 2372
f 3004 3002 2372
f 3568 3575 3574
f 3568 3574 3573
f 3568 3573 3572
f 3568 3572 3571
f 2416 3567 3568
f 2416 3566 3567
f 2416 3571 3570
f 2416 3568 3571
f 2412 3570 3036
f 2412 3036 3035
f 2412 2416 3570
f 3568 3546 3577
f 3577 3546 3578
f 3568 3577 3576
f 3568 3576 3575
f 3524 2619 3523
f 3523 2619 3522
f 3524 3542 2619
f 3545 1853 3544
f 3544 1853 3542
f 3542 1853 2619
f 2619 1850 2616
f 1853 1850 2619
f 3508 3486 3507
f 3507 3486 3487
f 3511 3512 3494
f 3511 3494 3493
f 3510 3493 3492
f 3510 3511 3493
f 3509 3492 3491
f 3509 3510 3492
f 3508 3491 3486
f 3508 3509 3491
f 3495 3494 3513
f 3513 3494 3512
f 3516 3517 3499
f 3516 3499 3498
f 3515 3498 3497
f 3515 3516 3498
f 3514 3497 3496
f 3514 3515 3497
f 3513 3496 3495
f 3513 3514 3496
f 3500 3499 3518
f 3518 3499 3517
f 3646 3647 3648
f 3648 3647 3649
f 3649 3647 3650
f 3650 3647 3651
f 3651 3647 3652
f 3646 3543 3647
f 3653 3654 3655
f 3653 3656 3654
f 3653 3657 3656
f 3653 3658 3657
f 3653 3659 3658
f 3647 3526 3653
f 3543 3526 3647
f 3653 3526 3659
f 3542 3524 3543
f 3543 3524 3526
f 3526 3533 3659
f 3526 3525 3533
f 3658 3659 3533
f 3658 3533 3532
f 3657 3532 3531
f 3657 3658 3532
f 3656 3531 3530
f 3656 3657 3531
f 3654 3530 3529
f 3654 3656 3530
f 3655 3528 3527
f 3655 3529 3528
f 3655 3654 3529
f 3653 3655 3527
f 3536 3647 3527
f 3527 3647 3653
f 3652 3647 3536
f 3652 3535 3534
f 3652 3536 3535
f 3651 3534 3537
f 3651 3652 3534
f 3650 3537 3538
f 3650 3651 3537
f 3649 3538 3539
f 3649 3650 3538
f 3648 3539 3540
f 3648 3649 3539
f 3646 3648 3540
f 3541 3543 3540
f 3540 3543 3646
f 3548 3547 3565
f 3565 3547 3660
f 3661 3662 3663
f 3661 3663 3664
f 3661 3664 3665
f 3661 3665 3666
f 3661 3666 3667
f 3569 3662 3661
f 3568 3569 3661
f 3668 3669 3670
f 3671 3669 3668
f 3672 3669 3671
f 3673 3669 3672
f 3660 3669 3673
f 3547 3669 3660
f 3546 3661 3669
f 3546 3568 3661
f 3546 3669 3547
f 3669 3559 3561
f 3670 3561 3560
f 3670 3669 3561
f 3668 3670 3560
f 3671 3560 3562
f 3671 3668 3560
f 3672 3562 3563
f 3672 3671 3562
f 3673 3563 3564
f 3673 3672 3563
f 3660 3564 3565
f 3660 3673 3564
f 3559 3669 3552
f 3552 3669 3661
f 3663 3662 3551
f 3663 3551 3553
f 3663 3553 3554
f 3664 3663 3554
f 3665 3554 3555
f 3665 3664 3554
f 3666 3555 3556
f 3666 3665 3555
f 3667 3556 3557
f 3667 3557 3552
f 3667 3666 3556
f 3661 3667 3552
f 3662 3558 3551
f 3569 3558 3662
f 3674 3675 3676
f 3674 3676 3677
f 3674 3677 3678
f 3674 3678 3679
f 3674 3679 3680
f 3604 3674 3680
f 3603 3674 3604
f 3681 3682 3683
f 3684 3681 3683
f 3685 3684 3683
f 3686 3685 3683
f 3687 3686 3683
f 3588 3687 3683
f 3586 3683 3674
f 3586 3674 3603
f 3586 3588 3683
f 3588 3608 3687
f 3588 3587 3608
f 3605 3680 3621
f 3605 3604 3680
f 3675 3674 3615
f 3675 3615 3617
f 3675 3617 3616
f 3676 3675 3616
f 3677 3616 3618
f 3677 3676 3616
f 3678 3618 3619
f 3678 3677 3618
f 3679 3619 3620
f 3679 3678 3619
f 3680 3620 3621
f 3680 3679 3620
f 3683 3609 3674
f 3674 3609 3615
f 3687 3608 3610
f 3686 3610 3611
f 3686 3687 3610
f 3685 3686 3611
f 3684 3611 3612
f 3684 3612 3613
f 3684 3685 3611
f 3681 3684 3613
f 3682 3613 3614
f 3682 3614 3609
f 3682 3681 3613
f 3683 3682 3609
f 3645 3637 3688
f 3688 3637 3636
f 3688 3636 3635
f 3689 3688 3635
f 3690 3634 3633
f 3690 3635 3634
f 3690 3689 3635
f 3691 3633 3630
f 3691 3690 3633
f 3692 3691 3630
f 3693 3630 3632
f 3693 3692 3630
f 3694 3632 3631
f 3694 3693 3632
f 3694 3631 3695
f 3695 3631 3622
f 3696 3695 3622
f 3696 3622 3628
f 3697 3628 3627
f 3697 3696 3628
f 3698 3626 3625
f 3698 3627 3626
f 3698 3697 3627
f 3699 3698 3625
f 3700 3624 3623
f 3700 3625 3624
f 3700 3699 3625
f 3701 3700 3623
f 3629 3701 3623
f 3629 3638 3701
f 3701 3695 3700
f 3700 3695 3699
f 3699 3695 3698
f 3698 3695 3697
f 3697 3695 3696
f 3701 3638 3695
f 3694 3692 3693
f 3694 3691 3692
f 3694 3690 3691
f 3694 3689 3690
f 3694 3688 3689
f 3695 3645 3694
f 3638 3645 3695
f 3694 3645 3688
f 3639 3644 3638
f 3638 3644 3645
