ISO-10303-21;
HEADER;
FILE_DESCRIPTION (( 'STEP AP203' ),
    '1' );
FILE_NAME ('D2F_01L.step',
    '2013-07-18T11:08:13',
    ( 'OSMC1.0   TAKUMI' ),
    ( 'TAKUMI-Engniaring' ),
    'SwSTEP 2.0',
    'SolidWorks 2002025',
    '' );
FILE_SCHEMA (( 'CONFIG_CONTROL_DESIGN' ));
ENDSEC;

DATA;
#1 = ORIENTED_EDGE ( 'NONE', *, *, #1018, .F. ) ;
#2 = ORIENTED_EDGE ( 'NONE', *, *, #77, .T. ) ;
#3 = ORIENTED_EDGE ( 'NONE', *, *, #146, .F. ) ;
#4 = VERTEX_POINT ( 'NONE', #189 ) ;
#5 = VERTEX_POINT ( 'NONE', #197 ) ;
#6 = EDGE_LOOP ( 'NONE', ( #1440, #525, #7, #1389 ) ) ;
#7 = ORIENTED_EDGE ( 'NONE', *, *, #725, .F. ) ;
#8 = ORIENTED_EDGE ( 'NONE', *, *, #78, .F. ) ;
#9 = ADVANCED_FACE ( 'NONE', ( #210 ), #212, .T. ) ;
#10 = EDGE_CURVE ( 'NONE', #1386, #507, #221, .T. ) ;
#11 = ORIENTED_EDGE ( 'NONE', *, *, #1316, .T. ) ;
#12 = ORIENTED_EDGE ( 'NONE', *, *, #151, .T. ) ;
#13 = ORIENTED_EDGE ( 'NONE', *, *, #45, .F. ) ;
#14 = ORIENTED_EDGE ( 'NONE', *, *, #19, .T. ) ;
#15 = EDGE_CURVE ( 'NONE', #1301, #156, #246, .T. ) ;
#16 = VERTEX_POINT ( 'NONE', #250 ) ;
#17 = EDGE_CURVE ( 'NONE', #52, #1342, #251, .T. ) ;
#18 = ORIENTED_EDGE ( 'NONE', *, *, #1400, .F. ) ;
#19 = EDGE_CURVE ( 'NONE', #79, #1225, #273, .T. ) ;
#20 = EDGE_LOOP ( 'NONE', ( #669, #708, #901, #1441 ) ) ;
#21 = ADVANCED_FACE ( 'NONE', ( #285 ), #286, .F. ) ;
#22 = ORIENTED_EDGE ( 'NONE', *, *, #109, .F. ) ;
#23 = ORIENTED_EDGE ( 'NONE', *, *, #117, .F. ) ;
#24 = VERTEX_POINT ( 'NONE', #308 ) ;
#25 = ORIENTED_EDGE ( 'NONE', *, *, #15, .F. ) ;
#26 = ORIENTED_EDGE ( 'NONE', *, *, #1367, .F. ) ;
#27 = ADVANCED_FACE ( 'NONE', ( #316 ), #317, .T. ) ;
#28 = ORIENTED_EDGE ( 'NONE', *, *, #1018, .T. ) ;
#29 = VERTEX_POINT ( 'NONE', #377 ) ;
#30 = ORIENTED_EDGE ( 'NONE', *, *, #1402, .T. ) ;
#31 = ORIENTED_EDGE ( 'NONE', *, *, #110, .F. ) ;
#32 = EDGE_LOOP ( 'NONE', ( #1341, #69, #1355, #1383 ) ) ;
#33 = VERTEX_POINT ( 'NONE', #423 ) ;
#34 = ORIENTED_EDGE ( 'NONE', *, *, #114, .F. ) ;
#35 = ORIENTED_EDGE ( 'NONE', *, *, #1298, .T. ) ;
#36 = VERTEX_POINT ( 'NONE', #443 ) ;
#37 = EDGE_CURVE ( 'NONE', #601, #1019, #445, .T. ) ;
#38 = ORIENTED_EDGE ( 'NONE', *, *, #160, .T. ) ;
#39 = ORIENTED_EDGE ( 'NONE', *, *, #128, .F. ) ;
#40 = ORIENTED_EDGE ( 'NONE', *, *, #1357, .F. ) ;
#41 = EDGE_LOOP ( 'NONE', ( #1403, #134 ) ) ;
#42 = ADVANCED_FACE ( 'NONE', ( #469 ), #470, .F. ) ;
#43 = VERTEX_POINT ( 'NONE', #478 ) ;
#44 = EDGE_LOOP ( 'NONE', ( #707, #1362, #1036, #38 ) ) ;
#45 = EDGE_CURVE ( 'NONE', #1350, #1384, #480, .T. ) ;
#46 = ORIENTED_EDGE ( 'NONE', *, *, #116, .T. ) ;
#47 = EDGE_LOOP ( 'NONE', ( #55, #159 ) ) ;
#48 = ORIENTED_EDGE ( 'NONE', *, *, #1422, .F. ) ;
#49 = ADVANCED_FACE ( 'NONE', ( #512 ), #513, .F. ) ;
#50 = ORIENTED_EDGE ( 'NONE', *, *, #902, .F. ) ;
#51 = EDGE_CURVE ( 'NONE', #1350, #127, #549, .T. ) ;
#52 = VERTEX_POINT ( 'NONE', #574 ) ;
#53 = ADVANCED_FACE ( 'NONE', ( #575 ), #576, .T. ) ;
#54 = EDGE_CURVE ( 'NONE', #455, #1427, #603, .T. ) ;
#55 = ORIENTED_EDGE ( 'NONE', *, *, #1423, .F. ) ;
#56 = VERTEX_POINT ( 'NONE', #619 ) ;
#57 = EDGE_CURVE ( 'NONE', #1320, #1307, #645, .T. ) ;
#58 = VERTEX_POINT ( 'NONE', #658 ) ;
#59 = ORIENTED_EDGE ( 'NONE', *, *, #63, .T. ) ;
#60 = ORIENTED_EDGE ( 'NONE', *, *, #419, .T. ) ;
#61 = ORIENTED_EDGE ( 'NONE', *, *, #111, .F. ) ;
#62 = EDGE_CURVE ( 'NONE', #138, #1386, #710, .T. ) ;
#63 = EDGE_CURVE ( 'NONE', #164, #33, #724, .T. ) ;
#64 = VERTEX_POINT ( 'NONE', #734 ) ;
#65 = EDGE_LOOP ( 'NONE', ( #98, #143, #100, #1430 ) ) ;
#66 = ORIENTED_EDGE ( 'NONE', *, *, #1353, .T. ) ;
#67 = VERTEX_POINT ( 'NONE', #735 ) ;
#68 = ORIENTED_EDGE ( 'NONE', *, *, #1357, .T. ) ;
#69 = ORIENTED_EDGE ( 'NONE', *, *, #116, .F. ) ;
#70 = ADVANCED_FACE ( 'NONE', ( #737 ), #738, .F. ) ;
#71 = EDGE_LOOP ( 'NONE', ( #562, #25, #1242, #581 ) ) ;
#72 = VERTEX_POINT ( 'NONE', #748 ) ;
#73 = ADVANCED_FACE ( 'NONE', ( #750 ), #751, .F. ) ;
#74 = ORIENTED_EDGE ( 'NONE', *, *, #154, .T. ) ;
#75 = ORIENTED_EDGE ( 'NONE', *, *, #54, .T. ) ;
#76 = EDGE_LOOP ( 'NONE', ( #963, #474, #14, #1425 ) ) ;
#77 = EDGE_CURVE ( 'NONE', #36, #1331, #769, .T. ) ;
#78 = EDGE_CURVE ( 'NONE', #417, #582, #779, .T. ) ;
#79 = VERTEX_POINT ( 'NONE', #789 ) ;
#80 = EDGE_CURVE ( 'NONE', #1415, #1398, #790, .T. ) ;
#81 = CLOSED_SHELL ( 'NONE', ( #27, #9, #53, #564, #1435, #176, #107, #1017 ) ) ;
#82 = EDGE_LOOP ( 'NONE', ( #1399, #1152, #93, #1433 ) ) ;
#83 = EDGE_CURVE ( 'NONE', #89, #1190, #805, .T. ) ;
#84 = VERTEX_POINT ( 'NONE', #809 ) ;
#85 = VERTEX_POINT ( 'NONE', #824 ) ;
#86 = VERTEX_POINT ( 'NONE', #825 ) ;
#87 = EDGE_CURVE ( 'NONE', #193, #1427, #831, .T. ) ;
#88 = EDGE_CURVE ( 'NONE', #149, #36, #835, .T. ) ;
#89 = VERTEX_POINT ( 'NONE', #839 ) ;
#90 = ORIENTED_EDGE ( 'NONE', *, *, #1325, .F. ) ;
#91 = EDGE_CURVE ( 'NONE', #4, #582, #841, .T. ) ;
#92 = ORIENTED_EDGE ( 'NONE', *, *, #944, .T. ) ;
#93 = ORIENTED_EDGE ( 'NONE', *, *, #51, .F. ) ;
#94 = ORIENTED_EDGE ( 'NONE', *, *, #881, .F. ) ;
#95 = ORIENTED_EDGE ( 'NONE', *, *, #121, .T. ) ;
#96 = EDGE_CURVE ( 'NONE', #1340, #156, #845, .T. ) ;
#97 = ORIENTED_EDGE ( 'NONE', *, *, #1392, .T. ) ;
#98 = ORIENTED_EDGE ( 'NONE', *, *, #78, .T. ) ;
#99 = ORIENTED_EDGE ( 'NONE', *, *, #1298, .F. ) ;
#100 = ORIENTED_EDGE ( 'NONE', *, *, #160, .F. ) ;
#101 = ORIENTED_EDGE ( 'NONE', *, *, #1416, .F. ) ;
#102 = EDGE_CURVE ( 'NONE', #67, #33, #869, .T. ) ;
#103 = ORIENTED_EDGE ( 'NONE', *, *, #88, .F. ) ;
#104 = ORIENTED_EDGE ( 'NONE', *, *, #1336, .T. ) ;
#105 = ORIENTED_EDGE ( 'NONE', *, *, #88, .T. ) ;
#106 = ORIENTED_EDGE ( 'NONE', *, *, #17, .T. ) ;
#107 = ADVANCED_FACE ( 'NONE', ( #874 ), #875, .T. ) ;
#108 = EDGE_LOOP ( 'NONE', ( #1360, #1390, #923, #1333 ) ) ;
#109 = EDGE_CURVE ( 'NONE', #29, #563, #880, .T. ) ;
#110 = EDGE_CURVE ( 'NONE', #127, #1348, #889, .T. ) ;
#111 = EDGE_CURVE ( 'NONE', #1337, #1415, #893, .T. ) ;
#112 = ORIENTED_EDGE ( 'NONE', *, *, #151, .F. ) ;
#113 = ORIENTED_EDGE ( 'NONE', *, *, #964, .F. ) ;
#114 = EDGE_CURVE ( 'NONE', #1311, #67, #913, .T. ) ;
#115 = ORIENTED_EDGE ( 'NONE', *, *, #1245, .T. ) ;
#116 = EDGE_CURVE ( 'NONE', #5, #903, #918, .T. ) ;
#117 = EDGE_CURVE ( 'NONE', #24, #43, #931, .T. ) ;
#118 = MANIFOLD_SOLID_BREP ( 'NONE', #165 ) ;
#119 = EDGE_LOOP ( 'NONE', ( #144, #1334, #112, #59 ) ) ;
#120 = EDGE_CURVE ( 'NONE', #1348, #5, #299, .T. ) ;
#121 = EDGE_CURVE ( 'NONE', #1346, #507, #309, .T. ) ;
#122 = EDGE_LOOP ( 'NONE', ( #651, #61, #508, #1351 ) ) ;
#123 = ORIENTED_EDGE ( 'NONE', *, *, #91, .T. ) ;
#124 = ADVANCED_FACE ( 'NONE', ( #327, #328, #329 ), #330, .T. ) ;
#125 = ORIENTED_EDGE ( 'NONE', *, *, #17, .F. ) ;
#126 = ADVANCED_FACE ( 'NONE', ( #342 ), #343, .T. ) ;
#127 = VERTEX_POINT ( 'NONE', #348 ) ;
#128 = EDGE_CURVE ( 'NONE', #193, #1377, #351, .T. ) ;
#129 = EDGE_LOOP ( 'NONE', ( #2, #1151, #1409, #105 ) ) ;
#130 = EDGE_CURVE ( 'NONE', #1190, #1415, #373, .T. ) ;
#131 = ORIENTED_EDGE ( 'NONE', *, *, #80, .T. ) ;
#132 = ORIENTED_EDGE ( 'NONE', *, *, #1376, .T. ) ;
#133 = ORIENTED_EDGE ( 'NONE', *, *, #130, .F. ) ;
#134 = ORIENTED_EDGE ( 'NONE', *, *, #1339, .T. ) ;
#135 = EDGE_LOOP ( 'NONE', ( #1037, #90, #1438, #123 ) ) ;
#136 = EDGE_CURVE ( 'NONE', #1019, #982, #392, .T. ) ;
#137 = ORIENTED_EDGE ( 'NONE', *, *, #80, .F. ) ;
#138 = VERTEX_POINT ( 'NONE', #430 ) ;
#139 = ORIENTED_EDGE ( 'NONE', *, *, #1414, .T. ) ;
#140 = ADVANCED_FACE ( 'NONE', ( #453 ), #454, .F. ) ;
#141 = EDGE_CURVE ( 'NONE', #1330, #1190, #461, .T. ) ;
#142 = ORIENTED_EDGE ( 'NONE', *, *, #1345, .F. ) ;
#143 = ORIENTED_EDGE ( 'NONE', *, *, #91, .F. ) ;
#144 = ORIENTED_EDGE ( 'NONE', *, *, #1416, .T. ) ;
#145 = VERTEX_POINT ( 'NONE', #479 ) ;
#146 = EDGE_CURVE ( 'NONE', #64, #1320, #484, .T. ) ;
#147 = ADVANCED_FACE ( 'NONE', ( #494 ), #495, .F. ) ;
#148 = ORIENTED_EDGE ( 'NONE', *, *, #1172, .F. ) ;
#149 = VERTEX_POINT ( 'NONE', #523 ) ;
#150 = EDGE_LOOP ( 'NONE', ( #1359, #13, #99, #46 ) ) ;
#151 = EDGE_CURVE ( 'NONE', #164, #64, #524, .T. ) ;
#152 = ORIENTED_EDGE ( 'NONE', *, *, #244, .T. ) ;
#153 = ORIENTED_EDGE ( 'NONE', *, *, #1315, .F. ) ;
#154 = EDGE_CURVE ( 'NONE', #79, #601, #554, .T. ) ;
#155 = EDGE_LOOP ( 'NONE', ( #22, #1434, #30, #298 ) ) ;
#156 = VERTEX_POINT ( 'NONE', #573 ) ;
#157 = ORIENTED_EDGE ( 'NONE', *, *, #136, .F. ) ;
#158 = ADVANCED_FACE ( 'NONE', ( #607 ), #608, .F. ) ;
#159 = ORIENTED_EDGE ( 'NONE', *, *, #1431, .F. ) ;
#160 = EDGE_CURVE ( 'NONE', #1377, #4, #613, .T. ) ;
#161 = ORIENTED_EDGE ( 'NONE', *, *, #10, .T. ) ;
#162 = EDGE_CURVE ( 'NONE', #58, #812, #641, .T. ) ;
#163 = EDGE_LOOP ( 'NONE', ( #315, #1344, #584, #906 ) ) ;
#164 = VERTEX_POINT ( 'NONE', #659 ) ;
#165 = CLOSED_SHELL ( 'NONE', ( #124, #456, #1379, #140, #147, #49, #21, #1396, #1378, #167, #1243, #158, #1324, #1406, #1418, #126, #73, #864, #70, #962, #1279, #1000, #1299, #689, #1371, #1335, #42, #1385, #1446, #687, #1373 ) ) ;
#166 = ORIENTED_EDGE ( 'NONE', *, *, #1426, .T. ) ;
#167 = ADVANCED_FACE ( 'NONE', ( #673 ), #674, .F. ) ;
#168 = CIRCLE ( 'NONE', #169, 1.100000000000000300 ) ;
#169 = AXIS2_PLACEMENT_3D ( 'NONE', #170, #171, #172 ) ;
#170 = CARTESIAN_POINT ( 'NONE',  ( -6.500000000000000000, 0.0000000000000000000, -2.899999999999999900 ) ) ;
#171 = DIRECTION ( 'NONE',  ( 0.0000000000000000000, 0.0000000000000000000, -1.000000000000000000 ) ) ;
#172 = DIRECTION ( 'NONE',  ( -1.000000000000000000, 0.0000000000000000000, 0.0000000000000000000 ) ) ;
#173 = CIRCLE ( 'NONE', #174, 1.000000000000000000 ) ;
#174 = AXIS2_PLACEMENT_3D ( 'NONE', #177, #178, #179 ) ;
#175 = ORIENTED_EDGE ( 'NONE', *, *, #87, .T. ) ;
#176 = ADVANCED_FACE ( 'NONE', ( #691 ), #692, .T. ) ;
#177 = CARTESIAN_POINT ( 'NONE',  ( 0.0000000000000000000, 0.0000000000000000000, -2.899999999999999900 ) ) ;
#178 = DIRECTION ( 'NONE',  ( 0.0000000000000000000, 0.0000000000000000000, -1.000000000000000000 ) ) ;
#179 = DIRECTION ( 'NONE',  ( -1.000000000000000000, 0.0000000000000000000, 0.0000000000000000000 ) ) ;
#180 = CARTESIAN_POINT ( 'NONE',  ( -2.799999999999999800, -1.500000000000000000, 0.2000000000000000100 ) ) ;
#181 = LINE ( 'NONE', #182, #183 ) ;
#182 = CARTESIAN_POINT ( 'NONE',  ( -0.2999999999999999900, 0.0000000000000000000, -2.000000000000000000 ) ) ;
#183 = VECTOR ( 'NONE', #184, 1000.000000000000000 ) ;
#184 = DIRECTION ( 'NONE',  ( 0.0000000000000000000, 0.0000000000000000000, 1.000000000000000000 ) ) ;
#185 = LINE ( 'NONE', #186, #187 ) ;
#186 = CARTESIAN_POINT ( 'NONE',  ( -7.879999999999999900, -1.500000000000000000, 0.2000000000000000100 ) ) ;
#187 = VECTOR ( 'NONE', #188, 1000.000000000000000 ) ;
#188 = DIRECTION ( 'NONE',  ( -1.000000000000000000, 0.0000000000000000000, 0.0000000000000000000 ) ) ;
#189 = CARTESIAN_POINT ( 'NONE',  ( -3.700000000000000200, -5.000000000000000000, 0.2000000000000000100 ) ) ;
#190 = CIRCLE ( 'NONE', #191, 1.000000000000000000 ) ;
#191 = AXIS2_PLACEMENT_3D ( 'NONE', #192, #195, #196 ) ;
#192 = CARTESIAN_POINT ( 'NONE',  ( 0.0000000000000000000, 0.0000000000000000000, 2.899999999999999900 ) ) ;
#193 = VERTEX_POINT ( 'NONE', #701 ) ;
#194 = ORIENTED_EDGE ( 'NONE', *, *, #87, .F. ) ;
#195 = DIRECTION ( 'NONE',  ( 0.0000000000000000000, 0.0000000000000000000, -1.000000000000000000 ) ) ;
#196 = DIRECTION ( 'NONE',  ( -1.000000000000000000, 0.0000000000000000000, 0.0000000000000000000 ) ) ;
#197 = CARTESIAN_POINT ( 'NONE',  ( -7.879999999999999900, -5.000000000000000000, -0.2000000000000000100 ) ) ;
#198 = LINE ( 'NONE', #199, #200 ) ;
#199 = CARTESIAN_POINT ( 'NONE',  ( -8.779999999999999400, -5.000000000000000000, 0.2000000000000000100 ) ) ;
#200 = VECTOR ( 'NONE', #201, 1000.000000000000000 ) ;
#201 = DIRECTION ( 'NONE',  ( 1.694065894508599800E-017, 1.000000000000000000, 0.0000000000000000000 ) ) ;
#202 = CARTESIAN_POINT ( 'NONE',  ( -3.700000000000000200, -1.500000000000000000, -0.2000000000000000100 ) ) ;
#203 = FACE_OUTER_BOUND ( 'NONE', #1432, .T. ) ;
#204 = FACE_BOUND ( 'NONE', #1310, .T. ) ;
#205 = PLANE ( 'NONE',  #206 ) ;
#206 = AXIS2_PLACEMENT_3D ( 'NONE', #207, #208, #209 ) ;
#207 = CARTESIAN_POINT ( 'NONE',  ( -9.650000000000000400, 5.000000000000000000, 2.899999999999999900 ) ) ;
#208 = DIRECTION ( 'NONE',  ( 0.0000000000000000000, -1.000000000000000000, 0.0000000000000000000 ) ) ;
#209 = DIRECTION ( 'NONE',  ( 0.0000000000000000000, 0.0000000000000000000, -1.000000000000000000 ) ) ;
#210 = FACE_OUTER_BOUND ( 'NONE', #163, .T. ) ;
#211 = EDGE_LOOP ( 'NONE', ( #1356, #1428, #1393, #1436 ) ) ;
#212 = PLANE ( 'NONE',  #213 ) ;
#213 = AXIS2_PLACEMENT_3D ( 'NONE', #214, #215, #216 ) ;
#214 = CARTESIAN_POINT ( 'NONE',  ( -0.2999999999999999900, 0.0000000000000000000, -2.000000000000000000 ) ) ;
#215 = DIRECTION ( 'NONE',  ( 0.0000000000000000000, -1.000000000000000000, 0.0000000000000000000 ) ) ;
#216 = DIRECTION ( 'NONE',  ( 0.0000000000000000000, 0.0000000000000000000, -1.000000000000000000 ) ) ;
#217 = LINE ( 'NONE', #218, #219 ) ;
#218 = CARTESIAN_POINT ( 'NONE',  ( -5.784393074477290700, 5.000000000000000000, -1.450000000000000000 ) ) ;
#219 = VECTOR ( 'NONE', #220, 1000.000000000000000 ) ;
#220 = DIRECTION ( 'NONE',  ( 1.000000000000000000, 0.0000000000000000000, 0.0000000000000000000 ) ) ;
#221 = LINE ( 'NONE', #222, #223 ) ;
#222 = CARTESIAN_POINT ( 'NONE',  ( 0.1085255856536592000, 0.1872823808543450100, 1.871808520238859900 ) ) ;
#223 = VECTOR ( 'NONE', #224, 999.9999999999998900 ) ;
#224 = DIRECTION ( 'NONE',  ( -0.9312698806429332600, -0.3630869541646646300, 0.03007113437706865700 ) ) ;
#225 = CARTESIAN_POINT ( 'NONE',  ( -2.799999999999999800, -1.500000000000000000, -0.2000000000000000100 ) ) ;
#226 = CARTESIAN_POINT ( 'NONE',  ( -2.371692252312040000E-017, 0.1449700231125490000, 1.875312861501660100 ) ) ;
#227 = CARTESIAN_POINT ( 'NONE',  ( 1.000000000000000000, 1.224606353822377300E-016, -2.899999999999999900 ) ) ;
#228 = FACE_OUTER_BOUND ( 'NONE', #981, .T. ) ;
#229 = PLANE ( 'NONE',  #230 ) ;
#230 = AXIS2_PLACEMENT_3D ( 'NONE', #231, #232, #233 ) ;
#231 = CARTESIAN_POINT ( 'NONE',  ( -0.2999999999999999900, 0.3499999999999999800, -2.000000000000000000 ) ) ;
#232 = DIRECTION ( 'NONE',  ( -0.3632512304729830200, 0.9316912275855471200, 0.0000000000000000000 ) ) ;
#233 = DIRECTION ( 'NONE',  ( -0.9316912275855471200, -0.3632512304729830200, 0.0000000000000000000 ) ) ;
#234 = CARTESIAN_POINT ( 'NONE',  ( -3.700000000000000200, -1.500000000000000000, 0.2000000000000000100 ) ) ;
#235 = CARTESIAN_POINT ( 'NONE',  ( -0.2999999999999999900, 0.3499999999999999800, -1.885000000000000000 ) ) ;
#236 = LINE ( 'NONE', #237, #238 ) ;
#237 = CARTESIAN_POINT ( 'NONE',  ( 2.279999999999999800, -5.000000000000000000, -0.2000000000000000100 ) ) ;
#238 = VECTOR ( 'NONE', #239, 1000.000000000000000 ) ;
#239 = DIRECTION ( 'NONE',  ( 1.694065894508599800E-017, 1.000000000000000000, 0.0000000000000000000 ) ) ;
#240 = CIRCLE ( 'NONE', #241, 1.000000000000000000 ) ;
#241 = AXIS2_PLACEMENT_3D ( 'NONE', #242, #243, #245 ) ;
#242 = CARTESIAN_POINT ( 'NONE',  ( 0.0000000000000000000, 0.0000000000000000000, -2.899999999999999900 ) ) ;
#243 = DIRECTION ( 'NONE',  ( 0.0000000000000000000, 0.0000000000000000000, -1.000000000000000000 ) ) ;
#244 = EDGE_CURVE ( 'NONE', #64, #16, #744, .T. ) ;
#245 = DIRECTION ( 'NONE',  ( -1.000000000000000000, 0.0000000000000000000, 0.0000000000000000000 ) ) ;
#246 = LINE ( 'NONE', #247, #248 ) ;
#247 = CARTESIAN_POINT ( 'NONE',  ( -5.784393074477290700, 5.000000000000000000, 1.450000000000000000 ) ) ;
#248 = VECTOR ( 'NONE', #249, 1000.000000000000000 ) ;
#249 = DIRECTION ( 'NONE',  ( 0.0000000000000000000, 0.0000000000000000000, -1.000000000000000000 ) ) ;
#250 = CARTESIAN_POINT ( 'NONE',  ( -6.041742430504420700, -1.000000000000000000, -2.899999999999999900 ) ) ;
#251 = LINE ( 'NONE', #252, #253 ) ;
#252 = CARTESIAN_POINT ( 'NONE',  ( 1.379999999999999900, -5.000000000000000000, 0.2000000000000000100 ) ) ;
#253 = VECTOR ( 'NONE', #254, 1000.000000000000000 ) ;
#254 = DIRECTION ( 'NONE',  ( 1.694065894508599800E-017, 1.000000000000000000, 0.0000000000000000000 ) ) ;
#255 = FACE_OUTER_BOUND ( 'NONE', #44, .T. ) ;
#256 = PLANE ( 'NONE',  #257 ) ;
#257 = AXIS2_PLACEMENT_3D ( 'NONE', #258, #259, #260 ) ;
#258 = CARTESIAN_POINT ( 'NONE',  ( -3.700000000000000200, -5.000000000000000000, -0.2000000000000000100 ) ) ;
#259 = DIRECTION ( 'NONE',  ( 0.0000000000000000000, -1.000000000000000000, 0.0000000000000000000 ) ) ;
#260 = DIRECTION ( 'NONE',  ( 0.0000000000000000000, 0.0000000000000000000, -1.000000000000000000 ) ) ;
#261 = FACE_OUTER_BOUND ( 'NONE', #1411, .T. ) ;
#262 = PLANE ( 'NONE',  #263 ) ;
#263 = AXIS2_PLACEMENT_3D ( 'NONE', #264, #265, #266 ) ;
#264 = CARTESIAN_POINT ( 'NONE',  ( 11.73462308223689900, 4.999615750054180000, 1.496396464756842000 ) ) ;
#265 = DIRECTION ( 'NONE',  ( 0.03227364060312235700, 0.0000000000000000000, 0.9994790703772743500 ) ) ;
#266 = DIRECTION ( 'NONE',  ( 0.9994790703772743500, 0.0000000000000000000, -0.03227364060312235700 ) ) ;
#267 = FACE_OUTER_BOUND ( 'NONE', #759, .T. ) ;
#268 = PLANE ( 'NONE',  #269 ) ;
#269 = AXIS2_PLACEMENT_3D ( 'NONE', #270, #271, #272 ) ;
#270 = CARTESIAN_POINT ( 'NONE',  ( 2.279999999999999800, -5.000000000000000000, 0.2000000000000000100 ) ) ;
#271 = DIRECTION ( 'NONE',  ( -1.000000000000000000, 1.694065894508599800E-017, -2.168404344971000200E-015 ) ) ;
#272 = DIRECTION ( 'NONE',  ( -2.168404344971000200E-015, 0.0000000000000000000, 1.000000000000000000 ) ) ;
#273 = LINE ( 'NONE', #274, #275 ) ;
#274 = CARTESIAN_POINT ( 'NONE',  ( 11.62564771309499900, 4.999615750054180000, -2.000000000000000000 ) ) ;
#275 = VECTOR ( 'NONE', #276, 1000.000000000000000 ) ;
#276 = DIRECTION ( 'NONE',  ( 0.0000000000000000000, 0.0000000000000000000, 1.000000000000000000 ) ) ;
#277 = ORIENTED_EDGE ( 'NONE', *, *, #925, .T. ) ;
#278 = EDGE_CURVE ( 'NONE', #1398, #1330, #761, .T. ) ;
#279 = EDGE_CURVE ( 'NONE', #903, #1384, #765, .T. ) ;
#280 = LINE ( 'NONE', #281, #282 ) ;
#281 = CARTESIAN_POINT ( 'NONE',  ( -6.041742430504420700, 1.000000000000000000, 2.899999999999999900 ) ) ;
#282 = VECTOR ( 'NONE', #283, 1000.000000000000000 ) ;
#283 = DIRECTION ( 'NONE',  ( 1.000000000000000000, 0.0000000000000000000, 0.0000000000000000000 ) ) ;
#284 = CARTESIAN_POINT ( 'NONE',  ( -8.779999999999999400, -1.500000000000000000, -0.2000000000000000100 ) ) ;
#285 = FACE_OUTER_BOUND ( 'NONE', #119, .T. ) ;
#286 = CYLINDRICAL_SURFACE ( 'NONE', #287, 1.100000000000000300 ) ;
#287 = AXIS2_PLACEMENT_3D ( 'NONE', #288, #289, #290 ) ;
#288 = CARTESIAN_POINT ( 'NONE',  ( -6.500000000000000000, 0.0000000000000000000, 2.899999999999999900 ) ) ;
#289 = DIRECTION ( 'NONE',  ( 0.0000000000000000000, 0.0000000000000000000, -1.000000000000000000 ) ) ;
#290 = DIRECTION ( 'NONE',  ( -1.000000000000000000, 0.0000000000000000000, 0.0000000000000000000 ) ) ;
#291 = LINE ( 'NONE', #292, #293 ) ;
#292 = CARTESIAN_POINT ( 'NONE',  ( -1.077596484495030200E-034, 6.586823695652580100E-019, -1.875312861501660100 ) ) ;
#293 = VECTOR ( 'NONE', #294, 1000.000000000000000 ) ;
#294 = DIRECTION ( 'NONE',  ( -1.635988048695249700E-016, 1.000000000000000000, -5.282680936446599500E-018 ) ) ;
#295 = CARTESIAN_POINT ( 'NONE',  ( -2.371692252312040000E-017, 0.1449700231125490000, -1.875312861501660100 ) ) ;
#296 = ORIENTED_EDGE ( 'NONE', *, *, #1376, .F. ) ;
#297 = EDGE_CURVE ( 'NONE', #1304, #1301, #773, .T. ) ;
#298 = ORIENTED_EDGE ( 'NONE', *, *, #1423, .T. ) ;
#299 = LINE ( 'NONE', #300, #301 ) ;
#300 = CARTESIAN_POINT ( 'NONE',  ( -7.879999999999999900, -5.000000000000000000, -0.2000000000000000100 ) ) ;
#301 = VECTOR ( 'NONE', #302, 1000.000000000000000 ) ;
#302 = DIRECTION ( 'NONE',  ( 1.000000000000000000, 0.0000000000000000000, 0.0000000000000000000 ) ) ;
#303 = LINE ( 'NONE', #304, #305 ) ;
#304 = CARTESIAN_POINT ( 'NONE',  ( -7.599999999999999600, 0.0000000000000000000, 2.899999999999999900 ) ) ;
#305 = VECTOR ( 'NONE', #306, 1000.000000000000000 ) ;
#306 = DIRECTION ( 'NONE',  ( 0.0000000000000000000, 0.0000000000000000000, -1.000000000000000000 ) ) ;
#307 = CARTESIAN_POINT ( 'NONE',  ( -8.779999999999999400, -5.000000000000000000, -0.2000000000000000100 ) ) ;
#308 = CARTESIAN_POINT ( 'NONE',  ( 2.279999999999999800, -5.000000000000000000, -0.2000000000000000100 ) ) ;
#309 = LINE ( 'NONE', #310, #311 ) ;
#310 = CARTESIAN_POINT ( 'NONE',  ( -2.371692252312040000E-017, 0.1449700231125490000, -2.000000000000000000 ) ) ;
#311 = VECTOR ( 'NONE', #312, 1000.000000000000000 ) ;
#312 = DIRECTION ( 'NONE',  ( 0.0000000000000000000, 0.0000000000000000000, 1.000000000000000000 ) ) ;
#313 = CARTESIAN_POINT ( 'NONE',  ( -0.2999999999999999900, 0.0000000000000000000, 1.885000000000000000 ) ) ;
#314 = CARTESIAN_POINT ( 'NONE',  ( -7.879999999999999900, -5.000000000000000000, 0.2000000000000000100 ) ) ;
#315 = ORIENTED_EDGE ( 'NONE', *, *, #419, .F. ) ;
#316 = FACE_OUTER_BOUND ( 'NONE', #1332, .T. ) ;
#317 = PLANE ( 'NONE',  #318 ) ;
#318 = AXIS2_PLACEMENT_3D ( 'NONE', #319, #320, #321 ) ;
#319 = CARTESIAN_POINT ( 'NONE',  ( -0.2999999999999999900, 0.3499999999999999800, -2.000000000000000000 ) ) ;
#320 = DIRECTION ( 'NONE',  ( -1.000000000000000000, -1.548860246407864800E-016, 0.0000000000000000000 ) ) ;
#321 = DIRECTION ( 'NONE',  ( 1.548860246407864800E-016, -1.000000000000000000, 0.0000000000000000000 ) ) ;
#322 = LINE ( 'NONE', #323, #324 ) ;
#323 = CARTESIAN_POINT ( 'NONE',  ( -2.799999999999999800, -1.500000000000000000, 0.2000000000000000100 ) ) ;
#324 = VECTOR ( 'NONE', #325, 1000.000000000000000 ) ;
#325 = DIRECTION ( 'NONE',  ( 3.252606517456505400E-015, 0.0000000000000000000, 1.000000000000000000 ) ) ;
#326 = CARTESIAN_POINT ( 'NONE',  ( -3.700000000000000200, -5.000000000000000000, -0.2000000000000000100 ) ) ;
#327 = FACE_BOUND ( 'NONE', #1328, .T. ) ;
#328 = FACE_BOUND ( 'NONE', #1318, .T. ) ;
#329 = FACE_OUTER_BOUND ( 'NONE', #1327, .T. ) ;
#330 = PLANE ( 'NONE',  #331 ) ;
#331 = AXIS2_PLACEMENT_3D ( 'NONE', #333, #334, #335 ) ;
#332 = ORIENTED_EDGE ( 'NONE', *, *, #51, .T. ) ;
#333 = CARTESIAN_POINT ( 'NONE',  ( -9.650000000000000400, 5.000000000000000000, 2.899999999999999900 ) ) ;
#334 = DIRECTION ( 'NONE',  ( 0.0000000000000000000, 0.0000000000000000000, 1.000000000000000000 ) ) ;
#335 = DIRECTION ( 'NONE',  ( 1.000000000000000000, 0.0000000000000000000, 0.0000000000000000000 ) ) ;
#336 = FACE_OUTER_BOUND ( 'NONE', #1429, .T. ) ;
#337 = PLANE ( 'NONE',  #338 ) ;
#338 = AXIS2_PLACEMENT_3D ( 'NONE', #339, #340, #341 ) ;
#339 = CARTESIAN_POINT ( 'NONE',  ( -2.799999999999999800, -5.000000000000000000, 0.2000000000000000100 ) ) ;
#340 = DIRECTION ( 'NONE',  ( -1.000000000000000000, 1.694065894508599800E-017, 3.252606517456505400E-015 ) ) ;
#341 = DIRECTION ( 'NONE',  ( 3.252606517456505400E-015, 0.0000000000000000000, 1.000000000000000000 ) ) ;
#342 = FACE_OUTER_BOUND ( 'NONE', #71, .T. ) ;
#343 = CYLINDRICAL_SURFACE ( 'NONE', #344, 0.5999999999999998700 ) ;
#344 = AXIS2_PLACEMENT_3D ( 'NONE', #345, #346, #347 ) ;
#345 = CARTESIAN_POINT ( 'NONE',  ( -5.200000000000000200, 4.864041423576931100, 1.450000000000000000 ) ) ;
#346 = DIRECTION ( 'NONE',  ( 0.0000000000000000000, 0.0000000000000000000, -1.000000000000000000 ) ) ;
#347 = DIRECTION ( 'NONE',  ( -1.000000000000000000, 0.0000000000000000000, 0.0000000000000000000 ) ) ;
#348 = CARTESIAN_POINT ( 'NONE',  ( -8.779999999999999400, -5.000000000000000000, 0.2000000000000000100 ) ) ;
#349 = MANIFOLD_SOLID_BREP ( 'NONE', #81 ) ;
#350 = EDGE_CURVE ( 'NONE', #16, #1417, #815, .T. ) ;
#351 = LINE ( 'NONE', #352, #353 ) ;
#352 = CARTESIAN_POINT ( 'NONE',  ( -2.799999999999999800, -5.000000000000000000, 0.2000000000000000100 ) ) ;
#353 = VECTOR ( 'NONE', #354, 1000.000000000000000 ) ;
#354 = DIRECTION ( 'NONE',  ( 3.252606517456505400E-015, 0.0000000000000000000, 1.000000000000000000 ) ) ;
#355 = LINE ( 'NONE', #356, #357 ) ;
#356 = CARTESIAN_POINT ( 'NONE',  ( -9.650000000000000400, 5.000000000000000000, 2.899999999999999900 ) ) ;
#357 = VECTOR ( 'NONE', #358, 1000.000000000000000 ) ;
#358 = DIRECTION ( 'NONE',  ( 0.0000000000000000000, 0.0000000000000000000, -1.000000000000000000 ) ) ;
#359 = CIRCLE ( 'NONE', #360, 1.000000000000000000 ) ;
#360 = AXIS2_PLACEMENT_3D ( 'NONE', #361, #362, #363 ) ;
#361 = CARTESIAN_POINT ( 'NONE',  ( 0.0000000000000000000, 0.0000000000000000000, 2.899999999999999900 ) ) ;
#362 = DIRECTION ( 'NONE',  ( 0.0000000000000000000, 0.0000000000000000000, -1.000000000000000000 ) ) ;
#363 = DIRECTION ( 'NONE',  ( -1.000000000000000000, 0.0000000000000000000, 0.0000000000000000000 ) ) ;
#364 = LINE ( 'NONE', #365, #366 ) ;
#365 = CARTESIAN_POINT ( 'NONE',  ( -9.650000000000000400, 5.000000000000000000, 2.899999999999999900 ) ) ;
#366 = VECTOR ( 'NONE', #367, 1000.000000000000000 ) ;
#367 = DIRECTION ( 'NONE',  ( -1.000000000000000000, 0.0000000000000000000, 0.0000000000000000000 ) ) ;
#368 = LINE ( 'NONE', #369, #370 ) ;
#369 = CARTESIAN_POINT ( 'NONE',  ( 11.74951838611742100, 4.681903902912360100, 1.495915488517956000 ) ) ;
#370 = VECTOR ( 'NONE', #371, 1000.000000000000000 ) ;
#371 = DIRECTION ( 'NONE',  ( 0.3632262445737313200, -0.9316271420678865500, -0.01172874312472543500 ) ) ;
#372 = CARTESIAN_POINT ( 'NONE',  ( -7.879999999999999900, -1.500000000000000000, -0.2000000000000000100 ) ) ;
#373 = LINE ( 'NONE', #374, #375 ) ;
#374 = CARTESIAN_POINT ( 'NONE',  ( 3.149999999999999900, 5.000000000000000000, -2.899999999999999900 ) ) ;
#375 = VECTOR ( 'NONE', #376, 1000.000000000000000 ) ;
#376 = DIRECTION ( 'NONE',  ( 0.0000000000000000000, 1.000000000000000000, 0.0000000000000000000 ) ) ;
#377 = CARTESIAN_POINT ( 'NONE',  ( 1.000000000000000000, 1.224606353822377300E-016, 2.899999999999999900 ) ) ;
#378 = LINE ( 'NONE', #379, #380 ) ;
#379 = CARTESIAN_POINT ( 'NONE',  ( 1.379999999999999900, -5.000000000000000000, -0.2000000000000000100 ) ) ;
#380 = VECTOR ( 'NONE', #381, 1000.000000000000000 ) ;
#381 = DIRECTION ( 'NONE',  ( 1.000000000000000000, 0.0000000000000000000, 0.0000000000000000000 ) ) ;
#382 = LINE ( 'NONE', #384, #385 ) ;
#383 = ORIENTED_EDGE ( 'NONE', *, *, #1400, .T. ) ;
#384 = CARTESIAN_POINT ( 'NONE',  ( 0.0000000000000000000, 0.0000000000000000000, -2.000000000000000000 ) ) ;
#385 = VECTOR ( 'NONE', #386, 1000.000000000000000 ) ;
#386 = DIRECTION ( 'NONE',  ( 0.0000000000000000000, 0.0000000000000000000, 1.000000000000000000 ) ) ;
#387 = LINE ( 'NONE', #388, #389 ) ;
#388 = CARTESIAN_POINT ( 'NONE',  ( -0.003491781234862135200, 0.1436086344973601900, -1.875425612729755100 ) ) ;
#389 = VECTOR ( 'NONE', #390, 999.9999999999998900 ) ;
#390 = DIRECTION ( 'NONE',  ( 0.9312698806429332600, 0.3630869541646646300, 0.03007113437706870500 ) ) ;
#391 = CARTESIAN_POINT ( 'NONE',  ( -1.000000000000000000, 0.0000000000000000000, -2.899999999999999900 ) ) ;
#392 = LINE ( 'NONE', #393, #394 ) ;
#393 = CARTESIAN_POINT ( 'NONE',  ( 11.73462308223689900, 0.0000000000000000000, -1.496396464756842000 ) ) ;
#394 = VECTOR ( 'NONE', #395, 999.9999999999998900 ) ;
#395 = DIRECTION ( 'NONE',  ( 0.9994790703772744600, 0.0000000000000000000, 0.03227364060312236400 ) ) ;
#396 = FACE_OUTER_BOUND ( 'NONE', #150, .T. ) ;
#397 = PLANE ( 'NONE',  #398 ) ;
#398 = AXIS2_PLACEMENT_3D ( 'NONE', #399, #401, #402 ) ;
#399 = CARTESIAN_POINT ( 'NONE',  ( -7.879999999999999900, -5.000000000000000000, 0.2000000000000000100 ) ) ;
#400 = EDGE_LOOP ( 'NONE', ( #1420, #544, #1321, #1365 ) ) ;
#401 = DIRECTION ( 'NONE',  ( -1.000000000000000000, 1.694065894508599800E-017, 0.0000000000000000000 ) ) ;
#402 = DIRECTION ( 'NONE',  ( -1.694065894508599800E-017, -1.000000000000000000, 0.0000000000000000000 ) ) ;
#403 = FACE_OUTER_BOUND ( 'NONE', #1343, .T. ) ;
#404 = PLANE ( 'NONE',  #405 ) ;
#405 = AXIS2_PLACEMENT_3D ( 'NONE', #406, #407, #408 ) ;
#406 = CARTESIAN_POINT ( 'NONE',  ( -7.879999999999999900, -5.000000000000000000, -0.2000000000000000100 ) ) ;
#407 = DIRECTION ( 'NONE',  ( 0.0000000000000000000, 1.000000000000000000, 0.0000000000000000000 ) ) ;
#408 = DIRECTION ( 'NONE',  ( 0.0000000000000000000, 0.0000000000000000000, 1.000000000000000000 ) ) ;
#409 = CIRCLE ( 'NONE', #410, 1.100000000000000300 ) ;
#410 = AXIS2_PLACEMENT_3D ( 'NONE', #411, #412, #413 ) ;
#411 = CARTESIAN_POINT ( 'NONE',  ( -6.500000000000000000, 0.0000000000000000000, -2.899999999999999900 ) ) ;
#412 = DIRECTION ( 'NONE',  ( 0.0000000000000000000, 0.0000000000000000000, -1.000000000000000000 ) ) ;
#413 = DIRECTION ( 'NONE',  ( -1.000000000000000000, 0.0000000000000000000, 0.0000000000000000000 ) ) ;
#414 = CARTESIAN_POINT ( 'NONE',  ( 3.469446951953615000E-015, 0.0000000000000000000, -1.875312861501660100 ) ) ;
#415 = LINE ( 'NONE', #416, #421 ) ;
#416 = CARTESIAN_POINT ( 'NONE',  ( 2.279999999999999800, -1.500000000000000000, 0.2000000000000000100 ) ) ;
#417 = VERTEX_POINT ( 'NONE', #180 ) ;
#418 = ORIENTED_EDGE ( 'NONE', *, *, #1372, .T. ) ;
#419 = EDGE_CURVE ( 'NONE', #1019, #812, #181, .T. ) ;
#420 = EDGE_CURVE ( 'NONE', #1384, #86, #185, .T. ) ;
#421 = VECTOR ( 'NONE', #422, 1000.000000000000000 ) ;
#422 = DIRECTION ( 'NONE',  ( -2.168404344971000200E-015, 0.0000000000000000000, 1.000000000000000000 ) ) ;
#423 = CARTESIAN_POINT ( 'NONE',  ( -6.041742430504420700, 1.000000000000000000, -2.899999999999999900 ) ) ;
#424 = FACE_OUTER_BOUND ( 'NONE', #135, .T. ) ;
#425 = PLANE ( 'NONE',  #426 ) ;
#426 = AXIS2_PLACEMENT_3D ( 'NONE', #427, #428, #429 ) ;
#427 = CARTESIAN_POINT ( 'NONE',  ( -3.700000000000000200, -5.000000000000000000, 0.2000000000000000100 ) ) ;
#428 = DIRECTION ( 'NONE',  ( 1.000000000000000000, -1.694065894508599800E-017, 1.084202172485502100E-015 ) ) ;
#429 = DIRECTION ( 'NONE',  ( 1.084202172485502100E-015, 0.0000000000000000000, -1.000000000000000000 ) ) ;
#430 = CARTESIAN_POINT ( 'NONE',  ( 11.73462308223689900, 4.720108381778519700, -1.496396464756842000 ) ) ;
#431 = FACE_OUTER_BOUND ( 'NONE', #76, .T. ) ;
#432 = PLANE ( 'NONE',  #433 ) ;
#433 = AXIS2_PLACEMENT_3D ( 'NONE', #434, #435, #436 ) ;
#434 = CARTESIAN_POINT ( 'NONE',  ( 11.73462308223689900, 4.720108381778519700, -2.000000000000000000 ) ) ;
#435 = DIRECTION ( 'NONE',  ( 0.9316912275855473400, 0.3632512304729825800, 0.0000000000000000000 ) ) ;
#436 = DIRECTION ( 'NONE',  ( -0.3632512304729825800, 0.9316912275855473400, 0.0000000000000000000 ) ) ;
#437 = EDGE_LOOP ( 'NONE', ( #742, #1102, #95, #132 ) ) ;
#438 = EDGE_CURVE ( 'NONE', #127, #86, #198, .T. ) ;
#439 = LINE ( 'NONE', #440, #441 ) ;
#440 = CARTESIAN_POINT ( 'NONE',  ( 2.279999999999999800, -5.000000000000000000, 0.2000000000000000100 ) ) ;
#441 = VECTOR ( 'NONE', #442, 1000.000000000000000 ) ;
#442 = DIRECTION ( 'NONE',  ( 1.694065894508599800E-017, 1.000000000000000000, 0.0000000000000000000 ) ) ;
#443 = CARTESIAN_POINT ( 'NONE',  ( 1.379999999999999900, -1.500000000000000000, -0.2000000000000000100 ) ) ;
#444 = CARTESIAN_POINT ( 'NONE',  ( -0.2999999999999999900, 0.0000000000000000000, -1.885000000000000000 ) ) ;
#445 = LINE ( 'NONE', #446, #447 ) ;
#446 = CARTESIAN_POINT ( 'NONE',  ( -0.2999999999999999900, 4.999615750054180000, -1.885000000000000000 ) ) ;
#447 = VECTOR ( 'NONE', #448, 1000.000000000000000 ) ;
#448 = DIRECTION ( 'NONE',  ( 0.0000000000000000000, -1.000000000000000000, 0.0000000000000000000 ) ) ;
#449 = LINE ( 'NONE', #450, #451 ) ;
#450 = CARTESIAN_POINT ( 'NONE',  ( -2.799999999999999800, -5.000000000000000000, 0.2000000000000000100 ) ) ;
#451 = VECTOR ( 'NONE', #452, 1000.000000000000000 ) ;
#452 = DIRECTION ( 'NONE',  ( 1.694065894508599800E-017, 1.000000000000000000, 0.0000000000000000000 ) ) ;
#453 = FACE_OUTER_BOUND ( 'NONE', #561, .T. ) ;
#454 = CYLINDRICAL_SURFACE ( 'NONE', #457, 1.100000000000000300 ) ;
#455 = VERTEX_POINT ( 'NONE', #202 ) ;
#456 = ADVANCED_FACE ( 'NONE', ( #203, #204 ), #205, .F. ) ;
#457 = AXIS2_PLACEMENT_3D ( 'NONE', #458, #459, #460 ) ;
#458 = CARTESIAN_POINT ( 'NONE',  ( -6.500000000000000000, 0.0000000000000000000, 2.899999999999999900 ) ) ;
#459 = DIRECTION ( 'NONE',  ( 0.0000000000000000000, 0.0000000000000000000, -1.000000000000000000 ) ) ;
#460 = DIRECTION ( 'NONE',  ( -1.000000000000000000, 0.0000000000000000000, 0.0000000000000000000 ) ) ;
#461 = LINE ( 'NONE', #462, #463 ) ;
#462 = CARTESIAN_POINT ( 'NONE',  ( -9.650000000000000400, -1.500000000000000000, -2.899999999999999900 ) ) ;
#463 = VECTOR ( 'NONE', #464, 1000.000000000000000 ) ;
#464 = DIRECTION ( 'NONE',  ( 1.000000000000000000, -1.694065894508599800E-017, 0.0000000000000000000 ) ) ;
#465 = LINE ( 'NONE', #466, #467 ) ;
#466 = CARTESIAN_POINT ( 'NONE',  ( 11.73247763684238100, 4.725611164661709800, -1.496465742179100100 ) ) ;
#467 = VECTOR ( 'NONE', #468, 1000.000000000000000 ) ;
#468 = DIRECTION ( 'NONE',  ( -0.3632262445737313200, 0.9316271420678865500, -0.01172874312472543500 ) ) ;
#469 = FACE_OUTER_BOUND ( 'NONE', #1312, .T. ) ;
#470 = PLANE ( 'NONE',  #471 ) ;
#471 = AXIS2_PLACEMENT_3D ( 'NONE', #472, #475, #476 ) ;
#472 = CARTESIAN_POINT ( 'NONE',  ( -3.700000000000000200, -5.000000000000000000, -0.2000000000000000100 ) ) ;
#473 = EDGE_CURVE ( 'NONE', #156, #1340, #217, .T. ) ;
#474 = ORIENTED_EDGE ( 'NONE', *, *, #1369, .T. ) ;
#475 = DIRECTION ( 'NONE',  ( 0.0000000000000000000, 0.0000000000000000000, 1.000000000000000000 ) ) ;
#476 = DIRECTION ( 'NONE',  ( 1.000000000000000000, 0.0000000000000000000, 0.0000000000000000000 ) ) ;
#477 = CARTESIAN_POINT ( 'NONE',  ( 2.279999999999999800, -1.500000000000000000, 0.2000000000000000100 ) ) ;
#478 = CARTESIAN_POINT ( 'NONE',  ( 2.279999999999999800, -5.000000000000000000, 0.2000000000000000100 ) ) ;
#479 = CARTESIAN_POINT ( 'NONE',  ( -9.650000000000000400, -1.500000000000000000, 2.899999999999999900 ) ) ;
#480 = LINE ( 'NONE', #481, #482 ) ;
#481 = CARTESIAN_POINT ( 'NONE',  ( -7.879999999999999900, -5.000000000000000000, 0.2000000000000000100 ) ) ;
#482 = VECTOR ( 'NONE', #483, 1000.000000000000000 ) ;
#483 = DIRECTION ( 'NONE',  ( 1.694065894508599800E-017, 1.000000000000000000, 0.0000000000000000000 ) ) ;
#484 = LINE ( 'NONE', #485, #486 ) ;
#485 = CARTESIAN_POINT ( 'NONE',  ( -6.041742430504420700, -1.000000000000000000, 2.899999999999999900 ) ) ;
#486 = VECTOR ( 'NONE', #487, 1000.000000000000000 ) ;
#487 = DIRECTION ( 'NONE',  ( -1.000000000000000000, -2.365923106690660100E-016, 0.0000000000000000000 ) ) ;
#488 = FACE_OUTER_BOUND ( 'NONE', #1421, .T. ) ;
#489 = PLANE ( 'NONE',  #490 ) ;
#490 = AXIS2_PLACEMENT_3D ( 'NONE', #491, #492, #493 ) ;
#491 = CARTESIAN_POINT ( 'NONE',  ( 1.379999999999999900, -5.000000000000000000, 0.2000000000000000100 ) ) ;
#492 = DIRECTION ( 'NONE',  ( 0.0000000000000000000, 0.0000000000000000000, -1.000000000000000000 ) ) ;
#493 = DIRECTION ( 'NONE',  ( -1.000000000000000000, 0.0000000000000000000, 0.0000000000000000000 ) ) ;
#494 = FACE_OUTER_BOUND ( 'NONE', #155, .T. ) ;
#495 = CYLINDRICAL_SURFACE ( 'NONE', #496, 1.000000000000000000 ) ;
#496 = AXIS2_PLACEMENT_3D ( 'NONE', #497, #498, #499 ) ;
#497 = CARTESIAN_POINT ( 'NONE',  ( 0.0000000000000000000, 0.0000000000000000000, 2.899999999999999900 ) ) ;
#498 = DIRECTION ( 'NONE',  ( 0.0000000000000000000, 0.0000000000000000000, -1.000000000000000000 ) ) ;
#499 = DIRECTION ( 'NONE',  ( -1.000000000000000000, 0.0000000000000000000, 0.0000000000000000000 ) ) ;
#500 = LINE ( 'NONE', #501, #502 ) ;
#501 = CARTESIAN_POINT ( 'NONE',  ( 1.379999999999999900, -1.500000000000000000, 0.2000000000000000100 ) ) ;
#502 = VECTOR ( 'NONE', #503, 1000.000000000000000 ) ;
#503 = DIRECTION ( 'NONE',  ( 0.0000000000000000000, 0.0000000000000000000, -1.000000000000000000 ) ) ;
#504 = FACE_OUTER_BOUND ( 'NONE', #670, .T. ) ;
#505 = PLANE ( 'NONE',  #506 ) ;
#506 = AXIS2_PLACEMENT_3D ( 'NONE', #509, #510, #511 ) ;
#507 = VERTEX_POINT ( 'NONE', #226 ) ;
#508 = ORIENTED_EDGE ( 'NONE', *, *, #1392, .F. ) ;
#509 = CARTESIAN_POINT ( 'NONE',  ( 1.379999999999999900, -5.000000000000000000, -0.2000000000000000100 ) ) ;
#510 = DIRECTION ( 'NONE',  ( 0.0000000000000000000, -1.000000000000000000, 0.0000000000000000000 ) ) ;
#511 = DIRECTION ( 'NONE',  ( 0.0000000000000000000, 0.0000000000000000000, -1.000000000000000000 ) ) ;
#512 = FACE_OUTER_BOUND ( 'NONE', #1326, .T. ) ;
#513 = PLANE ( 'NONE',  #514 ) ;
#514 = AXIS2_PLACEMENT_3D ( 'NONE', #515, #516, #517 ) ;
#515 = CARTESIAN_POINT ( 'NONE',  ( -6.041742430504420700, -1.000000000000000000, 2.899999999999999900 ) ) ;
#516 = DIRECTION ( 'NONE',  ( 2.365923106690660100E-016, -1.000000000000000000, 0.0000000000000000000 ) ) ;
#517 = DIRECTION ( 'NONE',  ( 1.000000000000000000, 2.365923106690660100E-016, 0.0000000000000000000 ) ) ;
#518 = LINE ( 'NONE', #519, #520 ) ;
#519 = CARTESIAN_POINT ( 'NONE',  ( 3.349201502389239200E-033, -2.047204137622109900E-017, 1.875312861501660100 ) ) ;
#520 = VECTOR ( 'NONE', #521, 1000.000000000000000 ) ;
#521 = DIRECTION ( 'NONE',  ( 1.635988048695249700E-016, -1.000000000000000000, -5.282680936446599500E-018 ) ) ;
#522 = CARTESIAN_POINT ( 'NONE',  ( -2.799999999999999800, -5.000000000000000000, 0.2000000000000000100 ) ) ;
#523 = CARTESIAN_POINT ( 'NONE',  ( 1.379999999999999900, -5.000000000000000000, -0.2000000000000000100 ) ) ;
#524 = CIRCLE ( 'NONE', #526, 1.100000000000000300 ) ;
#525 = ORIENTED_EDGE ( 'NONE', *, *, #63, .F. ) ;
#526 = AXIS2_PLACEMENT_3D ( 'NONE', #527, #528, #529 ) ;
#527 = CARTESIAN_POINT ( 'NONE',  ( -6.500000000000000000, 0.0000000000000000000, 2.899999999999999900 ) ) ;
#528 = DIRECTION ( 'NONE',  ( 0.0000000000000000000, 0.0000000000000000000, -1.000000000000000000 ) ) ;
#529 = DIRECTION ( 'NONE',  ( -1.000000000000000000, 0.0000000000000000000, 0.0000000000000000000 ) ) ;
#530 = FACE_OUTER_BOUND ( 'NONE', #6, .T. ) ;
#531 = PLANE ( 'NONE',  #532 ) ;
#532 = AXIS2_PLACEMENT_3D ( 'NONE', #533, #534, #535 ) ;
#533 = CARTESIAN_POINT ( 'NONE',  ( -6.041742430504420700, 1.000000000000000000, 2.899999999999999900 ) ) ;
#534 = DIRECTION ( 'NONE',  ( 0.0000000000000000000, 1.000000000000000000, 0.0000000000000000000 ) ) ;
#535 = DIRECTION ( 'NONE',  ( 0.0000000000000000000, 0.0000000000000000000, 1.000000000000000000 ) ) ;
#536 = FACE_OUTER_BOUND ( 'NONE', #1189, .T. ) ;
#537 = PLANE ( 'NONE',  #538 ) ;
#538 = AXIS2_PLACEMENT_3D ( 'NONE', #539, #540, #541 ) ;
#539 = CARTESIAN_POINT ( 'NONE',  ( -9.650000000000000400, 5.000000000000000000, 2.899999999999999900 ) ) ;
#540 = DIRECTION ( 'NONE',  ( 1.000000000000000000, 0.0000000000000000000, 0.0000000000000000000 ) ) ;
#541 = DIRECTION ( 'NONE',  ( 0.0000000000000000000, 0.0000000000000000000, -1.000000000000000000 ) ) ;
#542 = ORIENTED_EDGE ( 'NONE', *, *, #473, .F. ) ;
#543 = ORIENTED_EDGE ( 'NONE', *, *, #1300, .T. ) ;
#544 = ORIENTED_EDGE ( 'NONE', *, *, #1208, .F. ) ;
#545 = LINE ( 'NONE', #546, #547 ) ;
#546 = CARTESIAN_POINT ( 'NONE',  ( -3.700000000000000200, -1.500000000000000000, 0.2000000000000000100 ) ) ;
#547 = VECTOR ( 'NONE', #548, 1000.000000000000000 ) ;
#548 = DIRECTION ( 'NONE',  ( 1.084202172485502100E-015, 0.0000000000000000000, -1.000000000000000000 ) ) ;
#549 = LINE ( 'NONE', #550, #551 ) ;
#550 = CARTESIAN_POINT ( 'NONE',  ( -7.879999999999999900, -5.000000000000000000, 0.2000000000000000100 ) ) ;
#551 = VECTOR ( 'NONE', #552, 1000.000000000000000 ) ;
#552 = DIRECTION ( 'NONE',  ( -1.000000000000000000, 0.0000000000000000000, 0.0000000000000000000 ) ) ;
#553 = CARTESIAN_POINT ( 'NONE',  ( -7.879999999999999900, -1.500000000000000000, 0.2000000000000000100 ) ) ;
#554 = LINE ( 'NONE', #555, #556 ) ;
#555 = CARTESIAN_POINT ( 'NONE',  ( -0.3032204992980450100, 0.3487443797922364900, -1.885103991409115000 ) ) ;
#556 = VECTOR ( 'NONE', #557, 999.9999999999998900 ) ;
#557 = DIRECTION ( 'NONE',  ( -0.9312698806429332600, -0.3630869541646646300, -0.03007113437706870500 ) ) ;
#558 = FACE_OUTER_BOUND ( 'NONE', #32, .T. ) ;
#559 = PLANE ( 'NONE',  #560 ) ;
#560 = AXIS2_PLACEMENT_3D ( 'NONE', #565, #566, #567 ) ;
#561 = EDGE_LOOP ( 'NONE', ( #153, #846, #1302, #34 ) ) ;
#562 = ORIENTED_EDGE ( 'NONE', *, *, #96, .T. ) ;
#563 = VERTEX_POINT ( 'NONE', #227 ) ;
#564 = ADVANCED_FACE ( 'NONE', ( #228 ), #229, .T. ) ;
#565 = CARTESIAN_POINT ( 'NONE',  ( -7.879999999999999900, -5.000000000000000000, -0.2000000000000000100 ) ) ;
#566 = DIRECTION ( 'NONE',  ( 0.0000000000000000000, 0.0000000000000000000, 1.000000000000000000 ) ) ;
#567 = DIRECTION ( 'NONE',  ( 1.000000000000000000, 0.0000000000000000000, 0.0000000000000000000 ) ) ;
#568 = CARTESIAN_POINT ( 'NONE',  ( 11.73462308223689900, 4.720108381778519700, 1.496396464756840000 ) ) ;
#569 = LINE ( 'NONE', #570, #571 ) ;
#570 = CARTESIAN_POINT ( 'NONE',  ( -6.958257569495580200, -1.000000000000000000, 2.899999999999999900 ) ) ;
#571 = VECTOR ( 'NONE', #572, 1000.000000000000000 ) ;
#572 = DIRECTION ( 'NONE',  ( 0.0000000000000000000, 0.0000000000000000000, -1.000000000000000000 ) ) ;
#573 = CARTESIAN_POINT ( 'NONE',  ( -5.784393074477290700, 5.000000000000000000, -1.450000000000000000 ) ) ;
#574 = CARTESIAN_POINT ( 'NONE',  ( 1.379999999999999900, -5.000000000000000000, 0.2000000000000000100 ) ) ;
#575 = FACE_OUTER_BOUND ( 'NONE', #1443, .T. ) ;
#576 = PLANE ( 'NONE',  #577 ) ;
#577 = AXIS2_PLACEMENT_3D ( 'NONE', #578, #579, #580 ) ;
#578 = CARTESIAN_POINT ( 'NONE',  ( 11.73462308223689900, 4.999615750054180000, -1.496396464756842000 ) ) ;
#579 = DIRECTION ( 'NONE',  ( 0.03227364060312240500, 0.0000000000000000000, -0.9994790703772743500 ) ) ;
#580 = DIRECTION ( 'NONE',  ( -0.9994790703772743500, 0.0000000000000000000, -0.03227364060312240500 ) ) ;
#581 = ORIENTED_EDGE ( 'NONE', *, *, #1407, .T. ) ;
#582 = VERTEX_POINT ( 'NONE', #234 ) ;
#583 = ORIENTED_EDGE ( 'NONE', *, *, #141, .T. ) ;
#584 = ORIENTED_EDGE ( 'NONE', *, *, #926, .T. ) ;
#585 = CARTESIAN_POINT ( 'NONE',  ( 3.149999999999999900, -1.500000000000000000, -2.899999999999999900 ) ) ;
#586 = LINE ( 'NONE', #587, #588 ) ;
#587 = CARTESIAN_POINT ( 'NONE',  ( -3.700000000000000200, -5.000000000000000000, 0.2000000000000000100 ) ) ;
#588 = VECTOR ( 'NONE', #589, 1000.000000000000000 ) ;
#589 = DIRECTION ( 'NONE',  ( 1.084202172485502100E-015, 0.0000000000000000000, -1.000000000000000000 ) ) ;
#590 = LINE ( 'NONE', #591, #592 ) ;
#591 = CARTESIAN_POINT ( 'NONE',  ( -0.1912031324095235000, 0.3924181261492215000, 1.881486898918219900 ) ) ;
#592 = VECTOR ( 'NONE', #593, 999.9999999999998900 ) ;
#593 = DIRECTION ( 'NONE',  ( 0.9312698806429332600, 0.3630869541646646300, -0.03007113437706865700 ) ) ;
#594 = LINE ( 'NONE', #595, #596 ) ;
#595 = CARTESIAN_POINT ( 'NONE',  ( 3.149999999999999900, 5.000000000000000000, 2.899999999999999900 ) ) ;
#596 = VECTOR ( 'NONE', #597, 1000.000000000000000 ) ;
#597 = DIRECTION ( 'NONE',  ( 0.0000000000000000000, 1.000000000000000000, 0.0000000000000000000 ) ) ;
#598 = LINE ( 'NONE', #599, #600 ) ;
#599 = CARTESIAN_POINT ( 'NONE',  ( 1.379999999999999900, -1.500000000000000000, 0.2000000000000000100 ) ) ;
#600 = VECTOR ( 'NONE', #602, 1000.000000000000000 ) ;
#601 = VERTEX_POINT ( 'NONE', #235 ) ;
#602 = DIRECTION ( 'NONE',  ( -1.000000000000000000, 0.0000000000000000000, 0.0000000000000000000 ) ) ;
#603 = LINE ( 'NONE', #604, #605 ) ;
#604 = CARTESIAN_POINT ( 'NONE',  ( -3.700000000000000200, -1.500000000000000000, -0.2000000000000000100 ) ) ;
#605 = VECTOR ( 'NONE', #606, 1000.000000000000000 ) ;
#606 = DIRECTION ( 'NONE',  ( 1.000000000000000000, 0.0000000000000000000, 0.0000000000000000000 ) ) ;
#607 = FACE_OUTER_BOUND ( 'NONE', #20, .T. ) ;
#608 = CYLINDRICAL_SURFACE ( 'NONE', #609, 1.100000000000000300 ) ;
#609 = AXIS2_PLACEMENT_3D ( 'NONE', #610, #611, #612 ) ;
#610 = CARTESIAN_POINT ( 'NONE',  ( -6.500000000000000000, 0.0000000000000000000, 2.899999999999999900 ) ) ;
#611 = DIRECTION ( 'NONE',  ( 0.0000000000000000000, 0.0000000000000000000, -1.000000000000000000 ) ) ;
#612 = DIRECTION ( 'NONE',  ( -1.000000000000000000, 0.0000000000000000000, 0.0000000000000000000 ) ) ;
#613 = LINE ( 'NONE', #614, #615 ) ;
#614 = CARTESIAN_POINT ( 'NONE',  ( -3.700000000000000200, -5.000000000000000000, 0.2000000000000000100 ) ) ;
#615 = VECTOR ( 'NONE', #616, 1000.000000000000000 ) ;
#616 = DIRECTION ( 'NONE',  ( -1.000000000000000000, 0.0000000000000000000, 0.0000000000000000000 ) ) ;
#617 = CARTESIAN_POINT ( 'NONE',  ( 11.62564771309499900, 4.999615750054180000, 1.499915329736126100 ) ) ;
#618 = EDGE_CURVE ( 'NONE', #24, #1331, #236, .T. ) ;
#619 = CARTESIAN_POINT ( 'NONE',  ( -7.599999999999999600, 0.0000000000000000000, -2.899999999999999900 ) ) ;
#620 = LINE ( 'NONE', #621, #622 ) ;
#621 = CARTESIAN_POINT ( 'NONE',  ( -3.700000000000000200, -5.000000000000000000, -0.2000000000000000100 ) ) ;
#622 = VECTOR ( 'NONE', #623, 1000.000000000000000 ) ;
#623 = DIRECTION ( 'NONE',  ( 1.000000000000000000, 0.0000000000000000000, 0.0000000000000000000 ) ) ;
#624 = FACE_BOUND ( 'NONE', #943, .T. ) ;
#625 = FACE_OUTER_BOUND ( 'NONE', #1319, .T. ) ;
#626 = FACE_BOUND ( 'NONE', #211, .T. ) ;
#627 = FACE_BOUND ( 'NONE', #400, .T. ) ;
#628 = PLANE ( 'NONE',  #629 ) ;
#629 = AXIS2_PLACEMENT_3D ( 'NONE', #630, #631, #632 ) ;
#630 = CARTESIAN_POINT ( 'NONE',  ( -9.650000000000000400, -1.500000000000000000, 2.899999999999999900 ) ) ;
#631 = DIRECTION ( 'NONE',  ( 1.694065894508599800E-017, 1.000000000000000000, 0.0000000000000000000 ) ) ;
#632 = DIRECTION ( 'NONE',  ( -1.000000000000000000, 1.694065894508599800E-017, 0.0000000000000000000 ) ) ;
#633 = LINE ( 'NONE', #634, #635 ) ;
#634 = CARTESIAN_POINT ( 'NONE',  ( -7.879999999999999900, -1.500000000000000000, -0.2000000000000000100 ) ) ;
#635 = VECTOR ( 'NONE', #636, 1000.000000000000000 ) ;
#636 = DIRECTION ( 'NONE',  ( 1.000000000000000000, 0.0000000000000000000, 0.0000000000000000000 ) ) ;
#637 = LINE ( 'NONE', #638, #639 ) ;
#638 = CARTESIAN_POINT ( 'NONE',  ( -0.2999999999999999900, 0.3499999999999999800, -2.000000000000000000 ) ) ;
#639 = VECTOR ( 'NONE', #640, 1000.000000000000000 ) ;
#640 = DIRECTION ( 'NONE',  ( 0.0000000000000000000, 0.0000000000000000000, 1.000000000000000000 ) ) ;
#641 = LINE ( 'NONE', #642, #643 ) ;
#642 = CARTESIAN_POINT ( 'NONE',  ( 11.73462308223689900, 0.0000000000000000000, 1.496396464756842000 ) ) ;
#643 = VECTOR ( 'NONE', #644, 999.9999999999998900 ) ;
#644 = DIRECTION ( 'NONE',  ( -0.9994790703772744600, 0.0000000000000000000, 0.03227364060312236400 ) ) ;
#645 = CIRCLE ( 'NONE', #646, 1.100000000000000300 ) ;
#646 = AXIS2_PLACEMENT_3D ( 'NONE', #647, #648, #649 ) ;
#647 = CARTESIAN_POINT ( 'NONE',  ( -6.500000000000000000, 0.0000000000000000000, 2.899999999999999900 ) ) ;
#648 = DIRECTION ( 'NONE',  ( 0.0000000000000000000, 0.0000000000000000000, -1.000000000000000000 ) ) ;
#649 = DIRECTION ( 'NONE',  ( -1.000000000000000000, 0.0000000000000000000, 0.0000000000000000000 ) ) ;
#650 = FACE_OUTER_BOUND ( 'NONE', #108, .T. ) ;
#651 = ORIENTED_EDGE ( 'NONE', *, *, #130, .T. ) ;
#652 = ORIENTED_EDGE ( 'NONE', *, *, #350, .F. ) ;
#653 = CYLINDRICAL_SURFACE ( 'NONE', #654, 1.000000000000000000 ) ;
#654 = AXIS2_PLACEMENT_3D ( 'NONE', #655, #656, #657 ) ;
#655 = CARTESIAN_POINT ( 'NONE',  ( 0.0000000000000000000, 0.0000000000000000000, 2.899999999999999900 ) ) ;
#656 = DIRECTION ( 'NONE',  ( 0.0000000000000000000, 0.0000000000000000000, -1.000000000000000000 ) ) ;
#657 = DIRECTION ( 'NONE',  ( -1.000000000000000000, 0.0000000000000000000, 0.0000000000000000000 ) ) ;
#658 = CARTESIAN_POINT ( 'NONE',  ( 3.469446951953615000E-015, 0.0000000000000000000, 1.875312861501660100 ) ) ;
#659 = CARTESIAN_POINT ( 'NONE',  ( -6.041742430504420700, 1.000000000000000000, 2.899999999999999900 ) ) ;
#660 = FACE_OUTER_BOUND ( 'NONE', #882, .T. ) ;
#661 = PLANE ( 'NONE',  #662 ) ;
#662 = AXIS2_PLACEMENT_3D ( 'NONE', #663, #664, #665 ) ;
#663 = CARTESIAN_POINT ( 'NONE',  ( 1.379999999999999900, -5.000000000000000000, 0.2000000000000000100 ) ) ;
#664 = DIRECTION ( 'NONE',  ( 1.000000000000000000, -1.694065894508599800E-017, 0.0000000000000000000 ) ) ;
#665 = DIRECTION ( 'NONE',  ( 1.694065894508599800E-017, 1.000000000000000000, 0.0000000000000000000 ) ) ;
#666 = CARTESIAN_POINT ( 'NONE',  ( -9.650000000000000400, 5.000000000000000000, -2.899999999999999900 ) ) ;
#667 = LINE ( 'NONE', #668, #671 ) ;
#668 = CARTESIAN_POINT ( 'NONE',  ( -9.650000000000000400, -1.500000000000000000, 2.899999999999999900 ) ) ;
#669 = ORIENTED_EDGE ( 'NONE', *, *, #794, .F. ) ;
#670 = EDGE_LOOP ( 'NONE', ( #1303, #277, #924, #139 ) ) ;
#671 = VECTOR ( 'NONE', #672, 1000.000000000000000 ) ;
#672 = DIRECTION ( 'NONE',  ( 1.000000000000000000, -1.694065894508599800E-017, 0.0000000000000000000 ) ) ;
#673 = FACE_OUTER_BOUND ( 'NONE', #122, .T. ) ;
#674 = PLANE ( 'NONE',  #675 ) ;
#675 = AXIS2_PLACEMENT_3D ( 'NONE', #676, #677, #678 ) ;
#676 = CARTESIAN_POINT ( 'NONE',  ( 3.149999999999999900, 5.000000000000000000, 2.899999999999999900 ) ) ;
#677 = DIRECTION ( 'NONE',  ( -1.000000000000000000, 0.0000000000000000000, 0.0000000000000000000 ) ) ;
#678 = DIRECTION ( 'NONE',  ( 0.0000000000000000000, 0.0000000000000000000, 1.000000000000000000 ) ) ;
#679 = LINE ( 'NONE', #680, #681 ) ;
#680 = CARTESIAN_POINT ( 'NONE',  ( -1.000000000000000000, 0.0000000000000000000, 2.899999999999999900 ) ) ;
#681 = VECTOR ( 'NONE', #682, 1000.000000000000000 ) ;
#682 = DIRECTION ( 'NONE',  ( 0.0000000000000000000, 0.0000000000000000000, -1.000000000000000000 ) ) ;
#683 = LINE ( 'NONE', #684, #685 ) ;
#684 = CARTESIAN_POINT ( 'NONE',  ( -0.2999999999999999900, 4.999615750054180000, 1.885000000000000000 ) ) ;
#685 = VECTOR ( 'NONE', #686, 1000.000000000000000 ) ;
#686 = DIRECTION ( 'NONE',  ( 0.0000000000000000000, -1.000000000000000000, 0.0000000000000000000 ) ) ;
#687 = ADVANCED_FACE ( 'NONE', ( #255 ), #256, .T. ) ;
#688 = ORIENTED_EDGE ( 'NONE', *, *, #141, .F. ) ;
#689 = ADVANCED_FACE ( 'NONE', ( #267 ), #268, .F. ) ;
#690 = ORIENTED_EDGE ( 'NONE', *, *, #10, .F. ) ;
#691 = FACE_OUTER_BOUND ( 'NONE', #437, .T. ) ;
#692 = PLANE ( 'NONE',  #693 ) ;
#693 = AXIS2_PLACEMENT_3D ( 'NONE', #694, #695, #696 ) ;
#694 = CARTESIAN_POINT ( 'NONE',  ( 0.0000000000000000000, 0.0000000000000000000, -2.000000000000000000 ) ) ;
#695 = DIRECTION ( 'NONE',  ( 1.000000000000000000, 1.635988048695249700E-016, 0.0000000000000000000 ) ) ;
#696 = DIRECTION ( 'NONE',  ( -1.635988048695249700E-016, 1.000000000000000000, 0.0000000000000000000 ) ) ;
#697 = LINE ( 'NONE', #698, #699 ) ;
#698 = CARTESIAN_POINT ( 'NONE',  ( -7.879999999999999900, -5.000000000000000000, 0.2000000000000000100 ) ) ;
#699 = VECTOR ( 'NONE', #700, 1000.000000000000000 ) ;
#700 = DIRECTION ( 'NONE',  ( 0.0000000000000000000, 0.0000000000000000000, 1.000000000000000000 ) ) ;
#701 = CARTESIAN_POINT ( 'NONE',  ( -2.799999999999999800, -5.000000000000000000, -0.2000000000000000100 ) ) ;
#702 = FACE_OUTER_BOUND ( 'NONE', #65, .T. ) ;
#703 = PLANE ( 'NONE',  #704 ) ;
#704 = AXIS2_PLACEMENT_3D ( 'NONE', #705, #706, #709 ) ;
#705 = CARTESIAN_POINT ( 'NONE',  ( -3.700000000000000200, -5.000000000000000000, 0.2000000000000000100 ) ) ;
#706 = DIRECTION ( 'NONE',  ( 0.0000000000000000000, 0.0000000000000000000, -1.000000000000000000 ) ) ;
#707 = ORIENTED_EDGE ( 'NONE', *, *, #1191, .T. ) ;
#708 = ORIENTED_EDGE ( 'NONE', *, *, #57, .F. ) ;
#709 = DIRECTION ( 'NONE',  ( -1.000000000000000000, 0.0000000000000000000, 0.0000000000000000000 ) ) ;
#710 = LINE ( 'NONE', #711, #712 ) ;
#711 = CARTESIAN_POINT ( 'NONE',  ( 11.73462308223689900, 4.720108381778519700, -2.000000000000000000 ) ) ;
#712 = VECTOR ( 'NONE', #713, 1000.000000000000000 ) ;
#713 = DIRECTION ( 'NONE',  ( 0.0000000000000000000, 0.0000000000000000000, 1.000000000000000000 ) ) ;
#714 = FACE_OUTER_BOUND ( 'NONE', #41, .T. ) ;
#715 = PLANE ( 'NONE',  #716 ) ;
#716 = AXIS2_PLACEMENT_3D ( 'NONE', #717, #718, #719 ) ;
#717 = CARTESIAN_POINT ( 'NONE',  ( -5.200000000000000200, 4.864041423576931100, 1.450000000000000000 ) ) ;
#718 = DIRECTION ( 'NONE',  ( 0.0000000000000000000, 0.0000000000000000000, -1.000000000000000000 ) ) ;
#719 = DIRECTION ( 'NONE',  ( -1.000000000000000000, 0.0000000000000000000, 0.0000000000000000000 ) ) ;
#720 = LINE ( 'NONE', #721, #722 ) ;
#721 = CARTESIAN_POINT ( 'NONE',  ( -9.650000000000000400, 5.000000000000000000, 2.899999999999999900 ) ) ;
#722 = VECTOR ( 'NONE', #723, 1000.000000000000000 ) ;
#723 = DIRECTION ( 'NONE',  ( 0.0000000000000000000, -1.000000000000000000, 0.0000000000000000000 ) ) ;
#724 = LINE ( 'NONE', #726, #727 ) ;
#725 = EDGE_CURVE ( 'NONE', #1311, #164, #280, .T. ) ;
#726 = CARTESIAN_POINT ( 'NONE',  ( -6.041742430504420700, 1.000000000000000000, 2.899999999999999900 ) ) ;
#727 = VECTOR ( 'NONE', #728, 1000.000000000000000 ) ;
#728 = DIRECTION ( 'NONE',  ( 0.0000000000000000000, 0.0000000000000000000, -1.000000000000000000 ) ) ;
#729 = CARTESIAN_POINT ( 'NONE',  ( -5.784393074477290700, 5.000000000000000000, 1.450000000000000000 ) ) ;
#730 = LINE ( 'NONE', #731, #732 ) ;
#731 = CARTESIAN_POINT ( 'NONE',  ( -4.615606925522720300, 5.000000000000000000, 1.450000000000000000 ) ) ;
#732 = VECTOR ( 'NONE', #733, 1000.000000000000000 ) ;
#733 = DIRECTION ( 'NONE',  ( 0.0000000000000000000, 0.0000000000000000000, -1.000000000000000000 ) ) ;
#734 = CARTESIAN_POINT ( 'NONE',  ( -6.041742430504420700, -1.000000000000000000, 2.899999999999999900 ) ) ;
#735 = CARTESIAN_POINT ( 'NONE',  ( -6.958257569495580200, 1.000000000000000000, -2.899999999999999900 ) ) ;
#736 = CARTESIAN_POINT ( 'NONE',  ( -4.615606925522720300, 5.000000000000000000, 1.450000000000000000 ) ) ;
#737 = FACE_OUTER_BOUND ( 'NONE', #82, .T. ) ;
#738 = PLANE ( 'NONE',  #739 ) ;
#739 = AXIS2_PLACEMENT_3D ( 'NONE', #740, #741, #743 ) ;
#740 = CARTESIAN_POINT ( 'NONE',  ( -7.879999999999999900, -5.000000000000000000, 0.2000000000000000100 ) ) ;
#741 = DIRECTION ( 'NONE',  ( 0.0000000000000000000, 0.0000000000000000000, -1.000000000000000000 ) ) ;
#742 = ORIENTED_EDGE ( 'NONE', *, *, #926, .F. ) ;
#743 = DIRECTION ( 'NONE',  ( -1.000000000000000000, 0.0000000000000000000, 0.0000000000000000000 ) ) ;
#744 = LINE ( 'NONE', #745, #746 ) ;
#745 = CARTESIAN_POINT ( 'NONE',  ( -6.041742430504420700, -1.000000000000000000, 2.899999999999999900 ) ) ;
#746 = VECTOR ( 'NONE', #747, 1000.000000000000000 ) ;
#747 = DIRECTION ( 'NONE',  ( 0.0000000000000000000, 0.0000000000000000000, -1.000000000000000000 ) ) ;
#748 = CARTESIAN_POINT ( 'NONE',  ( -1.000000000000000000, 0.0000000000000000000, 2.899999999999999900 ) ) ;
#749 = CARTESIAN_POINT ( 'NONE',  ( -7.599999999999999600, 0.0000000000000000000, 2.899999999999999900 ) ) ;
#750 = FACE_OUTER_BOUND ( 'NONE', #1397, .T. ) ;
#751 = PLANE ( 'NONE',  #752 ) ;
#752 = AXIS2_PLACEMENT_3D ( 'NONE', #753, #754, #755 ) ;
#753 = CARTESIAN_POINT ( 'NONE',  ( -8.779999999999999400, -5.000000000000000000, 0.2000000000000000100 ) ) ;
#754 = DIRECTION ( 'NONE',  ( 1.000000000000000000, -1.694065894508599800E-017, 4.336808689942025600E-015 ) ) ;
#755 = DIRECTION ( 'NONE',  ( 4.336808689942025600E-015, 0.0000000000000000000, -1.000000000000000000 ) ) ;
#756 = LINE ( 'NONE', #757, #758 ) ;
#757 = CARTESIAN_POINT ( 'NONE',  ( 1.379999999999999900, -5.000000000000000000, 0.2000000000000000100 ) ) ;
#758 = VECTOR ( 'NONE', #760, 1000.000000000000000 ) ;
#759 = EDGE_LOOP ( 'NONE', ( #1375, #1, #23, #1388 ) ) ;
#760 = DIRECTION ( 'NONE',  ( -1.000000000000000000, 0.0000000000000000000, 0.0000000000000000000 ) ) ;
#761 = LINE ( 'NONE', #762, #763 ) ;
#762 = CARTESIAN_POINT ( 'NONE',  ( -9.650000000000000400, 5.000000000000000000, -2.899999999999999900 ) ) ;
#763 = VECTOR ( 'NONE', #764, 1000.000000000000000 ) ;
#764 = DIRECTION ( 'NONE',  ( 0.0000000000000000000, -1.000000000000000000, 0.0000000000000000000 ) ) ;
#765 = LINE ( 'NONE', #766, #767 ) ;
#766 = CARTESIAN_POINT ( 'NONE',  ( -7.879999999999999900, -1.500000000000000000, 0.2000000000000000100 ) ) ;
#767 = VECTOR ( 'NONE', #768, 1000.000000000000000 ) ;
#768 = DIRECTION ( 'NONE',  ( 0.0000000000000000000, 0.0000000000000000000, 1.000000000000000000 ) ) ;
#769 = LINE ( 'NONE', #770, #771 ) ;
#770 = CARTESIAN_POINT ( 'NONE',  ( 1.379999999999999900, -1.500000000000000000, -0.2000000000000000100 ) ) ;
#771 = VECTOR ( 'NONE', #772, 1000.000000000000000 ) ;
#772 = DIRECTION ( 'NONE',  ( 1.000000000000000000, 0.0000000000000000000, 0.0000000000000000000 ) ) ;
#773 = CIRCLE ( 'NONE', #774, 0.5999999999999998700 ) ;
#774 = AXIS2_PLACEMENT_3D ( 'NONE', #775, #777, #778 ) ;
#775 = CARTESIAN_POINT ( 'NONE',  ( -5.200000000000000200, 4.864041423576931100, 1.450000000000000000 ) ) ;
#776 = ORIENTED_EDGE ( 'NONE', *, *, #881, .T. ) ;
#777 = DIRECTION ( 'NONE',  ( 0.0000000000000000000, 0.0000000000000000000, 1.000000000000000000 ) ) ;
#778 = DIRECTION ( 'NONE',  ( -1.000000000000000000, 0.0000000000000000000, 0.0000000000000000000 ) ) ;
#779 = LINE ( 'NONE', #780, #781 ) ;
#780 = CARTESIAN_POINT ( 'NONE',  ( -3.700000000000000200, -1.500000000000000000, 0.2000000000000000100 ) ) ;
#781 = VECTOR ( 'NONE', #782, 1000.000000000000000 ) ;
#782 = DIRECTION ( 'NONE',  ( -1.000000000000000000, 0.0000000000000000000, 0.0000000000000000000 ) ) ;
#783 = CARTESIAN_POINT ( 'NONE',  ( 3.149999999999999900, 5.000000000000000000, -2.899999999999999900 ) ) ;
#784 = CIRCLE ( 'NONE', #785, 1.100000000000000300 ) ;
#785 = AXIS2_PLACEMENT_3D ( 'NONE', #786, #787, #788 ) ;
#786 = CARTESIAN_POINT ( 'NONE',  ( -6.500000000000000000, 0.0000000000000000000, -2.899999999999999900 ) ) ;
#787 = DIRECTION ( 'NONE',  ( 0.0000000000000000000, 0.0000000000000000000, -1.000000000000000000 ) ) ;
#788 = DIRECTION ( 'NONE',  ( -1.000000000000000000, 0.0000000000000000000, 0.0000000000000000000 ) ) ;
#789 = CARTESIAN_POINT ( 'NONE',  ( 11.62564771309499900, 4.999615750054180000, -1.499915329736126100 ) ) ;
#790 = LINE ( 'NONE', #791, #792 ) ;
#791 = CARTESIAN_POINT ( 'NONE',  ( -9.650000000000000400, 5.000000000000000000, -2.899999999999999900 ) ) ;
#792 = VECTOR ( 'NONE', #796, 1000.000000000000000 ) ;
#793 = ORIENTED_EDGE ( 'NONE', *, *, #1208, .T. ) ;
#794 = EDGE_CURVE ( 'NONE', #1307, #56, #303, .T. ) ;
#795 = ORIENTED_EDGE ( 'NONE', *, *, #96, .F. ) ;
#796 = DIRECTION ( 'NONE',  ( -1.000000000000000000, 0.0000000000000000000, 0.0000000000000000000 ) ) ;
#797 = CARTESIAN_POINT ( 'NONE',  ( -6.958257569495580200, 1.000000000000000000, 2.899999999999999900 ) ) ;
#798 = CARTESIAN_POINT ( 'NONE',  ( -6.958257569495580200, -1.000000000000000000, -2.899999999999999900 ) ) ;
#799 = FACE_OUTER_BOUND ( 'NONE', #1387, .T. ) ;
#800 = PLANE ( 'NONE',  #801 ) ;
#801 = AXIS2_PLACEMENT_3D ( 'NONE', #802, #803, #804 ) ;
#802 = CARTESIAN_POINT ( 'NONE',  ( -5.200000000000000200, 4.864041423576931100, -1.450000000000000000 ) ) ;
#803 = DIRECTION ( 'NONE',  ( 0.0000000000000000000, 0.0000000000000000000, -1.000000000000000000 ) ) ;
#804 = DIRECTION ( 'NONE',  ( -1.000000000000000000, 0.0000000000000000000, 0.0000000000000000000 ) ) ;
#805 = LINE ( 'NONE', #806, #807 ) ;
#806 = CARTESIAN_POINT ( 'NONE',  ( 3.149999999999999900, -1.500000000000000000, 2.899999999999999900 ) ) ;
#807 = VECTOR ( 'NONE', #808, 1000.000000000000000 ) ;
#808 = DIRECTION ( 'NONE',  ( 0.0000000000000000000, 0.0000000000000000000, -1.000000000000000000 ) ) ;
#809 = CARTESIAN_POINT ( 'NONE',  ( -0.2999999999999999900, 0.3499999999999999800, 1.885000000000000000 ) ) ;
#810 = LINE ( 'NONE', #811, #813 ) ;
#811 = CARTESIAN_POINT ( 'NONE',  ( -8.779999999999999400, -5.000000000000000000, -0.2000000000000000100 ) ) ;
#812 = VERTEX_POINT ( 'NONE', #313 ) ;
#813 = VECTOR ( 'NONE', #814, 1000.000000000000000 ) ;
#814 = DIRECTION ( 'NONE',  ( 1.694065894508599800E-017, 1.000000000000000000, 0.0000000000000000000 ) ) ;
#815 = LINE ( 'NONE', #816, #817 ) ;
#816 = CARTESIAN_POINT ( 'NONE',  ( -6.041742430504420700, -1.000000000000000000, -2.899999999999999900 ) ) ;
#817 = VECTOR ( 'NONE', #818, 1000.000000000000000 ) ;
#818 = DIRECTION ( 'NONE',  ( -1.000000000000000000, -2.365923106690660100E-016, 0.0000000000000000000 ) ) ;
#819 = CIRCLE ( 'NONE', #820, 1.100000000000000300 ) ;
#820 = AXIS2_PLACEMENT_3D ( 'NONE', #821, #822, #823 ) ;
#821 = CARTESIAN_POINT ( 'NONE',  ( -6.500000000000000000, 0.0000000000000000000, 2.899999999999999900 ) ) ;
#822 = DIRECTION ( 'NONE',  ( 0.0000000000000000000, 0.0000000000000000000, -1.000000000000000000 ) ) ;
#823 = DIRECTION ( 'NONE',  ( -1.000000000000000000, 0.0000000000000000000, 0.0000000000000000000 ) ) ;
#824 = CARTESIAN_POINT ( 'NONE',  ( -9.650000000000000400, 5.000000000000000000, 2.899999999999999900 ) ) ;
#825 = CARTESIAN_POINT ( 'NONE',  ( -8.779999999999999400, -1.500000000000000000, 0.2000000000000000100 ) ) ;
#826 = LINE ( 'NONE', #827, #828 ) ;
#827 = CARTESIAN_POINT ( 'NONE',  ( -8.779999999999999400, -1.500000000000000000, 0.2000000000000000100 ) ) ;
#828 = VECTOR ( 'NONE', #830, 1000.000000000000000 ) ;
#829 = EDGE_LOOP ( 'NONE', ( #1364, #137, #133, #688 ) ) ;
#830 = DIRECTION ( 'NONE',  ( 4.336808689942025600E-015, 0.0000000000000000000, -1.000000000000000000 ) ) ;
#831 = LINE ( 'NONE', #832, #833 ) ;
#832 = CARTESIAN_POINT ( 'NONE',  ( -2.799999999999999800, -5.000000000000000000, -0.2000000000000000100 ) ) ;
#833 = VECTOR ( 'NONE', #834, 1000.000000000000000 ) ;
#834 = DIRECTION ( 'NONE',  ( 1.694065894508599800E-017, 1.000000000000000000, 0.0000000000000000000 ) ) ;
#835 = LINE ( 'NONE', #836, #837 ) ;
#836 = CARTESIAN_POINT ( 'NONE',  ( 1.379999999999999900, -5.000000000000000000, -0.2000000000000000100 ) ) ;
#837 = VECTOR ( 'NONE', #838, 1000.000000000000000 ) ;
#838 = DIRECTION ( 'NONE',  ( 1.694065894508599800E-017, 1.000000000000000000, 0.0000000000000000000 ) ) ;
#839 = CARTESIAN_POINT ( 'NONE',  ( 3.149999999999999900, -1.500000000000000000, 2.899999999999999900 ) ) ;
#840 = CARTESIAN_POINT ( 'NONE',  ( -6.958257569495580200, -1.000000000000000000, 2.899999999999999900 ) ) ;
#841 = LINE ( 'NONE', #842, #843 ) ;
#842 = CARTESIAN_POINT ( 'NONE',  ( -3.700000000000000200, -5.000000000000000000, 0.2000000000000000100 ) ) ;
#843 = VECTOR ( 'NONE', #844, 1000.000000000000000 ) ;
#844 = DIRECTION ( 'NONE',  ( 1.694065894508599800E-017, 1.000000000000000000, 0.0000000000000000000 ) ) ;
#845 = CIRCLE ( 'NONE', #847, 0.5999999999999998700 ) ;
#846 = ORIENTED_EDGE ( 'NONE', *, *, #794, .T. ) ;
#847 = AXIS2_PLACEMENT_3D ( 'NONE', #848, #849, #850 ) ;
#848 = CARTESIAN_POINT ( 'NONE',  ( -5.200000000000000200, 4.864041423576931100, -1.450000000000000000 ) ) ;
#849 = DIRECTION ( 'NONE',  ( 0.0000000000000000000, 0.0000000000000000000, 1.000000000000000000 ) ) ;
#850 = DIRECTION ( 'NONE',  ( -1.000000000000000000, 0.0000000000000000000, 0.0000000000000000000 ) ) ;
#851 = LINE ( 'NONE', #852, #853 ) ;
#852 = CARTESIAN_POINT ( 'NONE',  ( 1.379999999999999900, -5.000000000000000000, 0.2000000000000000100 ) ) ;
#853 = VECTOR ( 'NONE', #854, 1000.000000000000000 ) ;
#854 = DIRECTION ( 'NONE',  ( 0.0000000000000000000, 0.0000000000000000000, -1.000000000000000000 ) ) ;
#855 = FACE_BOUND ( 'NONE', #1419, .T. ) ;
#856 = FACE_BOUND ( 'NONE', #47, .T. ) ;
#857 = FACE_OUTER_BOUND ( 'NONE', #829, .T. ) ;
#858 = PLANE ( 'NONE',  #859 ) ;
#859 = AXIS2_PLACEMENT_3D ( 'NONE', #860, #861, #862 ) ;
#860 = CARTESIAN_POINT ( 'NONE',  ( -9.650000000000000400, 5.000000000000000000, -2.899999999999999900 ) ) ;
#861 = DIRECTION ( 'NONE',  ( 0.0000000000000000000, 0.0000000000000000000, 1.000000000000000000 ) ) ;
#862 = DIRECTION ( 'NONE',  ( 1.000000000000000000, 0.0000000000000000000, 0.0000000000000000000 ) ) ;
#863 = VERTEX_POINT ( 'NONE', #326 ) ;
#864 = ADVANCED_FACE ( 'NONE', ( #336 ), #337, .F. ) ;
#865 = LINE ( 'NONE', #866, #867 ) ;
#866 = CARTESIAN_POINT ( 'NONE',  ( -3.700000000000000200, -5.000000000000000000, -0.2000000000000000100 ) ) ;
#867 = VECTOR ( 'NONE', #868, 1000.000000000000000 ) ;
#868 = DIRECTION ( 'NONE',  ( 1.694065894508599800E-017, 1.000000000000000000, 0.0000000000000000000 ) ) ;
#869 = LINE ( 'NONE', #870, #871 ) ;
#870 = CARTESIAN_POINT ( 'NONE',  ( -6.041742430504420700, 1.000000000000000000, -2.899999999999999900 ) ) ;
#871 = VECTOR ( 'NONE', #872, 1000.000000000000000 ) ;
#872 = DIRECTION ( 'NONE',  ( 1.000000000000000000, 0.0000000000000000000, 0.0000000000000000000 ) ) ;
#873 = CARTESIAN_POINT ( 'NONE',  ( -9.650000000000000400, -1.500000000000000000, -2.899999999999999900 ) ) ;
#874 = FACE_OUTER_BOUND ( 'NONE', #1347, .T. ) ;
#875 = PLANE ( 'NONE',  #876 ) ;
#876 = AXIS2_PLACEMENT_3D ( 'NONE', #877, #878, #879 ) ;
#877 = CARTESIAN_POINT ( 'NONE',  ( -2.371692252312040000E-017, 0.1449700231125490000, -2.000000000000000000 ) ) ;
#878 = DIRECTION ( 'NONE',  ( 0.3632512304729830200, -0.9316912275855471200, 0.0000000000000000000 ) ) ;
#879 = DIRECTION ( 'NONE',  ( 0.9316912275855471200, 0.3632512304729830200, 0.0000000000000000000 ) ) ;
#880 = LINE ( 'NONE', #885, #886 ) ;
#881 = EDGE_CURVE ( 'NONE', #85, #1398, #355, .T. ) ;
#882 = EDGE_LOOP ( 'NONE', ( #418, #103, #1296, #106 ) ) ;
#883 = ORIENTED_EDGE ( 'NONE', *, *, #1391, .F. ) ;
#884 = EDGE_CURVE ( 'NONE', #29, #72, #359, .T. ) ;
#885 = CARTESIAN_POINT ( 'NONE',  ( 1.000000000000000000, 1.224606353822377300E-016, 2.899999999999999900 ) ) ;
#886 = VECTOR ( 'NONE', #887, 1000.000000000000000 ) ;
#887 = DIRECTION ( 'NONE',  ( 0.0000000000000000000, 0.0000000000000000000, -1.000000000000000000 ) ) ;
#888 = CARTESIAN_POINT ( 'NONE',  ( 2.279999999999999800, -1.500000000000000000, -0.2000000000000000100 ) ) ;
#889 = LINE ( 'NONE', #890, #891 ) ;
#890 = CARTESIAN_POINT ( 'NONE',  ( -8.779999999999999400, -5.000000000000000000, 0.2000000000000000100 ) ) ;
#891 = VECTOR ( 'NONE', #892, 1000.000000000000000 ) ;
#892 = DIRECTION ( 'NONE',  ( 4.336808689942025600E-015, 0.0000000000000000000, -1.000000000000000000 ) ) ;
#893 = LINE ( 'NONE', #894, #895 ) ;
#894 = CARTESIAN_POINT ( 'NONE',  ( 3.149999999999999900, 5.000000000000000000, 2.899999999999999900 ) ) ;
#895 = VECTOR ( 'NONE', #896, 1000.000000000000000 ) ;
#896 = DIRECTION ( 'NONE',  ( 0.0000000000000000000, 0.0000000000000000000, -1.000000000000000000 ) ) ;
#897 = FACE_OUTER_BOUND ( 'NONE', #129, .T. ) ;
#898 = PLANE ( 'NONE',  #899 ) ;
#899 = AXIS2_PLACEMENT_3D ( 'NONE', #900, #907, #908 ) ;
#900 = CARTESIAN_POINT ( 'NONE',  ( 1.379999999999999900, -5.000000000000000000, -0.2000000000000000100 ) ) ;
#901 = ORIENTED_EDGE ( 'NONE', *, *, #1172, .T. ) ;
#902 = EDGE_CURVE ( 'NONE', #1225, #1386, #368, .T. ) ;
#903 = VERTEX_POINT ( 'NONE', #372 ) ;
#904 = ORIENTED_EDGE ( 'NONE', *, *, #1339, .F. ) ;
#905 = ORIENTED_EDGE ( 'NONE', *, *, #438, .T. ) ;
#906 = ORIENTED_EDGE ( 'NONE', *, *, #162, .T. ) ;
#907 = DIRECTION ( 'NONE',  ( 0.0000000000000000000, 0.0000000000000000000, 1.000000000000000000 ) ) ;
#908 = DIRECTION ( 'NONE',  ( 1.000000000000000000, 0.0000000000000000000, 0.0000000000000000000 ) ) ;
#909 = LINE ( 'NONE', #910, #911 ) ;
#910 = CARTESIAN_POINT ( 'NONE',  ( -9.650000000000000400, -1.500000000000000000, 2.899999999999999900 ) ) ;
#911 = VECTOR ( 'NONE', #912, 1000.000000000000000 ) ;
#912 = DIRECTION ( 'NONE',  ( 0.0000000000000000000, 0.0000000000000000000, -1.000000000000000000 ) ) ;
#913 = LINE ( 'NONE', #914, #915 ) ;
#914 = CARTESIAN_POINT ( 'NONE',  ( -6.958257569495580200, 1.000000000000000000, 2.899999999999999900 ) ) ;
#915 = VECTOR ( 'NONE', #916, 1000.000000000000000 ) ;
#916 = DIRECTION ( 'NONE',  ( 0.0000000000000000000, 0.0000000000000000000, -1.000000000000000000 ) ) ;
#917 = CARTESIAN_POINT ( 'NONE',  ( 3.149999999999999900, 5.000000000000000000, 2.899999999999999900 ) ) ;
#918 = LINE ( 'NONE', #919, #920 ) ;
#919 = CARTESIAN_POINT ( 'NONE',  ( -7.879999999999999900, -5.000000000000000000, -0.2000000000000000100 ) ) ;
#920 = VECTOR ( 'NONE', #921, 1000.000000000000000 ) ;
#921 = DIRECTION ( 'NONE',  ( 1.694065894508599800E-017, 1.000000000000000000, 0.0000000000000000000 ) ) ;
#922 = LINE ( 'NONE', #927, #928 ) ;
#923 = ORIENTED_EDGE ( 'NONE', *, *, #1431, .T. ) ;
#924 = ORIENTED_EDGE ( 'NONE', *, *, #117, .T. ) ;
#925 = EDGE_CURVE ( 'NONE', #149, #24, #378, .T. ) ;
#926 = EDGE_CURVE ( 'NONE', #982, #58, #382, .T. ) ;
#927 = CARTESIAN_POINT ( 'NONE',  ( -5.784393074477290700, 5.000000000000000000, 1.450000000000000000 ) ) ;
#928 = VECTOR ( 'NONE', #929, 1000.000000000000000 ) ;
#929 = DIRECTION ( 'NONE',  ( 1.000000000000000000, 0.0000000000000000000, 0.0000000000000000000 ) ) ;
#930 = CARTESIAN_POINT ( 'NONE',  ( -4.615606925522720300, 5.000000000000000000, -1.450000000000000000 ) ) ;
#931 = LINE ( 'NONE', #932, #933 ) ;
#932 = CARTESIAN_POINT ( 'NONE',  ( 2.279999999999999800, -5.000000000000000000, 0.2000000000000000100 ) ) ;
#933 = VECTOR ( 'NONE', #934, 1000.000000000000000 ) ;
#934 = DIRECTION ( 'NONE',  ( -2.168404344971000200E-015, 0.0000000000000000000, 1.000000000000000000 ) ) ;
#935 = CARTESIAN_POINT ( 'NONE',  ( 1.379999999999999900, -1.500000000000000000, 0.2000000000000000100 ) ) ;
#936 =( LENGTH_UNIT ( ) NAMED_UNIT ( * ) SI_UNIT ( .MILLI., .METRE. ) );
#937 =( NAMED_UNIT ( * ) PLANE_ANGLE_UNIT ( ) SI_UNIT ( $, .RADIAN. ) );
#938 =( NAMED_UNIT ( * ) SI_UNIT ( $, .STERADIAN. ) SOLID_ANGLE_UNIT ( ) );
#939 = UNCERTAINTY_MEASURE_WITH_UNIT (LENGTH_MEASURE( 1.000000000000000100E-005 ), #936, 'distance_accuracy_value', 'NONE');
#940 =( GEOMETRIC_REPRESENTATION_CONTEXT ( 3 ) GLOBAL_UNCERTAINTY_ASSIGNED_CONTEXT ( ( #939 ) ) GLOBAL_UNIT_ASSIGNED_CONTEXT ( ( #936, #937, #938 ) ) REPRESENTATION_CONTEXT ( 'NONE', 'WORKASPACE' ) );
#941 = ADVANCED_BREP_SHAPE_REPRESENTATION ( '', ( #118, #942 ), #940 ) ;
#942 = AXIS2_PLACEMENT_3D ( 'NONE', #946, #947, #948 ) ;
#943 = EDGE_LOOP ( 'NONE', ( #1401, #8, #1171, #1444 ) ) ;
#944 = EDGE_CURVE ( 'NONE', #1346, #138, #387, .T. ) ;
#945 = ORIENTED_EDGE ( 'NONE', *, *, #1297, .F. ) ;
#946 = CARTESIAN_POINT ( 'NONE',  ( 0.0000000000000000000, 0.0000000000000000000, 0.0000000000000000000 ) ) ;
#947 = DIRECTION ( 'NONE',  ( 0.0000000000000000000, 0.0000000000000000000, 1.000000000000000000 ) ) ;
#948 = DIRECTION ( 'NONE',  ( 1.000000000000000000, 0.0000000000000000000, 0.0000000000000000000 ) ) ;
#949 = SHAPE_REPRESENTATION ( 'D2F_01L_BASE', ( #942 ), #940 ) ;
#950 = SHAPE_REPRESENTATION_RELATIONSHIP ( 'NONE' , 'NONE' ,  #949, #941 ) ;
#951 =( LENGTH_UNIT ( ) NAMED_UNIT ( * ) SI_UNIT ( .MILLI., .METRE. ) );
#952 =( NAMED_UNIT ( * ) PLANE_ANGLE_UNIT ( ) SI_UNIT ( $, .RADIAN. ) );
#953 =( NAMED_UNIT ( * ) SI_UNIT ( $, .STERADIAN. ) SOLID_ANGLE_UNIT ( ) );
#954 = UNCERTAINTY_MEASURE_WITH_UNIT (LENGTH_MEASURE( 1.000000000000000100E-005 ), #951, 'distance_accuracy_value', 'NONE');
#955 =( GEOMETRIC_REPRESENTATION_CONTEXT ( 3 ) GLOBAL_UNCERTAINTY_ASSIGNED_CONTEXT ( ( #954 ) ) GLOBAL_UNIT_ASSIGNED_CONTEXT ( ( #951, #952, #953 ) ) REPRESENTATION_CONTEXT ( 'NONE', 'WORKASPACE' ) );
#956 = ADVANCED_BREP_SHAPE_REPRESENTATION ( '', ( #349, #942 ), #955 ) ;
#957 = SHAPE_REPRESENTATION ( 'D2F_01L_ACTUATOR', ( #942 ), #955 ) ;
#958 = SHAPE_REPRESENTATION_RELATIONSHIP ( 'NONE' , 'NONE' ,  #957, #956 ) ;
#959 = SHAPE_REPRESENTATION ( 'D2F_01L', ( #980, #967, #971 ), #979 ) ;
#960 = AXIS2_PLACEMENT_3D ( 'NONE', #961, #965, #966 ) ;
#961 = CARTESIAN_POINT ( 'NONE',  ( 0.0000000000000000000, 0.0000000000000000000, 0.0000000000000000000 ) ) ;
#962 = ADVANCED_FACE ( 'NONE', ( #396 ), #397, .F. ) ;
#963 = ORIENTED_EDGE ( 'NONE', *, *, #62, .F. ) ;
#964 = EDGE_CURVE ( 'NONE', #1417, #56, #409, .T. ) ;
#965 = DIRECTION ( 'NONE',  ( 0.0000000000000000000, 0.0000000000000000000, 1.000000000000000000 ) ) ;
#966 = DIRECTION ( 'NONE',  ( 1.000000000000000000, 0.0000000000000000000, 0.0000000000000000000 ) ) ;
#967 = AXIS2_PLACEMENT_3D ( 'NONE', #968, #969, #970 ) ;
#968 = CARTESIAN_POINT ( 'NONE',  ( 0.0000000000000000000, 0.0000000000000000000, 0.0000000000000000000 ) ) ;
#969 = DIRECTION ( 'NONE',  ( 0.0000000000000000000, 0.0000000000000000000, 1.000000000000000000 ) ) ;
#970 = DIRECTION ( 'NONE',  ( 1.000000000000000000, 0.0000000000000000000, 0.0000000000000000000 ) ) ;
#971 = AXIS2_PLACEMENT_3D ( 'NONE', #972, #973, #974 ) ;
#972 = CARTESIAN_POINT ( 'NONE',  ( -8.250000000000014200, 4.999999999999999100, -1.630108711755699700E-017 ) ) ;
#973 = DIRECTION ( 'NONE',  ( -3.071242232289206700E-016, 7.445235410406959400E-017, 1.000000000000000000 ) ) ;
#974 = DIRECTION ( 'NONE',  ( 0.9999999994537776000, 3.305215212140443700E-005, 3.071217622506313800E-016 ) ) ;
#975 =( LENGTH_UNIT ( ) NAMED_UNIT ( * ) SI_UNIT ( .MILLI., .METRE. ) );
#976 =( NAMED_UNIT ( * ) PLANE_ANGLE_UNIT ( ) SI_UNIT ( $, .RADIAN. ) );
#977 =( NAMED_UNIT ( * ) SI_UNIT ( $, .STERADIAN. ) SOLID_ANGLE_UNIT ( ) );
#978 = UNCERTAINTY_MEASURE_WITH_UNIT (LENGTH_MEASURE( 1.000000000000000100E-005 ), #975, 'distance_accuracy_value', 'NONE');
#979 =( GEOMETRIC_REPRESENTATION_CONTEXT ( 3 ) GLOBAL_UNCERTAINTY_ASSIGNED_CONTEXT ( ( #978 ) ) GLOBAL_UNIT_ASSIGNED_CONTEXT ( ( #975, #976, #977 ) ) REPRESENTATION_CONTEXT ( 'NONE', 'WORKASPACE' ) );
#980 = AXIS2_PLACEMENT_3D ( 'NONE', #984, #985, #986 ) ;
#981 = EDGE_LOOP ( 'NONE', ( #1374, #74, #115, #1368 ) ) ;
#982 = VERTEX_POINT ( 'NONE', #414 ) ;
#983 = ORIENTED_EDGE ( 'NONE', *, *, #121, .F. ) ;
#984 = CARTESIAN_POINT ( 'NONE',  ( 0.0000000000000000000, 0.0000000000000000000, 0.0000000000000000000 ) ) ;
#985 = DIRECTION ( 'NONE',  ( 0.0000000000000000000, 0.0000000000000000000, 1.000000000000000000 ) ) ;
#986 = DIRECTION ( 'NONE',  ( 1.000000000000000000, 0.0000000000000000000, 0.0000000000000000000 ) ) ;
#987 = APPLICATION_CONTEXT ( 'configuration controlled 3d designs of mechanical parts and assemblies' ) ;
#988 = APPLICATION_PROTOCOL_DEFINITION ( 'international standard', 'config_control_design', 1994, #987 ) ;
#989 = MECHANICAL_CONTEXT ( 'NONE', #987, 'mechanical' ) ;
#990 = PRODUCT ( 'D2F_01L', 'D2F_01L', '', ( #989 ) ) ;
#991 = PERSON ( 'UNSPECIFIED', 'UNSPECIFIED', 'UNSPECIFIED', ('UNSPECIFIED'), ('UNSPECIFIED'), ('UNSPECIFIED') ) ;
#992 = ORGANIZATION ( 'UNSPECIFIED', 'UNSPECIFIED', '' ) ;
#993 = PERSON_AND_ORGANIZATION ( #991, #992 ) ;
#994 = PERSON_AND_ORGANIZATION_ROLE ( 'design_owner' ) ;
#995 = CC_DESIGN_PERSON_AND_ORGANIZATION_ASSIGNMENT ( #993, #994, ( #990 ) ) ;
#996 = APPLICATION_CONTEXT ( 'configuration controlled 3d designs of mechanical parts and assemblies' ) ;
#997 = APPLICATION_PROTOCOL_DEFINITION ( 'international standard', 'config_control_design', 1994, #996 ) ;
#998 = DESIGN_CONTEXT ( 'detailed design', #996, 'design' ) ;
#999 = PRODUCT_DEFINITION ( 'UNKNOWN', '', #1024, #998 ) ;
#1000 = ADVANCED_FACE ( 'NONE', ( #424 ), #425, .F. ) ;
#1001 = PERSON_AND_ORGANIZATION ( #991, #992 ) ;
#1002 = APPROVAL_STATUS ( 'not_yet_approved' ) ;
#1003 = APPROVAL ( #1002, 'UNSPECIFIED' ) ;
#1004 = APPROVAL_ROLE ( '' ) ;
#1005 = APPROVAL_PERSON_ORGANIZATION ( #1001, #1003, #1004 ) ;
#1006 = COORDINATED_UNIVERSAL_TIME_OFFSET ( 9, 0, .AHEAD. ) ;
#1007 = LOCAL_TIME ( 20, 8, 13.00000000000000000, #1006 ) ;
#1008 = CALENDAR_DATE ( 2013, 18, 7 ) ;
#1009 = DATE_AND_TIME ( #1008, #1007 ) ;
#1010 = APPROVAL_DATE_TIME ( #1009, #1003 ) ;
#1011 = CC_DESIGN_APPROVAL ( #1003, ( #999 ) ) ;
#1012 = PERSON_AND_ORGANIZATION ( #991, #992 ) ;
#1013 = PERSON_AND_ORGANIZATION_ROLE ( 'creator' ) ;
#1014 = CC_DESIGN_PERSON_AND_ORGANIZATION_ASSIGNMENT ( #1012, #1013, ( #999 ) ) ;
#1015 = COORDINATED_UNIVERSAL_TIME_OFFSET ( 9, 0, .AHEAD. ) ;
#1016 = LOCAL_TIME ( 20, 8, 13.00000000000000000, #1015 ) ;
#1017 = ADVANCED_FACE ( 'NONE', ( #431 ), #432, .T. ) ;
#1018 = EDGE_CURVE ( 'NONE', #43, #1370, #439, .T. ) ;
#1019 = VERTEX_POINT ( 'NONE', #444 ) ;
#1020 = CALENDAR_DATE ( 2013, 18, 7 ) ;
#1021 = DATE_AND_TIME ( #1020, #1016 ) ;
#1022 = DATE_TIME_ROLE ( 'creation_date' ) ;
#1023 = CC_DESIGN_DATE_AND_TIME_ASSIGNMENT ( #1021, #1022, ( #999 ) ) ;
#1024 = PRODUCT_DEFINITION_FORMATION_WITH_SPECIFIED_SOURCE ( 'ANY', '', #990, .NOT_KNOWN. ) ;
#1025 = PERSON_AND_ORGANIZATION ( #991, #992 ) ;
#1026 = APPROVAL_STATUS ( 'not_yet_approved' ) ;
#1027 = APPROVAL ( #1026, 'UNSPECIFIED' ) ;
#1028 = APPROVAL_ROLE ( '' ) ;
#1029 = APPROVAL_PERSON_ORGANIZATION ( #1025, #1027, #1028 ) ;
#1030 = COORDINATED_UNIVERSAL_TIME_OFFSET ( 9, 0, .AHEAD. ) ;
#1031 = LOCAL_TIME ( 20, 8, 13.00000000000000000, #1030 ) ;
#1032 = CALENDAR_DATE ( 2013, 18, 7 ) ;
#1033 = DATE_AND_TIME ( #1032, #1031 ) ;
#1034 = APPROVAL_DATE_TIME ( #1033, #1027 ) ;
#1035 = CC_DESIGN_APPROVAL ( #1027, ( #1024 ) ) ;
#1036 = ORIENTED_EDGE ( 'NONE', *, *, #128, .T. ) ;
#1037 = ORIENTED_EDGE ( 'NONE', *, *, #1381, .T. ) ;
#1038 = PERSON_AND_ORGANIZATION ( #991, #992 ) ;
#1039 = PERSON_AND_ORGANIZATION_ROLE ( 'creator' ) ;
#1040 = CC_DESIGN_PERSON_AND_ORGANIZATION_ASSIGNMENT ( #1038, #1039, ( #1024 ) ) ;
#1041 = PERSON_AND_ORGANIZATION ( #991, #992 ) ;
#1042 = PERSON_AND_ORGANIZATION_ROLE ( 'design_supplier' ) ;
#1043 = CC_DESIGN_PERSON_AND_ORGANIZATION_ASSIGNMENT ( #1041, #1042, ( #1024 ) ) ;
#1044 = SECURITY_CLASSIFICATION_LEVEL ( 'unclassified' ) ;
#1045 = SECURITY_CLASSIFICATION ( '', '', #1044 ) ;
#1046 = PERSON_AND_ORGANIZATION ( #991, #992 ) ;
#1047 = PERSON_AND_ORGANIZATION_ROLE ( 'classification_officer' ) ;
#1048 = CC_DESIGN_PERSON_AND_ORGANIZATION_ASSIGNMENT ( #1046, #1047, ( #1045 ) ) ;
#1049 = COORDINATED_UNIVERSAL_TIME_OFFSET ( 9, 0, .AHEAD. ) ;
#1050 = LOCAL_TIME ( 20, 8, 13.00000000000000000, #1049 ) ;
#1051 = CALENDAR_DATE ( 2013, 18, 7 ) ;
#1052 = DATE_AND_TIME ( #1051, #1050 ) ;
#1053 = DATE_TIME_ROLE ( 'classification_date' ) ;
#1054 = CC_DESIGN_DATE_AND_TIME_ASSIGNMENT ( #1052, #1053, ( #1045 ) ) ;
#1055 = PERSON_AND_ORGANIZATION ( #991, #992 ) ;
#1056 = APPROVAL_STATUS ( 'not_yet_approved' ) ;
#1057 = APPROVAL ( #1056, 'UNSPECIFIED' ) ;
#1058 = APPROVAL_ROLE ( '' ) ;
#1059 = APPROVAL_PERSON_ORGANIZATION ( #1055, #1057, #1058 ) ;
#1060 = COORDINATED_UNIVERSAL_TIME_OFFSET ( 9, 0, .AHEAD. ) ;
#1061 = LOCAL_TIME ( 20, 8, 13.00000000000000000, #1060 ) ;
#1062 = CALENDAR_DATE ( 2013, 18, 7 ) ;
#1063 = DATE_AND_TIME ( #1062, #1061 ) ;
#1064 = APPROVAL_DATE_TIME ( #1063, #1057 ) ;
#1065 = CC_DESIGN_APPROVAL ( #1057, ( #1045 ) ) ;
#1066 = CC_DESIGN_SECURITY_CLASSIFICATION ( #1045, ( #1024 ) ) ;
#1067 = PRODUCT_RELATED_PRODUCT_CATEGORY ( 'detail', '', ( #990 ) ) ;
#1068 = PRODUCT_DEFINITION_SHAPE ( 'NONE', 'NONE',  #999 ) ;
#1069 = SHAPE_DEFINITION_REPRESENTATION ( #1068, #959 ) ;
#1070 = APPLICATION_CONTEXT ( 'configuration controlled 3d designs of mechanical parts and assemblies' ) ;
#1071 = APPLICATION_PROTOCOL_DEFINITION ( 'international standard', 'config_control_design', 1994, #1070 ) ;
#1072 = MECHANICAL_CONTEXT ( 'NONE', #1070, 'mechanical' ) ;
#1073 = PRODUCT ( 'D2F_01L_ACTUATOR', 'D2F_01L_ACTUATOR', '', ( #1072 ) ) ;
#1074 = PERSON_AND_ORGANIZATION ( #991, #992 ) ;
#1075 = PERSON_AND_ORGANIZATION_ROLE ( 'design_owner' ) ;
#1076 = CC_DESIGN_PERSON_AND_ORGANIZATION_ASSIGNMENT ( #1074, #1075, ( #1073 ) ) ;
#1077 = APPLICATION_CONTEXT ( 'configuration controlled 3d designs of mechanical parts and assemblies' ) ;
#1078 = APPLICATION_PROTOCOL_DEFINITION ( 'international standard', 'config_control_design', 1994, #1077 ) ;
#1079 = DESIGN_CONTEXT ( 'detailed design', #1077, 'design' ) ;
#1080 = PRODUCT_DEFINITION ( 'UNKNOWN', '', #1101, #1079 ) ;
#1081 = PERSON_AND_ORGANIZATION ( #991, #992 ) ;
#1082 = APPROVAL_STATUS ( 'not_yet_approved' ) ;
#1083 = APPROVAL ( #1082, 'UNSPECIFIED' ) ;
#1084 = APPROVAL_ROLE ( '' ) ;
#1085 = APPROVAL_PERSON_ORGANIZATION ( #1081, #1083, #1084 ) ;
#1086 = COORDINATED_UNIVERSAL_TIME_OFFSET ( 9, 0, .AHEAD. ) ;
#1087 = LOCAL_TIME ( 20, 8, 13.00000000000000000, #1086 ) ;
#1088 = CALENDAR_DATE ( 2013, 18, 7 ) ;
#1089 = DATE_AND_TIME ( #1088, #1087 ) ;
#1090 = APPROVAL_DATE_TIME ( #1089, #1083 ) ;
#1091 = CC_DESIGN_APPROVAL ( #1083, ( #1080 ) ) ;
#1092 = PERSON_AND_ORGANIZATION ( #991, #992 ) ;
#1093 = PERSON_AND_ORGANIZATION_ROLE ( 'creator' ) ;
#1094 = CC_DESIGN_PERSON_AND_ORGANIZATION_ASSIGNMENT ( #1092, #1093, ( #1080 ) ) ;
#1095 = COORDINATED_UNIVERSAL_TIME_OFFSET ( 9, 0, .AHEAD. ) ;
#1096 = LOCAL_TIME ( 20, 8, 13.00000000000000000, #1095 ) ;
#1097 = CALENDAR_DATE ( 2013, 18, 7 ) ;
#1098 = DATE_AND_TIME ( #1097, #1096 ) ;
#1099 = DATE_TIME_ROLE ( 'creation_date' ) ;
#1100 = CC_DESIGN_DATE_AND_TIME_ASSIGNMENT ( #1098, #1099, ( #1080 ) ) ;
#1101 = PRODUCT_DEFINITION_FORMATION_WITH_SPECIFIED_SOURCE ( 'ANY', '', #1073, .NOT_KNOWN. ) ;
#1102 = ORIENTED_EDGE ( 'NONE', *, *, #1345, .T. ) ;
#1103 = PERSON_AND_ORGANIZATION ( #991, #992 ) ;
#1104 = APPROVAL_STATUS ( 'not_yet_approved' ) ;
#1105 = APPROVAL ( #1104, 'UNSPECIFIED' ) ;
#1106 = APPROVAL_ROLE ( '' ) ;
#1107 = APPROVAL_PERSON_ORGANIZATION ( #1103, #1105, #1106 ) ;
#1108 = COORDINATED_UNIVERSAL_TIME_OFFSET ( 9, 0, .AHEAD. ) ;
#1109 = LOCAL_TIME ( 20, 8, 13.00000000000000000, #1108 ) ;
#1110 = CALENDAR_DATE ( 2013, 18, 7 ) ;
#1111 = DATE_AND_TIME ( #1110, #1109 ) ;
#1112 = APPROVAL_DATE_TIME ( #1111, #1105 ) ;
#1113 = CC_DESIGN_APPROVAL ( #1105, ( #1101 ) ) ;
#1114 = PERSON_AND_ORGANIZATION ( #991, #992 ) ;
#1115 = PERSON_AND_ORGANIZATION_ROLE ( 'creator' ) ;
#1116 = CC_DESIGN_PERSON_AND_ORGANIZATION_ASSIGNMENT ( #1114, #1115, ( #1101 ) ) ;
#1117 = PERSON_AND_ORGANIZATION ( #991, #992 ) ;
#1118 = PERSON_AND_ORGANIZATION_ROLE ( 'design_supplier' ) ;
#1119 = CC_DESIGN_PERSON_AND_ORGANIZATION_ASSIGNMENT ( #1117, #1118, ( #1101 ) ) ;
#1120 = SECURITY_CLASSIFICATION_LEVEL ( 'unclassified' ) ;
#1121 = SECURITY_CLASSIFICATION ( '', '', #1120 ) ;
#1122 = PERSON_AND_ORGANIZATION ( #991, #992 ) ;
#1123 = PERSON_AND_ORGANIZATION_ROLE ( 'classification_officer' ) ;
#1124 = CC_DESIGN_PERSON_AND_ORGANIZATION_ASSIGNMENT ( #1122, #1123, ( #1121 ) ) ;
#1125 = COORDINATED_UNIVERSAL_TIME_OFFSET ( 9, 0, .AHEAD. ) ;
#1126 = LOCAL_TIME ( 20, 8, 13.00000000000000000, #1125 ) ;
#1127 = CALENDAR_DATE ( 2013, 18, 7 ) ;
#1128 = DATE_AND_TIME ( #1127, #1126 ) ;
#1129 = DATE_TIME_ROLE ( 'classification_date' ) ;
#1130 = CC_DESIGN_DATE_AND_TIME_ASSIGNMENT ( #1128, #1129, ( #1121 ) ) ;
#1131 = PERSON_AND_ORGANIZATION ( #991, #992 ) ;
#1132 = APPROVAL_STATUS ( 'not_yet_approved' ) ;
#1133 = APPROVAL ( #1132, 'UNSPECIFIED' ) ;
#1134 = APPROVAL_ROLE ( '' ) ;
#1135 = APPROVAL_PERSON_ORGANIZATION ( #1131, #1133, #1134 ) ;
#1136 = COORDINATED_UNIVERSAL_TIME_OFFSET ( 9, 0, .AHEAD. ) ;
#1137 = LOCAL_TIME ( 20, 8, 13.00000000000000000, #1136 ) ;
#1138 = CALENDAR_DATE ( 2013, 18, 7 ) ;
#1139 = DATE_AND_TIME ( #1138, #1137 ) ;
#1140 = APPROVAL_DATE_TIME ( #1139, #1133 ) ;
#1141 = CC_DESIGN_APPROVAL ( #1133, ( #1121 ) ) ;
#1142 = CC_DESIGN_SECURITY_CLASSIFICATION ( #1121, ( #1101 ) ) ;
#1143 = PRODUCT_RELATED_PRODUCT_CATEGORY ( 'detail', '', ( #1073 ) ) ;
#1144 = PRODUCT_DEFINITION_SHAPE ( 'NONE', 'NONE',  #1080 ) ;
#1145 = SHAPE_DEFINITION_REPRESENTATION ( #1144, #957 ) ;
#1146 = APPLICATION_CONTEXT ( 'configuration controlled 3d designs of mechanical parts and assemblies' ) ;
#1147 = APPLICATION_PROTOCOL_DEFINITION ( 'international standard', 'config_control_design', 1994, #1146 ) ;
#1148 = MECHANICAL_CONTEXT ( 'NONE', #1146, 'mechanical' ) ;
#1149 = PRODUCT ( 'D2F_01L_BASE', 'D2F_01L_BASE', '', ( #1148 ) ) ;
#1150 = PERSON_AND_ORGANIZATION ( #991, #992 ) ;
#1151 = ORIENTED_EDGE ( 'NONE', *, *, #618, .F. ) ;
#1152 = ORIENTED_EDGE ( 'NONE', *, *, #438, .F. ) ;
#1153 = PERSON_AND_ORGANIZATION_ROLE ( 'design_owner' ) ;
#1154 = CC_DESIGN_PERSON_AND_ORGANIZATION_ASSIGNMENT ( #1150, #1153, ( #1149 ) ) ;
#1155 = APPLICATION_CONTEXT ( 'configuration controlled 3d designs of mechanical parts and assemblies' ) ;
#1156 = APPLICATION_PROTOCOL_DEFINITION ( 'international standard', 'config_control_design', 1994, #1155 ) ;
#1157 = DESIGN_CONTEXT ( 'detailed design', #1155, 'design' ) ;
#1158 = PRODUCT_DEFINITION ( 'UNKNOWN', '', #1183, #1157 ) ;
#1159 = PERSON_AND_ORGANIZATION ( #991, #992 ) ;
#1160 = APPROVAL_STATUS ( 'not_yet_approved' ) ;
#1161 = APPROVAL ( #1160, 'UNSPECIFIED' ) ;
#1162 = APPROVAL_ROLE ( '' ) ;
#1163 = APPROVAL_PERSON_ORGANIZATION ( #1159, #1161, #1162 ) ;
#1164 = COORDINATED_UNIVERSAL_TIME_OFFSET ( 9, 0, .AHEAD. ) ;
#1165 = LOCAL_TIME ( 20, 8, 13.00000000000000000, #1164 ) ;
#1166 = CALENDAR_DATE ( 2013, 18, 7 ) ;
#1167 = DATE_AND_TIME ( #1166, #1165 ) ;
#1168 = APPROVAL_DATE_TIME ( #1167, #1161 ) ;
#1169 = ORIENTED_EDGE ( 'NONE', *, *, #146, .T. ) ;
#1170 = ORIENTED_EDGE ( 'NONE', *, *, #110, .T. ) ;
#1171 = ORIENTED_EDGE ( 'NONE', *, *, #1353, .F. ) ;
#1172 = EDGE_CURVE ( 'NONE', #1320, #1417, #569, .T. ) ;
#1173 = CC_DESIGN_APPROVAL ( #1161, ( #1158 ) ) ;
#1174 = PERSON_AND_ORGANIZATION ( #991, #992 ) ;
#1175 = PERSON_AND_ORGANIZATION_ROLE ( 'creator' ) ;
#1176 = CC_DESIGN_PERSON_AND_ORGANIZATION_ASSIGNMENT ( #1174, #1175, ( #1158 ) ) ;
#1177 = COORDINATED_UNIVERSAL_TIME_OFFSET ( 9, 0, .AHEAD. ) ;
#1178 = LOCAL_TIME ( 20, 8, 13.00000000000000000, #1177 ) ;
#1179 = CALENDAR_DATE ( 2013, 18, 7 ) ;
#1180 = DATE_AND_TIME ( #1179, #1178 ) ;
#1181 = DATE_TIME_ROLE ( 'creation_date' ) ;
#1182 = CC_DESIGN_DATE_AND_TIME_ASSIGNMENT ( #1180, #1181, ( #1158 ) ) ;
#1183 = PRODUCT_DEFINITION_FORMATION_WITH_SPECIFIED_SOURCE ( 'ANY', '', #1149, .NOT_KNOWN. ) ;
#1184 = PERSON_AND_ORGANIZATION ( #991, #992 ) ;
#1185 = APPROVAL_STATUS ( 'not_yet_approved' ) ;
#1186 = APPROVAL ( #1185, 'UNSPECIFIED' ) ;
#1187 = APPROVAL_ROLE ( '' ) ;
#1188 = APPROVAL_PERSON_ORGANIZATION ( #1184, #1186, #1187 ) ;
#1189 = EDGE_LOOP ( 'NONE', ( #1278, #1413, #1354, #776 ) ) ;
#1190 = VERTEX_POINT ( 'NONE', #585 ) ;
#1191 = EDGE_CURVE ( 'NONE', #4, #863, #586, .T. ) ;
#1192 = COORDINATED_UNIVERSAL_TIME_OFFSET ( 9, 0, .AHEAD. ) ;
#1193 = LOCAL_TIME ( 20, 8, 13.00000000000000000, #1192 ) ;
#1194 = CALENDAR_DATE ( 2013, 18, 7 ) ;
#1195 = DATE_AND_TIME ( #1194, #1193 ) ;
#1196 = APPROVAL_DATE_TIME ( #1195, #1186 ) ;
#1197 = CC_DESIGN_APPROVAL ( #1186, ( #1183 ) ) ;
#1198 = PERSON_AND_ORGANIZATION ( #991, #992 ) ;
#1199 = PERSON_AND_ORGANIZATION_ROLE ( 'creator' ) ;
#1200 = CC_DESIGN_PERSON_AND_ORGANIZATION_ASSIGNMENT ( #1198, #1199, ( #1183 ) ) ;
#1201 = PERSON_AND_ORGANIZATION ( #991, #992 ) ;
#1202 = PERSON_AND_ORGANIZATION_ROLE ( 'design_supplier' ) ;
#1203 = CC_DESIGN_PERSON_AND_ORGANIZATION_ASSIGNMENT ( #1201, #1202, ( #1183 ) ) ;
#1204 = SECURITY_CLASSIFICATION_LEVEL ( 'unclassified' ) ;
#1205 = SECURITY_CLASSIFICATION ( '', '', #1204 ) ;
#1206 = PERSON_AND_ORGANIZATION ( #991, #992 ) ;
#1207 = PERSON_AND_ORGANIZATION_ROLE ( 'classification_officer' ) ;
#1208 = EDGE_CURVE ( 'NONE', #1370, #1342, #598, .T. ) ;
#1209 = CC_DESIGN_PERSON_AND_ORGANIZATION_ASSIGNMENT ( #1206, #1207, ( #1205 ) ) ;
#1210 = COORDINATED_UNIVERSAL_TIME_OFFSET ( 9, 0, .AHEAD. ) ;
#1211 = LOCAL_TIME ( 20, 8, 13.00000000000000000, #1210 ) ;
#1212 = CALENDAR_DATE ( 2013, 18, 7 ) ;
#1213 = DATE_AND_TIME ( #1212, #1211 ) ;
#1214 = DATE_TIME_ROLE ( 'classification_date' ) ;
#1215 = CC_DESIGN_DATE_AND_TIME_ASSIGNMENT ( #1213, #1214, ( #1205 ) ) ;
#1216 = PERSON_AND_ORGANIZATION ( #991, #992 ) ;
#1217 = APPROVAL_STATUS ( 'not_yet_approved' ) ;
#1218 = APPROVAL ( #1217, 'UNSPECIFIED' ) ;
#1219 = APPROVAL_ROLE ( '' ) ;
#1220 = APPROVAL_PERSON_ORGANIZATION ( #1216, #1218, #1219 ) ;
#1221 = COORDINATED_UNIVERSAL_TIME_OFFSET ( 9, 0, .AHEAD. ) ;
#1222 = LOCAL_TIME ( 20, 8, 13.00000000000000000, #1221 ) ;
#1223 = CALENDAR_DATE ( 2013, 18, 7 ) ;
#1224 = DATE_AND_TIME ( #1223, #1222 ) ;
#1225 = VERTEX_POINT ( 'NONE', #617 ) ;
#1226 = APPROVAL_DATE_TIME ( #1224, #1218 ) ;
#1227 = CC_DESIGN_APPROVAL ( #1218, ( #1205 ) ) ;
#1228 = CC_DESIGN_SECURITY_CLASSIFICATION ( #1205, ( #1183 ) ) ;
#1229 = PRODUCT_RELATED_PRODUCT_CATEGORY ( 'detail', '', ( #1149 ) ) ;
#1230 = PRODUCT_DEFINITION_SHAPE ( 'NONE', 'NONE',  #1158 ) ;
#1231 = SHAPE_DEFINITION_REPRESENTATION ( #1230, #949 ) ;
#1232 = ITEM_DEFINED_TRANSFORMATION ( 'NONE', 'NONE', #967,  #942 ) ;
#1233 =( REPRESENTATION_RELATIONSHIP ('NONE','NONE', #959, #949 ) REPRESENTATION_RELATIONSHIP_WITH_TRANSFORMATION ( #1232 )SHAPE_REPRESENTATION_RELATIONSHIP( ) );
#1234 = PRODUCT_DEFINITION_SHAPE ( 'NONE', 'NONE',  #1235 ) ;
#1235 = NEXT_ASSEMBLY_USAGE_OCCURRENCE ( 'NAUO1', ' ', ' ', #999, #1158, $ ) ;
#1236 = SECURITY_CLASSIFICATION_LEVEL ( 'unclassified' ) ;
#1237 = SECURITY_CLASSIFICATION ( '', '', #1236 ) ;
#1238 = CC_DESIGN_SECURITY_CLASSIFICATION ( #1237, ( #1235 ) ) ;
#1239 = APPROVAL_STATUS ( 'not_yet_approved' ) ;
#1240 = APPROVAL ( #1239, 'UNKNOWN' ) ;
#1241 = CC_DESIGN_APPROVAL ( #1240, ( #1237 ) ) ;
#1242 = ORIENTED_EDGE ( 'NONE', *, *, #297, .F. ) ;
#1243 = ADVANCED_FACE ( 'NONE', ( #624, #625, #626, #627 ), #628, .F. ) ;
#1244 = EDGE_CURVE ( 'NONE', #1437, #903, #633, .T. ) ;
#1245 = EDGE_CURVE ( 'NONE', #601, #84, #637, .T. ) ;
#1246 = COORDINATED_UNIVERSAL_TIME_OFFSET ( 9, 0, .AHEAD. ) ;
#1247 = LOCAL_TIME ( 20, 8, 13.00000000000000000, #1246 ) ;
#1248 = CALENDAR_DATE ( 2013, 18, 7 ) ;
#1249 = DATE_AND_TIME ( #1248, #1247 ) ;
#1250 = COORDINATED_UNIVERSAL_TIME_OFFSET ( 9, 0, .AHEAD. ) ;
#1251 = LOCAL_TIME ( 20, 8, 13.00000000000000000, #1250 ) ;
#1252 = CALENDAR_DATE ( 2013, 18, 7 ) ;
#1253 = DATE_AND_TIME ( #1252, #1251 ) ;
#1254 = APPROVAL_DATE_TIME ( #1253, #1240 ) ;
#1255 = APPROVAL_ROLE ( '' ) ;
#1256 = PERSON ( 'NAUO-PER1', 'UNSPECIFIED', 'UNSPECIFIED', ('UNSPECIFIED'), ('UNSPECIFIED'), ('UNSPECIFIED') ) ;
#1257 = ORGANIZATION ( 'NAUO-ORG1', 'UNSPECIFIED', 'UNSPECIFIED' ) ;
#1258 = PERSON_AND_ORGANIZATION ( #1256, #1257 ) ;
#1259 = APPROVAL_PERSON_ORGANIZATION ( #1258, #1240, #1255 ) ;
#1260 = DATE_TIME_ROLE ( 'classification_date' ) ;
#1261 = PERSON_AND_ORGANIZATION_ROLE ( 'classification_officer' ) ;
#1262 = CC_DESIGN_DATE_AND_TIME_ASSIGNMENT ( #1249, #1260, ( #1237 ) ) ;
#1263 = CC_DESIGN_PERSON_AND_ORGANIZATION_ASSIGNMENT ( #1258, #1261, ( #1237 ) ) ;
#1264 = CONTEXT_DEPENDENT_SHAPE_REPRESENTATION ( #1233, #1234 ) ;
#1265 = ITEM_DEFINED_TRANSFORMATION ( 'NONE', 'NONE', #971,  #942 ) ;
#1266 =( REPRESENTATION_RELATIONSHIP ('NONE','NONE', #959, #957 ) REPRESENTATION_RELATIONSHIP_WITH_TRANSFORMATION ( #1265 )SHAPE_REPRESENTATION_RELATIONSHIP( ) );
#1267 = PRODUCT_DEFINITION_SHAPE ( 'NONE', 'NONE',  #1268 ) ;
#1268 = NEXT_ASSEMBLY_USAGE_OCCURRENCE ( 'NAUO2', ' ', ' ', #999, #1080, $ ) ;
#1269 = SECURITY_CLASSIFICATION_LEVEL ( 'unclassified' ) ;
#1270 = SECURITY_CLASSIFICATION ( '', '', #1269 ) ;
#1271 = CC_DESIGN_SECURITY_CLASSIFICATION ( #1270, ( #1268 ) ) ;
#1272 = APPROVAL_STATUS ( 'not_yet_approved' ) ;
#1273 = APPROVAL ( #1272, 'UNKNOWN' ) ;
#1274 = CC_DESIGN_APPROVAL ( #1273, ( #1270 ) ) ;
#1275 = COORDINATED_UNIVERSAL_TIME_OFFSET ( 9, 0, .AHEAD. ) ;
#1276 = LOCAL_TIME ( 20, 8, 13.00000000000000000, #1275 ) ;
#1277 = CALENDAR_DATE ( 2013, 18, 7 ) ;
#1278 = ORIENTED_EDGE ( 'NONE', *, *, #278, .T. ) ;
#1279 = ADVANCED_FACE ( 'NONE', ( #660 ), #661, .F. ) ;
#1280 = DATE_AND_TIME ( #1277, #1276 ) ;
#1281 = COORDINATED_UNIVERSAL_TIME_OFFSET ( 9, 0, .AHEAD. ) ;
#1282 = LOCAL_TIME ( 20, 8, 13.00000000000000000, #1281 ) ;
#1283 = CALENDAR_DATE ( 2013, 18, 7 ) ;
#1284 = DATE_AND_TIME ( #1283, #1282 ) ;
#1285 = APPROVAL_DATE_TIME ( #1284, #1273 ) ;
#1286 = APPROVAL_ROLE ( '' ) ;
#1287 = PERSON ( 'NAUO-PER2', 'UNSPECIFIED', 'UNSPECIFIED', ('UNSPECIFIED'), ('UNSPECIFIED'), ('UNSPECIFIED') ) ;
#1288 = ORGANIZATION ( 'NAUO-ORG2', 'UNSPECIFIED', 'UNSPECIFIED' ) ;
#1289 = PERSON_AND_ORGANIZATION ( #1287, #1288 ) ;
#1290 = APPROVAL_PERSON_ORGANIZATION ( #1289, #1273, #1286 ) ;
#1291 = DATE_TIME_ROLE ( 'classification_date' ) ;
#1292 = PERSON_AND_ORGANIZATION_ROLE ( 'classification_officer' ) ;
#1293 = CC_DESIGN_DATE_AND_TIME_ASSIGNMENT ( #1280, #1291, ( #1270 ) ) ;
#1294 = CC_DESIGN_PERSON_AND_ORGANIZATION_ASSIGNMENT ( #1289, #1292, ( #1270 ) ) ;
#1295 = CONTEXT_DEPENDENT_SHAPE_REPRESENTATION ( #1266, #1267 ) ;
#1296 = ORIENTED_EDGE ( 'NONE', *, *, #1323, .F. ) ;
#1297 = EDGE_CURVE ( 'NONE', #84, #812, #683, .T. ) ;
#1298 = EDGE_CURVE ( 'NONE', #5, #1350, #697, .T. ) ;
#1299 = ADVANCED_FACE ( 'NONE', ( #702 ), #703, .F. ) ;
#1300 = EDGE_CURVE ( 'NONE', #85, #145, #720, .T. ) ;
#1301 = VERTEX_POINT ( 'NONE', #729 ) ;
#1302 = ORIENTED_EDGE ( 'NONE', *, *, #1422, .T. ) ;
#1303 = ORIENTED_EDGE ( 'NONE', *, *, #1323, .T. ) ;
#1304 = VERTEX_POINT ( 'NONE', #736 ) ;
#1305 = ORIENTED_EDGE ( 'NONE', *, *, #1407, .F. ) ;
#1306 = ORIENTED_EDGE ( 'NONE', *, *, #120, .T. ) ;
#1307 = VERTEX_POINT ( 'NONE', #749 ) ;
#1308 = ORIENTED_EDGE ( 'NONE', *, *, #1245, .F. ) ;
#1309 = ORIENTED_EDGE ( 'NONE', *, *, #37, .F. ) ;
#1310 = EDGE_LOOP ( 'NONE', ( #904, #1382, #1408, #1305 ) ) ;
#1311 = VERTEX_POINT ( 'NONE', #797 ) ;
#1312 = EDGE_LOOP ( 'NONE', ( #75, #194, #1366, #1358 ) ) ;
#1313 = ORIENTED_EDGE ( 'NONE', *, *, #111, .T. ) ;
#1314 = EDGE_CURVE ( 'NONE', #1348, #1437, #810, .T. ) ;
#1315 = EDGE_CURVE ( 'NONE', #1307, #1311, #819, .T. ) ;
#1316 = EDGE_CURVE ( 'NONE', #86, #1437, #826, .T. ) ;
#1317 = ORIENTED_EDGE ( 'NONE', *, *, #102, .F. ) ;
#1318 = EDGE_LOOP ( 'NONE', ( #166, #1442 ) ) ;
#1319 = EDGE_LOOP ( 'NONE', ( #583, #1410, #18, #104 ) ) ;
#1320 = VERTEX_POINT ( 'NONE', #840 ) ;
#1321 = ORIENTED_EDGE ( 'NONE', *, *, #1363, .F. ) ;
#1322 = ORIENTED_EDGE ( 'NONE', *, *, #350, .T. ) ;
#1323 = EDGE_CURVE ( 'NONE', #52, #149, #851, .T. ) ;
#1324 = ADVANCED_FACE ( 'NONE', ( #855, #856, #857 ), #858, .F. ) ;
#1325 = EDGE_CURVE ( 'NONE', #863, #455, #865, .T. ) ;
#1326 = EDGE_LOOP ( 'NONE', ( #1322, #148, #3, #152 ) ) ;
#1327 = EDGE_LOOP ( 'NONE', ( #543, #383, #97, #68 ) ) ;
#1328 = EDGE_LOOP ( 'NONE', ( #12, #1169, #1352, #1412, #1380 ) ) ;
#1329 = ORIENTED_EDGE ( 'NONE', *, *, #37, .T. ) ;
#1330 = VERTEX_POINT ( 'NONE', #873 ) ;
#1331 = VERTEX_POINT ( 'NONE', #888 ) ;
#1332 = EDGE_LOOP ( 'NONE', ( #1308, #1329, #60, #945 ) ) ;
#1333 = ORIENTED_EDGE ( 'NONE', *, *, #1402, .F. ) ;
#1334 = ORIENTED_EDGE ( 'NONE', *, *, #244, .F. ) ;
#1335 = ADVANCED_FACE ( 'NONE', ( #897 ), #898, .F. ) ;
#1336 = EDGE_CURVE ( 'NONE', #145, #1330, #909, .T. ) ;
#1337 = VERTEX_POINT ( 'NONE', #917 ) ;
#1338 = ORIENTED_EDGE ( 'NONE', *, *, #154, .F. ) ;
#1339 = EDGE_CURVE ( 'NONE', #1301, #1304, #922, .T. ) ;
#1340 = VERTEX_POINT ( 'NONE', #930 ) ;
#1341 = ORIENTED_EDGE ( 'NONE', *, *, #1244, .T. ) ;
#1342 = VERTEX_POINT ( 'NONE', #935 ) ;
#1343 = EDGE_LOOP ( 'NONE', ( #35, #332, #1170, #1306 ) ) ;
#1344 = ORIENTED_EDGE ( 'NONE', *, *, #136, .T. ) ;
#1345 = EDGE_CURVE ( 'NONE', #982, #1346, #291, .T. ) ;
#1346 = VERTEX_POINT ( 'NONE', #295 ) ;
#1347 = EDGE_LOOP ( 'NONE', ( #983, #92, #1424, #161 ) ) ;
#1348 = VERTEX_POINT ( 'NONE', #307 ) ;
#1349 = ORIENTED_EDGE ( 'NONE', *, *, #944, .F. ) ;
#1350 = VERTEX_POINT ( 'NONE', #314 ) ;
#1351 = ORIENTED_EDGE ( 'NONE', *, *, #83, .T. ) ;
#1352 = ORIENTED_EDGE ( 'NONE', *, *, #57, .T. ) ;
#1353 = EDGE_CURVE ( 'NONE', #1427, #417, #322, .T. ) ;
#1354 = ORIENTED_EDGE ( 'NONE', *, *, #1300, .F. ) ;
#1355 = ORIENTED_EDGE ( 'NONE', *, *, #120, .F. ) ;
#1356 = ORIENTED_EDGE ( 'NONE', *, *, #279, .F. ) ;
#1357 = EDGE_CURVE ( 'NONE', #1337, #85, #364, .T. ) ;
#1358 = ORIENTED_EDGE ( 'NONE', *, *, #1325, .T. ) ;
#1359 = ORIENTED_EDGE ( 'NONE', *, *, #279, .T. ) ;
#1360 = ORIENTED_EDGE ( 'NONE', *, *, #884, .F. ) ;
#1361 = ORIENTED_EDGE ( 'NONE', *, *, #1314, .F. ) ;
#1362 = ORIENTED_EDGE ( 'NONE', *, *, #1394, .T. ) ;
#1363 = EDGE_CURVE ( 'NONE', #1331, #1370, #415, .T. ) ;
#1364 = ORIENTED_EDGE ( 'NONE', *, *, #278, .F. ) ;
#1365 = ORIENTED_EDGE ( 'NONE', *, *, #77, .F. ) ;
#1366 = ORIENTED_EDGE ( 'NONE', *, *, #1394, .F. ) ;
#1367 = EDGE_CURVE ( 'NONE', #1377, #417, #449, .T. ) ;
#1368 = ORIENTED_EDGE ( 'NONE', *, *, #1391, .T. ) ;
#1369 = EDGE_CURVE ( 'NONE', #138, #79, #465, .T. ) ;
#1370 = VERTEX_POINT ( 'NONE', #477 ) ;
#1371 = ADVANCED_FACE ( 'NONE', ( #488 ), #489, .F. ) ;
#1372 = EDGE_CURVE ( 'NONE', #1342, #36, #500, .T. ) ;
#1373 = ADVANCED_FACE ( 'NONE', ( #504 ), #505, .T. ) ;
#1374 = ORIENTED_EDGE ( 'NONE', *, *, #19, .F. ) ;
#1375 = ORIENTED_EDGE ( 'NONE', *, *, #1363, .T. ) ;
#1376 = EDGE_CURVE ( 'NONE', #507, #58, #518, .T. ) ;
#1377 = VERTEX_POINT ( 'NONE', #522 ) ;
#1378 = ADVANCED_FACE ( 'NONE', ( #530 ), #531, .F. ) ;
#1379 = ADVANCED_FACE ( 'NONE', ( #536 ), #537, .F. ) ;
#1380 = ORIENTED_EDGE ( 'NONE', *, *, #725, .T. ) ;
#1381 = EDGE_CURVE ( 'NONE', #582, #455, #545, .T. ) ;
#1382 = ORIENTED_EDGE ( 'NONE', *, *, #15, .T. ) ;
#1383 = ORIENTED_EDGE ( 'NONE', *, *, #1314, .T. ) ;
#1384 = VERTEX_POINT ( 'NONE', #553 ) ;
#1385 = ADVANCED_FACE ( 'NONE', ( #558 ), #559, .F. ) ;
#1386 = VERTEX_POINT ( 'NONE', #568 ) ;
#1387 = EDGE_LOOP ( 'NONE', ( #795, #542 ) ) ;
#1388 = ORIENTED_EDGE ( 'NONE', *, *, #618, .T. ) ;
#1389 = ORIENTED_EDGE ( 'NONE', *, *, #114, .T. ) ;
#1390 = ORIENTED_EDGE ( 'NONE', *, *, #109, .T. ) ;
#1391 = EDGE_CURVE ( 'NONE', #84, #1225, #590, .T. ) ;
#1392 = EDGE_CURVE ( 'NONE', #89, #1337, #594, .T. ) ;
#1393 = ORIENTED_EDGE ( 'NONE', *, *, #1316, .F. ) ;
#1394 = EDGE_CURVE ( 'NONE', #863, #193, #620, .T. ) ;
#1395 = ORIENTED_EDGE ( 'NONE', *, *, #1369, .F. ) ;
#1396 = ADVANCED_FACE ( 'NONE', ( #650 ), #653, .F. ) ;
#1397 = EDGE_LOOP ( 'NONE', ( #11, #1361, #31, #905 ) ) ;
#1398 = VERTEX_POINT ( 'NONE', #666 ) ;
#1399 = ORIENTED_EDGE ( 'NONE', *, *, #420, .T. ) ;
#1400 = EDGE_CURVE ( 'NONE', #145, #89, #667, .T. ) ;
#1401 = ORIENTED_EDGE ( 'NONE', *, *, #1381, .F. ) ;
#1402 = EDGE_CURVE ( 'NONE', #72, #1445, #679, .T. ) ;
#1403 = ORIENTED_EDGE ( 'NONE', *, *, #297, .T. ) ;
#1404 = ORIENTED_EDGE ( 'NONE', *, *, #162, .F. ) ;
#1405 = ORIENTED_EDGE ( 'NONE', *, *, #1414, .F. ) ;
#1406 = ADVANCED_FACE ( 'NONE', ( #714 ), #715, .F. ) ;
#1407 = EDGE_CURVE ( 'NONE', #1304, #1340, #730, .T. ) ;
#1408 = ORIENTED_EDGE ( 'NONE', *, *, #473, .T. ) ;
#1409 = ORIENTED_EDGE ( 'NONE', *, *, #925, .F. ) ;
#1410 = ORIENTED_EDGE ( 'NONE', *, *, #83, .F. ) ;
#1411 = EDGE_LOOP ( 'NONE', ( #1439, #1404, #296, #690, #50, #883 ) ) ;
#1412 = ORIENTED_EDGE ( 'NONE', *, *, #1315, .T. ) ;
#1413 = ORIENTED_EDGE ( 'NONE', *, *, #1336, .F. ) ;
#1414 = EDGE_CURVE ( 'NONE', #43, #52, #756, .T. ) ;
#1415 = VERTEX_POINT ( 'NONE', #783 ) ;
#1416 = EDGE_CURVE ( 'NONE', #33, #16, #784, .T. ) ;
#1417 = VERTEX_POINT ( 'NONE', #798 ) ;
#1418 = ADVANCED_FACE ( 'NONE', ( #799 ), #800, .T. ) ;
#1419 = EDGE_LOOP ( 'NONE', ( #652, #101, #1317, #48, #113 ) ) ;
#1420 = ORIENTED_EDGE ( 'NONE', *, *, #1372, .F. ) ;
#1421 = EDGE_LOOP ( 'NONE', ( #793, #125, #1405, #28 ) ) ;
#1422 = EDGE_CURVE ( 'NONE', #56, #67, #168, .T. ) ;
#1423 = EDGE_CURVE ( 'NONE', #1445, #563, #173, .T. ) ;
#1424 = ORIENTED_EDGE ( 'NONE', *, *, #62, .T. ) ;
#1425 = ORIENTED_EDGE ( 'NONE', *, *, #902, .T. ) ;
#1426 = EDGE_CURVE ( 'NONE', #72, #29, #190, .T. ) ;
#1427 = VERTEX_POINT ( 'NONE', #225 ) ;
#1428 = ORIENTED_EDGE ( 'NONE', *, *, #1244, .F. ) ;
#1429 = EDGE_LOOP ( 'NONE', ( #66, #26, #39, #175 ) ) ;
#1430 = ORIENTED_EDGE ( 'NONE', *, *, #1367, .T. ) ;
#1431 = EDGE_CURVE ( 'NONE', #563, #1445, #240, .T. ) ;
#1432 = EDGE_LOOP ( 'NONE', ( #131, #94, #40, #1313 ) ) ;
#1433 = ORIENTED_EDGE ( 'NONE', *, *, #45, .T. ) ;
#1434 = ORIENTED_EDGE ( 'NONE', *, *, #1426, .F. ) ;
#1435 = ADVANCED_FACE ( 'NONE', ( #261 ), #262, .T. ) ;
#1436 = ORIENTED_EDGE ( 'NONE', *, *, #420, .F. ) ;
#1437 = VERTEX_POINT ( 'NONE', #284 ) ;
#1438 = ORIENTED_EDGE ( 'NONE', *, *, #1191, .F. ) ;
#1439 = ORIENTED_EDGE ( 'NONE', *, *, #1297, .T. ) ;
#1440 = ORIENTED_EDGE ( 'NONE', *, *, #102, .T. ) ;
#1441 = ORIENTED_EDGE ( 'NONE', *, *, #964, .T. ) ;
#1442 = ORIENTED_EDGE ( 'NONE', *, *, #884, .T. ) ;
#1443 = EDGE_LOOP ( 'NONE', ( #1395, #1349, #142, #157, #1309, #1338 ) ) ;
#1444 = ORIENTED_EDGE ( 'NONE', *, *, #54, .F. ) ;
#1445 = VERTEX_POINT ( 'NONE', #391 ) ;
#1446 = ADVANCED_FACE ( 'NONE', ( #403 ), #404, .F. ) ;
ENDSEC;
END-ISO-10303-21;

